t,roll,pitch,yaw,ax,ay,az,gx,gy,gz
0.000000,-26.708,-14.715,-23.633,-0.0875,-0.1477,0.1120,0.000,0.000,0.000
0.016667,-26.900,-14.677,-23.713,-0.0397,0.1450,0.0670,-3.440,4.067,-5.684
0.033334,-26.901,-14.548,-23.901,0.0155,0.4920,-0.0590,-6.760,3.563,-4.478
0.050001,-26.625,-14.360,-24.144,0.0759,0.7687,0.1419,-9.252,1.084,-3.172
0.066668,-26.049,-14.154,-24.299,0.1310,0.6526,0.1017,-1.143,-2.201,1.795
0.083335,-25.743,-14.193,-24.101,0.2432,0.8911,0.3167,-9.717,-20.247,13.431
0.100002,-25.527,-14.202,-24.004,0.0778,0.4041,0.8326,-16.674,-14.152,10.628
0.116669,-25.561,-14.310,-23.991,0.1553,0.1456,0.2380,-24.597,-13.946,1.344
0.133336,-25.530,-14.425,-23.955,0.0557,-0.1952,-0.2828,-13.279,-11.371,1.904
0.150003,-25.287,-14.526,-23.873,0.0578,-0.0738,-0.1952,6.666,-8.737,2.958
0.166670,-24.942,-14.693,-23.747,0.0271,-0.0476,-0.1657,16.909,-12.722,3.779
0.183337,-24.354,-14.895,-23.647,-0.0917,-0.3468,-0.2913,32.681,-13.137,0.243
0.200004,-23.643,-14.991,-23.557,-0.0140,-0.2958,-0.1552,42.498,-6.626,1.901
0.216671,-22.909,-15.361,-23.457,0.1099,0.2759,0.5249,45.322,-21.622,-4.041
0.233338,-20.909,-14.455,-23.647,-0.3512,0.7451,-0.6362,116.068,55.092,10.072
0.250005,-18.220,-14.319,-23.382,0.2351,-0.3242,0.1228,163.251,1.204,17.295
0.266672,-15.398,-13.946,-23.348,-0.0752,-0.8373,-0.6988,168.215,21.115,6.954
0.283339,-11.886,-14.043,-23.593,-0.0217,-0.4033,-1.1362,207.625,-1.730,-15.970
0.300006,-7.091,-14.860,-24.107,-0.3127,0.3764,-1.7927,280.538,-42.466,-39.898
0.316673,-1.519,-17.092,-24.993,-0.7888,0.2529,-1.3154,319.209,-129.641,-64.876
0.333340,5.186,-20.822,-27.060,-0.9448,-0.4050,-2.1506,361.146,-229.016,-114.097
0.350007,16.966,-24.738,-32.280,-1.6891,-3.7960,-7.7466,586.378,-288.179,-238.890
0.366674,26.961,-25.594,-35.851,3.7394,0.7564,15.5266,514.056,-121.823,-163.012
0.383341,29.228,-22.408,-36.435,-0.3756,1.2696,0.9626,123.896,155.187,-120.265
0.400008,31.353,-21.488,-37.033,-0.0318,0.3380,0.3484,115.213,31.537,-57.526
0.416675,32.897,-19.504,-37.079,-0.0880,0.3365,0.6620,92.508,99.909,-66.105
0.433342,33.994,-18.334,-37.080,0.2794,0.5367,0.5796,66.304,58.737,-39.127
0.450009,34.316,-17.802,-37.208,0.1441,0.4547,0.3206,17.008,22.516,-24.115
0.466676,34.184,-17.618,-37.541,0.0435,0.6735,-0.1315,-14.186,-1.440,-21.917
0.483343,33.991,-17.797,-37.955,0.0850,0.7026,-0.0268,-19.708,-22.144,-13.362
0.500010,33.586,-18.326,-38.470,0.1275,0.7941,0.4197,-34.724,-42.880,-6.396
0.516677,32.844,-19.264,-39.213,0.0551,0.6587,0.4574,-59.975,-70.440,-3.842
0.533344,31.973,-20.469,-39.911,-0.1957,0.4438,0.3697,-67.747,-82.478,6.186
0.550011,30.954,-22.060,-40.546,-0.1314,0.2713,0.4776,-76.110,-100.429,20.379
0.566678,29.585,-24.503,-40.986,0.5009,-0.6367,0.6448,-93.714,-139.409,53.820
0.583345,29.529,-26.585,-40.127,1.4092,-2.8359,-0.4884,17.951,-85.877,102.697
0.600012,31.842,-26.962,-37.849,0.0966,-3.3860,-0.3041,199.986,43.586,116.237
0.616679,34.863,-26.848,-35.752,-2.8515,0.7294,0.8074,238.785,68.490,88.886
0.633346,35.494,-29.206,-36.816,-1.4292,1.8670,2.0369,8.738,-148.036,34.810
0.650013,36.281,-31.134,-37.691,0.8728,-2.1015,-0.1479,21.496,-120.874,31.024
0.666680,37.096,-32.137,-37.418,0.3363,-2.4139,0.9766,58.363,-40.006,46.477
0.683347,36.207,-32.333,-35.692,0.6021,-3.5870,0.3778,3.156,42.961,76.224
0.700014,35.812,-32.339,-33.848,-0.1034,-3.5932,0.0618,37.363,55.163,74.080
0.716681,36.072,-32.836,-32.994,-0.4672,-3.1040,2.1425,45.695,1.722,50.112
0.733348,36.186,-33.560,-32.252,-0.7925,-2.0473,3.6932,34.159,-12.622,53.019
0.750015,34.383,-34.905,-34.956,-4.0594,1.1297,2.6910,-196.236,-142.907,-65.791
0.766682,34.981,-36.672,-34.750,1.0926,-3.1351,-1.2674,46.249,-81.950,66.167
0.783349,35.967,-36.855,-35.672,-1.6157,-0.0921,-0.9913,29.344,-34.752,-32.580
0.800016,37.668,-37.314,-37.345,-0.6318,-0.6604,-1.9721,44.713,-70.444,-50.261
0.816683,40.005,-38.022,-40.301,-1.7372,-0.9102,-2.1661,34.923,-121.540,-85.401
0.833350,41.615,-38.342,-43.733,-1.6453,-0.8686,-0.4396,-27.510,-120.870,-112.643
0.850017,41.736,-37.799,-45.944,-0.7165,0.4656,1.6058,-71.297,-45.798,-102.339
0.866684,40.150,-35.653,-45.784,-0.7446,0.5004,1.2120,-86.273,101.697,-81.032
0.883351,38.543,-33.668,-44.981,-1.2211,-0.8008,-2.2715,-65.937,116.611,-46.965
0.900018,39.017,-32.151,-45.383,2.6598,4.7323,-2.7047,18.508,57.603,-74.854
0.916685,42.093,-31.457,-49.259,-2.2089,3.5854,-1.3449,64.191,-97.301,-178.564
0.933352,42.963,-31.330,-52.009,-0.8605,-6.6326,-1.2265,-31.701,-90.433,-109.745
0.950019,43.316,-30.681,-51.520,0.6327,5.3336,0.4295,38.953,45.106,-9.931
0.966686,44.594,-30.738,-52.366,0.1617,2.2357,0.5483,52.691,-33.445,-29.930
0.983353,44.576,-30.987,-52.783,-0.7951,0.7238,-0.1318,-12.217,-26.447,-5.403
1.000020,43.944,-31.915,-53.575,-0.1059,-0.0810,0.5446,-61.110,-69.065,9.311
1.016687,42.330,-32.895,-53.831,0.3820,0.4945,1.3209,-103.451,-52.629,30.239
1.033354,40.482,-33.742,-52.890,1.9972,-1.2918,0.6982,-78.450,-7.646,68.496
1.050021,40.877,-33.388,-47.800,3.7886,-1.1683,0.1155,193.814,181.451,178.576
1.066688,44.063,-31.964,-46.895,3.3020,1.6677,0.2664,221.437,93.802,-24.682
1.083355,47.750,-29.721,-49.109,-0.8181,-0.7764,1.1633,153.586,11.868,-176.573
1.100022,45.538,-29.054,-51.201,-3.3730,1.0228,1.2959,-193.637,-51.908,-104.758
1.116689,43.761,-28.055,-52.170,-3.6494,1.5881,1.4687,-133.594,6.566,-78.912
1.133356,41.896,-27.281,-52.658,-5.9133,3.8771,-1.8148,-124.404,15.887,-50.739
1.150023,41.062,-26.037,-51.920,-4.8626,4.4388,-2.0317,-28.892,80.882,-19.591
1.166690,41.512,-25.008,-50.123,-6.1415,4.5160,-3.7255,74.732,108.757,33.154
1.183357,43.581,-23.649,-47.545,-6.2672,4.5633,-2.2272,189.257,152.908,50.091
1.200024,47.093,-21.505,-44.337,-4.8847,3.6779,-2.0171,285.922,213.900,35.549
1.216691,51.576,-19.038,-40.995,-2.1962,2.4128,-2.5271,339.566,236.055,13.157
1.233358,56.959,-17.744,-38.587,0.3290,0.9178,-2.9441,369.491,153.715,20.463
1.250025,61.182,-18.524,-37.124,4.0582,-0.4214,-3.1799,281.396,44.968,86.622
1.266692,63.151,-21.132,-36.960,6.8435,-1.1880,-2.6134,121.883,-66.908,145.970
1.283359,63.132,-25.040,-38.224,7.9627,-1.9246,0.5822,-30.774,-169.734,180.324
1.300026,62.854,-28.873,-39.535,6.7494,-1.9262,1.3565,-52.502,-167.950,175.041
1.316693,63.053,-33.229,-41.146,13.1666,-3.6255,-0.0165,-38.297,-193.170,196.488
1.333360,65.205,-40.530,-46.452,7.3349,-1.9161,2.1736,-63.129,-419.871,283.125
1.350027,67.317,-44.880,-52.748,-0.3459,-0.6379,2.7747,-130.610,-358.158,127.063
1.366694,67.649,-47.772,-55.510,0.3148,-2.2810,0.4058,-100.786,-171.240,116.664
1.383361,69.531,-51.741,-58.714,-0.9510,0.0601,0.4698,-34.607,-201.599,176.333
1.400028,69.776,-53.860,-60.365,-1.4625,-0.3794,3.9543,-64.775,-99.545,98.543
1.416695,66.383,-53.167,-54.257,-2.2004,-0.3542,3.2213,90.660,218.313,42.962
1.433362,62.900,-48.158,-45.159,-4.2074,2.1096,-0.1615,213.314,441.519,-122.616
1.450029,57.287,-42.985,-35.126,-2.3310,-1.0888,1.3416,93.603,519.627,-57.909
1.466696,53.943,-38.982,-29.262,-4.8259,2.5578,-3.7274,30.141,354.690,-47.746
1.483363,50.208,-34.793,-23.221,2.7812,-0.9732,-4.2592,-6.447,382.660,-19.201
1.500030,46.358,-33.209,-19.854,2.6217,1.1827,-6.0337,-118.169,188.145,40.877
1.516697,43.724,-34.220,-19.086,10.9299,-2.7253,7.8974,-132.887,-15.727,70.317
1.533364,44.459,-29.627,-17.502,3.2803,-0.3173,0.5030,93.877,254.869,-134.158
1.550031,43.746,-29.300,-16.150,0.5091,-0.5754,3.5111,-3.452,64.253,36.503
1.566698,44.256,-29.855,-16.413,-0.5326,0.4140,1.8499,22.306,-32.504,12.627
1.583365,44.552,-30.379,-16.547,0.3928,0.4775,0.3880,13.274,-26.418,16.511
1.600032,45.411,-31.093,-16.922,0.8061,0.2207,0.2299,39.479,-42.994,16.085
1.616699,46.067,-31.369,-16.690,2.3523,0.0039,-0.7233,46.036,-2.045,19.594
1.633366,45.840,-30.461,-15.438,2.1500,0.3131,-0.3947,24.407,85.307,5.013
1.650033,45.118,-28.450,-14.025,0.3825,0.1296,-0.7935,-2.255,138.483,-35.016
1.666700,43.549,-26.270,-12.232,-0.9932,-0.7253,-0.7127,-45.324,161.531,-23.829
1.683367,41.730,-23.698,-11.881,-0.8047,0.0165,1.4501,-100.730,127.548,-91.237
1.700034,39.985,-21.952,-11.653,0.9515,0.1390,0.2609,-99.908,88.591,-59.642
1.716701,39.236,-20.355,-11.497,-0.4847,1.5877,-0.0175,-42.139,80.499,-55.065
1.733368,39.556,-19.292,-11.595,-0.8524,1.2337,1.2594,16.623,46.858,-45.327
1.750035,39.892,-18.556,-11.938,-0.5504,0.6446,0.9842,12.709,22.469,-43.723
1.766702,39.912,-18.027,-12.336,-0.9700,0.5488,0.6490,-7.043,10.738,-38.249
1.783369,39.899,-17.861,-12.451,-0.7844,0.5575,0.2295,-3.673,4.241,-11.812
1.800036,39.747,-17.457,-12.747,0.0683,-0.3679,-0.0337,-15.290,8.592,-28.858
1.816703,39.500,-17.157,-13.098,-0.0113,-0.3718,0.2733,-21.844,1.762,-27.292
1.833370,38.910,-16.347,-13.774,2.1265,-1.4294,-0.5356,-47.808,13.865,-61.152
1.850037,38.899,-16.030,-14.307,1.2494,-0.1993,-0.5917,-10.243,-3.633,-36.293
1.866704,40.005,-16.480,-14.892,0.1697,-0.0008,-0.4445,55.811,-41.379,-9.321
1.883371,41.058,-17.100,-15.391,-0.2651,-0.0212,-0.3372,53.865,-45.983,1.871
1.900038,42.158,-17.198,-15.868,-0.5681,0.1304,-0.7901,56.902,-21.693,-17.002
1.916705,43.092,-16.385,-16.084,-2.6160,1.0654,-0.2410,51.564,28.263,-42.658
1.933372,43.657,-15.518,-15.633,-1.5780,0.6453,-0.0002,40.653,56.311,-17.136
1.950039,43.787,-15.064,-14.484,-0.3892,0.6867,0.3080,25.361,66.186,29.051
1.966706,43.332,-14.938,-12.916,-0.7742,1.3524,1.5578,-3.664,68.576,60.384
1.983373,42.763,-15.597,-11.462,-0.5361,1.3618,1.8698,-11.915,29.017,88.365
2.000040,42.175,-17.168,-10.298,1.0297,0.3075,1.4088,-16.342,-23.799,112.996
2.016707,40.926,-19.111,-7.700,-1.3965,-0.1174,0.1931,-27.216,11.551,188.048
2.033374,38.829,-20.104,-3.258,-2.2608,0.1748,-1.7615,-37.066,115.796,230.816
2.050041,38.378,-20.648,1.221,-0.2825,0.1741,-1.9639,65.826,132.041,217.221
2.066708,37.920,-20.727,4.574,2.9726,-1.3223,0.3486,42.950,112.960,150.969
2.083375,38.034,-20.641,5.605,2.0400,-0.9759,-0.1128,28.112,40.230,42.290
2.100042,38.828,-20.321,5.085,0.1689,-0.7789,-0.6150,36.208,-2.478,-35.086
2.116709,40.122,-19.176,4.275,-0.4218,-0.6326,-1.9248,60.771,24.579,-79.243
2.133376,41.925,-16.918,3.198,0.4363,-0.0729,-1.2321,87.707,62.423,-135.582
2.150043,44.390,-14.744,2.694,1.0427,-0.5649,-0.7068,139.228,75.841,-110.757
2.166710,46.522,-12.483,2.719,-0.6233,0.4097,0.8360,127.843,96.753,-96.078
2.183377,48.330,-10.170,3.242,-0.0942,0.4633,-0.0506,114.172,117.078,-81.774
2.200044,50.964,-6.783,2.225,0.8009,2.1786,1.6415,148.548,86.053,-194.347
2.216711,53.036,-4.356,1.657,0.6941,-0.5787,1.4012,120.376,63.414,-136.042
2.233378,54.781,-3.410,1.195,0.6031,-0.7302,1.1966,102.243,11.571,-62.665
2.250045,55.701,-3.198,1.197,0.1183,0.2737,1.6544,54.649,7.779,-10.916
2.266712,55.321,-3.807,1.933,-0.7795,0.4243,1.9594,-20.593,16.112,54.590
2.283379,53.763,-4.520,2.842,-1.0543,0.5527,0.3403,-90.071,19.932,65.944
2.300046,53.179,-2.621,1.342,0.2815,-2.1265,-2.5885,-41.277,-3.958,-145.382
2.316713,52.942,-2.813,1.367,-0.8124,2.3195,1.8520,-14.596,-5.303,9.675
2.333380,51.350,-3.180,1.723,0.5002,0.1603,-0.3671,-94.960,3.726,30.157
2.350047,50.494,-3.600,2.096,0.1146,-0.2593,-0.2308,-50.621,1.904,33.334
2.366714,51.182,-4.527,2.691,0.9194,0.6324,-0.2773,43.235,-7.137,65.314
2.383381,50.878,-4.669,3.409,-0.5586,0.5198,-0.5324,-15.379,28.503,33.246
2.400048,48.856,-3.975,5.376,-0.9840,-0.8769,-0.6133,-113.070,117.238,43.677
2.416715,48.188,-4.259,6.887,-0.2942,-0.5029,0.7633,-34.113,56.889,72.425
2.433382,47.625,-4.113,7.683,0.3209,-1.2614,-0.6286,-30.738,41.587,25.137
2.450049,46.617,-3.259,8.178,-0.3988,-1.4014,-1.2330,-58.973,57.052,-17.676
2.466716,44.383,-0.763,8.001,0.1128,-1.7595,-0.1388,-134.722,97.774,-114.464
2.483383,42.373,1.225,6.807,0.3744,0.3380,-0.0300,-120.547,37.861,-134.248
2.500050,41.419,0.886,6.980,0.4747,2.3853,0.6706,-57.681,-7.831,21.037
2.516717,41.167,-0.402,8.057,-0.6032,0.1274,1.5385,-15.748,-14.961,99.316
2.533384,40.489,-1.264,8.846,-0.0741,1.0185,1.5626,-40.351,-7.784,69.385
2.550051,39.558,-2.613,10.178,1.3634,0.3464,0.3207,-53.618,-10.183,113.024
2.566718,38.167,-4.541,12.370,0.9897,0.3586,0.6034,-75.675,-7.226,174.525
2.583385,33.912,-9.349,18.640,5.1917,-4.7671,-0.9146,-209.767,-12.651,471.407
2.600052,30.677,-10.706,20.913,-7.1935,6.8931,1.1340,-170.341,3.720,156.633
2.616719,29.605,-11.194,21.495,0.0574,0.0259,-1.0358,-58.204,-7.596,44.216
2.633386,29.507,-11.544,21.860,0.0674,0.7787,-2.0631,-2.072,-7.076,28.917
2.650053,30.838,-11.506,22.100,-0.6166,0.7196,0.5637,82.226,9.614,10.935
2.666720,32.533,-11.025,22.011,-0.6637,0.6288,0.8815,100.059,22.298,-19.756
2.683387,34.782,-10.547,21.808,-0.0702,-0.0224,0.3165,132.064,17.767,-25.931
2.700054,37.135,-10.493,21.479,-0.4942,-0.2174,-0.3864,136.919,-8.308,-17.758
2.716721,39.182,-10.860,21.230,-0.7421,-0.6126,0.0349,119.467,-25.905,1.967
2.733388,39.389,-10.915,20.972,-0.4008,-2.6443,-0.0785,8.859,-11.841,-9.749
2.750055,38.755,-11.277,20.719,0.6148,0.3193,0.4279,-41.363,-25.914,2.069
2.766722,37.795,-11.586,20.497,0.0946,-0.8613,1.3597,-60.686,-22.252,1.181
2.783389,36.286,-11.957,20.682,0.0298,0.6771,1.4467,-88.690,-10.913,21.987
2.800056,34.551,-12.353,21.075,-0.3057,0.9375,0.9522,-99.584,-5.658,32.516
2.816723,32.868,-12.789,21.544,-0.4850,0.7948,0.2774,-95.326,-6.124,37.299
2.833390,30.600,-13.651,22.364,0.1800,0.1900,0.8582,-125.374,-18.469,67.986
2.850057,27.917,-13.855,23.094,0.2458,0.3555,-0.7249,-151.054,10.497,43.069
2.866724,25.787,-13.837,23.535,0.0462,0.9851,-2.0586,-122.015,12.957,22.428
2.883391,24.954,-13.855,23.911,1.1782,0.7809,-1.3875,-45.143,8.828,20.285
2.900058,24.741,-14.079,24.208,-0.2444,0.2505,-0.1006,-9.115,-4.481,21.351
2.916725,25.154,-14.327,24.212,-0.6374,0.2770,-0.2474,24.260,-12.943,6.487
2.933392,25.919,-14.543,24.028,-0.4170,0.3342,-0.4803,42.525,-15.860,-4.036
2.950059,26.268,-14.921,24.036,-0.1712,-0.2134,-0.3441,20.405,-19.775,10.434
2.966726,26.541,-15.520,24.230,0.4856,-1.1199,-1.1697,18.767,-26.800,26.113
2.983393,26.346,-15.908,24.489,-0.0909,-0.4247,0.4328,-8.039,-13.785,23.775
3.000060,25.410,-16.211,24.815,-0.4961,-0.1632,0.4163,-51.289,-7.750,24.912
3.016727,24.406,-16.444,25.216,-0.3314,-0.0175,0.2594,-54.028,-2.637,26.858
3.033394,23.416,-16.625,25.696,-0.3692,-0.0198,0.5117,-51.747,1.586,29.698
3.050061,22.388,-16.647,26.210,-0.1845,-0.1076,1.0025,-53.355,10.653,27.795
3.066728,21.467,-16.527,26.759,0.2440,-0.1123,0.6847,-46.393,18.772,26.697
3.083395,20.518,-16.383,27.275,0.0097,0.0801,0.0686,-48.668,18.989,24.726
3.100062,19.884,-16.167,27.952,-0.1293,0.2811,-0.2751,-27.180,25.949,32.190
3.116729,19.404,-16.108,28.566,0.1559,0.1020,-0.2823,-19.104,15.515,32.182
3.133396,19.132,-16.116,29.086,0.3349,0.1123,-0.1369,-8.153,9.784,28.540
3.150063,19.032,-16.155,29.555,0.1033,0.0689,0.4210,1.286,6.964,26.369
3.166730,18.922,-16.225,29.910,0.1484,-0.4502,0.0776,-1.174,3.026,20.804
3.183397,18.753,-16.369,30.228,-0.2649,-0.4935,-0.0210,-5.298,-1.954,20.156
3.200064,18.626,-16.581,30.541,-1.1447,0.2398,0.4295,-2.749,-5.969,21.257
3.216731,18.664,-16.730,30.913,-0.4555,0.1997,0.0917,8.182,-1.385,23.200
3.233398,18.907,-16.805,31.312,0.2351,-0.1432,0.0656,20.999,3.382,23.224
3.250065,19.445,-16.842,31.758,0.2920,-0.3069,-0.4150,39.514,6.584,25.004
3.266732,20.593,-16.910,32.212,-0.0180,-0.2746,-0.7628,76.317,5.320,25.987
3.283399,22.342,-17.074,32.499,-0.5112,-0.4816,-0.7637,109.500,-2.860,19.005
3.300066,24.200,-17.277,32.765,-0.6948,0.0163,0.0772,115.762,-4.925,18.901
3.316733,25.390,-17.577,33.489,-0.4461,0.1052,0.9295,83.924,1.208,45.330
3.333400,25.724,-17.762,34.526,-0.3558,0.5694,1.0683,38.497,15.758,58.354
3.350067,25.725,-17.836,35.627,-0.2262,0.1685,-0.3377,19.767,23.464,58.703
3.366734,25.880,-17.859,37.047,0.2691,-0.0185,-0.3593,34.904,34.244,73.752
3.383401,26.142,-17.985,38.745,0.4425,0.0320,-0.4019,46.566,35.922,90.539
3.400068,26.471,-18.181,40.345,0.2804,-0.2205,-0.6242,49.103,30.121,87.163
3.416735,26.701,-18.359,41.220,-0.8159,0.2704,0.1565,29.763,13.007,49.411
3.433402,26.974,-18.568,41.976,-0.3480,0.1115,0.1866,30.241,8.390,44.172
3.450069,27.078,-18.828,42.919,-0.3034,-0.2010,0.8178,23.901,10.639,54.947
3.466736,26.868,-19.160,44.337,-0.1089,-0.0995,0.2925,14.615,18.952,80.857
3.483403,26.526,-19.475,46.614,0.4642,-0.4537,-0.1800,24.209,41.253,123.809
3.500070,26.047,-19.757,48.348,-1.3833,0.9435,0.7589,5.741,28.414,95.462
3.516737,25.736,-19.751,48.954,-0.2744,0.2448,-0.0354,-6.875,15.419,30.799
3.533404,25.758,-19.769,49.365,-0.0399,0.0168,0.4312,9.097,9.260,21.527
3.550071,26.000,-19.829,50.144,0.0541,0.2910,0.4189,29.835,16.136,41.286
3.566738,26.505,-20.060,51.650,0.1855,-0.1542,0.4164,60.589,25.363,82.412
3.583405,26.588,-20.569,53.119,-0.1411,0.6526,0.8199,35.097,9.803,87.748
3.600072,26.347,-20.821,53.386,-0.7958,0.5631,0.9746,-9.354,-6.659,20.301
3.616739,25.861,-20.683,53.048,-0.1819,0.4338,0.7677,-36.934,-0.695,-20.507
3.633406,24.969,-20.284,52.258,-0.6202,0.6978,1.2767,-70.671,2.753,-50.209
3.650073,24.444,-20.021,51.433,-0.1685,0.3274,0.2821,-49.161,-4.844,-48.639
3.666740,24.137,-19.864,50.772,0.1379,-0.3724,-0.0348,-32.610,-6.542,-37.686
3.683407,23.919,-19.872,50.205,0.2969,-1.4999,-1.0017,-25.206,-13.307,-28.808
3.700074,23.469,-19.815,49.858,-0.6079,-0.6322,-0.5070,-34.615,-4.580,-19.123
3.716741,22.926,-19.447,49.422,-0.8242,-0.7248,0.4392,-41.945,10.711,-31.168
3.733408,22.210,-18.995,49.048,-0.2714,-0.5071,0.2293,-50.896,16.930,-29.741
3.750075,21.580,-18.657,48.752,-0.6916,-0.4068,0.5559,-44.023,12.605,-23.004
3.766742,20.758,-18.207,48.402,0.1330,-0.8785,0.3989,-56.484,17.948,-28.060
3.783409,19.861,-17.941,47.935,0.3777,-1.2042,-0.2459,-62.991,5.753,-30.312
3.800076,19.311,-17.650,46.944,0.1288,-1.5132,-0.2005,-51.612,-2.633,-58.985
3.816743,19.890,-17.338,45.562,0.6305,-0.4598,-0.5056,9.435,-8.995,-80.613
3.833410,20.495,-17.105,44.331,0.2324,0.0827,1.8054,14.079,-11.265,-70.818
3.850077,21.094,-17.634,42.445,-0.5493,0.1759,1.1068,1.862,-68.114,-89.515
3.866744,23.097,-20.158,38.686,-0.2988,1.3294,1.4659,46.726,-220.569,-140.605
3.883411,23.833,-22.831,34.952,-2.4282,1.5379,1.8006,-38.331,-230.137,-127.209
3.900078,23.501,-24.978,32.559,-0.2619,-0.1360,1.4836,-78.519,-170.768,-68.251
3.916745,22.889,-26.821,30.330,-0.2922,-0.7884,-0.2774,-95.565,-149.167,-66.763
3.933412,22.557,-28.651,28.020,-0.0247,-0.3511,-0.7193,-84.819,-148.820,-70.485
3.950079,22.991,-30.152,25.106,-0.1137,-0.1357,-0.3525,-60.196,-142.159,-105.324
3.966746,24.171,-30.844,21.613,0.1774,1.2718,0.1286,-35.923,-110.421,-148.631
3.983413,25.205,-30.845,18.855,0.1284,1.6771,0.8676,-23.174,-59.541,-128.765
4.000080,26.484,-30.157,15.485,0.4794,0.1288,-0.7816,-26.332,-38.968,-174.449
4.016747,27.846,-29.307,12.301,-0.9115,0.1793,-2.1071,-13.459,-30.510,-170.583
4.033414,29.079,-28.412,9.439,-0.7471,0.3093,-0.9481,-9.262,-24.613,-157.492
4.050081,30.012,-27.190,6.616,-0.2848,0.1312,0.3007,-23.464,-10.328,-166.177
4.066748,30.572,-25.509,3.314,-0.1982,-0.5489,-0.8899,-54.760,-2.649,-203.830
4.083415,31.234,-23.961,-0.025,1.1591,0.2278,-0.7931,-44.464,-14.040,-203.498
4.100082,31.742,-22.606,-2.743,0.1964,0.3547,0.0422,-34.331,-9.067,-169.872
4.116749,32.337,-21.395,-5.270,0.4171,-0.0013,-1.2362,-21.433,-13.187,-157.451
4.133416,32.949,-20.624,-7.030,0.1852,0.8383,-0.3438,-1.513,-14.379,-107.659
4.150083,33.605,-20.344,-8.013,-0.5188,0.5623,-0.4064,18.332,-16.390,-55.115
4.166750,34.743,-20.108,-8.704,-0.4133,0.4148,-0.7239,53.598,-10.308,-39.806
4.183417,36.172,-19.756,-9.189,-1.2007,0.0161,-0.3513,75.373,1.130,-34.247
4.200084,37.744,-19.618,-9.211,-1.7467,0.4242,-0.2839,93.527,5.702,-5.616
4.216751,38.500,-19.740,-8.179,0.4531,-0.0176,0.8041,65.839,29.959,50.774
4.233418,38.688,-20.507,-6.383,-1.1221,-1.4148,-0.5179,47.948,26.937,108.213
4.250085,38.914,-21.319,-5.562,1.7245,-0.7594,1.3742,30.824,-9.443,66.758
4.266752,39.406,-22.223,-5.990,-0.0165,-0.3256,0.4051,19.651,-57.266,16.101
4.283419,39.514,-22.127,-5.912,2.2697,0.7632,0.6246,7.892,7.001,0.004
4.300086,39.640,-22.043,-5.712,0.3953,0.2047,0.4947,11.707,10.847,5.671
4.316753,39.783,-21.499,-5.558,-0.2430,0.3398,-0.3361,11.659,30.478,-13.962
4.333420,39.808,-21.036,-5.529,-0.1258,-0.0441,0.2536,1.761,22.277,-16.202
4.350087,39.618,-21.132,-5.593,0.7376,-0.4743,-0.0689,-13.217,-6.864,1.215
4.366754,39.061,-21.579,-5.643,0.7478,-0.4375,0.6700,-34.845,-22.557,15.106
4.383421,38.341,-22.395,-5.875,0.2743,0.0704,0.8658,-48.794,-46.343,20.823
4.400088,37.793,-23.005,-6.333,0.1185,0.9197,0.4248,-43.842,-44.527,2.831
4.416755,37.439,-23.345,-7.371,-0.5748,0.4273,0.0960,-46.186,-51.146,-32.633
4.433422,37.357,-23.971,-8.593,-0.7499,0.1192,-0.1164,-34.709,-70.719,-30.270
4.450089,37.743,-24.802,-9.907,0.5350,-0.1357,-1.2288,-9.811,-83.344,-26.264
4.466756,38.380,-25.064,-11.066,0.6553,-0.5501,-1.0088,8.516,-51.332,-39.712
4.483423,39.183,-25.628,-12.255,-0.1418,-0.7137,-0.2264,17.259,-66.834,-28.750
4.500090,40.042,-26.199,-13.492,-0.4605,-0.1511,0.0810,18.770,-69.026,-29.352
4.516757,40.804,-26.481,-14.554,-0.3805,0.1983,0.3316,17.081,-49.950,-32.285
4.533424,41.021,-26.247,-15.112,-1.1664,0.6474,-0.0779,-2.156,-9.107,-31.609
4.550091,40.944,-26.004,-15.487,-0.7933,0.2795,-0.0031,-14.870,-2.373,-24.534
4.566758,40.679,-25.913,-15.882,-0.0079,-0.0859,-0.1391,-26.656,-9.926,-19.349
4.583425,40.439,-26.355,-16.256,-1.2174,0.2399,0.5381,-24.613,-33.423,2.238
4.600092,40.255,-27.171,-16.453,-1.2907,0.1185,0.0720,-16.653,-44.268,23.957
4.616759,40.031,-27.838,-16.806,-0.9758,-0.0808,-0.8259,-23.597,-42.949,11.798
4.633426,40.080,-28.387,-17.667,-0.3263,-0.8942,-0.4755,-21.673,-54.771,-13.340
4.650093,41.121,-29.321,-19.735,-0.6553,-1.2085,0.6492,2.321,-113.495,-45.723
4.666760,43.792,-33.196,-23.627,-1.5480,-0.6868,2.0511,38.727,-306.524,9.916
4.683427,51.239,-39.642,-32.619,-3.4058,-0.3253,0.4294,125.093,-581.108,-8.451
4.700094,60.338,-42.952,-42.910,-0.1745,0.6438,-2.7107,137.325,-495.142,-96.710
4.716761,71.385,-44.167,-54.927,-0.4803,1.7523,0.7027,164.655,-506.480,-146.933
4.733428,81.791,-43.911,-65.869,1.9510,1.0810,0.1429,166.945,-455.590,-123.907
4.750095,86.674,-42.425,-71.506,4.1766,0.1278,0.3363,61.404,-236.728,-113.054
4.766762,88.320,-40.766,-72.762,3.4881,-0.6985,1.0276,48.584,-52.136,-101.569
4.783429,88.800,-39.327,-71.318,3.0217,-1.1478,0.8718,84.326,68.409,-84.325
4.800096,87.986,-38.449,-68.112,1.8398,-1.1392,0.5809,71.710,151.147,-48.210
4.816763,86.176,-38.155,-64.205,0.3882,-0.5621,0.2337,36.391,184.624,-8.077
4.833430,83.512,-38.291,-59.980,0.1536,-0.4529,0.4117,-3.317,197.630,26.172
4.850097,78.356,-38.154,-53.916,1.8772,-0.9638,0.7756,-84.378,283.571,37.038
4.866764,70.115,-37.312,-46.034,-0.1332,0.1021,0.1585,-204.816,373.712,53.164
4.883431,65.032,-37.412,-39.942,0.9216,0.7203,2.1913,-83.356,266.271,116.429
4.900098,59.734,-36.761,-33.614,1.1032,-0.4287,0.0615,-89.027,286.531,105.905
4.916765,55.807,-36.625,-29.302,-3.3390,0.2861,-0.7917,-81.328,179.966,103.816
4.933432,52.984,-37.134,-26.245,-1.2846,-0.6156,-0.4737,-59.549,101.552,110.395
4.950099,51.978,-38.220,-24.827,-0.8946,-0.4453,-0.9034,-8.647,13.758,92.783
4.966766,51.923,-39.311,-24.461,-1.3057,-0.0779,-1.0110,10.164,-26.872,62.223
4.983433,52.537,-39.973,-24.711,-2.8444,0.6372,-2.6449,27.025,-33.533,24.516
5.000100,52.718,-40.901,-24.416,1.4481,-0.2198,-0.0399,22.126,-23.207,52.645
5.016767,51.673,-40.861,-22.449,2.2078,0.0813,-1.1981,14.319,71.908,52.992
5.033434,50.642,-40.144,-20.154,0.0462,-0.1814,-1.0236,27.268,108.544,32.284
5.050101,50.916,-39.704,-19.415,-2.0987,-0.1086,0.5346,44.608,42.989,1.194
5.066768,51.090,-39.270,-19.157,-0.4139,0.1773,1.5158,20.044,25.579,-12.513
5.083435,51.211,-38.189,-18.791,-0.9066,0.8025,0.1783,20.744,53.951,-39.593
5.100102,51.574,-36.384,-18.539,-0.9419,0.3918,-0.0562,30.658,76.866,-76.887
5.116769,51.900,-34.843,-18.352,0.4456,0.1101,0.6740,25.892,64.330,-66.675
5.133436,51.542,-34.452,-17.499,0.3392,-0.4469,1.3585,7.268,47.435,7.924
5.150103,51.018,-34.509,-16.379,0.2299,0.0120,0.7928,6.369,41.021,37.561
5.166770,50.377,-34.768,-14.827,-0.1544,0.4900,0.2294,14.178,49.333,60.787
5.183437,49.175,-34.022,-12.577,-2.1380,0.4529,-1.6040,3.912,113.858,38.005
5.200104,47.918,-33.042,-10.419,1.4308,-0.6197,0.6061,-4.220,119.700,27.677
5.216771,47.104,-33.146,-9.421,-0.4843,-0.3640,0.6684,-16.437,32.658,38.742
5.233438,46.113,-33.081,-8.463,0.1055,-0.1819,0.1463,-28.304,37.534,30.494
5.250105,45.386,-32.830,-7.512,0.3927,-0.2883,-0.2591,-12.867,44.732,22.844
5.266772,44.693,-31.917,-6.240,0.8289,-0.2069,-0.7432,-1.028,84.186,7.025
5.283439,44.057,-30.389,-4.482,0.3486,-0.2025,-0.9065,16.191,128.569,0.651
5.300106,43.586,-29.214,-2.858,-0.6438,-0.3861,0.1739,19.872,109.328,12.362
5.316773,42.955,-27.760,-1.185,-0.5876,-0.5442,-0.0958,9.746,123.864,4.709
5.333440,42.458,-26.083,0.405,0.3884,-0.3172,0.2923,13.160,131.535,-5.508
5.350107,42.044,-24.306,2.092,-0.5911,0.2136,0.6000,17.985,140.365,-3.681
5.366774,41.526,-22.595,3.910,-0.9761,0.0363,0.3627,12.084,143.093,6.455
5.383441,40.892,-21.537,5.269,-0.9881,-0.7551,1.1994,-7.666,97.400,15.280
5.400108,40.218,-21.173,6.307,-0.5682,-0.1495,0.6726,-18.010,54.150,30.111
5.416775,39.526,-21.197,7.469,-0.3672,-0.3375,0.6426,-16.575,40.424,51.092
5.433442,38.882,-21.011,8.585,-0.9771,-0.7339,-0.2613,-14.821,47.917,41.631
5.450109,38.455,-20.823,9.368,0.3340,-0.2628,0.0636,-9.057,35.988,27.507
5.466776,37.944,-20.855,10.063,0.1422,-0.4537,0.0635,-16.085,22.392,32.060
5.483443,37.444,-21.210,10.391,0.1760,-0.1870,-0.0390,-23.134,-5.876,27.811
5.500110,37.103,-21.482,10.252,0.3487,0.8435,0.0243,-23.746,-17.898,3.993
5.516777,37.118,-21.403,9.395,0.9263,0.4989,-0.0776,-18.128,-25.270,-40.822
5.533444,37.362,-20.665,7.993,-0.2912,0.3861,-0.8834,-15.768,-12.430,-89.032
5.550111,38.117,-19.556,6.376,1.1075,-0.0221,-0.6176,11.677,-3.328,-112.496
5.566778,38.655,-18.403,4.687,0.2657,-0.1309,1.0472,-0.971,-5.408,-117.869
5.583445,38.955,-16.991,3.494,2.2008,0.3852,-0.0872,-3.977,23.130,-106.006
5.600112,39.433,-15.946,3.464,1.4436,0.2335,0.4362,27.904,47.453,-40.779
5.616779,39.409,-15.681,4.425,0.5276,0.9735,2.2192,14.069,47.462,32.917
5.633446,38.995,-16.126,6.119,0.3246,0.4224,1.8102,2.727,41.118,92.771
5.650113,38.453,-16.950,7.136,-0.3757,-0.9451,0.7765,-15.448,-2.029,76.738
5.666780,37.750,-18.001,7.542,0.3854,-0.8603,1.9424,-35.105,-35.277,57.400
5.683447,37.824,-19.507,8.001,2.6573,-0.4041,-0.8745,13.080,-55.431,76.109
5.700114,38.360,-21.887,8.533,-0.8649,1.5907,2.2606,43.176,-93.967,111.676
5.716781,39.214,-24.422,7.597,-1.8989,-5.1150,-3.9450,28.889,-150.839,55.147
5.733448,40.417,-26.035,6.212,-3.7719,2.5360,0.5576,36.581,-122.516,4.307
5.750115,40.349,-26.857,6.324,-0.1291,1.0163,0.3630,-1.299,-33.819,36.788
5.766782,39.989,-27.486,6.961,-0.1658,-0.7387,-1.4442,-4.362,-7.016,50.503
5.783449,39.232,-27.215,7.972,0.2107,-0.8309,-2.5316,-17.787,46.769,31.358
5.800116,38.742,-26.613,8.793,-0.1049,-0.4162,-1.3912,-7.334,55.569,11.574
5.816783,38.294,-25.495,9.229,-1.0730,-0.7752,-1.3625,-15.594,66.999,-23.175
5.833450,37.925,-24.219,9.103,-1.0939,-0.4463,-0.3554,-25.503,55.855,-52.450
5.850117,38.013,-22.657,8.389,0.3389,-1.0740,-0.1911,-11.961,49.490,-88.405
5.866784,37.651,-21.999,7.950,0.2144,0.5852,2.8925,-31.846,16.015,-43.272
5.883451,36.958,-21.755,7.950,1.2262,-0.0153,0.0491,-41.789,11.490,-8.664
5.900118,36.513,-21.736,8.156,0.5943,-0.2209,-0.2230,-22.261,7.645,8.714
5.916785,36.077,-22.322,8.448,0.0309,0.0116,0.2239,-19.777,-18.863,34.019
5.933452,35.631,-23.999,8.578,-1.5055,0.0522,1.0169,-23.829,-77.489,64.944
5.950119,35.232,-26.692,8.565,-1.5244,0.2137,2.2335,-24.434,-132.241,93.287
5.966786,35.145,-29.202,9.562,-0.3175,0.5995,1.0056,22.590,-92.799,130.178
5.983453,34.971,-30.588,10.823,0.1057,-0.2607,-1.0290,27.060,-30.608,101.672
6.000120,35.182,-31.384,12.085,0.3750,-0.2576,-0.5053,51.443,-1.994,80.740
6.016787,35.254,-31.820,13.283,0.3475,-0.1080,0.6770,41.732,13.756,65.291
6.033454,35.153,-31.860,14.207,-0.0076,0.1371,0.8399,23.016,24.995,40.077
6.050121,34.988,-31.917,14.858,0.0389,-0.1932,0.3945,10.529,16.074,29.350
6.066788,34.912,-31.873,15.255,0.1374,-0.3087,0.3531,7.780,13.580,15.221
6.083455,35.103,-31.542,15.245,0.6373,-0.3809,-0.1131,10.977,15.798,-11.605
6.100122,35.392,-31.128,14.908,-0.3011,-0.2896,-0.8192,6.592,10.142,-28.280
6.116789,35.838,-30.730,14.036,-0.9069,-0.5565,0.1297,-0.287,-6.919,-50.163
6.133456,36.199,-30.204,12.838,-0.4201,-0.5638,0.5889,-15.006,-11.115,-68.472
6.150123,36.646,-29.781,11.716,0.3508,-0.1271,0.9612,-6.977,-14.383,-61.815
6.166790,37.035,-29.418,10.640,0.5573,0.0540,0.4950,-8.736,-16.472,-57.783
6.183457,37.469,-29.142,9.639,0.5393,0.4886,0.5613,-3.520,-18.727,-51.574
6.200124,38.083,-28.871,8.921,1.1651,0.7016,0.5740,15.824,-10.366,-39.583
6.216791,38.904,-28.600,8.350,1.0040,-0.1122,-0.0313,32.583,-6.116,-33.479
6.233458,40.068,-28.014,7.345,0.5824,-0.6282,-0.8752,41.097,-6.721,-63.162
6.250125,41.499,-27.194,5.939,0.7154,-0.1200,1.0057,46.604,-11.712,-88.620
6.266792,42.790,-26.269,4.613,1.3127,0.3635,1.6249,41.522,-6.596,-89.777
6.283459,43.612,-25.309,3.692,1.5616,0.9785,1.3263,25.135,7.892,-75.623
6.300126,44.149,-24.517,3.205,1.4623,1.5224,0.8844,19.696,15.828,-51.982
6.316793,44.644,-24.104,3.119,1.8232,1.3689,0.1875,27.403,14.435,-20.584
6.333460,45.095,-23.973,3.184,1.8887,1.1521,0.4078,28.419,8.177,-2.983
6.350127,45.686,-23.697,3.098,1.0125,1.2808,0.5362,33.109,8.378,-15.074
6.366794,45.989,-23.269,2.918,1.1150,1.4824,0.9977,13.581,10.865,-25.291
6.383461,46.123,-22.669,2.730,0.6570,1.7782,0.7671,3.311,17.702,-33.141
6.400128,46.152,-22.134,2.628,1.5177,1.3931,0.3019,-0.949,18.366,-27.041
6.416795,46.084,-21.714,2.531,1.3566,1.3610,0.4519,-6.671,13.808,-21.880
6.433462,45.893,-21.389,2.476,1.6938,1.4503,0.7327,-13.029,11.627,-16.130
6.450129,45.610,-21.173,2.473,1.7490,1.2177,0.3660,-17.544,9.192,-9.443
6.466796,45.353,-20.889,2.321,0.8372,0.6562,-0.0184,-19.110,6.226,-18.099
6.483463,44.950,-20.488,2.217,0.6399,0.5784,-0.1035,-26.906,13.142,-21.233
6.500130,44.430,-20.092,2.232,1.0790,0.4178,-0.7725,-31.334,17.886,-16.132
6.516797,43.828,-19.857,2.137,0.0978,0.7044,-0.6726,-38.557,6.774,-13.690
6.533464,43.333,-19.803,2.100,0.8010,0.6535,-1.1953,-30.978,1.257,-3.810
6.550131,43.057,-20.162,2.041,1.2578,0.2528,-1.3494,-18.326,-17.524,12.302
6.566798,43.132,-20.851,1.718,1.9755,0.0962,-0.0241,-2.824,-42.190,14.905
6.583465,43.619,-21.719,1.330,2.6853,0.3819,-0.0895,20.290,-52.269,19.917
6.600132,44.306,-22.241,0.993,2.5838,-0.2091,-0.3455,33.114,-35.032,8.136
6.616799,45.242,-22.244,0.665,2.5903,-0.8262,-0.4171,48.170,-12.450,-12.931
6.633466,46.285,-22.289,0.209,0.8253,-0.7094,-0.1459,51.703,-19.446,-15.954
6.650133,47.041,-22.443,-0.672,-0.8137,-0.7360,1.6843,24.727,-41.344,-27.076
6.666800,47.173,-22.381,-1.364,-0.9047,-0.4532,0.6333,-8.405,-25.056,-29.072
6.683467,46.917,-22.133,-1.797,-0.9727,-0.4313,-0.1908,-25.668,-6.960,-27.479
6.700134,46.469,-21.559,-2.025,-0.9890,-0.9555,-1.3072,-32.487,14.886,-33.949
6.716801,46.110,-20.637,-2.453,-0.9401,-0.9610,-0.0805,-31.244,21.324,-56.686
6.733468,46.020,-19.483,-2.947,-0.8947,-0.8062,0.1575,-16.018,28.442,-69.350
6.750135,46.194,-18.246,-3.223,-0.8587,-0.8013,0.4299,4.706,40.608,-64.498
6.766802,46.311,-16.846,-3.041,-1.1369,-1.0724,1.4810,9.867,65.968,-53.629
6.783469,46.315,-15.467,-2.717,-2.2694,-1.5909,1.8474,5.275,71.015,-47.068
6.800136,46.175,-14.163,-2.668,-3.5698,-1.9966,2.6481,-8.021,56.447,-54.642
6.816803,45.613,-12.794,-2.943,-3.4062,-1.7145,2.8257,-37.855,45.868,-70.219
6.833470,44.785,-11.237,-3.397,-2.9208,-1.2888,2.6391,-55.620,47.105,-85.090
6.850137,44.085,-9.827,-3.809,-1.7926,-1.2765,0.8775,-46.757,43.491,-76.560
6.866804,43.635,-8.712,-4.035,-1.1717,-1.1898,0.8386,-29.395,39.044,-55.999
6.883471,43.494,-7.623,-3.940,-0.4374,-1.6804,0.1186,-7.815,51.298,-40.858
6.900138,43.623,-6.533,-3.912,-1.6110,-1.8692,0.7629,7.829,48.627,-43.816
6.916805,43.602,-5.271,-4.328,-1.7165,-1.7660,2.0441,-3.947,37.698,-70.122
6.933472,43.288,-3.824,-4.942,-2.1238,-1.4272,2.6046,-21.815,37.803,-86.307
6.950139,42.778,-2.328,-5.631,-1.8059,-0.8613,2.4826,-32.814,37.388,-91.325
6.966806,41.933,-0.859,-6.132,-1.3234,-0.6656,1.8640,-51.543,44.838,-81.443
6.983473,41.074,0.668,-6.347,-0.9612,-0.6334,1.1631,-51.537,59.996,-70.236
7.000140,40.308,1.673,-6.500,-0.5821,-1.0042,1.3486,-45.742,39.693,-46.127
7.016807,39.703,2.566,-6.618,-0.6621,-0.7089,0.4458,-35.998,36.433,-39.662
7.033474,39.429,3.728,-6.714,-0.5579,-0.7384,-0.0102,-16.050,49.956,-48.689
7.050141,39.401,5.228,-6.902,-0.6108,-1.0755,-0.1786,-0.771,62.314,-65.607
7.066808,39.355,6.876,-7.396,-0.3784,-1.0965,-0.2065,0.490,57.637,-85.315
7.083475,39.175,8.132,-8.058,-0.2396,-0.7352,0.5557,-5.477,33.338,-77.984
7.100142,38.880,9.072,-8.695,-0.3132,-0.4155,2.1145,-11.840,19.961,-64.680
7.116809,38.373,9.799,-9.358,-0.5651,-0.6047,2.2229,-23.813,9.520,-57.632
7.133476,37.717,10.547,-10.091,-0.5474,-0.4019,1.5702,-31.441,8.582,-61.571
7.150143,36.929,11.314,-10.942,-1.1122,-0.6522,0.8875,-37.446,6.132,-67.515
7.166810,36.016,12.459,-12.134,-0.9571,-0.6703,-0.2248,-39.822,13.571,-96.873
7.183477,35.143,13.689,-13.304,0.4629,-1.2253,-0.0460,-36.334,20.133,-98.323
7.200144,34.149,14.575,-14.340,0.7471,-1.3802,-0.5040,-44.292,9.454,-79.545
7.216811,33.289,15.063,-15.069,0.8103,-0.4875,0.4896,-40.158,0.848,-51.250
7.233478,32.648,15.437,-15.634,0.4601,0.1545,-0.2560,-29.322,1.014,-39.428
7.250145,32.421,15.627,-16.123,-0.4952,-0.0458,-1.0754,-5.556,-5.603,-29.733
7.266812,32.623,16.173,-16.991,-0.8413,-0.9134,-2.7663,26.613,0.763,-59.629
7.283479,33.020,16.821,-18.135,-0.1197,-1.0170,-2.0406,43.505,-2.996,-76.161
7.300146,33.135,17.334,-19.264,0.3625,-0.6021,-1.6922,27.050,-9.535,-70.839
7.316813,33.125,17.842,-20.392,0.9567,0.4382,-0.8411,20.104,-9.708,-70.465
7.333480,32.976,18.264,-21.512,0.9325,-0.2382,-1.5486,12.077,-13.562,-67.172
7.350147,32.925,18.386,-22.652,0.5866,-1.0769,-2.6845,18.653,-29.105,-58.270
7.366814,33.033,18.343,-23.671,0.9268,-0.8170,-1.5926,25.975,-33.644,-47.107
7.383481,33.220,18.161,-24.469,0.9822,-0.6060,-0.7220,26.464,-33.832,-31.945
7.400148,33.381,18.231,-25.231,0.4817,0.0356,0.4005,24.103,-20.191,-38.470
7.416815,33.054,18.708,-26.248,0.2096,-0.3820,-1.1101,-0.056,-7.627,-64.005
7.433482,32.500,19.020,-27.322,-0.1583,0.2186,-1.4208,-12.187,-17.108,-61.242
7.450149,32.163,18.918,-28.289,-0.1817,0.1483,-0.9557,-1.164,-34.371,-43.006
7.466816,32.196,18.387,-28.944,0.4580,-0.3249,-0.7419,14.718,-46.594,-14.406
7.483483,32.661,17.752,-29.144,0.7036,-0.2076,-0.3423,31.835,-38.101,10.879
7.500150,33.415,17.638,-29.359,-0.8518,-0.1311,-1.3380,49.318,-12.295,-6.469
7.516817,34.541,17.855,-29.747,-0.3870,0.3970,-0.4877,74.825,-1.374,-25.552
7.533484,35.441,17.631,-30.251,-0.2225,0.0096,-0.2017,63.382,-27.402,-15.774
7.550151,36.251,17.132,-30.858,-1.0016,-0.1603,-1.9399,59.645,-44.430,-10.554
7.566818,37.256,17.117,-31.495,-0.8381,-0.3309,-1.0504,71.745,-22.447,-28.617
7.583485,38.413,18.232,-31.601,-0.9527,-0.9040,-1.3811,71.522,49.243,-45.706
7.600152,39.187,18.118,-32.194,-0.2887,0.1412,0.9703,57.699,-26.354,-21.899
7.616819,39.257,18.177,-32.790,-0.9630,-0.4794,-0.8719,15.567,-18.564,-28.461
7.633486,39.575,17.971,-33.275,-1.5629,0.5065,-0.9936,28.306,-26.988,-13.386
7.650153,40.073,18.109,-33.569,-1.7273,0.5681,0.3321,35.520,-4.275,-18.012
7.666820,40.721,18.356,-33.834,-1.8459,-0.0469,-1.9816,44.031,1.659,-20.906
7.683487,41.863,18.521,-34.001,-1.4248,-0.2499,-1.2786,71.914,1.264,-13.449
7.700154,42.811,18.971,-34.047,-0.5486,-0.6321,0.5116,57.946,18.251,-19.879
7.716821,43.308,19.801,-34.101,-0.6168,-1.1147,-1.0766,31.175,34.397,-35.993
7.733488,43.314,20.450,-34.386,-1.6251,0.0680,-1.4560,6.430,17.446,-38.148
7.750155,43.328,20.825,-34.785,-0.8314,0.3777,0.3892,9.559,1.093,-31.430
7.766822,43.520,20.947,-34.811,0.0129,0.0590,1.5159,12.298,4.395,-5.758
7.783489,43.899,21.037,-34.580,-0.3127,-0.1341,0.4630,18.010,12.940,5.905
7.800156,44.494,21.229,-34.226,-0.4895,-0.0056,-0.4096,28.229,22.201,6.483
7.816823,45.117,21.730,-33.882,-0.4364,0.3005,-1.5775,30.050,34.932,-7.210
7.833490,46.013,22.392,-33.594,-0.4611,0.5151,-2.6694,47.480,39.342,-16.838
7.850157,47.150,22.719,-33.389,-0.2936,0.4621,-2.7702,63.732,21.833,-6.065
7.866824,48.311,22.484,-33.426,0.1397,0.7335,-0.9996,70.729,-10.944,9.373
7.883491,49.228,22.264,-33.488,1.0641,0.7787,0.8091,56.571,-11.186,8.000
7.900158,49.722,22.287,-33.439,1.2984,0.4475,0.4949,28.703,3.058,1.075
7.916825,50.036,22.410,-33.233,0.3815,0.4165,-0.6219,14.273,13.554,2.038
7.933492,50.346,22.864,-32.803,0.1024,0.4005,-0.7519,8.781,35.833,-5.357
7.950159,50.793,23.643,-32.292,-0.2355,0.8905,-1.0350,14.816,51.537,-17.873
7.966826,51.094,24.382,-32.036,-0.2587,0.8659,-0.2577,11.872,38.905,-25.309
7.983493,51.259,25.081,-31.929,-0.4985,0.9280,-0.4608,7.302,30.893,-28.654
8.000160,51.599,25.970,-31.619,-0.0595,0.3003,-0.8537,12.452,46.462,-30.921
8.016827,51.540,27.023,-31.289,0.5972,0.8313,0.5615,-12.376,53.234,-38.102
8.033494,51.189,27.980,-31.240,0.2821,1.4585,0.0659,-22.372,37.964,-42.877
8.050161,50.916,28.637,-31.484,-0.5222,1.3670,-0.5199,-9.446,14.795,-38.390
8.066828,50.822,28.878,-32.051,0.0217,0.6870,-1.3361,10.717,-14.013,-29.680
8.083495,50.573,29.093,-32.979,1.5199,0.0338,-1.7065,11.984,-29.478,-40.471
8.100162,50.010,29.877,-34.172,2.1501,-0.0866,-0.4901,1.378,-17.809,-75.672
8.116829,49.356,30.984,-35.205,0.6387,0.6223,0.9231,-7.891,2.239,-84.903
8.133496,48.688,32.028,-36.152,0.0929,0.8000,-0.1176,-10.479,4.586,-78.761
8.150163,47.997,32.816,-37.423,-0.2430,1.5225,-0.6416,-0.649,-16.651,-77.799
8.166830,47.497,32.549,-38.889,1.6616,0.6145,-1.3945,17.400,-65.555,-37.647
8.183497,49.316,33.310,-37.673,1.7866,-1.8397,-5.2985,69.401,76.124,6.770
8.200164,49.363,33.591,-37.882,-1.0097,1.2207,-0.7727,9.593,3.127,-19.387
8.216831,49.504,33.357,-37.969,-1.6727,2.4423,2.9204,11.220,-12.412,8.089
8.233498,49.466,33.542,-37.757,-1.9836,2.3400,3.8908,-9.424,15.261,-1.247
8.250165,49.207,34.307,-37.608,-0.5238,0.7671,0.7227,-20.684,35.547,-29.674
8.266832,48.962,35.160,-37.493,-0.1118,0.0360,-2.6863,-18.830,37.761,-34.657
8.283499,49.042,36.205,-37.508,0.3326,-0.1654,-0.9749,5.132,40.584,-47.447
8.300166,48.996,37.490,-38.101,-0.2964,-0.0887,0.5546,18.459,28.997,-76.555
8.316833,48.308,38.689,-39.608,-0.6105,-0.0667,-2.2711,14.297,-5.937,-100.679
8.333500,47.155,39.827,-41.828,-0.5587,0.2391,-2.1359,14.935,-30.400,-119.531
8.350167,46.067,40.813,-43.943,-1.0031,1.2728,0.8863,16.677,-29.717,-109.095
8.366834,45.305,41.857,-45.546,-0.4590,1.6641,2.6102,17.608,-7.928,-94.917
8.383501,44.834,43.080,-46.725,-0.2073,0.4393,-0.1808,19.331,14.782,-88.406
8.400168,44.823,44.125,-47.384,-0.1228,-0.0243,-1.2837,26.461,24.225,-64.133
8.416835,45.175,45.134,-47.811,0.5166,-0.4651,-0.4370,38.902,29.853,-55.323
8.433502,45.585,46.265,-48.225,-0.2169,-0.7436,-0.3503,42.175,35.294,-60.112
8.450169,46.132,47.428,-48.713,-0.1484,-0.8599,0.3310,53.978,34.185,-63.647
8.466836,46.558,48.550,-49.406,-0.7395,-0.9446,0.9365,56.232,26.332,-67.552
8.483503,46.774,49.731,-50.129,-0.5528,-1.1786,0.6639,45.625,27.979,-70.639
8.500170,47.091,51.070,-50.651,-0.3118,-1.3312,0.8617,42.947,40.320,-71.964
8.516837,47.805,52.634,-50.828,0.0030,-1.6365,1.1903,50.984,58.695,-73.184
8.533504,48.926,54.185,-50.687,0.9231,-2.0166,1.3543,60.307,65.661,-65.811
8.550171,50.336,55.429,-50.049,0.7393,-1.1914,2.2221,53.128,65.240,-42.193
8.566838,52.212,56.198,-48.909,-1.1379,-0.3033,1.5460,55.794,58.967,-11.614
8.583505,54.567,56.348,-48.105,0.0915,0.5461,3.4989,100.932,27.035,9.113
8.600172,56.055,56.646,-48.224,0.2583,0.0216,1.3291,94.985,7.046,-16.561
8.616839,57.420,56.421,-48.248,0.3239,0.9645,0.8874,82.941,-7.902,11.152
8.633506,58.721,56.541,-48.303,1.4778,-0.2581,-1.0443,80.546,2.394,-6.724
8.650173,60.170,56.888,-48.158,1.0111,-0.4888,-1.1756,79.527,14.781,-15.171
8.666840,62.075,57.366,-47.859,0.7556,-0.9193,-0.8827,98.972,22.515,-20.134
8.683507,64.428,57.992,-47.546,-0.3914,-1.1898,-0.9766,125.067,26.017,-28.757
8.700174,66.810,58.661,-47.127,-0.8693,-1.9779,-0.4272,121.303,28.760,-30.848
8.716841,68.933,59.241,-46.459,-0.6353,-2.4427,0.3660,92.857,32.470,-24.200
8.733508,70.552,59.736,-45.730,-0.9294,-2.6597,0.9998,59.209,31.337,-19.895
8.750175,71.947,60.123,-45.011,-0.7933,-2.0332,1.0333,46.184,28.223,-14.823
8.766842,73.221,60.460,-44.447,-0.9289,-1.4051,0.8164,46.801,22.356,-13.982
8.783509,74.423,60.815,-44.013,-0.8915,-1.1796,0.6607,49.148,18.564,-16.668
8.800176,75.577,61.135,-43.593,-1.0889,-0.9082,0.3965,47.011,17.139,-15.102
8.816843,76.361,61.359,-43.103,-0.3004,-1.5922,1.0757,21.007,17.352,-9.344
8.833510,76.794,61.537,-42.765,-0.4677,-1.0385,0.5857,7.944,12.323,-7.894
8.850177,77.266,61.675,-42.545,-0.4186,-0.4095,-0.0610,16.407,8.428,-6.432
8.866844,77.838,61.798,-42.354,-0.4701,0.2013,-0.3922,24.022,7.316,-5.774
8.883511,78.489,61.876,-42.226,-0.0094,0.1331,-0.3434,31.971,4.959,-3.566
8.900178,79.077,61.930,-42.158,0.4255,-0.3080,-0.1728,31.445,2.938,-2.562
8.916845,79.373,61.939,-42.125,0.7969,-0.0819,-0.1852,15.733,1.463,-0.076
8.933512,79.354,61.894,-42.086,1.3717,-0.0633,-0.0163,-3.484,1.001,3.079
8.950179,79.008,61.853,-42.051,1.4123,0.2985,0.1517,-22.862,0.920,2.838
8.966846,78.741,61.856,-42.039,0.4064,1.6496,-0.3543,-16.917,0.737,0.112
8.983513,78.856,61.895,-42.046,0.0806,1.3101,0.0516,6.973,0.634,-2.163
9.000180,79.096,61.944,-42.059,0.1628,0.7553,0.4314,14.873,0.529,-2.706
9.016847,79.344,61.941,-42.008,-0.0181,0.4352,0.5093,11.928,1.691,0.627
9.033514,79.768,61.942,-41.863,-0.0581,0.7310,-0.1057,17.475,4.352,0.947
9.050181,80.141,62.051,-41.636,0.4977,2.5710,-0.7459,10.076,7.752,-5.133
9.066848,80.401,62.190,-41.350,1.2006,2.5786,-0.6835,0.187,9.558,-6.646
9.083515,80.564,62.364,-41.081,1.5476,2.6840,-0.5856,-4.739,9.351,-8.828
9.100182,80.528,62.537,-41.064,1.6180,2.7861,-0.2559,-3.342,2.309,-9.905
9.116849,80.721,62.692,-41.130,1.9970,2.3753,-0.0892,14.868,-0.174,-9.267
9.133516,80.919,62.851,-41.341,2.0013,0.7983,0.6919,22.934,-4.168,-10.172
9.150183,81.303,62.980,-41.483,0.7847,0.9418,0.1166,30.417,-2.620,-8.092
9.166850,82.104,63.034,-41.478,0.5806,0.9218,-0.3305,47.559,0.570,-2.976
9.183517,83.272,63.067,-41.288,0.3787,0.9397,-0.5081,59.742,5.347,-1.203
9.200184,84.438,63.111,-41.023,0.0446,0.2482,-0.2378,55.580,7.365,-1.669
9.216851,85.372,63.218,-40.687,0.4540,0.0197,0.3210,37.884,9.567,-5.403
9.233518,86.220,63.434,-40.351,-0.0482,0.7765,0.2584,32.716,9.911,-12.115
9.250185,87.004,63.697,-40.065,-0.0896,0.0945,0.4780,31.479,8.484,-15.161
9.266852,87.539,63.925,-39.809,0.2084,-0.9728,1.0227,18.113,7.334,-13.142
9.283519,87.808,64.105,-39.514,-0.2603,-1.0676,0.8043,0.062,8.132,-10.321
9.300186,88.099,64.241,-39.279,0.0130,-0.1568,0.0159,4.590,6.377,-7.775
9.316853,88.527,64.289,-39.188,-0.2497,-0.8566,-0.1854,20.557,2.416,-2.662
9.333520,89.071,64.287,-39.168,-0.3005,-1.1527,-0.2986,31.331,0.482,0.258
9.350187,89.736,64.221,-39.067,-0.3398,-1.5832,-0.4221,34.255,2.585,4.104
9.366854,90.464,64.123,-38.736,0.2203,-1.5790,-0.5663,25.653,8.660,6.043
9.383521,91.091,64.064,-38.299,0.0285,-0.7614,-0.7118,13.783,11.531,3.532
9.400188,91.795,64.010,-37.709,0.0449,0.1606,-1.1223,10.242,15.605,2.957
9.416855,92.611,63.968,-37.151,-0.6432,0.3505,-0.8798,18.670,14.808,2.037
9.433522,93.374,63.952,-36.626,-0.4653,-0.2369,-0.2543,17.240,13.900,0.418
9.450189,93.930,63.952,-36.092,-1.1475,-1.0410,0.0965,4.340,14.102,-0.769
9.466856,94.265,63.947,-35.660,-1.0329,-2.1679,0.4638,-3.381,11.458,-0.369
9.483523,94.538,63.995,-35.381,-1.3487,-1.9766,0.4421,1.124,7.210,-3.309
9.500190,94.724,64.054,-35.178,-0.9838,-1.7709,0.1419,-0.101,5.213,-3.816
9.516857,94.928,64.138,-35.123,-0.7586,-1.4771,-0.1164,9.023,1.202,-4.979
9.533524,95.063,64.228,-35.199,-0.3583,-1.3509,-0.1152,11.944,-2.214,-5.052
9.550191,95.134,64.281,-35.368,-0.1321,-0.9036,0.0532,13.037,-4.394,-2.621
9.566858,95.094,64.329,-35.585,-0.1486,-0.4935,0.3494,9.075,-5.622,-2.272
9.583525,94.938,64.366,-35.815,-0.0743,-0.4260,0.5344,2.744,-5.863,-1.524
9.600192,94.813,64.388,-36.063,0.0836,-0.4464,0.5586,5.639,-6.259,-0.637
9.616859,94.703,64.434,-36.312,0.2748,-0.3178,0.5731,6.534,-6.366,-2.080
9.633526,94.509,64.497,-36.563,0.6171,0.0772,0.3745,1.650,-6.495,-3.112
9.650193,94.281,64.552,-36.796,0.6545,0.5460,0.2972,-1.344,-5.971,-2.725
9.666860,94.032,64.578,-36.950,0.8134,0.6376,0.6245,-6.930,-3.814,-1.132
9.683527,93.749,64.579,-37.135,0.7423,0.7369,0.9112,-7.214,-4.528,0.414
9.700194,93.466,64.551,-37.365,0.6568,0.8193,0.6048,-4.714,-5.620,2.153
9.716861,93.235,64.512,-37.609,0.5532,1.0573,0.0095,-0.937,-5.952,2.821
9.733528,93.043,64.461,-37.846,0.4616,0.7025,-0.2842,1.108,-5.805,3.495
9.750195,92.951,64.407,-38.014,0.4255,0.1605,-0.4451,3.272,-4.025,3.558
9.766862,92.864,64.380,-38.179,0.4253,-0.1064,-0.5104,3.475,-4.059,1.965
9.783529,92.720,64.355,-38.468,0.4636,-0.0176,-0.6472,6.838,-7.307,1.973
9.800196,92.525,64.308,-38.832,0.5156,0.0923,-0.5554,7.729,-9.202,3.366
9.816863,92.286,64.239,-39.254,0.2763,0.2104,-0.2400,8.259,-10.709,4.712
9.833530,92.008,64.144,-39.680,0.3333,-0.2192,0.1805,6.140,-10.816,6.204
9.850197,91.673,64.026,-40.093,0.2506,-0.2480,0.5653,1.967,-10.507,7.522
9.866864,91.310,63.894,-40.533,0.0889,0.0930,0.6996,1.748,-11.275,8.311
9.883531,90.970,63.757,-40.960,0.0056,0.3169,0.5787,2.429,-11.064,8.507
9.900198,90.593,63.609,-41.419,-0.0877,0.6415,0.3907,1.869,-11.999,9.139
9.916865,90.185,63.455,-42.019,-0.1578,0.7863,0.2785,7.512,-15.907,9.468
9.933532,89.732,63.300,-42.763,0.0261,0.4818,0.3153,12.573,-19.954,9.375
9.950199,89.173,63.142,-43.547,0.5078,0.0628,0.1824,8.203,-21.215,9.413
9.966866,88.486,63.022,-44.297,0.0609,-0.1835,-0.3460,-1.236,-20.471,6.853
9.983533,87.788,62.984,-45.121,-0.3023,-0.2931,-0.8419,2.007,-22.463,1.680
10.000200,87.149,63.006,-46.066,-0.1872,-0.8793,-0.7937,12.006,-25.614,-2.380
10.016867,86.515,63.040,-47.135,0.0953,-1.5354,-0.6440,18.892,-28.855,-3.540
10.033534,85.867,63.070,-48.358,0.2083,-1.8792,-0.5742,26.393,-32.994,-3.885
10.050201,85.159,63.089,-49.751,0.1906,-2.0088,-0.5015,31.791,-37.515,-4.027
10.066868,84.467,63.100,-51.172,-0.0093,-1.7557,-0.4175,34.328,-38.247,-4.059
10.083535,83.959,63.068,-52.459,-0.1086,-1.2653,0.0910,38.091,-34.801,-1.538
10.100202,83.590,63.000,-53.667,-0.0699,-1.3028,0.9781,42.245,-32.951,0.541
10.116869,83.331,62.923,-54.813,-0.0346,-1.1431,1.2198,45.538,-31.420,1.040
10.133536,83.208,62.832,-55.900,-0.2894,-0.7471,1.0115,50.427,-29.974,1.977
10.150203,83.203,62.716,-56.920,-0.2337,-0.6483,0.8349,53.803,-28.409,3.670
10.166870,83.307,62.594,-57.834,-0.2530,-0.6068,0.8422,54.748,-25.658,4.316
10.183537,83.565,62.459,-58.498,-0.1259,-0.6788,0.7557,50.568,-18.964,5.983
10.200204,83.956,62.296,-58.837,0.1646,-0.8557,0.7477,41.248,-10.211,8.725
10.216871,84.480,62.112,-58.828,0.0280,-0.6619,0.3528,30.680,-0.636,11.028
10.233538,85.081,61.916,-58.550,-0.3167,-0.7513,-0.1149,21.119,6.957,12.430
10.250205,85.732,61.777,-58.166,-0.9220,-0.4260,-0.6650,18.449,10.444,9.243
10.266872,86.444,61.635,-57.645,-1.3028,-0.7522,-0.6339,14.923,14.472,9.534
10.283539,87.200,61.521,-56.989,-1.5707,-1.3513,-0.4569,10.420,18.647,7.877
10.300206,87.860,61.432,-56.296,-1.8206,-1.8583,-0.4404,2.774,19.966,6.251
10.316873,88.465,61.342,-55.686,-1.5872,-1.7166,-0.5936,3.835,17.768,6.011
10.333540,88.916,61.254,-55.231,-1.5892,-1.6256,-0.4082,2.712,13.481,5.641
10.350207,89.147,61.233,-54.924,-1.6220,-1.9064,-0.1970,-2.651,9.360,1.436
10.366874,89.135,61.243,-54.703,-1.0992,-2.5898,0.0636,-12.813,6.995,-0.438
10.383541,89.034,61.310,-54.650,-1.0075,-2.6645,0.0109,-9.245,2.244,-3.879
10.400208,88.791,61.376,-54.846,-0.8271,-2.0065,-0.4401,-4.777,-4.849,-4.015
10.416875,88.441,61.386,-55.233,-0.4138,-1.2919,-0.8471,-1.133,-10.352,-0.808
10.433542,87.994,61.310,-55.806,0.0381,-1.0989,-0.8602,2.883,-15.857,4.097
10.450209,87.342,61.196,-56.443,0.4540,-1.1024,-0.4614,-6.105,-17.867,6.166
10.466876,86.338,61.078,-57.017,0.6663,-0.9481,0.0482,-30.582,-16.198,6.183
10.483543,85.246,60.983,-57.625,0.2081,0.4082,-0.2084,-34.077,-17.281,4.452
10.500210,84.436,60.933,-58.297,-0.2624,0.9445,-0.3200,-13.795,-19.010,1.345
10.516877,83.923,60.879,-59.062,-0.0064,0.6668,0.1267,8.817,-21.769,1.013
10.533544,83.581,60.821,-59.899,0.3975,0.3484,0.4307,22.837,-23.956,0.926
10.550211,83.046,60.781,-60.796,0.7222,-0.0206,0.8720,14.446,-25.653,-0.580
10.566878,82.179,60.772,-61.788,0.6655,0.5557,0.8761,-0.505,-28.182,-3.139
10.583545,81.219,60.722,-62.840,0.4639,1.1681,0.7052,-2.967,-30.299,-1.367
10.600212,80.355,60.629,-63.900,0.4516,1.1573,0.8576,3.154,-30.983,0.578
10.616879,79.511,60.540,-64.983,0.6296,1.1488,1.0183,5.615,-31.776,-0.229
10.633546,78.681,60.448,-66.103,0.7682,1.2342,0.6052,8.318,-32.982,-0.689
10.650213,77.921,60.349,-67.236,0.8241,0.9204,0.4117,13.098,-33.548,-0.904
10.666880,77.169,60.254,-68.381,0.8703,0.5754,0.2554,14.258,-33.979,-1.690
10.683547,76.399,60.127,-69.505,1.1271,0.5530,-0.0988,11.929,-33.906,-0.178
10.700214,75.669,59.974,-70.571,1.2329,0.6518,-0.2491,11.336,-32.796,1.336
10.716881,74.954,59.822,-71.605,1.3538,0.5187,0.1291,10.439,-32.017,0.962
10.733548,74.322,59.661,-72.586,1.4453,0.1565,0.4339,12.707,-30.842,1.550
10.750215,73.818,59.500,-73.461,1.3003,-0.0923,0.4504,14.757,-27.929,2.029
10.766882,73.350,59.297,-74.246,1.4150,-0.0395,0.3043,12.270,-26.188,4.916
10.783549,72.960,59.022,-74.981,1.4289,0.3797,-0.0238,14.239,-26.214,9.265
10.800216,72.672,58.695,-75.587,1.6226,0.4504,0.0309,13.705,-23.608,13.196
10.816883,72.394,58.329,-76.081,1.7883,0.3550,0.1133,8.432,-21.260,16.265
10.833550,72.077,57.955,-76.413,1.6611,0.4627,-0.1016,-2.187,-16.799,18.086
10.850217,71.721,57.577,-76.570,1.7684,0.8094,-0.4347,-13.487,-11.827,19.965
10.866884,71.380,57.199,-76.574,1.5411,1.4550,-0.7605,-20.343,-7.363,21.388
10.883551,71.170,56.818,-76.435,1.3938,1.6111,-0.7319,-19.607,-3.157,23.001
10.900218,71.049,56.430,-76.206,1.3121,1.2910,-0.4756,-18.672,-0.586,24.319
10.916885,70.925,56.060,-75.831,1.3514,1.0807,-0.2441,-26.195,4.364,24.968
10.933552,70.756,55.732,-75.326,1.2028,1.1605,-0.2090,-35.145,9.270,24.046
10.950219,70.567,55.456,-74.741,1.0429,1.3944,-0.2483,-40.257,12.912,22.040
10.966886,70.333,55.224,-74.090,1.0989,1.3657,-0.0939,-46.030,15.871,20.339
10.983553,70.067,55.034,-73.389,1.2483,1.1382,0.1172,-50.381,18.349,18.695
11.000220,69.713,54.864,-72.650,1.4958,0.8594,0.3494,-57.361,19.927,18.106
11.016887,69.190,54.691,-71.916,1.6979,0.6384,0.2551,-67.225,19.597,18.433
11.033554,68.546,54.481,-71.184,1.9272,0.5927,0.0014,-74.234,18.651,20.643
11.050221,68.007,54.237,-70.420,1.5611,0.7355,-0.5636,-69.386,18.758,23.184
11.066888,67.651,54.000,-69.556,1.2993,0.6852,-0.8248,-63.153,22.114,24.244
11.083555,67.393,53.753,-68.762,1.0468,0.4519,-0.8092,-53.724,19.597,24.081
11.100222,67.188,53.487,-68.042,1.0123,0.1171,-0.6048,-46.818,16.746,24.219
11.116889,66.982,53.142,-67.427,0.9059,0.2127,-0.4181,-41.708,11.506,27.173
11.133556,66.797,52.683,-66.877,0.5634,0.6717,-0.2189,-37.157,6.710,32.708
11.150223,66.507,52.156,-66.345,0.4841,0.6673,0.2219,-42.414,4.538,36.279
11.166890,66.121,51.607,-65.828,0.1696,0.8395,0.3024,-47.259,3.503,37.345
11.183557,65.660,51.054,-65.314,-0.0025,0.8268,0.2127,-51.492,3.222,37.646
11.200224,65.082,50.528,-64.811,-0.7439,0.7300,0.0700,-57.796,3.354,36.152
11.216891,64.506,50.062,-64.279,-1.0372,0.6792,0.0154,-58.846,5.745,33.465
11.233558,64.092,49.646,-63.668,-0.4839,0.8929,-0.0139,-52.655,9.710,32.249
11.250225,63.807,49.272,-62.762,0.2670,0.5123,0.7637,-58.229,21.131,35.208
11.266892,63.271,49.060,-61.550,-0.1984,-0.3317,1.4434,-86.968,36.159,32.042
11.283559,62.448,49.051,-60.121,-0.8685,-0.5128,0.7251,-113.914,49.001,25.613
11.300226,61.492,49.168,-58.652,-1.4435,-0.7003,0.0364,-123.830,53.570,20.438
11.316893,60.657,49.284,-57.246,-1.8804,-1.1250,-0.6941,-113.785,51.022,20.037
11.333560,60.005,49.365,-55.913,-1.4195,-1.6016,-0.8193,-99.598,47.134,21.171
11.350227,59.234,49.424,-54.651,-0.3485,-1.7947,-0.5391,-103.637,43.902,21.445
11.366894,58.391,49.471,-53.362,-0.0047,-1.8586,-0.8000,-109.205,44.059,23.280
11.383561,57.455,49.587,-52.005,0.2292,-1.7848,-0.7546,-117.936,48.106,21.756
11.400228,56.424,49.738,-50.578,0.1342,-1.3599,-0.6398,-126.972,51.097,22.214
11.416895,55.564,49.830,-49.178,-0.3459,-0.8110,-0.5272,-115.609,47.785,25.362
11.433562,55.016,49.868,-47.774,-0.6591,-0.2868,0.2639,-97.145,45.683,28.707
11.450229,54.717,49.893,-46.325,-0.3119,-0.0382,1.3057,-84.284,46.475,30.658
11.466896,54.467,49.948,-44.847,-0.2788,0.1653,1.8068,-82.707,48.241,29.991
11.483563,54.205,50.018,-43.363,-0.7523,0.4792,1.5884,-83.823,48.758,29.683
11.500230,53.929,50.063,-41.947,-0.7447,0.5334,1.3154,-81.539,45.595,29.498
11.516897,53.578,50.089,-40.582,-0.4214,0.5719,0.9083,-83.735,43.145,29.551
11.533564,53.261,50.115,-39.243,-0.4067,0.5954,-0.1554,-80.579,42.164,29.173
11.550231,53.147,50.221,-37.910,-0.6246,0.4364,-1.0233,-68.106,44.677,25.314
11.566898,53.197,50.400,-36.645,-0.7748,-0.1282,-1.3206,-55.348,45.104,20.218
11.583565,53.416,50.659,-35.397,-0.5800,-0.5112,-1.4307,-44.584,47.365,15.755
11.600232,53.775,50.994,-34.100,-0.4163,-0.5259,-1.2233,-38.738,51.387,12.825
11.616899,54.252,51.393,-32.795,-0.3604,-0.2821,-0.8977,-32.352,53.701,9.285
11.633566,54.887,51.831,-31.483,-0.2438,-0.1798,-0.5368,-23.492,54.966,6.789
11.650233,55.556,52.269,-30.173,0.2340,-0.2176,-0.0594,-21.782,54.630,5.842
11.666900,56.078,52.654,-28.891,0.7838,-0.5216,0.7553,-29.634,51.663,7.133
11.683567,56.405,52.941,-27.569,0.8990,-0.8343,1.2220,-43.502,49.396,12.155
11.700234,56.647,53.107,-26.205,0.8949,-0.6337,0.9948,-50.742,46.461,18.688
11.716901,56.877,53.167,-24.709,0.7891,-0.2993,0.9630,-57.851,46.941,26.311
11.733568,57.123,53.149,-23.099,1.1908,-0.2220,0.8859,-62.432,47.896,32.248
11.750235,57.428,53.072,-21.435,1.0395,-0.1911,0.7732,-61.372,47.836,36.071
11.766902,57.894,52.971,-19.746,0.3650,-0.2143,-0.0536,-52.786,48.159,37.417
11.783569,58.559,52.874,-18.040,0.0543,-0.2124,-0.6070,-41.549,49.308,37.163
11.800236,59.476,52.800,-16.268,0.0727,-0.2410,-1.0122,-29.494,52.658,36.631
11.816903,60.583,52.737,-14.420,0.0829,-0.2550,-1.1727,-21.661,56.152,36.505
11.833570,61.799,52.659,-12.380,0.3098,-0.2427,-0.8641,-24.177,62.614,39.604
11.850237,62.985,52.588,-10.150,0.2952,-0.7077,-0.5995,-34.959,69.890,41.161
11.866904,63.963,52.559,-7.748,0.2882,-0.9230,-0.0633,-55.519,77.494,40.439
11.883571,64.768,52.582,-5.201,-0.1777,-1.2616,0.1980,-72.836,84.266,38.678
11.900238,65.697,52.629,-2.572,-0.8445,-1.7266,0.4436,-69.297,88.054,37.403
11.916905,66.831,52.677,0.014,-0.8381,-2.0635,1.1419,-55.068,87.287,35.088
11.933572,68.025,52.721,2.520,-0.2700,-2.1118,1.9405,-47.748,85.129,32.443
11.950239,68.956,52.795,4.943,-0.0201,-1.5635,2.3607,-59.712,83.516,28.043
11.966906,69.667,52.912,7.365,-0.4127,-1.1667,1.7775,-72.946,84.593,24.396
11.983573,70.316,53.034,9.665,-0.5948,-0.5847,1.1700,-71.107,80.642,21.587
12.000240,70.837,53.166,11.804,-0.4940,-0.3183,0.5750,-71.192,75.343,18.229
12.016907,71.226,53.300,13.711,-0.6185,0.0350,-0.2805,-68.141,67.461,14.708
12.033574,71.572,53.439,15.366,-0.8669,0.4968,-1.1466,-58.838,58.902,11.068
12.050241,72.093,53.596,16.863,-1.2204,0.7969,-1.8670,-40.853,53.742,7.815
12.066908,72.910,53.765,18.207,-0.9839,1.4141,-1.7736,-15.892,48.668,4.842
12.083575,73.982,53.976,19.425,-0.9689,2.0253,-1.3974,5.316,44.997,0.296
12.100242,75.206,54.262,20.652,-1.1396,2.4285,-0.9833,13.792,46.230,-4.907
12.116909,76.336,54.573,21.962,-1.1451,2.5509,-0.2723,3.795,48.978,-6.650
12.133576,77.269,54.930,23.376,-1.0931,2.6632,0.1798,-13.388,52.611,-9.498
12.150243,78.064,55.349,24.852,-1.3985,2.0847,0.0833,-25.033,54.841,-13.565
12.166910,79.025,55.795,26.409,-2.0831,1.3714,-0.1877,-19.561,57.121,-15.585
12.183577,80.343,56.263,27.874,-2.5015,0.2937,-0.6575,5.958,53.396,-18.605
12.200244,81.962,56.725,29.262,-2.0136,-0.2299,-0.5382,27.339,49.755,-20.017
12.216911,83.498,57.167,30.627,-1.1515,0.0775,-0.0116,23.114,47.771,-20.326
12.233578,84.653,57.600,31.948,-0.7810,0.7588,0.5334,2.125,45.254,-21.108
12.250245,85.607,58.027,33.183,-0.8617,0.8097,0.4254,-5.912,41.600,-21.818
12.266912,86.358,58.438,34.329,-0.5542,0.7511,0.4018,-13.943,37.951,-21.705
12.283579,86.984,58.813,35.293,-0.4697,0.6895,0.1476,-12.328,31.468,-20.325
12.300246,87.571,59.130,36.082,-0.1650,1.2454,-0.1057,-5.859,25.359,-17.460
12.316913,87.940,59.378,36.743,0.5172,1.8675,-0.1206,-12.383,20.899,-13.788
12.333580,88.134,59.594,37.279,0.1499,2.0856,-0.7314,-16.568,16.825,-12.070
12.350247,88.347,59.769,37.741,-0.5786,2.1288,-1.5930,-11.633,14.340,-9.747
12.366914,88.473,59.921,37.981,-0.0380,2.7400,-1.0417,-5.355,7.492,-8.684
12.383581,88.625,60.117,38.270,0.7933,2.3792,-0.7498,-6.361,8.944,-11.262
12.400248,88.677,60.343,38.808,1.1540,2.0680,-0.0696,-25.254,16.280,-13.002
12.416915,88.462,60.631,38.985,0.9174,0.7481,0.0667,-22.529,5.598,-16.959
12.433582,88.218,60.886,39.020,0.7895,0.2471,-0.4170,-16.776,1.382,-15.199
12.450249,88.212,61.019,39.190,0.8438,-0.0576,-0.4353,-9.527,5.091,-7.675
12.466916,88.089,61.076,39.320,1.0951,0.1224,-0.1153,-14.395,3.775,-3.210
12.483583,87.835,61.114,39.517,1.0791,0.0157,0.0785,-25.763,5.662,-2.011
12.500250,87.472,61.143,39.765,1.1694,-0.1158,0.2046,-34.935,7.107,-1.428
12.516917,87.227,61.195,40.008,0.5815,-0.3478,-0.2549,-27.545,7.043,-2.765
12.533584,87.215,61.220,40.361,0.7560,0.0531,-0.3491,-19.411,10.136,-0.986
12.550251,87.508,61.214,40.956,0.5861,0.2524,-0.2311,-13.691,16.999,1.105
12.566918,87.899,61.189,41.670,1.2138,0.1356,0.8086,-14.149,20.426,2.317
12.583585,88.340,61.199,42.483,1.3001,-0.7676,1.5537,-16.245,23.347,0.110
12.600252,88.802,61.170,43.305,1.3166,-1.1297,2.0561,-15.413,23.561,2.309
12.616919,89.119,61.133,44.075,1.2759,-1.1241,2.1562,-21.311,22.081,2.512
12.633586,89.071,61.099,44.816,0.8053,-1.4702,1.5165,-41.688,21.294,2.320
12.650253,88.936,61.106,45.440,-0.0755,-1.5752,0.4687,-40.751,17.963,-0.185
12.666920,88.858,61.133,45.946,0.3776,-1.2708,-0.0169,-31.102,14.561,-1.417
12.683587,88.722,61.221,46.308,0.6530,-0.5020,-0.3052,-27.028,10.448,-5.137
12.700254,88.559,61.369,46.565,1.0570,0.1244,-0.3017,-23.109,7.503,-8.720
12.716921,88.020,61.577,46.851,2.0704,0.3503,0.2125,-47.246,8.448,-12.326
12.733588,87.263,61.802,47.078,1.1577,-0.1650,-0.6347,-57.119,6.863,-13.342
12.750255,86.768,61.927,47.199,0.7029,-0.1942,-1.1872,-35.746,3.677,-7.491
12.766922,86.363,61.973,47.298,1.0885,0.2696,-0.9050,-29.244,2.838,-2.698
12.783589,85.936,61.986,47.498,0.9195,0.4419,-0.7789,-35.854,5.530,-0.594
12.800256,85.443,62.016,47.756,0.5231,0.2103,-0.4011,-42.791,7.222,-1.428
12.816923,85.121,62.056,48.039,-0.0031,-0.2486,0.1483,-33.946,8.006,-1.981
12.833590,85.006,62.094,48.355,-0.2301,-0.2699,0.5959,-23.223,8.885,-1.711
12.850257,84.970,62.137,48.726,-0.2950,-0.0944,0.6624,-21.470,10.468,-1.822
12.866924,84.962,62.204,49.117,-0.5232,0.0436,0.5347,-20.901,11.139,-3.227
12.883591,84.970,62.292,49.568,-0.9073,0.4704,0.2722,-23.100,12.881,-4.334
12.900258,85.040,62.389,50.106,-1.5612,0.7229,-0.2355,-24.066,15.309,-4.618
12.916925,85.270,62.487,50.754,-1.6843,0.7869,-0.5065,-20.382,18.301,-4.481
12.933592,85.634,62.591,51.457,-1.5365,0.6053,-0.5394,-15.447,19.778,-4.800
12.950259,85.987,62.713,52.152,-1.4083,0.4091,-0.1814,-15.712,19.516,-5.942
12.966926,86.281,62.834,52.779,-1.4858,0.3422,0.0140,-15.712,17.555,-6.165
12.983593,86.470,62.950,53.358,-1.5763,0.6949,0.1118,-19.540,16.123,-5.946
13.000260,86.583,63.071,53.944,-1.8984,1.0026,-0.3037,-24.584,16.255,-6.266
13.016927,86.735,63.205,54.497,-2.0514,0.7791,-0.8548,-20.590,15.332,-7.153
13.033594,86.972,63.331,55.018,-1.4717,0.6326,-0.4954,-13.866,14.351,-6.709
13.050261,87.180,63.454,55.463,-0.9896,0.3821,-0.0220,-11.615,12.231,-6.706
13.066928,87.337,63.573,55.758,-0.9353,0.0265,0.1905,-6.648,8.120,-6.692
13.083595,87.413,63.691,55.910,-0.9774,0.2835,0.3724,-3.872,4.282,-6.789
13.100262,87.309,63.836,55.928,-1.3163,0.7110,0.2126,-7.535,0.790,-8.571
13.116929,87.122,64.032,55.820,-1.5541,1.0183,-0.2004,-5.720,-2.374,-11.725
13.133596,86.978,64.267,55.633,-1.5585,1.4240,-0.4888,1.075,-4.261,-14.257
13.150263,86.866,64.515,55.345,-1.2259,1.8623,-0.4035,8.407,-6.758,-15.115
13.166930,86.847,64.753,54.927,-1.0658,1.9289,-0.3599,21.115,-10.065,-14.711
13.183597,86.918,64.943,54.463,-0.7187,2.1508,-0.0859,28.973,-11.325,-11.851
13.200264,87.008,65.078,53.961,-0.5374,2.2199,0.2051,32.293,-12.420,-8.632
13.216931,87.125,65.130,53.488,-0.1634,2.5104,0.3086,32.274,-11.923,-3.632
13.233598,87.173,65.149,53.028,-0.1820,2.3729,-0.0871,27.525,-11.727,-1.663
13.250265,87.206,65.137,52.561,-0.2242,1.7529,-0.1797,27.025,-11.994,0.196
13.266932,87.376,65.065,52.248,0.0000,1.0294,0.5444,26.881,-8.326,4.029
13.283599,87.591,64.958,52.079,0.3874,0.5636,1.2226,21.677,-4.767,6.241
13.300266,87.896,64.840,51.937,-0.0034,0.0042,1.0340,25.676,-4.127,6.923
13.316933,88.263,64.722,51.840,-0.2834,-0.0422,0.6379,26.987,-2.951,6.993
13.333600,88.518,64.637,51.819,-0.4294,0.2163,0.0878,16.060,-0.892,5.127
13.350267,88.760,64.580,51.886,-0.5102,0.3255,-0.4908,10.524,1.420,3.487
13.366934,89.050,64.545,52.069,-0.0542,0.4448,-0.5001,7.109,4.440,2.248
13.383601,89.378,64.520,52.356,0.5715,0.4699,-0.2310,3.818,7.141,1.600
13.400268,89.760,64.502,52.738,0.8920,-0.0374,0.1095,1.906,9.616,1.168
13.416935,90.171,64.479,53.113,1.0271,-0.2911,0.1359,4.007,9.468,1.425
13.433602,90.601,64.452,53.511,0.8248,-0.4127,-0.1457,3.971,10.061,1.518
13.450269,90.861,64.396,53.721,0.3462,-0.6484,-0.2553,4.055,5.221,3.270
13.466936,91.049,64.356,53.758,1.0024,-0.4545,-0.1908,9.048,0.775,2.377
13.483603,91.167,64.363,53.802,1.2626,-0.6478,-0.2341,4.491,0.884,-0.491
13.500270,91.215,64.366,53.880,1.1735,-1.1025,-0.5600,-1.521,1.787,-0.253
13.516937,91.211,64.344,53.912,1.5548,-0.9781,-0.5336,-2.071,0.607,1.226
13.533604,91.190,64.309,53.814,1.4175,-0.9230,-0.6532,3.967,-2.740,2.108
13.550271,91.075,64.259,53.551,1.7109,-0.7778,-0.4431,7.286,-7.013,3.046
13.566938,90.799,64.208,53.066,1.9742,-0.9291,-0.2771,9.621,-12.842,3.165
13.583605,90.341,64.130,52.304,2.3544,-0.8891,-0.1109,13.738,-20.119,4.782
13.600272,89.741,64.042,51.271,2.5516,-1.0499,0.0897,19.850,-27.328,5.150
13.616939,89.043,63.954,49.998,2.9543,-1.0000,0.4028,26.928,-33.772,4.755
13.633606,88.190,63.869,48.469,3.3867,-1.2423,0.6079,31.488,-40.736,3.909
13.650273,87.182,63.757,46.715,3.3705,-1.1696,0.3752,34.252,-46.932,4.563
13.666940,85.979,63.600,44.700,3.3580,-1.2374,0.1177,36.563,-54.371,5.949
13.683607,84.614,63.381,42.423,3.3063,-1.2148,-0.1486,40.833,-62.134,7.704
13.700274,83.211,63.070,39.916,3.3589,-0.9130,-0.0700,50.687,-69.692,10.962
13.716941,81.794,62.690,37.184,3.1988,-1.0183,0.0688,61.416,-77.380,12.402
13.733608,80.381,62.210,34.343,2.9079,-0.8198,0.2515,67.040,-82.728,15.667
13.750275,78.972,61.611,31.405,2.8570,-1.0461,0.5879,71.632,-88.474,19.947
13.766942,77.549,60.875,28.316,2.6285,-1.0513,0.7094,77.898,-96.735,24.392
13.783609,76.257,59.999,25.117,2.4151,-1.1512,0.7964,90.198,-104.582,29.030
13.800276,75.064,58.992,21.819,2.1260,-1.6033,0.8884,99.651,-112.741,32.919
13.816943,74.028,57.813,18.440,2.9793,-2.2082,1.3933,111.277,-121.787,39.127
13.833610,73.191,56.477,14.919,2.8475,-3.2599,1.6200,128.011,-133.128,43.696
13.850277,72.768,54.911,11.274,2.6638,-3.2355,1.5734,155.981,-145.951,52.880
13.866944,72.738,53.117,7.741,3.3339,-2.4747,2.3034,170.462,-151.538,65.008
13.883611,72.389,51.284,4.329,3.2837,-3.3219,3.1281,141.466,-153.343,66.369
13.900278,71.698,49.354,0.986,2.9851,-4.1755,4.1893,113.642,-158.297,69.692
13.916945,71.254,47.239,-2.452,0.9184,-4.9813,4.8436,127.962,-171.217,75.666
13.933612,71.385,44.803,-5.920,-0.8345,-5.0320,4.8127,158.109,-184.437,91.179
13.950279,72.169,41.997,-9.388,-1.1389,-3.8996,5.8091,190.465,-196.998,111.726
13.966946,73.295,38.950,-12.853,-1.3949,-2.9152,5.8284,202.814,-205.952,126.730
13.983613,74.603,35.803,-16.217,-1.4093,-2.1768,5.6637,201.253,-207.023,136.358
14.000280,75.879,32.502,-19.498,-1.7579,-1.9734,5.6482,187.228,-208.616,149.280
14.016947,77.198,29.015,-22.655,-2.7617,-2.1599,6.1410,176.036,-207.581,164.874
14.033614,78.794,25.323,-25.751,-4.4339,-2.3039,6.1684,180.575,-208.243,181.697
14.050281,80.760,21.386,-28.873,-5.6063,-1.9509,7.0243,192.170,-211.532,201.435
14.066948,82.760,17.392,-31.960,-6.0943,-0.6327,6.1058,181.434,-207.498,211.710
14.083615,84.159,13.351,-34.860,-5.0717,1.0863,5.9806,130.036,-194.297,221.436
14.100282,84.944,9.274,-37.578,-5.5455,2.2714,5.6254,79.046,-182.330,228.052
14.116949,85.703,5.190,-40.202,-6.4948,2.7594,4.1894,65.451,-175.443,231.204
14.133616,86.807,1.067,-42.871,-7.5304,3.3770,2.6724,75.043,-175.436,236.201
14.150283,88.472,-2.984,-45.572,-6.3249,4.0748,0.9683,97.386,-171.490,236.087
14.166950,90.579,-7.096,-48.303,-5.7790,5.2811,1.2438,112.291,-164.780,245.247
14.183617,93.040,-11.173,-51.085,-5.8548,6.5734,0.2740,121.474,-156.450,249.559
14.200284,95.114,-15.156,-53.805,-5.6339,6.3528,-0.7275,87.665,-141.020,249.627
14.216951,97.167,-18.955,-56.423,-4.1631,5.9608,-2.3071,77.571,-124.423,242.664
14.233618,99.571,-22.611,-59.107,-3.1088,6.2094,-2.9382,87.580,-116.600,238.934
14.250285,102.730,-26.046,-61.917,-2.4467,6.3861,-4.3486,120.543,-110.455,231.945
14.266952,106.653,-29.310,-64.769,-0.7808,6.0249,-5.9326,156.378,-96.581,227.893
14.283619,110.292,-32.552,-67.509,-1.0653,5.9092,-4.3861,134.206,-71.887,229.314
14.300286,112.925,-35.720,-70.083,-0.7275,5.7935,-3.1983,71.758,-48.644,223.881
14.316953,115.140,-38.544,-72.551,1.9484,4.1310,-4.9232,43.805,-38.689,203.069
14.333620,117.962,-41.142,-75.101,2.2280,2.8937,-5.5996,71.484,-35.319,192.232
14.350287,121.882,-43.560,-77.780,1.1664,2.4808,-5.8278,127.006,-30.494,185.344
14.366954,125.979,-45.966,-80.438,-0.0285,3.4242,-3.8899,133.565,-13.336,183.339
14.383621,129.331,-48.236,-82.910,0.5337,3.0156,-3.3372,92.414,3.298,169.925
14.400288,132.106,-50.231,-85.293,1.9146,0.8052,-3.0877,58.096,7.376,152.087
14.416955,135.273,-52.091,-87.849,0.8262,0.2985,-2.2304,70.472,7.609,147.581
14.433622,139.336,-53.694,-90.529,-0.3057,0.4488,-3.2653,115.349,4.987,137.000
14.450289,143.575,-55.138,-93.323,-1.3481,1.3545,-2.7561,117.828,7.037,130.772
14.466956,147.620,-56.447,-96.186,-1.0116,1.6946,-2.1574,100.499,10.320,124.519
14.483623,151.429,-57.701,-99.209,-0.2368,1.8369,-1.3317,76.110,14.953,123.627
14.500290,154.732,-58.899,-102.291,-0.4021,1.8021,-0.5505,40.710,20.204,119.684
14.516957,158.142,-59.966,-105.491,0.7086,0.3485,-1.4146,39.109,19.802,115.621
14.533624,162.074,-60.880,-108.851,0.4822,-1.0291,-2.0968,60.395,17.859,112.742
14.550291,166.954,-61.661,-112.490,-0.2512,-0.8151,-2.0080,101.150,17.249,114.157
14.566958,172.804,-62.308,-116.407,-0.2810,-0.6660,-2.0196,143.324,18.964,115.981
14.583625,178.372,-62.976,-120.491,-2.4005,0.6113,-1.4034,116.262,31.452,115.835
14.600292,-177.236,-63.484,-124.543,-2.7613,0.7369,-1.5895,46.390,31.677,109.645
14.616959,-173.245,-63.798,-128.462,-0.3184,-0.0991,-2.1658,28.704,27.584,102.928
14.633626,-168.935,-63.986,-132.418,0.4678,-0.2250,-2.4659,45.467,27.402,101.907
14.650293,-164.368,-63.986,-136.241,0.9964,-0.6345,-1.8385,67.837,23.353,98.316
14.666960,-159.851,-63.863,-139.718,1.8134,-0.9737,-0.2877,83.585,21.231,89.988
14.683627,-155.534,-63.733,-143.047,1.7788,-0.6200,0.0404,79.714,26.426,84.988
14.700294,-151.556,-63.569,-146.158,1.8889,-0.6176,-0.3230,71.330,28.215,78.978
14.716961,-148.047,-63.380,-148.947,1.1641,-1.0378,-0.7356,60.688,27.975,70.707
14.733628,-145.490,-63.199,-151.156,0.9471,-1.3236,-1.2777,34.790,23.783,56.182
14.750295,-143.787,-63.067,-152.822,1.4371,-1.7541,-1.5711,12.908,19.827,41.819
14.766962,-142.617,-63.017,-154.040,1.2545,-2.1395,-1.7956,4.863,17.618,28.711
14.783629,-141.944,-63.027,-154.762,1.1589,-2.2597,-1.5883,1.629,12.680,15.487
14.800296,-141.644,-63.078,-155.062,1.5474,-2.1591,-1.1929,1.749,7.587,4.874
14.816963,-141.524,-63.173,-155.139,1.5783,-1.7281,-0.7331,2.943,5.883,-1.595
14.833630,-141.565,-63.331,-155.106,1.3470,-1.2530,-1.0033,-0.898,6.998,-6.308
14.850297,-141.831,-63.507,-154.893,0.8841,-0.9302,-0.8369,-4.801,4.888,-10.746
14.866964,-142.245,-63.688,-154.404,0.5382,-0.7818,-0.2649,1.205,0.643,-16.669
14.883631,-142.998,-63.878,-153.637,0.2358,-0.4851,-0.2068,-4.102,-3.193,-22.807
14.900298,-144.104,-64.063,-152.698,0.3590,0.1061,0.1245,-15.960,-5.628,-26.214
14.916965,-145.317,-64.230,-151.713,0.1121,0.4546,0.3727,-19.829,-6.588,-26.584
14.933632,-146.556,-64.407,-150.768,-0.1383,0.4939,0.2917,-23.477,-4.865,-26.035
14.950299,-147.884,-64.605,-149.760,-0.2237,0.0443,0.4045,-25.385,-3.958,-28.059
14.966966,-149.146,-64.792,-148.681,-0.5211,-0.3619,0.9612,-17.457,-4.787,-29.163
14.983633,-149.992,-64.927,-147.680,-0.2365,0.0099,0.6209,3.412,-5.862,-25.826
15.000300,-150.501,-65.032,-146.864,-0.1053,0.6146,-0.1126,13.605,-4.711,-20.840
15.016967,-151.143,-65.129,-146.078,-0.1884,0.7670,-0.2428,3.994,-4.529,-19.905
15.033634,-152.059,-65.226,-145.311,-0.3745,0.1541,-0.3787,-13.396,-3.940,-19.521
15.050301,-153.066,-65.309,-144.503,-0.8206,-0.2407,-0.1014,-16.606,-4.864,-20.017
15.066968,-153.855,-65.370,-143.696,-0.4575,0.0314,0.0048,-3.587,-5.677,-19.429
15.083635,-154.307,-65.405,-142.988,-0.0033,-0.0895,0.0951,11.302,-5.734,-16.571
15.100302,-154.679,-65.441,-142.352,-0.3324,-0.0652,0.6891,12.165,-4.844,-14.970
15.116969,-155.102,-65.493,-141.735,-0.5105,0.0421,0.4852,8.095,-3.668,-14.957
15.133636,-155.551,-65.532,-141.039,-0.4208,0.1690,0.3856,10.878,-5.011,-16.459
15.150303,-155.983,-65.515,-140.385,-0.7833,0.0874,0.3046,9.641,-7.566,-14.122
15.166970,-156.204,-65.394,-139.833,-0.1010,0.5071,0.3315,16.707,-12.175,-9.380
15.183637,-156.258,-65.198,-139.433,0.0646,0.1796,0.0321,18.391,-14.766,-4.162
15.200304,-156.249,-65.081,-139.132,0.0894,-0.3399,-0.1024,16.764,-9.439,-3.849
15.216971,-156.340,-65.002,-138.835,0.2955,-0.2933,-0.0406,10.530,-7.352,-4.695
15.233638,-156.517,-65.009,-138.578,-0.3878,-0.4589,0.4277,3.155,-2.178,-5.854
15.250305,-156.675,-65.071,-138.341,-0.4499,-0.4645,0.3385,3.244,1.037,-6.721
15.266972,-156.854,-65.171,-138.094,-0.8883,0.1050,0.0795,2.606,3.071,-7.835
15.283639,-157.106,-65.302,-137.868,-0.8601,0.4499,0.1121,-2.937,5.003,-8.051
15.300306,-157.497,-65.445,-137.709,-0.6510,0.5702,0.2126,-14.910,6.388,-6.704
15.316973,-158.029,-65.613,-137.549,-0.1223,0.2020,0.3663,-23.270,7.811,-7.222
15.333640,-158.536,-65.828,-137.406,-0.1518,-0.0602,0.6253,-22.711,10.675,-7.767
15.350307,-158.668,-66.013,-137.366,-0.2384,0.3390,0.8349,-5.789,9.972,-4.708
15.366974,-158.333,-66.123,-137.415,0.0085,0.6515,0.5296,17.223,6.563,-1.014
15.383641,-157.622,-66.189,-137.656,0.3320,0.8974,-0.0677,29.391,5.882,4.191
15.400308,-156.833,-66.229,-138.003,-0.1953,0.9208,-0.3802,28.126,5.475,7.117
15.416975,-156.184,-66.250,-138.450,-1.4951,0.6292,-0.7823,14.254,5.477,9.690
15.433642,-155.655,-66.239,-138.784,-1.7076,0.3399,-0.6325,13.279,2.724,7.943
15.450309,-155.041,-66.155,-139.038,-1.1855,0.6898,-1.1069,22.845,-2.039,7.989
15.466976,-154.399,-66.009,-139.302,-0.7145,1.4062,-1.0579,23.951,-5.173,9.846
15.483643,-153.809,-65.910,-139.767,-0.3880,1.4980,-0.4959,9.876,-0.394,13.155
15.500310,-153.353,-65.908,-140.421,-0.5964,1.3474,0.3498,-8.551,7.034,14.728
15.516977,-152.979,-65.951,-141.054,-0.8662,0.7923,0.2615,-12.300,9.341,12.988
15.533644,-152.707,-66.036,-141.493,-1.3051,0.4085,0.2361,-7.811,9.423,7.568
15.550311,-152.537,-66.144,-141.803,-1.3935,0.0029,0.0133,-6.867,9.257,4.069
15.566978,-152.570,-66.294,-141.931,-1.0204,-0.1282,-0.2053,-9.050,9.354,-1.012
15.583645,-152.778,-66.461,-141.850,-0.0494,0.0901,-0.6379,-8.014,8.026,-5.992
15.600312,-153.145,-66.636,-141.425,0.9651,0.2967,-1.2672,1.396,4.679,-13.430
15.616979,-153.974,-66.836,-140.505,1.4659,0.2105,-2.0996,0.948,1.059,-24.529
15.633646,-155.502,-67.143,-139.010,1.9391,-0.2535,-3.2257,-9.175,1.705,-39.211
15.650313,-158.047,-67.498,-136.628,2.2754,-0.8671,-4.3748,-20.943,-2.126,-58.682
15.666980,-161.855,-67.824,-133.163,2.2031,-1.3313,-5.4398,-36.306,-8.708,-80.594
15.683647,-166.705,-67.978,-128.425,3.3998,-0.6402,-5.8807,-27.775,-20.042,-105.110
15.700314,-172.488,-67.952,-122.488,4.2030,-0.0435,-6.1342,-17.035,-25.605,-130.810
15.716981,-179.377,-67.656,-115.376,3.9442,0.6314,-6.9032,-18.436,-29.006,-159.190
15.733648,172.533,-66.952,-107.117,4.0044,1.3423,-7.8573,-28.548,-30.550,-192.973
15.750315,163.549,-65.773,-97.928,4.1115,2.1122,-9.2429,-34.314,-23.136,-230.428
15.766982,154.028,-63.963,-88.169,3.1762,2.6532,-10.7798,-41.505,-10.866,-270.498
15.783649,144.264,-61.321,-78.338,1.6238,3.0802,-11.8576,-62.274,3.352,-313.273
15.800316,134.584,-57.651,-69.051,-0.1775,3.9162,-12.5742,-101.038,17.249,-357.270
15.816983,125.421,-52.877,-60.597,-1.3057,5.2490,-13.5303,-133.113,37.608,-404.333
15.833650,116.943,-46.947,-53.011,-2.3688,6.8654,-15.1057,-160.498,66.790,-455.291
15.850317,109.058,-39.805,-46.034,-4.4868,8.6682,-17.7007,-185.515,112.784,-512.473
15.866984,101.777,-31.281,-39.505,-9.8114,12.7364,-19.8349,-208.778,171.381,-576.940
15.883651,95.452,-21.023,-33.267,-18.4492,17.8431,-22.0200,-214.009,240.023,-657.897
15.900318,89.949,-8.885,-26.934,-33.1141,22.7415,-19.9625,-231.311,332.657,-743.566
15.916985,84.822,4.883,-20.198,-50.6886,24.7418,-9.9224,-292.409,441.815,-805.038
15.933652,81.015,19.801,-12.605,-65.3411,21.5213,7.7800,-325.377,553.125,-830.690
15.950319,79.607,34.672,-2.995,-72.5706,16.8584,30.0880,-350.016,656.810,-788.709
15.966986,83.650,47.439,10.136,-73.0852,5.2124,56.1273,-280.304,699.737,-664.262
15.983653,93.917,56.768,28.242,-46.6512,-11.9425,80.8975,-249.862,677.982,-535.960
16.000320,109.353,61.338,53.081,-23.4511,-28.5161,84.1088,-362.468,692.114,-413.559
16.016987,126.101,60.021,80.383,5.6089,-41.1535,80.3868,-434.991,740.074,-300.559
16.033654,137.759,53.237,101.799,26.8770,-51.5510,66.7889,-384.900,790.779,-172.097
16.050321,143.955,43.432,114.592,53.4374,-52.9586,52.7606,-211.096,775.063,-27.399
16.066988,148.010,33.078,123.194,66.5909,-40.9512,32.4130,-83.867,740.309,8.407
16.083655,147.108,22.589,128.606,70.5332,-24.1427,14.4711,-210.607,685.275,92.063
16.100322,144.547,12.414,131.896,59.4556,-17.2984,0.1352,-215.990,611.742,184.537
16.116989,142.788,2.407,133.801,51.5738,-13.1834,-18.4157,-122.143,552.036,262.541
16.133656,142.130,-7.723,134.650,46.2945,0.0356,-27.7760,-38.263,514.224,328.801
16.150323,142.947,-17.641,134.458,39.3350,7.6696,-26.9655,45.748,466.644,370.614
16.166990,144.469,-27.236,133.401,26.6658,4.4101,-24.0439,66.623,430.185,388.573
16.183657,147.242,-36.474,131.449,11.4068,-1.4559,-25.2066,103.965,403.498,394.580
16.200324,151.741,-45.482,128.358,3.2146,3.0644,-25.6865,147.336,395.128,396.335
16.216991,158.971,-54.102,123.028,3.6014,10.7563,-24.8632,188.122,384.234,404.547
16.233658,170.018,-61.356,113.970,7.2429,14.3040,-24.0601,201.283,341.395,397.014
16.250325,-175.009,-66.290,100.385,5.9133,12.1000,-22.8692,164.724,278.829,372.962
16.266992,-155.844,-68.268,82.703,-2.6421,8.3382,-21.4275,169.113,216.989,367.317
16.283659,-135.753,-67.258,64.824,-7.3599,9.2261,-17.5472,210.252,178.571,369.757
16.300326,-119.874,-63.960,51.697,-9.3539,11.0910,-14.2694,233.679,136.643,355.783
16.316993,-109.214,-59.867,43.923,-11.5271,11.2103,-9.6268,226.824,98.582,315.224
16.333660,-102.329,-55.686,39.639,-11.2405,10.9138,-6.6860,194.715,64.377,279.501
16.350327,-97.764,-52.016,37.583,-13.1551,7.7344,-3.4956,173.535,33.787,230.238
16.366994,-94.279,-48.950,36.885,-14.4254,3.6073,-0.4667,176.208,7.598,186.410
16.383661,-90.910,-46.459,37.110,-13.1946,0.4784,1.7091,211.603,-15.598,149.365
16.400328,-87.189,-44.411,37.908,-10.7278,-0.9896,1.9445,256.913,-31.487,123.800
16.416995,-83.625,-42.735,39.011,-7.9409,-0.6141,1.2459,259.155,-39.841,104.276
16.433662,-81.042,-41.463,40.153,-5.8165,0.2356,0.6416,200.642,-40.346,82.602
16.450329,-79.443,-40.674,41.099,-4.1404,0.4143,-0.1506,132.951,-34.394,54.037
16.466996,-78.574,-40.591,41.976,-3.0890,-0.0223,0.5257,86.169,-38.528,12.589
16.483663,-77.954,-40.782,42.477,-2.2167,-0.1676,1.2930,56.569,-24.990,-6.457
16.500330,-77.342,-41.092,42.767,-1.3511,0.7660,0.9131,47.929,-17.155,-15.229
16.516997,-76.926,-41.485,42.955,-0.7791,1.4300,-0.0294,32.155,-13.852,-21.008
16.533664,-76.729,-42.019,43.030,-0.2252,1.4073,0.0228,14.566,-10.877,-30.303
16.550331,-76.692,-42.630,43.040,-0.1780,1.0468,0.5836,2.432,-9.188,-35.447
16.566998,-76.756,-43.262,43.015,-0.3169,0.4251,1.0076,-5.144,-7.926,-37.045
16.583665,-76.774,-43.886,43.002,-0.5201,-0.4404,1.4854,-1.846,-8.291,-36.423
16.600332,-76.808,-44.453,43.097,-0.0926,-0.1052,1.2444,1.675,-12.052,-32.027
16.616999,-76.969,-45.028,43.248,0.3548,0.3428,0.8754,-3.512,-14.366,-32.021
16.633666,-77.189,-45.617,43.350,0.8783,0.0915,0.7109,-9.045,-12.351,-33.323
16.650333,-77.429,-46.191,43.400,1.0599,0.0744,0.1834,-12.487,-9.850,-33.011
16.667000,-77.593,-46.714,43.396,0.8081,0.2053,0.2121,-10.212,-6.857,-30.541
16.683667,-77.476,-47.141,43.386,0.8270,0.0351,0.2576,6.311,-5.320,-24.926
16.700334,-77.267,-47.436,43.449,1.2506,0.3254,-0.2868,15.120,-6.564,-16.557
16.717001,-77.091,-47.697,43.547,1.1503,0.1224,-0.0079,14.654,-7.545,-14.212
16.733668,-76.969,-47.921,43.625,0.8087,-0.0869,0.3466,10.604,-6.251,-12.264
16.750335,-77.012,-48.134,43.687,0.5749,0.0867,0.2478,-0.093,-5.426,-11.687
16.767002,-77.115,-48.366,43.680,0.4769,-0.0496,0.1670,-6.679,-2.970,-13.458
16.783669,-77.027,-48.611,43.574,0.5430,-0.2474,0.1061,0.267,0.691,-15.119
16.800336,-76.847,-48.826,43.444,0.7483,-0.1315,-0.2125,4.710,1.987,-13.529
16.817003,-76.702,-48.978,43.348,0.8550,0.0332,-0.3991,4.103,1.494,-9.598
16.833670,-76.665,-49.070,43.330,0.6958,0.2717,-0.3077,1.200,-0.713,-5.341
16.850337,-76.674,-49.131,43.316,0.4011,0.3290,0.0029,-1.393,-0.386,-3.504
16.867004,-76.757,-49.178,43.306,0.1689,0.4542,0.2402,-5.645,-0.362,-2.665
16.883671,-76.893,-49.225,43.275,0.0302,0.5569,0.0918,-9.816,0.465,-2.816
16.900338,-76.921,-49.298,43.186,-0.1284,0.1915,0.3755,-5.976,2.319,-4.890
16.917005,-76.728,-49.349,43.048,-0.1459,0.0893,0.3718,5.153,4.447,-4.048
16.933672,-76.444,-49.414,42.948,-0.0476,0.1182,0.1250,12.269,2.803,-4.525
16.950339,-76.197,-49.501,42.863,-0.0927,0.1051,0.1825,10.704,1.914,-5.655
16.967006,-76.055,-49.608,42.786,-0.2250,0.3605,0.1870,4.802,1.276,-6.794
16.983673,-75.995,-49.708,42.712,-0.3203,0.5558,0.0870,-0.072,1.283,-6.323
17.000340,-76.104,-49.819,42.688,-0.2735,0.6676,-0.2296,-7.830,-0.825,-6.523
17.017007,-76.311,-49.968,42.702,-0.2275,0.1981,0.1797,-11.948,-2.739,-8.327
17.033674,-76.399,-50.138,42.715,-0.0279,-0.2475,0.4191,-4.948,-2.961,-9.617
17.050341,-76.432,-50.307,42.727,0.3043,-0.2022,0.3583,-1.598,-2.944,-9.605
17.067008,-76.458,-50.469,42.717,0.4036,-0.2758,0.3896,-2.253,-1.984,-9.367
17.083675,-76.513,-50.638,42.713,0.2878,-0.1218,0.3476,-3.749,-2.295,-9.717
17.100342,-76.532,-50.803,42.719,0.1897,-0.2373,0.3421,-1.046,-2.609,-9.373
17.117009,-76.548,-50.919,42.772,0.1198,-0.1072,-0.0313,1.306,-3.637,-6.151
17.133676,-76.606,-51.054,42.867,-0.2496,0.0118,-0.0527,0.744,-5.475,-6.886
17.150343,-76.776,-51.236,42.997,-0.6996,0.2145,0.1576,-4.366,-7.350,-9.324
17.167010,-77.022,-51.482,43.140,-1.1167,0.5272,0.0770,-8.265,-8.645,-13.000
17.183677,-77.299,-51.825,43.295,-1.4892,0.1958,0.1454,-9.482,-10.296,-18.608
17.200344,-77.574,-52.220,43.426,-1.4518,-0.0263,0.1370,-10.537,-9.952,-21.860
17.217011,-77.975,-52.666,43.534,-1.5797,0.6506,-0.2232,-19.072,-9.647,-25.188
17.233678,-78.694,-53.227,43.657,-2.0643,1.8026,-0.6240,-37.458,-11.265,-31.880
17.250345,-80.212,-53.930,43.979,-2.9297,3.2577,-1.6090,-75.783,-19.107,-39.232
17.267012,-82.745,-54.860,44.730,-3.3985,3.2339,-1.9333,-115.511,-34.361,-51.126
17.283679,-85.823,-56.034,45.784,-3.4991,1.2776,-0.5475,-132.844,-42.841,-66.367
17.300346,-88.933,-57.284,46.928,-3.3350,0.1336,0.5394,-129.405,-41.298,-73.032
17.317013,-92.025,-58.532,48.153,-3.5630,0.8281,0.2656,-123.483,-38.581,-75.082
17.333680,-95.703,-59.867,49.646,-4.1263,2.2277,-0.5962,-143.925,-40.564,-82.882
17.350347,-100.509,-61.164,51.640,-3.7819,3.7361,-2.8427,-184.423,-47.523,-85.219
17.367014,-106.066,-62.562,54.416,-2.4677,1.6034,-3.2925,-186.689,-57.406,-99.555
17.383681,-111.940,-64.267,58.088,-2.6783,-0.8323,-1.7993,-155.605,-60.147,-128.673
17.400348,-118.364,-65.983,62.545,-2.9825,-0.4348,-1.3219,-142.983,-58.288,-140.857
17.417015,-125.704,-67.522,67.756,-3.1089,0.9139,-2.3641,-153.211,-55.891,-143.609
17.433682,-134.599,-68.742,73.954,-2.3480,3.6321,-4.3090,-188.635,-58.914,-145.125
17.450349,-145.908,-69.430,81.894,-1.7296,5.0323,-6.3045,-233.665,-77.256,-156.936
17.467016,-159.161,-69.439,91.414,-0.8940,3.1604,-6.2038,-260.342,-92.197,-178.124
17.483683,-172.439,-68.776,101.382,-1.1262,0.9669,-5.1294,-237.801,-90.977,-196.822
17.500350,175.244,-67.301,110.861,-1.0273,1.1243,-4.9816,-211.468,-93.609,-210.261
17.517017,164.401,-64.999,119.002,-0.7457,2.5965,-6.2521,-203.695,-100.983,-218.639
17.533684,155.198,-61.930,125.632,-0.1435,3.2415,-7.8280,-196.214,-111.447,-230.219
17.550351,147.999,-58.295,130.710,0.7187,1.0290,-7.0432,-167.719,-119.702,-237.191
17.567018,142.188,-54.365,134.802,1.8150,-0.6246,-6.1716,-144.279,-115.577,-246.460
17.583685,137.442,-50.240,137.828,5.0700,-0.3004,-4.9037,-141.059,-117.588,-244.477
17.600352,132.793,-45.836,140.006,7.0051,0.8766,-4.5522,-181.761,-125.758,-248.354
17.617019,127.917,-41.143,141.323,7.3982,1.2031,-4.0435,-238.115,-138.848,-251.694
17.633686,123.595,-36.256,142.103,6.2796,-0.0832,-3.7476,-230.064,-141.908,-259.237
17.650353,120.747,-31.403,142.530,5.8183,-2.8067,-2.4820,-156.674,-137.223,-257.683
17.667020,119.118,-26.914,142.781,7.1588,-3.2730,-1.5724,-90.438,-123.168,-239.859
17.683687,117.757,-22.817,142.729,10.2672,-0.6387,0.4834,-83.069,-119.718,-214.572
17.700354,115.376,-18.828,142.264,12.0436,2.2215,1.7216,-152.811,-130.519,-202.228
17.717021,111.864,-14.769,141.311,11.0098,1.6708,2.1140,-227.210,-147.997,-200.999
17.733688,108.435,-10.646,140.157,5.2980,-2.0757,2.0413,-220.888,-148.791,-208.692
17.750355,105.765,-6.644,139.109,1.6913,-2.7659,1.1832,-169.575,-130.271,-210.972
17.767022,104.023,-2.617,138.240,2.6493,-0.0467,0.4526,-108.718,-112.468,-219.849
17.783689,102.776,1.395,137.359,5.3960,1.2770,1.4818,-75.333,-107.373,-221.616
17.800356,102.013,5.542,136.298,6.1869,0.0159,1.0994,-41.851,-115.628,-229.097
17.817023,101.429,9.675,135.016,5.1246,-1.4833,1.9992,-24.750,-125.164,-226.993
17.833690,100.605,13.591,133.523,3.8066,-1.9839,3.9975,-31.314,-131.135,-213.534
17.850357,99.617,17.471,131.840,2.1090,-2.6476,3.2987,-32.100,-136.783,-211.768
17.867024,98.423,21.414,129.973,0.8316,-3.2274,2.0129,-34.233,-141.452,-216.747
17.883691,97.387,25.411,127.873,0.2690,-4.6317,1.5987,-11.983,-147.595,-221.281
17.900358,96.932,29.399,125.589,-0.4644,-5.3007,2.7161,35.871,-150.549,-221.909
17.917025,96.951,33.322,123.204,-0.9511,-4.7620,4.5286,75.678,-149.781,-218.530
17.933692,96.968,37.198,120.740,0.1483,-3.8854,5.2883,86.382,-147.982,-215.845
17.950359,96.249,40.816,118.146,0.5923,-1.9258,7.1835,54.873,-145.095,-201.361
17.967026,95.309,44.389,115.230,1.2284,-1.7314,7.3584,62.090,-149.677,-199.958
17.983693,94.254,47.810,111.867,0.9036,-1.8579,6.3004,82.142,-156.470,-192.467
18.000360,93.492,50.864,108.091,-1.5152,-2.1326,5.6692,126.187,-159.573,-172.438
18.017027,93.059,53.373,104.276,-2.0392,0.0688,6.5414,154.666,-148.826,-141.915
18.033694,92.420,55.671,100.306,-0.8644,0.8749,5.5720,155.606,-144.570,-130.781
18.050361,91.160,57.734,96.132,-1.6395,0.5348,4.3572,133.740,-141.184,-119.094
18.067028,89.959,59.540,91.714,-3.1564,0.2433,3.2656,154.265,-138.896,-106.655
18.083695,89.136,61.026,87.464,-3.8055,1.3789,2.5425,172.051,-125.582,-89.881
18.100362,88.503,62.290,83.587,-2.5977,1.7714,2.1561,166.659,-108.741,-77.857
18.117029,87.944,63.424,79.982,-1.5560,1.9540,1.0152,158.856,-96.441,-70.840
18.133696,87.574,64.365,76.560,-0.8945,1.6323,0.2737,162.098,-87.990,-59.754
18.150363,87.285,65.116,73.433,-0.1850,2.0243,0.4392,152.224,-77.888,-48.425
18.167030,86.912,65.782,70.819,0.0006,1.4571,0.6546,120.195,-63.004,-43.041
18.183697,86.197,66.375,68.317,-0.3142,0.6777,0.8352,94.171,-58.535,-39.086
18.200364,85.540,66.812,66.011,0.1224,0.5565,1.0852,87.447,-52.886,-29.941
18.217031,84.893,67.100,63.823,0.5071,0.0173,1.1082,81.904,-49.704,-21.432
18.233698,84.219,67.229,61.624,-0.0187,-0.3750,1.0007,81.031,-50.199,-12.404
18.250365,83.639,67.242,59.434,-0.0116,-0.6383,0.6042,86.274,-50.417,-6.048
18.267032,83.130,67.141,57.386,-0.4204,-0.3339,0.4765,82.576,-47.949,0.643
18.283699,82.630,66.968,55.507,-0.5655,-0.0417,0.5236,73.712,-44.855,4.966
18.300366,82.054,66.760,53.864,-0.6126,0.0416,0.7358,55.996,-40.003,7.281
18.317033,81.289,66.501,52.339,-0.8031,0.1131,0.7102,37.926,-38.111,10.257
18.333700,80.397,66.162,50.863,-1.1235,0.0528,0.2479,27.461,-38.289,14.477
18.350367,79.560,65.765,49.497,-1.5443,-0.1279,-0.1284,24.494,-37.000,17.793
18.367034,78.996,65.386,48.262,-2.5668,-0.1955,-0.6475,33.468,-34.294,16.737
18.383701,78.901,65.064,47.233,-3.1866,0.2377,-0.8468,50.239,-29.081,14.118
18.400368,79.138,64.739,46.383,-3.2555,0.5804,-0.8369,60.264,-24.952,15.136
18.417035,79.519,64.374,45.639,-3.0621,1.0294,-0.4364,62.974,-22.915,18.104
18.433702,79.854,63.991,45.032,-2.3998,0.9144,0.1109,52.733,-19.781,19.955
18.450369,80.006,63.646,44.514,-1.7480,0.5485,0.4521,36.878,-17.179,18.123
18.467036,79.968,63.357,43.967,-2.4705,0.3882,0.1308,26.835,-17.482,14.660
18.483703,79.987,63.078,43.518,-2.5501,0.7029,0.1276,25.045,-14.941,14.520
18.500370,79.987,62.871,43.098,-3.2831,0.3571,0.3713,22.212,-13.527,10.412
18.517037,80.132,62.637,42.743,-3.8865,-0.1015,0.3060,27.487,-12.140,12.298
18.533704,80.467,62.384,42.607,-3.4289,0.1939,0.6304,27.127,-6.408,14.551
18.550371,80.791,62.204,42.456,-3.6466,-0.0672,0.5809,27.196,-6.040,10.151
18.567038,81.203,62.099,42.335,-3.4365,0.2149,0.2524,30.987,-4.519,5.938
18.583705,81.654,62.077,42.211,-2.8881,0.9877,0.4089,33.363,-3.801,0.993
18.600372,82.111,62.074,42.063,-2.8386,1.0527,-0.0780,34.995,-4.326,-0.180
18.617039,82.597,62.088,41.992,-2.6744,1.0026,-0.4075,32.705,-2.086,-0.838
18.633706,82.900,62.163,42.047,-2.6498,0.9190,-0.5104,15.031,1.869,-3.973
18.650373,83.267,62.263,42.211,-2.8616,1.4069,-0.5684,13.031,5.038,-5.151
18.667040,83.794,62.400,42.386,-2.2844,1.6675,-0.1105,22.034,5.514,-7.383
18.683707,84.364,62.533,42.557,-1.7797,1.2257,-0.0762,24.806,5.251,-7.131
18.700374,85.075,62.658,42.814,-1.6639,0.6293,-0.4425,28.752,7.451,-6.574
18.717041,85.920,62.789,43.133,-0.8237,0.1681,-0.4841,33.359,9.065,-6.865
18.733708,86.861,62.931,43.631,-0.2826,-0.1651,-0.3785,29.603,13.827,-7.362
18.750375,87.788,63.055,44.228,-0.1477,-0.1424,0.1139,23.477,16.263,-6.389
18.767042,88.547,63.160,44.844,0.3254,-0.2145,0.5474,12.271,16.614,-5.437
18.783709,89.044,63.277,45.439,0.2053,-0.6877,0.4373,-2.354,15.912,-6.424
18.800376,89.545,63.408,46.055,-0.0941,-1.1716,-0.1740,-3.185,16.359,-7.354
18.817043,90.094,63.547,46.711,0.2653,-1.5359,-0.3221,-2.578,17.329,-7.962
18.833710,90.641,63.710,47.297,0.0902,-1.4092,-0.4671,1.073,15.246,-9.561
18.850377,91.181,63.840,47.931,1.0468,-0.1752,0.0119,-2.027,16.428,-7.799
18.867044,91.445,64.016,48.472,1.4480,0.1095,0.3443,-13.573,13.730,-10.552
18.883711,91.627,64.177,48.982,1.1344,0.0098,0.0744,-16.836,12.840,-9.708
18.900378,91.851,64.322,49.441,1.4297,-0.3169,0.4088,-11.688,11.455,-8.796
18.917045,92.138,64.456,49.810,1.4798,-0.8843,0.1146,-2.993,9.038,-8.068
18.933712,92.554,64.521,50.060,1.6212,-0.9878,-0.0213,11.222,6.048,-3.888
18.950379,92.981,64.521,50.148,2.2398,-0.7411,-0.2507,20.565,2.069,0.188
18.967046,93.387,64.535,50.051,2.5480,-0.9412,-0.5210,29.429,-2.762,-0.490
18.983713,93.727,64.543,49.729,2.8474,-1.0182,-0.4693,37.564,-8.492,0.330
19.000380,93.976,64.536,49.145,3.4834,-0.9099,-0.3661,46.335,-15.139,1.679
19.017047,93.906,64.535,48.347,3.8014,-0.9601,-0.4557,38.850,-20.659,1.700
19.033714,93.453,64.525,47.279,3.8011,-1.5745,-0.5081,30.423,-27.540,2.624
19.050381,92.811,64.482,45.911,3.8428,-1.9975,-0.3420,35.378,-35.205,4.668
19.067048,92.016,64.397,44.253,3.9659,-2.0406,-0.0266,41.853,-42.694,7.109
19.083715,91.057,64.279,42.454,4.0494,-1.9691,-0.0772,39.569,-46.502,8.532
19.100382,89.723,64.147,40.438,4.4956,-2.4184,0.5840,28.691,-52.506,8.398
19.117049,88.324,64.001,38.095,3.5811,-2.5599,0.4912,42.364,-61.509,7.895
19.133716,86.696,63.781,35.397,3.7037,-2.3667,0.8741,47.568,-71.598,10.221
19.150383,84.820,63.450,32.381,3.1740,-2.2425,0.9207,49.340,-81.459,13.971
19.167050,82.698,62.988,29.053,2.9338,-2.6372,1.2283,50.870,-92.232,17.863
19.183717,80.636,62.371,25.554,2.2551,-2.6078,1.5000,62.633,-100.420,22.735
19.200384,78.665,61.549,21.869,2.3896,-2.0791,2.0079,76.750,-110.791,29.886
19.217051,76.914,60.555,18.125,2.6709,-2.2685,2.4097,91.422,-118.545,35.340
19.233718,75.498,59.395,14.260,2.2078,-2.6364,2.1688,115.747,-128.935,39.915
19.250385,74.572,58.025,10.313,2.2062,-2.8148,2.3798,146.675,-139.647,47.671
19.267052,74.039,56.441,6.470,2.1970,-2.8414,2.3183,161.851,-145.442,57.678
19.283719,73.737,54.656,2.676,1.7566,-3.3386,3.2932,169.493,-152.996,67.064
19.300386,73.546,52.660,-1.076,1.0976,-4.0901,4.6115,169.752,-161.242,77.195
19.317053,73.486,50.349,-4.802,-0.0128,-4.3819,4.8941,171.297,-172.266,93.297
19.333720,73.574,47.595,-8.392,0.4635,-4.0690,6.1261,167.697,-181.889,118.162
19.350387,74.067,44.391,-11.829,-0.2085,-2.6742,6.5711,177.828,-190.645,144.512
19.367054,74.746,40.915,-14.933,-0.3415,-2.9967,7.3099,166.944,-187.451,163.778
19.383721,75.267,37.368,-17.995,-1.6561,-3.4503,8.2810,147.200,-192.140,168.440
19.400388,75.534,33.589,-21.076,-2.4735,-3.4428,9.8776,123.299,-202.260,181.100
19.417055,76.443,29.477,-24.344,-6.3367,-2.8603,7.3080,157.107,-221.319,198.601
19.433722,78.271,24.713,-27.488,-5.3989,-0.5700,6.9645,195.642,-225.940,241.819
19.450389,80.543,19.559,-30.279,-5.0019,0.7928,9.5944,199.461,-208.832,275.140
19.467056,82.254,14.413,-33.128,-6.9756,1.0940,9.7565,152.681,-207.439,280.472
19.483723,83.731,9.236,-36.085,-7.8249,3.9066,7.4620,125.153,-209.881,286.808
19.500390,85.175,3.722,-39.207,-7.4029,5.7212,7.9398,107.945,-216.983,311.024
19.517057,86.594,-2.309,-42.144,-8.5933,6.3563,9.3644,87.462,-201.617,348.059
19.533724,88.096,-8.779,-45.108,-13.1529,7.1368,9.1868,73.068,-194.762,379.476
19.550391,90.651,-15.390,-48.402,-13.7529,9.0338,3.4101,112.023,-197.647,394.495
19.567058,94.809,-22.073,-52.172,-11.9441,9.8726,-1.5987,176.756,-195.177,410.874
19.583725,100.880,-28.705,-56.421,-7.3616,10.6379,-4.4196,254.701,-174.233,425.907
19.600392,108.138,-35.316,-60.959,-3.3593,12.0991,-4.0518,290.672,-124.609,442.317
19.617059,115.067,-41.601,-65.718,-2.6653,12.0000,-4.1312,237.672,-69.549,433.525
19.633726,120.661,-47.457,-70.783,-2.8016,10.4298,-5.1137,122.101,-27.769,412.517
19.650393,126.372,-52.930,-76.575,-1.2375,8.4919,-6.8901,75.214,-4.648,397.273
19.667060,134.671,-57.815,-83.966,0.4966,6.5846,-9.0572,132.339,-1.643,387.128
19.683727,147.055,-61.986,-93.716,0.9155,7.5106,-7.4891,235.971,8.340,385.978
19.700394,162.620,-65.286,-105.793,-0.1038,9.2098,-9.0982,283.469,41.652,375.792
19.717061,178.950,-67.474,-119.540,-0.8597,7.2206,-11.8768,222.986,76.050,347.645
19.733728,-165.370,-68.262,-133.911,0.7003,2.6190,-14.0002,141.157,85.133,317.462
19.750395,-151.231,-68.065,-147.372,2.2521,-1.5032,-12.7706,97.827,100.240,284.060
19.767062,-138.981,-66.987,-158.714,4.3373,-3.9812,-11.9163,105.594,96.157,250.918
19.783729,-128.863,-65.364,-167.453,5.5881,-4.6861,-10.2485,126.966,85.362,217.711
19.800396,-120.435,-63.583,-174.206,6.6786,-4.6235,-8.3209,139.693,83.215,187.818
19.817063,-113.405,-61.878,-179.517,6.8689,-4.7030,-6.7155,138.299,84.139,157.891
19.833730,-107.629,-60.513,176.563,7.1591,-6.3034,-5.5812,140.177,77.697,116.988
19.850397,-103.506,-59.644,174.107,5.6014,-7.6501,-5.0234,119.502,57.015,70.357
19.867064,-101.189,-59.353,173.120,5.5099,-7.3621,-3.8143,87.762,25.785,23.867
19.883731,-100.119,-59.749,173.298,6.8829,-5.7996,-2.4182,73.239,-0.848,-24.101
19.900398,-100.076,-60.780,174.425,7.7199,-3.5758,-2.5815,61.141,-22.174,-66.612
19.917065,-100.829,-62.371,176.438,8.1006,-1.0100,-3.6090,60.878,-39.219,-104.185
19.933732,-102.461,-64.499,179.458,7.8427,0.2677,-5.1666,63.982,-53.600,-141.393
19.950399,-105.499,-67.141,-176.147,6.4919,-0.2280,-7.0469,58.162,-66.539,-179.796
19.967066,-110.588,-70.167,-169.491,5.6754,-0.6359,-9.0925,66.632,-82.022,-217.499
19.983733,-119.418,-73.350,-158.808,5.3108,0.2917,-11.1120,79.071,-101.253,-257.156
20.000400,-134.741,-76.152,-141.659,4.1869,2.1901,-13.2543,73.910,-114.908,-295.472
20.017067,-159.382,-77.505,-115.475,3.3696,4.0561,-15.3075,52.420,-126.679,-341.151
20.033734,172.232,-75.898,-86.024,1.5169,6.4619,-17.2212,18.385,-137.710,-389.468
20.050401,150.330,-71.154,-63.670,-0.6861,9.1849,-17.5902,-25.813,-143.156,-448.060
20.067068,136.252,-64.090,-49.433,-2.5465,12.1207,-17.5929,-53.040,-143.059,-511.881
20.083735,127.059,-55.439,-39.788,-5.4277,13.4531,-18.5951,-50.274,-126.035,-580.325
20.100402,120.371,-45.334,-32.738,-12.4751,13.0712,-20.3987,-74.358,-111.283,-653.268
20.117069,114.678,-33.489,-27.054,-21.4736,13.5073,-21.7196,-123.935,-93.945,-751.400
20.133736,109.233,-19.678,-21.854,-30.5052,18.0672,-23.0716,-185.772,-50.243,-872.206
20.150403,103.057,-4.099,-16.310,-48.1310,25.5649,-21.3177,-300.050,53.809,-987.543
20.167070,95.707,13.231,-10.171,-75.4123,25.8895,-3.7479,-467.433,194.021,-1084.759
20.183737,88.073,31.400,-2.974,-86.7139,14.8746,32.3650,-619.125,364.554,-1101.250
20.200404,84.148,47.494,8.037,-74.2103,11.7090,66.6385,-655.340,575.050,-924.765
20.217071,92.486,58.464,25.569,-57.8374,-13.8568,81.9370,-344.510,649.934,-630.873
20.233738,109.333,64.237,50.433,-33.1999,-33.5883,89.6250,-304.073,632.268,-465.531
20.250405,127.847,63.634,79.979,17.8227,-42.1398,89.8909,-487.313,692.973,-337.071
20.267072,139.440,58.508,105.895,37.4621,-51.1263,66.3193,-670.078,747.305,-297.728
20.283739,140.584,48.758,121.221,59.0124,-50.0424,38.3983,-674.213,794.399,-43.735
20.300406,138.609,38.382,129.277,64.6060,-29.3949,27.8946,-452.965,699.694,136.338
20.317073,133.891,28.506,133.826,56.1490,-12.6101,19.2651,-434.118,585.303,245.279
20.333740,127.312,18.153,136.619,56.7112,-11.7473,5.7993,-461.153,521.451,371.738
20.350407,120.371,7.768,138.374,51.6188,-6.0524,-9.2769,-439.752,432.887,460.937
20.367074,114.013,-3.499,138.961,42.2334,-5.9412,-14.0210,-382.161,341.000,586.053
20.383741,110.919,-15.165,138.897,31.7652,-8.0220,-23.8523,-186.032,264.602,649.165
20.400408,111.669,-27.298,138.647,21.6214,-1.0556,-28.4066,39.240,251.992,684.288
20.417075,115.323,-39.475,138.038,17.7379,6.6678,-23.6824,198.249,263.969,683.349
20.433742,120.822,-51.017,135.778,18.0949,10.9285,-18.5175,232.451,242.079,657.111
20.450409,128.482,-61.094,130.418,14.3477,7.3209,-17.5983,191.380,196.041,600.247
20.467076,139.186,-69.327,119.892,1.5230,0.5087,-22.7114,67.332,150.182,539.383
20.483743,164.295,-75.154,96.716,-10.6692,4.7769,-21.7859,178.790,102.458,534.831
20.500410,-155.908,-76.064,60.759,-4.9146,10.1251,-15.0771,293.520,90.771,523.890
20.517077,-125.835,-71.911,35.189,-6.6963,13.9419,-14.1096,326.581,76.669,480.358
20.533744,-109.315,-65.913,23.724,-3.3269,15.0876,-14.6054,347.893,53.515,432.941
20.550411,-100.534,-60.071,19.594,-3.9886,12.6190,-15.5283,305.565,18.611,368.409
20.567078,-95.916,-54.564,18.390,-8.3173,8.0577,-11.2502,215.981,-8.588,333.338
20.583745,-93.050,-49.728,18.582,-12.9975,2.6865,-2.8678,180.874,-29.743,289.463
20.600412,-90.332,-45.550,19.270,-12.3343,-0.2299,0.3801,193.477,-35.225,250.341
20.617079,-87.418,-42.085,20.197,-10.5191,1.4790,-0.9518,213.147,-36.055,209.161
20.633746,-84.430,-39.295,21.462,-9.6568,3.7560,-2.7294,228.624,-45.528,171.469
20.650413,-81.517,-37.433,23.066,-8.7821,2.1328,-1.4965,234.273,-61.249,120.508
20.667080,-78.945,-36.273,24.756,-7.6366,0.2166,0.2377,214.926,-68.180,82.623
20.683747,-77.084,-35.550,26.263,-5.4723,1.4470,0.2665,164.446,-62.671,57.883
20.700414,-75.865,-35.231,27.440,-4.2755,2.5762,-0.0399,113.813,-51.599,32.310
20.717081,-74.965,-35.354,28.254,-3.0476,3.0117,-0.1501,81.917,-40.474,3.134
20.733748,-74.489,-35.787,28.877,-1.7614,1.9969,-0.1714,50.053,-36.236,-16.853
20.750415,-74.320,-36.273,29.266,-0.4324,-0.3786,1.0206,23.545,-26.133,-22.808
20.767082,-74.209,-36.643,29.361,0.1725,-1.4829,2.1248,9.773,-10.492,-19.933
20.783749,-73.843,-36.907,29.249,0.0629,-0.7035,1.8200,17.619,0.738,-16.502
20.800416,-73.295,-37.199,29.062,-0.1263,0.1989,0.9702,25.874,3.537,-19.153
20.817083,-72.832,-37.531,28.954,-0.1467,0.9247,-0.2596,23.594,-0.975,-20.393
20.833750,-72.486,-38.002,28.949,0.1403,0.2832,-0.4386,20.270,-8.263,-26.837
20.850417,-72.269,-38.546,29.048,0.4430,-0.5085,-0.3302,16.445,-14.375,-29.499
20.867084,-72.170,-39.072,29.152,0.8302,-0.7345,-0.4684,9.605,-14.396,-28.400
20.883751,-72.081,-39.583,29.251,1.0577,-0.5011,-0.3142,8.866,-13.842,-27.544
20.900418,-71.951,-40.049,29.334,0.9752,-0.0026,-0.2887,10.754,-12.352,-25.239
20.917085,-71.758,-40.462,29.428,0.7693,0.1154,-0.1510,14.936,-11.844,-21.997
20.933752,-71.617,-40.792,29.513,0.9181,0.2235,-0.1154,11.548,-9.995,-17.423
20.950419,-71.605,-40.996,29.544,1.1261,0.2070,0.1835,1.741,-5.276,-10.960
20.967086,-71.697,-41.154,29.524,0.9200,0.3816,0.4428,-6.566,-2.156,-9.079
20.983753,-71.799,-41.267,29.469,0.5852,0.1336,0.4358,-8.538,0.154,-7.016
21.000420,-71.797,-41.365,29.356,0.6680,-0.1837,0.3791,-4.583,2.947,-6.950
21.017087,-71.673,-41.474,29.212,0.4578,-0.3908,0.4218,1.508,4.059,-8.027
21.033754,-71.482,-41.554,29.074,0.2421,0.0395,0.1626,5.797,4.281,-6.299
21.050421,-71.409,-41.640,28.998,0.0985,0.5892,-0.1769,1.131,1.549,-5.758
21.067088,-71.456,-41.788,29.026,-0.2432,0.2708,0.1890,-1.947,-4.091,-7.841
21.083755,-71.497,-41.918,29.106,-0.2511,-0.3336,0.4409,0.564,-5.925,-6.032
21.100422,-71.565,-42.011,29.206,-0.0842,-0.4804,0.3271,-0.257,-6.079,-3.697
21.117089,-71.640,-42.068,29.275,-0.1035,-0.3874,0.1338,-1.982,-4.063,-2.097
21.133756,-71.696,-42.139,29.320,-0.3404,-0.3331,0.0516,-1.735,-3.264,-3.173
21.150423,-71.666,-42.223,29.353,-0.5177,-0.4135,-0.1353,2.915,-3.060,-4.180
21.167090,-71.683,-42.317,29.425,-0.6497,-0.2442,-0.4124,1.681,-4.878,-4.114
21.183757,-71.672,-42.442,29.508,-0.5515,-0.2376,-0.1333,3.828,-5.910,-5.813
21.200424,-71.700,-42.602,29.573,-0.3124,0.0633,-0.3832,0.750,-5.820,-8.044
21.217091,-71.832,-42.846,29.629,-0.1899,0.0377,-0.1815,-5.881,-6.994,-12.945
21.233758,-72.000,-43.117,29.697,-0.2259,0.0571,0.0412,-7.479,-7.936,-14.314
21.250425,-72.141,-43.380,29.745,-0.1343,0.1633,0.3513,-6.714,-6.926,-14.227
21.267092,-72.241,-43.621,29.756,-0.0169,0.3118,0.4475,-5.708,-4.973,-13.412
21.283759,-72.356,-43.849,29.745,0.1269,0.4376,0.4531,-7.604,-3.763,-13.002
21.300426,-72.508,-44.069,29.750,0.1191,0.5306,0.4190,-9.113,-4.274,-12.374
21.317093,-72.601,-44.259,29.759,0.0900,0.2377,0.4069,-5.387,-3.879,-10.585
21.333760,-72.606,-44.409,29.777,0.0823,0.3054,0.1456,0.245,-3.461,-8.160
21.350427,-72.543,-44.549,29.760,0.0965,0.0992,-0.0950,2.846,-1.929,-8.076
21.367094,-72.529,-44.717,29.732,-0.1419,-0.0537,-0.3082,-0.543,-1.915,-9.755
21.383761,-72.619,-44.877,29.712,-0.2543,-0.0508,-0.3113,-6.454,-2.176,-9.259
21.400428,-72.801,-45.040,29.721,-0.3087,-0.2845,-0.1293,-10.775,-3.317,-9.073
21.417095,-72.951,-45.218,29.733,-0.3590,-0.5056,0.2814,-8.667,-3.707,-9.834
21.433762,-73.029,-45.369,29.725,-0.2771,-0.2813,0.0632,-5.241,-2.416,-8.611
21.450429,-73.094,-45.539,29.681,-0.3888,0.1150,-0.1743,-5.964,-1.292,-10.134
21.467096,-73.157,-45.748,29.636,-0.5755,0.1628,-0.0673,-5.938,-1.896,-12.360
21.483763,-73.177,-45.971,29.555,-0.7114,0.1182,-0.0411,-4.893,-0.730,-13.656
21.500430,-73.268,-46.228,29.467,-0.8067,0.2196,-0.1198,-9.450,-1.031,-15.642
21.517097,-73.443,-46.541,29.392,-1.0297,0.3367,-0.0641,-14.006,-2.455,-18.692
21.533764,-73.685,-46.921,29.311,-1.4525,0.6072,-0.0725,-18.290,-3.349,-22.668
21.550431,-73.995,-47.392,29.220,-1.8336,0.7733,-0.1045,-22.835,-4.385,-28.036
21.567098,-74.405,-47.987,29.139,-1.7679,0.6282,0.1789,-28.408,-6.673,-35.110
21.583765,-74.907,-48.709,29.060,-2.1128,0.6739,0.3371,-33.885,-8.547,-42.455
21.600432,-75.661,-49.573,28.995,-2.4969,1.2250,-0.0468,-48.451,-10.820,-50.639
21.617099,-76.896,-50.611,28.973,-2.9917,2.1463,-1.0612,-75.365,-14.062,-60.599
21.633766,-78.801,-51.867,29.087,-3.2674,3.1858,-2.3087,-109.261,-20.198,-72.663
21.650433,-81.004,-53.461,29.466,-3.9550,2.2534,-2.3860,-114.356,-30.517,-91.621
21.667100,-83.068,-55.341,30.036,-4.2123,1.3055,-1.5094,-96.394,-35.507,-108.885
21.683767,-85.457,-57.369,30.861,-3.6944,2.1721,-1.5228,-102.469,-39.649,-118.267
21.700434,-88.905,-59.445,32.101,-3.2711,3.8775,-2.5158,-143.787,-45.276,-122.426
21.717101,-94.316,-61.529,34.106,-2.2664,6.0117,-4.3988,-220.357,-55.972,-126.568
21.733768,-102.066,-63.628,37.349,-0.5840,5.2364,-5.1239,-292.582,-71.039,-137.355
21.750435,-111.402,-65.814,42.005,-0.6166,2.8049,-3.8042,-307.849,-76.812,-159.882
21.767102,-121.960,-67.956,48.297,-1.4176,1.9337,-2.3081,-286.543,-75.081,-181.167
21.783769,-134.031,-69.779,56.350,-1.3977,2.8521,-2.0246,-273.782,-70.346,-193.174
21.800436,-147.803,-70.991,66.072,-1.0508,3.8615,-2.8584,-277.004,-67.398,-197.595
21.817103,-162.574,-71.478,76.851,-0.1455,3.5670,-3.6556,-274.055,-61.214,-200.854
21.833770,-177.089,-71.195,88.051,-0.2493,2.3944,-4.0021,-234.347,-54.941,-208.440
21.850437,169.608,-70.005,98.827,-0.5717,2.1392,-3.9729,-188.501,-57.366,-218.709
21.867104,157.771,-67.880,108.214,0.3975,2.9847,-4.8155,-184.728,-65.603,-229.796
21.883771,147.632,-64.930,115.677,1.6960,3.0434,-6.0218,-198.109,-75.291,-240.303
21.900438,139.398,-61.373,121.365,2.4210,1.1297,-6.3686,-189.533,-80.214,-250.763
21.917105,133.165,-57.332,125.612,3.3491,-0.3006,-6.7956,-154.904,-85.845,-261.405
21.933772,128.690,-52.894,128.584,5.5338,-0.1993,-6.5322,-122.299,-97.755,-267.995
21.950439,125.588,-48.124,130.481,7.1842,0.5790,-6.3280,-98.383,-115.525,-271.867
21.967106,123.349,-43.331,131.645,7.6918,-1.0704,-4.8943,-84.461,-123.040,-264.699
21.983773,121.642,-38.597,132.266,6.8949,-3.6505,-4.0087,-78.029,-129.246,-254.635
22.000440,120.280,-33.966,132.545,7.3361,-4.3871,-2.6727,-71.826,-131.733,-245.112
22.017107,119.191,-29.229,132.668,6.9757,-4.3478,-1.6318,-61.423,-135.829,-249.787
22.033774,117.747,-24.481,132.725,7.0817,-4.6270,0.6709,-85.091,-133.407,-251.709
22.050441,115.667,-19.664,132.647,7.0149,-5.4138,1.9509,-126.459,-133.960,-256.023
22.067108,113.637,-14.809,132.450,6.0252,-5.3259,1.5277,-125.145,-131.833,-259.761
22.083775,112.013,-10.007,132.141,5.6695,-3.9708,2.1573,-101.244,-128.509,-258.229
22.100442,110.439,-5.366,131.670,6.7003,-4.5831,2.9015,-98.066,-126.935,-249.145
22.117109,108.946,-0.857,130.869,7.1970,-4.5762,3.8183,-92.027,-136.283,-238.129
22.133776,107.626,3.621,129.845,4.8990,-3.8422,4.2073,-77.555,-142.429,-235.386
22.150443,106.494,7.959,128.784,3.1758,-3.3661,4.0774,-61.375,-136.767,-229.777
22.167110,105.647,12.185,127.759,2.9073,-3.1189,4.0971,-39.870,-128.132,-226.401
22.183777,104.630,16.314,126.659,3.1627,-2.7701,5.2240,-44.650,-126.173,-221.897
22.200444,103.076,20.431,125.437,2.8066,-2.3962,5.6582,-70.048,-126.362,-222.637
22.217111,101.195,24.478,124.117,1.5152,-2.3390,5.5658,-82.438,-122.246,-221.409
22.233778,99.531,28.343,122.782,-0.2867,-2.6451,4.5262,-64.146,-111.911,-214.620
22.250445,98.472,31.941,121.417,-0.9744,-2.3842,4.2080,-22.358,-103.335,-201.486
22.267112,97.680,35.273,119.930,-1.3806,-1.4005,5.4211,1.896,-101.289,-186.890
22.283779,96.988,38.470,118.289,-1.9320,-0.8223,5.0684,17.533,-102.202,-179.596
22.300446,96.419,41.528,116.526,-2.0597,-0.1590,4.1813,33.788,-101.499,-172.142
22.317113,95.976,44.443,114.704,-2.3385,0.2517,3.4970,47.859,-97.974,-164.650
22.333780,95.811,47.202,112.865,-2.6164,0.3062,2.7040,69.177,-93.113,-156.177
22.350447,95.798,49.768,111.052,-2.9734,0.8305,2.4819,80.526,-86.936,-145.369
22.367114,95.851,52.113,109.402,-3.6218,0.8971,2.5921,79.881,-75.987,-133.096
22.383781,95.930,54.274,107.874,-2.8978,1.2360,2.4248,78.031,-67.646,-122.920
22.400448,95.936,56.218,106.419,-2.4246,1.7233,2.9248,71.967,-61.252,-110.381
22.417115,95.794,57.939,104.818,-2.1752,1.8376,2.8857,71.891,-62.208,-97.009
22.433782,95.419,59.518,103.144,-0.7433,1.5584,1.4534,63.154,-60.866,-88.796
22.450449,94.842,60.763,101.476,-0.6733,1.4262,1.1282,52.057,-56.075,-69.592
22.467116,94.308,61.759,99.654,-1.3065,1.1378,1.4106,63.588,-56.896,-55.042
22.483783,93.520,62.608,97.476,-2.2898,0.2850,1.6906,68.161,-64.090,-46.355
22.500450,92.740,63.334,94.812,-3.4379,-0.1029,1.5822,95.391,-74.704,-39.225
22.517117,92.188,63.942,92.040,-3.6472,0.7527,1.2268,115.702,-75.171,-32.972
22.533784,91.597,64.437,89.498,-2.1838,1.0116,0.6669,101.672,-67.207,-27.266
22.550451,91.026,64.847,87.149,-1.1598,1.4142,0.6851,92.906,-60.778,-22.939
22.567118,90.357,65.244,84.798,-0.6772,1.4830,1.2615,87.587,-59.706,-22.877
22.583785,89.440,65.633,82.250,-1.1717,0.6957,1.0515,83.793,-63.406,-23.227
22.600452,88.499,65.991,79.516,-1.9129,0.1493,0.3674,93.037,-66.751,-22.533
22.617119,87.480,66.220,76.706,-2.2903,0.8714,0.5758,92.816,-67.706,-15.918
22.633786,86.512,66.289,74.156,-2.3240,1.5695,0.3933,81.804,-61.294,-7.182
22.650453,85.397,66.319,71.772,-1.5472,1.6204,0.4033,63.915,-57.221,-5.681
22.667120,84.106,66.361,69.521,-2.2244,1.6337,0.0934,46.043,-53.776,-7.301
22.683787,82.933,66.465,67.339,-3.2811,0.9756,0.0979,49.443,-51.441,-11.977
22.700454,81.898,66.578,65.157,-3.8629,0.6105,0.2431,57.827,-50.918,-13.486
22.717121,81.104,66.654,62.978,-3.5355,0.3628,0.3492,72.140,-50.797,-12.088
22.733788,80.465,66.686,60.733,-2.4956,0.2628,0.3621,85.224,-52.572,-10.265
22.750455,79.862,66.672,58.323,-1.8075,0.0226,-0.0135,96.401,-56.782,-8.835
22.767122,79.431,66.583,55.830,-2.2286,0.1542,-0.4917,111.224,-59.584,-5.245
22.783789,79.393,66.457,53.227,-2.7127,0.5467,-0.4437,140.809,-62.851,-3.832
22.800456,79.740,66.296,50.881,-2.5937,2.4301,0.2464,149.620,-57.543,-0.534
22.817123,79.935,66.180,49.029,-0.8719,2.0670,1.0419,113.176,-45.654,-0.883
22.833790,79.371,66.170,47.336,0.2006,1.0994,0.6291,58.904,-40.865,-6.593
22.850457,78.593,66.172,45.769,-0.5067,0.2257,0.1729,39.192,-37.684,-7.178
22.867124,77.699,66.124,44.108,-0.9815,0.0700,0.3449,37.327,-40.441,-5.318
22.883791,77.009,66.036,42.422,-0.7532,0.3012,0.1655,50.868,-41.585,-3.662
22.900458,76.625,65.935,40.729,-0.7258,-0.2711,-0.1717,69.576,-42.055,-3.314
22.917125,76.262,65.802,39.167,-0.0948,-0.4900,-0.1577,63.636,-39.571,-1.036
22.933792,75.966,65.651,37.812,0.2397,-0.5918,-0.2382,56.110,-35.031,0.990
22.950459,75.637,65.531,36.553,0.0913,-0.4430,-0.4087,48.949,-32.455,-0.477
22.967126,75.376,65.484,35.336,-0.2306,-0.6449,-0.4700,50.612,-30.431,-4.622
22.983793,75.169,65.494,34.089,-0.3369,-0.9269,-0.5684,55.475,-30.273,-8.243
23.000460,75.027,65.508,32.971,0.1798,-0.9650,-0.2514,52.369,-27.053,-7.694
23.017127,74.770,65.549,31.936,0.7577,-1.1236,0.0070,40.889,-24.575,-8.779
23.033794,74.480,65.608,30.926,0.3842,-0.9268,-0.3428,37.609,-23.568,-9.815
23.050461,74.291,65.686,30.001,-0.0682,-0.6086,-0.5457,39.082,-21.123,-10.377
23.067128,74.265,65.774,29.261,-0.1034,-0.5226,-0.3993,38.776,-16.470,-9.747
23.083795,74.354,65.868,28.683,0.2184,-0.7963,-0.2779,36.835,-12.487,-8.947
23.100462,74.661,65.929,28.289,0.7106,-0.8241,0.0867,39.854,-8.634,-5.823
23.117129,75.458,66.021,28.171,0.5283,-0.9548,0.0605,54.077,-1.647,-5.777
23.133796,76.803,66.183,28.216,-0.4342,-1.2675,-0.4949,78.063,3.138,-8.868
23.150463,78.636,66.302,28.330,-0.2914,-0.3848,-0.6902,103.558,3.957,-6.082
23.167130,80.274,66.343,28.542,1.3965,0.7913,0.2914,86.471,5.225,-1.108
23.183797,81.213,66.399,28.844,1.7294,0.5683,0.9098,39.610,7.477,-1.832
23.200464,81.488,66.481,29.282,1.0175,0.4418,1.0630,-7.816,10.920,-2.993
23.217131,81.530,66.575,29.872,0.4061,0.2852,0.7713,-30.117,14.561,-3.214
23.233798,81.512,66.651,30.452,-0.2456,-0.1272,0.3347,-33.155,14.116,-2.164
23.250465,81.647,66.630,30.992,-0.9498,-0.0450,-0.0701,-21.804,12.294,3.375
23.267132,81.995,66.556,31.431,-0.8960,0.3845,-0.0526,-3.462,9.504,6.199
23.283799,82.247,66.463,31.826,-0.6128,0.7497,-0.0546,-6.788,8.345,7.134
23.300466,82.201,66.368,32.256,-0.5044,1.6223,0.0544,-26.577,9.197,7.300
23.317133,81.898,66.383,32.708,-0.3981,1.4512,0.2193,-43.192,10.611,0.886
23.333800,81.343,66.491,33.169,-0.8185,1.1395,0.1146,-58.832,11.566,-4.515
23.350467,80.948,66.628,33.717,-1.0502,0.6004,0.1351,-53.990,13.845,-5.851
23.367134,80.867,66.737,34.291,-1.0607,0.4792,0.2347,-36.631,14.120,-4.043
23.383801,81.095,66.783,34.849,-1.2927,0.5705,0.0918,-17.262,13.091,-0.412
23.400468,81.438,66.782,35.338,-0.6823,0.8958,0.2894,-6.528,11.022,2.097
23.417135,81.690,66.792,35.626,-0.6967,1.3063,0.2551,-0.918,6.389,0.660
23.433802,81.773,66.835,35.768,-0.3059,1.0460,0.2824,-3.002,3.229,-1.775
23.450469,81.739,66.904,35.870,-0.4626,0.8242,-0.1792,-7.849,2.513,-3.520
23.467136,81.679,66.984,35.926,-0.1659,0.3787,-0.2410,-6.813,1.508,-4.342
23.483803,81.744,67.049,35.948,-0.5670,0.3248,-0.4266,2.523,0.575,-3.516
23.500470,81.925,67.047,35.894,-0.6320,0.3811,-0.5330,13.744,-1.773,0.148
23.517137,82.178,67.001,35.787,-0.6261,0.5577,-0.3776,20.938,-3.396,2.671
23.533804,82.313,66.948,35.678,-0.0276,0.6380,-0.1762,13.979,-3.495,3.031
23.550471,82.189,66.899,35.527,0.2949,0.3435,-0.0530,0.766,-4.445,2.691
23.567138,81.894,66.891,35.363,0.0294,0.2793,-0.2512,-8.794,-4.436,0.178
23.583805,81.641,66.903,35.152,-0.5476,0.1517,-0.4696,-3.658,-5.352,-1.245
23.600472,81.558,66.906,34.947,-0.2640,0.1532,-0.1755,6.164,-5.280,-0.613
23.617139,81.494,66.925,34.712,0.1975,-0.0733,0.1877,8.975,-5.864,-1.704
23.633806,81.356,66.919,34.507,0.3120,-0.4970,0.1549,2.938,-5.358,-0.146
23.650473,81.155,66.874,34.267,0.1590,-0.5699,0.2090,1.047,-6.540,2.046
23.667140,80.971,66.832,33.944,0.3619,-0.5771,0.3803,6.652,-8.426,1.534
23.683807,80.667,66.831,33.535,0.8375,-0.4047,0.6631,4.157,-10.043,-1.268
23.700474,80.077,66.862,33.096,0.9607,-0.8872,0.4488,-11.366,-10.364,-3.313
23.717141,79.352,66.862,32.726,0.6823,-0.8622,0.1358,-23.210,-9.039,-1.347
23.733808,78.724,66.872,32.425,0.5000,-0.8729,-0.0158,-21.207,-7.278,-1.684
23.750475,78.307,66.933,32.155,0.2496,-0.8743,-0.1981,-10.284,-5.909,-4.603
23.767142,78.209,67.015,31.992,0.1446,-0.5986,-0.1986,2.967,-3.122,-5.362
23.783809,78.267,67.107,31.879,0.2276,-0.2580,0.1368,9.618,-1.837,-5.743
23.800476,78.394,67.203,31.813,0.0402,-0.2467,-0.0601,11.051,-0.696,-5.680
23.817143,78.549,67.297,31.816,-0.0070,0.0501,-0.3758,9.019,0.827,-5.281
23.833810,78.551,67.386,31.801,0.2904,0.0938,-0.6259,0.800,0.383,-5.067
23.850477,78.396,67.465,31.791,0.5388,0.3505,-0.5498,-8.892,0.365,-4.447
23.867144,78.140,67.559,31.800,0.5693,0.0517,-0.4454,-16.032,0.997,-5.231
23.883811,77.984,67.698,31.856,0.2940,-0.2808,-0.3586,-12.592,2.637,-7.678
23.900478,78.026,67.879,31.946,0.1659,-0.3989,-0.1871,-2.635,3.934,-10.015
23.917145,78.080,68.053,31.975,0.2582,-0.1921,0.0992,1.441,2.490,-9.801
23.933812,77.993,68.192,31.931,0.5365,0.2256,0.3865,-2.876,0.444,-8.154
23.950479,77.762,68.265,31.833,0.7501,0.7665,0.5672,-8.614,-1.496,-4.538
23.967146,77.416,68.308,31.596,0.3502,0.7854,0.2477,-7.698,-4.891,-3.429
23.983813,77.013,68.308,31.291,-0.3304,0.6427,-0.2649,-7.348,-6.901,-1.338
24.000480,76.738,68.242,31.069,-0.5008,0.5591,-0.5262,-4.249,-6.035,2.897
24.017147,76.639,68.109,30.851,-0.4614,0.5993,-0.1403,6.053,-6.898,6.842
24.033814,76.620,67.960,30.567,-0.5359,0.4969,0.0836,14.528,-8.620,7.353
24.050481,76.675,67.793,30.410,-0.6808,0.7241,0.4782,11.900,-6.147,9.138
24.067148,76.950,67.597,30.509,-0.9185,0.8214,0.5053,10.801,-0.854,12.098
24.083815,77.385,67.357,30.658,-1.2980,1.3855,0.8541,17.743,-0.294,15.011
24.100482,77.903,67.085,30.659,-1.8267,1.3567,0.5407,30.869,-3.922,16.105
24.117149,78.501,66.801,30.601,-1.6844,0.8668,0.6021,38.946,-5.314,16.559
24.133816,79.177,66.518,30.657,-1.7537,0.7299,0.4071,37.343,-2.543,17.146
24.150483,79.787,66.261,30.577,-1.9466,0.6408,0.3148,40.847,-5.277,14.992
24.167150,80.409,66.049,30.475,-1.9555,0.7386,-0.1521,42.786,-5.243,12.348
24.183817,80.951,65.840,30.370,-1.3382,0.9021,-0.0245,38.181,-5.222,12.176
24.200484,81.222,65.674,30.314,-0.2567,0.7924,0.0578,19.182,-3.582,9.926
24.217151,81.306,65.621,30.290,-0.4016,0.2906,-0.2354,6.227,-1.779,3.261
24.233818,81.261,65.655,30.251,-0.3255,0.4592,-0.4218,-0.673,-1.346,-1.893
24.250485,81.122,65.760,30.238,0.0078,0.5269,-0.1889,-7.771,-0.061,-6.053
24.267152,80.897,65.890,30.183,0.1346,0.2444,-0.1594,-10.590,-0.843,-7.622
24.283819,80.791,65.993,30.071,0.3180,-0.0273,-0.0641,-0.349,-2.434,-6.326
24.300486,80.874,66.068,29.931,0.5763,-0.1273,0.0413,12.572,-3.353,-4.779
24.317153,81.130,66.084,29.849,0.4676,0.0277,0.0072,19.710,-2.509,-1.017
24.333820,81.358,66.036,29.712,0.4782,0.2064,0.2680,21.123,-4.424,2.535
24.350487,81.371,65.970,29.579,0.7922,0.1692,0.3753,7.944,-4.480,3.694
24.367154,81.242,65.900,29.526,0.3719,-0.1922,-0.0497,-4.969,-2.576,4.159
24.383821,81.046,65.853,29.485,0.4466,-0.4614,-0.1369,-9.684,-2.062,2.802
24.400488,80.737,65.856,29.387,0.3591,-0.5534,-0.1552,-13.243,-2.977,-0.377
24.417155,80.456,65.880,29.241,-0.1254,-0.7292,-0.4444,-9.066,-3.889,-1.814
24.433822,80.319,65.904,29.146,-0.0587,-0.6509,-0.3025,-3.096,-2.643,-1.603
24.450489,80.264,65.956,29.135,0.2774,-0.5213,0.1835,-2.871,-0.304,-2.919
24.467156,80.174,66.065,29.037,0.3703,-0.4101,0.2288,-0.140,-1.806,-6.606
24.483823,80.033,66.182,28.895,0.4936,-0.1188,0.1589,-0.788,-2.748,-7.278
24.500490,79.836,66.271,28.738,0.6749,-0.0852,0.1675,-3.346,-3.312,-5.772
24.517157,79.641,66.344,28.526,0.2816,0.0641,0.0957,-0.207,-4.756,-4.984
24.533824,79.522,66.407,28.363,0.6514,0.2582,0.4110,1.699,-3.665,-4.249
24.550491,79.285,66.513,28.198,1.1847,0.0218,0.6951,-5.219,-3.229,-6.783
24.567158,78.995,66.619,28.049,0.9528,-0.1356,0.5135,-9.400,-2.753,-6.784
24.583825,78.785,66.692,27.887,0.6373,-0.4432,0.2913,-3.797,-3.401,-4.847
24.600492,78.642,66.709,27.698,0.6115,-0.4307,0.1994,1.695,-4.610,-1.762
24.617159,78.634,66.667,27.535,0.6055,-0.2027,-0.0871,8.371,-4.708,1.892
24.633826,78.719,66.595,27.369,0.4477,-0.0354,-0.4051,14.065,-5.104,3.556
24.650493,78.697,66.516,27.245,0.6415,0.2474,-0.6033,5.351,-4.208,4.232
24.667160,78.478,66.434,27.123,0.4575,0.3294,-0.7364,-6.550,-4.226,4.350
24.683827,78.187,66.347,26.987,-0.0108,0.3794,-0.8188,-10.202,-4.612,4.568
24.700494,78.035,66.244,27.016,-0.4492,0.0760,-0.8006,-10.792,-0.982,6.307
24.717161,78.011,66.154,27.113,-0.3710,0.3549,-0.0058,-6.921,0.780,5.930
24.733828,77.885,66.109,27.187,-0.2002,0.5597,0.3337,-11.802,0.826,3.113
24.750495,77.650,66.081,27.304,-0.4682,0.6780,0.2272,-20.695,2.023,2.348
24.767162,77.335,66.048,27.422,-0.5113,0.7265,0.1041,-25.461,1.935,2.670
24.783829,76.940,66.025,27.506,-0.3314,0.8195,0.0729,-28.408,1.240,1.901
24.800496,76.606,66.031,27.596,-0.4959,0.5510,-0.1902,-25.127,1.757,0.257
24.817163,76.447,66.068,27.674,-0.6562,0.3649,-0.1016,-14.003,1.906,-1.634
24.833830,76.371,66.127,27.763,-0.3217,0.4778,0.0080,-9.573,2.441,-2.828
24.850497,76.306,66.199,27.907,-0.2253,0.6038,0.1402,-11.984,3.939,-3.336
24.867164,76.181,66.285,28.019,-0.3247,0.7337,0.2921,-13.680,3.315,-4.255
24.883831,76.126,66.366,28.035,-0.5424,0.8282,0.1618,-4.364,1.024,-4.534
24.900498,76.120,66.427,27.935,-0.0964,0.8832,0.2960,4.992,-1.989,-4.086
24.917165,76.228,66.497,27.872,-0.0277,0.6927,0.1350,9.815,-1.031,-4.350
24.933832,76.457,66.567,27.998,0.4545,0.9757,0.2978,6.738,3.354,-3.363
24.950499,76.786,66.669,28.373,0.7379,1.4780,0.3546,-1.076,9.532,-3.852
24.967166,77.021,66.826,28.818,1.0469,1.3284,0.3238,-10.549,11.809,-6.744
24.983833,77.293,66.989,29.282,0.5195,0.9946,0.0667,-9.401,12.237,-7.144
25.000500,77.650,67.093,29.711,0.2670,0.7802,-0.0271,-2.395,10.546,-3.961
25.017167,78.160,67.149,30.155,0.2507,0.6641,0.0335,5.954,10.233,-1.163
25.033834,78.810,67.163,30.609,-0.1779,0.8872,-0.2265,13.864,9.871,1.255
25.050501,79.472,67.156,31.185,0.4417,1.3963,-0.2269,7.467,12.665,2.925
25.067168,79.988,67.198,31.893,0.6274,1.0435,-0.4169,-8.108,15.905,0.365
25.083835,80.537,67.250,32.682,0.5322,0.8227,-0.4188,-10.763,17.940,-0.101
25.100502,81.222,67.282,33.432,0.4063,0.7720,-0.2858,-0.768,16.953,0.801
25.117169,81.980,67.252,34.196,0.3307,0.6566,-0.1910,3.155,16.598,4.235
25.133836,82.831,67.182,35.006,0.0337,0.2783,-0.2644,6.395,17.327,6.496
25.150503,83.647,67.095,35.831,0.2665,0.1889,-0.1157,3.198,17.848,7.265
25.167170,84.307,66.992,36.653,0.1130,0.0447,-0.0323,-5.994,17.903,8.045
25.183837,84.900,66.852,37.439,-0.1696,-0.6042,-0.1778,-8.106,17.079,10.001
25.200504,85.463,66.699,38.142,-0.0318,-1.0327,0.3749,-5.232,15.301,10.415
25.217171,85.968,66.536,38.709,-0.0261,-1.0099,0.5882,-0.995,12.091,10.682
25.233838,86.300,66.376,39.122,0.0424,-0.7509,0.3658,-2.872,8.632,10.142
25.250505,86.554,66.249,39.428,-0.8917,-0.4013,-0.3002,-1.469,6.222,7.950
25.267172,86.468,66.127,39.466,-0.2831,0.3315,-0.2833,-7.254,-0.171,7.307
25.283839,85.973,66.093,39.307,-0.1839,0.0607,-0.1819,-20.817,-4.722,1.636
25.300506,85.386,66.003,39.236,-0.6908,-0.1324,-0.4094,-31.440,-2.693,5.196
25.317173,85.115,65.858,39.243,-0.3851,0.0149,0.1174,-16.810,-1.066,8.614
25.333840,84.940,65.748,39.305,0.0465,0.1607,0.1201,-14.205,0.513,6.706
25.350507,84.904,65.622,39.465,-0.1201,-0.3272,-0.1005,-11.336,2.882,7.828
25.367174,85.057,65.461,39.725,-0.0775,-0.6939,-0.0179,-5.223,5.107,10.135
25.383841,85.390,65.298,39.967,-0.1290,-0.6074,-0.0702,6.469,4.788,10.224
25.400508,85.699,65.173,40.133,-0.1747,-0.3674,-0.0811,9.336,3.084,7.801
25.417175,85.939,65.092,40.309,-0.5674,-0.6324,-0.3178,4.807,3.485,5.154
25.433842,86.118,65.032,40.474,-0.6593,-0.5309,-0.4082,1.702,3.362,3.834
25.450509,86.209,64.994,40.515,-0.8483,-0.5658,-0.2233,3.094,0.385,2.369
25.467176,86.245,64.977,40.470,-1.2212,-0.5428,-0.4259,4.520,-1.739,0.972
25.483843,86.298,64.975,40.413,-1.3176,-0.5582,-0.3016,6.400,-2.092,0.053
25.500510,86.418,64.999,40.396,-1.0752,-0.5873,0.1273,8.116,-0.935,-1.438
25.517177,86.524,65.070,40.391,-0.9377,-0.5496,0.3882,6.427,-0.362,-4.148
25.533844,86.568,65.166,40.322,-0.4160,-0.1532,0.2932,6.402,-1.975,-5.720
25.550511,86.588,65.278,40.228,-0.0921,0.1121,0.0625,6.242,-2.506,-6.756
25.567178,86.648,65.374,40.196,-0.1491,0.0548,-0.3424,5.413,-1.091,-5.717
25.583845,86.861,65.467,40.333,-0.0470,-0.0498,-0.2722,5.968,2.696,-5.355
25.600512,87.086,65.567,40.400,-0.2834,-0.1571,-0.2178,9.307,1.735,-5.730
25.617179,87.306,65.651,40.455,0.1224,-0.0219,0.0414,11.470,0.198,-4.944
25.633846,87.362,65.753,40.399,0.2395,0.0791,0.1057,5.844,-1.313,-6.057
25.650513,87.363,65.864,40.397,0.1214,0.1547,-0.0398,0.832,-0.700,-6.612
25.667180,87.318,65.981,40.404,0.3039,0.3538,0.1743,-3.230,-0.013,-6.868
25.683847,87.191,66.090,40.510,0.6412,0.4703,0.4586,-12.925,2.028,-6.326
25.700514,86.857,66.202,40.555,0.7892,0.4737,0.7445,-23.235,1.345,-6.513
25.717181,86.422,66.297,40.561,0.7172,0.2717,0.4855,-27.515,0.569,-5.525
25.733848,85.873,66.359,40.449,0.9408,0.3283,0.1777,-30.044,-0.990,-3.468
25.750515,85.229,66.387,40.285,0.9426,0.1295,-0.2253,-29.813,-4.221,-1.916
25.767182,84.692,66.387,40.115,0.8870,-0.1795,-1.0466,-22.687,-4.711,-0.387
25.783849,84.387,66.367,39.927,0.7473,-0.3291,-1.1705,-7.378,-5.464,0.732
25.800516,84.263,66.331,39.617,0.8597,-0.6711,-0.8418,10.257,-8.484,1.335
25.817183,84.206,66.282,39.174,1.1541,-0.7962,-0.2317,20.740,-11.262,1.892
25.833850,84.057,66.222,38.643,1.5421,-0.8699,0.4199,20.243,-13.575,2.250
25.850517,83.732,66.163,37.968,1.8470,-1.3606,0.8219,17.280,-16.853,1.828
25.867184,83.270,66.108,37.155,2.1369,-1.5956,0.7596,16.143,-19.828,1.139
25.883851,82.657,66.041,36.101,2.5824,-1.4584,0.4010,20.692,-26.052,0.926
25.900518,81.919,65.938,34.842,2.9718,-1.0549,-0.0401,25.522,-31.992,1.863
25.917185,81.002,65.803,33.261,3.5393,-1.1830,-0.4324,32.661,-40.383,2.062
25.933852,80.103,65.586,31.414,3.8277,-1.4467,-0.6351,46.535,-46.911,5.427
25.950519,79.192,65.244,29.227,4.1996,-1.9400,-0.4373,62.190,-55.854,10.669
25.967186,78.279,64.778,26.720,4.5759,-2.6867,-0.0798,80.078,-66.821,15.164
25.983853,77.461,64.186,23.908,4.6588,-3.1978,0.5869,102.944,-78.180,19.327
26.000520,76.897,63.394,20.718,4.5835,-3.5604,1.0180,137.651,-92.595,27.436
26.017187,76.681,62.367,17.233,5.1836,-3.3122,1.6923,172.847,-106.350,38.048
26.033854,76.727,61.028,13.552,5.3864,-3.0767,2.0411,196.960,-119.753,53.807
26.050521,76.947,59.323,9.666,5.4403,-3.5835,2.8138,215.189,-135.488,72.893
26.067188,77.597,57.276,5.615,5.0765,-4.1373,3.6692,245.482,-150.857,91.200
26.083855,78.665,54.914,1.601,5.6783,-4.1285,5.1364,263.688,-159.748,110.492
26.100522,79.934,52.273,-2.422,6.0512,-4.3848,6.2627,270.049,-169.225,128.378
26.117189,81.217,49.168,-6.239,5.8921,-5.2044,7.7282,253.921,-172.541,159.201
26.133856,82.804,45.529,-9.865,3.7080,-5.8130,8.5340,254.884,-175.217,194.735
26.150523,84.845,41.318,-13.377,1.1139,-6.4433,9.4010,267.013,-178.253,233.565
26.167190,86.935,36.557,-16.855,-0.9645,-6.6026,11.0022,256.233,-181.250,272.026
26.183857,89.546,31.431,-20.412,-4.1414,-5.7800,10.0177,275.765,-185.170,300.628
26.200524,92.556,25.913,-23.959,-6.1237,-5.7468,10.4876,282.557,-179.578,333.022
26.217191,95.635,19.977,-27.594,-7.6796,-6.2909,13.1514,269.653,-173.903,368.079
26.233858,99.550,13.994,-31.364,-11.2712,-3.3280,11.7750,301.012,-166.209,382.907
26.250525,103.803,7.594,-35.224,-13.1860,-1.5409,13.3079,298.615,-144.409,420.649
26.267192,106.616,0.759,-38.987,-16.7665,3.1357,15.5326,185.610,-109.274,453.375
26.283859,107.825,-6.442,-42.900,-17.2427,8.2465,11.9713,61.500,-95.895,480.927
26.300526,110.288,-13.906,-46.889,-15.5710,10.8953,6.8625,105.954,-76.457,499.330
26.317193,114.080,-21.363,-50.838,-14.4895,11.5248,2.2244,156.069,-40.462,499.134
26.333860,118.558,-28.890,-54.966,-12.1424,14.2445,-1.4331,163.583,-1.260,504.243
26.350527,123.523,-36.414,-59.831,-12.7584,15.5943,-2.4168,140.263,21.508,513.801
26.367194,129.097,-43.522,-65.700,-12.7050,16.0437,-6.0234,107.791,34.287,504.122
26.383861,136.134,-49.956,-73.260,-9.3024,16.0510,-9.7099,91.087,31.720,495.440
26.400528,145.952,-55.567,-82.805,-4.6591,13.7078,-12.9349,131.868,42.912,482.157
26.417195,158.569,-60.083,-94.659,-2.0742,11.8645,-13.3530,153.482,62.467,462.310
26.433862,173.549,-63.203,-108.531,2.3800,9.7495,-14.2419,164.692,85.558,429.865
26.450529,-169.946,-64.768,-123.741,4.6643,7.4943,-14.5915,168.561,106.071,398.279
26.467196,-153.687,-64.799,-138.545,6.5433,4.2467,-15.3907,170.463,120.253,360.117
26.483863,-139.246,-63.703,-151.106,8.6591,0.1392,-15.0759,186.444,126.977,310.404
26.500530,-126.792,-61.961,-160.906,10.6823,-3.4160,-13.9148,223.268,125.978,260.714
26.517197,-116.916,-60.138,-168.112,11.2847,-6.5626,-12.8672,213.608,121.009,204.371
26.533864,-110.251,-58.482,-172.941,10.6601,-8.0061,-11.8342,150.277,96.646,151.047
26.550531,-106.171,-57.333,-175.779,10.7632,-8.5329,-9.5280,100.259,65.045,94.427
26.567198,-104.110,-56.840,-177.034,8.9048,-8.3936,-8.4287,60.256,32.242,39.674
26.583865,-103.534,-57.225,-176.672,9.8331,-7.9294,-6.0066,52.504,-5.616,-25.018
26.600532,-103.896,-58.269,-174.956,10.2810,-6.1277,-5.4429,65.238,-38.400,-73.798
26.617199,-105.594,-59.809,-171.752,10.0950,-2.8661,-5.7631,62.811,-72.115,-114.562
26.633866,-109.043,-61.961,-166.868,10.9686,0.4079,-5.5022,48.995,-97.736,-165.805
26.650533,-114.604,-64.697,-159.885,11.8700,2.7480,-6.4011,40.692,-113.639,-222.310
26.667200,-122.852,-67.705,-149.926,11.4841,4.6763,-9.2399,52.054,-124.856,-273.893
26.683867,-134.909,-70.509,-135.676,9.2178,6.4158,-13.1376,75.839,-131.999,-321.524
26.700534,-152.652,-72.177,-115.541,5.8185,7.0169,-16.9114,80.946,-147.720,-369.176
26.717201,-174.373,-71.415,-91.271,1.8182,7.8866,-19.9695,81.599,-171.004,-421.169
26.733868,165.988,-67.535,-69.423,-2.6340,8.5644,-21.8176,51.240,-194.565,-473.279
26.750535,150.835,-60.891,-53.530,-9.9245,8.9977,-22.9690,-48.632,-214.839,-530.724
26.767202,138.913,-51.971,-42.401,-15.4244,10.7275,-22.8194,-157.037,-223.282,-608.870
26.783869,128.486,-41.435,-34.020,-21.2719,12.9511,-19.6717,-257.791,-186.077,-694.596
26.800536,118.616,-29.364,-27.026,-28.3199,14.1293,-15.3737,-347.045,-114.158,-791.973
26.817203,109.038,-15.793,-20.605,-37.2336,15.2963,-11.7547,-424.344,-2.611,-887.922
26.833870,98.179,-0.910,-14.404,-49.7341,15.8008,-1.3955,-594.225,148.430,-953.985
26.850537,85.018,15.084,-7.629,-62.7758,13.3402,13.9053,-835.031,377.473,-970.445
26.867204,72.194,31.323,0.633,-66.7054,12.4397,26.1358,-959.926,640.253,-864.555
26.883871,67.612,45.284,12.352,-74.7628,-0.4615,40.4103,-710.470,804.390,-593.459
26.900538,74.240,56.259,29.211,-52.4805,-16.2163,70.3847,-389.826,814.523,-406.818
26.917205,89.221,62.434,53.484,-23.8508,-30.1105,79.1301,-359.259,780.184,-252.007
26.933872,108.447,62.300,83.573,7.2949,-32.7800,79.4879,-451.990,818.450,-118.954
26.950539,119.398,56.464,108.075,29.9273,-37.3388,66.5635,-612.485,818.053,11.886
26.967206,121.824,47.713,123.544,48.6404,-28.8932,51.2675,-588.977,754.162,158.519
26.983873,117.028,37.714,132.551,51.2583,-20.5989,39.5765,-654.899,639.487,326.412
27.000540,109.999,27.243,137.693,50.4676,-22.4579,28.6931,-587.470,489.119,472.048
27.017207,103.733,16.211,140.563,58.0733,-22.6084,9.3574,-439.725,345.244,587.234
27.033874,99.936,4.769,142.065,55.3175,-14.6522,-7.2671,-244.592,227.978,654.146
27.050541,99.127,-7.360,142.540,45.5118,-9.4657,-16.5833,-48.579,149.270,713.583
27.067208,103.107,-19.585,142.335,36.5543,-4.8823,-24.7070,234.541,130.607,723.052
27.083875,109.432,-31.587,141.871,29.6361,-0.2744,-26.8783,365.813,178.734,699.670
27.100542,115.850,-43.355,141.019,27.7233,5.1395,-26.2731,352.702,235.475,668.535
27.117209,122.390,-54.292,138.848,24.1291,8.1766,-29.6323,293.376,245.328,616.152
27.133876,131.695,-63.806,133.435,12.4315,10.0213,-32.4723,278.583,210.995,557.122
27.150543,149.140,-71.444,119.821,4.1656,10.3229,-29.1716,289.176,153.667,530.601
27.167210,-178.669,-75.540,91.220,0.6022,9.8670,-25.1162,282.426,107.901,529.001
27.183877,-142.054,-73.738,58.523,-3.6079,12.4215,-22.2607,301.327,75.041,519.344
27.200544,-119.241,-68.215,40.332,-7.5357,13.3520,-17.2010,334.782,56.027,480.407
27.217211,-106.577,-61.886,32.716,-10.1880,10.2762,-11.8643,344.725,30.136,425.132
27.233878,-98.565,-55.713,29.566,-13.2023,7.9100,-6.3907,318.702,15.098,383.565
27.250545,-92.544,-49.562,27.919,-16.0359,9.6018,-3.0959,282.507,23.991,373.902
27.267212,-88.400,-43.718,27.380,-14.8634,11.1627,-2.0547,224.896,19.318,351.411
27.283879,-85.574,-38.824,28.123,-13.1578,8.1819,-2.6744,198.730,-18.085,295.541
27.300546,-84.709,-34.884,29.225,-7.2762,5.5351,-6.1749,91.311,-32.748,240.509
27.317213,-85.219,-32.228,30.405,-9.0755,-2.6825,2.3995,8.227,-44.811,164.355
27.333880,-85.042,-29.991,31.509,-8.8390,-6.0852,8.8190,44.571,-45.186,138.898
27.350547,-83.403,-28.609,32.473,-9.0051,-3.8314,9.7309,126.377,-41.908,87.838
27.367214,-81.733,-27.841,33.492,-8.2305,-0.7895,4.7302,128.854,-47.523,52.900
27.383881,-80.409,-28.094,34.706,-6.8379,-0.5935,0.7877,113.290,-65.994,-4.787
27.400548,-79.801,-29.074,36.102,-4.8012,-0.6853,0.0819,76.262,-82.669,-45.144
27.417215,-79.747,-30.205,37.490,-2.7547,-1.0812,0.4137,44.155,-83.434,-53.782
27.433882,-79.577,-31.366,38.686,-1.8654,-0.3620,0.0109,46.601,-73.257,-57.357
27.450549,-78.988,-32.598,39.673,-1.6158,0.4294,-0.1449,66.401,-63.196,-63.148
27.467216,-77.937,-33.837,40.394,-1.1412,0.2980,-0.8131,86.410,-50.471,-65.491
27.483883,-76.718,-35.143,40.830,-1.0533,-0.0696,-1.6715,87.682,-38.349,-71.595
27.500550,-75.674,-36.673,41.046,-1.6888,-0.6185,-1.2173,69.909,-32.248,-86.520
27.517217,-75.318,-38.327,41.095,-2.8736,0.4461,-1.3500,22.826,-27.265,-95.395
27.533884,-75.894,-40.223,41.071,-4.1178,2.2655,-1.2517,-35.765,-27.325,-110.331
27.550551,-77.030,-42.376,41.155,-5.5085,3.0051,-1.4712,-65.134,-34.102,-124.595
27.567218,-77.886,-44.986,41.533,-5.8755,0.8314,0.0563,-36.050,-50.198,-149.209
27.583885,-78.772,-47.782,42.246,-5.2887,0.1000,0.6217,-22.581,-63.051,-158.266
27.600552,-80.447,-50.585,43.338,-4.9781,1.1973,-0.2961,-51.271,-72.671,-157.602
27.617219,-83.212,-53.300,44.872,-4.3514,2.9610,-1.7484,-93.734,-79.561,-153.090
27.633886,-87.306,-56.192,47.046,-3.0541,3.3543,-2.8831,-139.519,-89.610,-166.605
27.650553,-92.867,-59.447,50.152,-0.9036,1.1747,-1.8967,-176.162,-99.247,-195.337
27.667220,-99.433,-62.757,54.211,-0.2649,-0.5168,-0.5176,-181.027,-96.030,-209.890
27.683887,-107.114,-65.783,59.433,-0.5021,0.6780,-1.0194,-178.785,-91.017,-207.731
27.700554,-116.726,-68.254,66.137,-0.0883,3.0970,-2.5345,-206.560,-90.671,-195.871
27.717221,-128.747,-69.986,74.520,1.0412,4.6152,-3.8778,-251.455,-94.947,-184.012
27.733888,-142.742,-70.882,84.658,2.7409,2.4428,-3.1670,-266.650,-103.989,-183.060
27.750555,-157.339,-71.042,95.580,2.3809,-0.3827,-1.6384,-256.453,-98.647,-189.654
27.767222,-171.081,-70.506,106.130,1.7103,-0.7170,-0.9454,-226.887,-87.795,-191.538
27.783889,176.204,-69.396,115.833,1.4044,1.0652,-1.2692,-216.088,-75.539,-196.134
27.800556,164.696,-67.637,123.959,2.2120,3.0661,-2.2863,-236.819,-74.535,-193.370
27.817223,155.216,-65.422,130.408,2.1187,1.7038,-2.0622,-213.997,-72.183,-190.131
27.833890,147.919,-63.000,135.346,1.8373,0.1988,-1.5404,-171.194,-66.634,-182.333
27.850557,142.659,-60.536,139.029,3.0977,-0.5435,-0.5478,-121.082,-62.284,-169.983
27.867224,138.506,-58.102,141.998,4.1177,-1.4874,0.1722,-96.188,-55.370,-162.802
27.883891,134.665,-55.782,144.523,3.5475,-1.3431,0.4429,-103.660,-44.549,-155.529
27.900558,130.455,-53.313,146.728,2.5593,1.1268,-0.6260,-144.979,-43.927,-160.896
27.917225,126.024,-50.724,148.308,3.3812,2.1527,-0.5418,-191.233,-50.546,-157.965
27.933892,123.032,-48.255,149.570,1.6966,-1.0402,-0.7083,-122.134,-43.725,-149.775
27.950559,121.754,-45.984,150.795,-0.0183,-2.8656,-0.5227,-22.946,-31.000,-141.730
27.967226,120.823,-43.883,151.826,0.9066,-2.2322,1.2399,-12.322,-28.248,-130.293
27.983893,118.912,-41.900,152.712,2.9211,-1.4495,2.4053,-78.661,-25.673,-122.400
28.000560,116.050,-39.864,153.449,3.5422,-1.2081,2.1269,-142.897,-26.911,-123.668
28.017227,113.115,-37.846,154.080,2.0716,-1.5318,1.2713,-152.479,-23.743,-122.223
28.033894,111.682,-35.972,154.675,-0.0744,-1.9099,-0.1823,-64.697,-16.608,-114.644
28.050561,111.816,-34.414,155.207,-0.1130,-2.3294,0.5525,26.241,-10.541,-96.324
28.067228,112.500,-33.108,155.636,0.8640,-2.4031,1.9245,55.208,-9.844,-80.474
28.083895,112.846,-31.932,155.967,1.4064,-1.9160,2.7677,31.219,-11.886,-71.333
28.100562,112.756,-30.810,156.232,1.6967,-0.7357,2.3756,2.737,-13.644,-67.121
28.117229,112.220,-29.662,156.424,1.4132,0.4308,1.5844,-26.544,-17.236,-67.305
28.133896,111.670,-28.552,156.590,0.2447,0.1580,0.7056,-28.293,-16.891,-64.793
28.150563,111.601,-27.561,156.748,-0.3507,-0.4468,0.3702,0.121,-14.267,-58.187
28.167230,111.928,-26.777,156.869,0.2935,-0.4903,1.3961,22.772,-11.525,-45.903
28.183897,112.307,-26.139,156.978,0.7408,-0.4980,2.2041,25.461,-9.040,-37.446
28.200564,112.387,-25.678,157.047,1.1468,-0.0968,2.4995,6.429,-7.182,-26.809
28.217231,112.076,-25.256,157.085,1.0829,0.6078,1.8615,-17.852,-7.746,-24.048
28.233898,111.514,-24.838,157.127,0.1762,0.2072,1.1800,-32.822,-7.253,-23.937
28.250565,111.253,-24.478,157.229,-1.1028,-0.9135,0.2850,-13.248,-2.744,-21.904
28.267232,111.254,-24.210,157.344,-1.3095,-1.0741,0.4986,2.699,-0.078,-17.051
28.283899,111.290,-24.034,157.423,-1.1616,-0.7126,0.7791,3.928,0.128,-11.240
28.300566,111.204,-23.954,157.447,-0.5979,-0.0080,0.6857,-4.762,-0.579,-4.811
28.317233,111.090,-23.887,157.425,-0.0602,0.4575,0.2227,-7.592,-2.672,-3.133
28.333900,111.042,-23.831,157.356,0.5827,0.4053,0.0890,-4.694,-4.790,-1.558
28.350567,111.079,-23.794,157.239,0.9644,0.0192,0.0639,-0.852,-6.895,0.382
28.367234,111.176,-23.803,157.063,0.6843,-0.0825,-0.4075,1.419,-8.869,4.185
28.383901,111.224,-23.815,156.859,0.3445,0.5914,-0.5378,-2.264,-10.270,4.880
28.400568,111.095,-23.775,156.589,0.2972,0.9276,-0.2119,-14.475,-14.789,3.326
28.417235,110.868,-23.632,156.274,0.0512,0.5630,-0.4772,-21.395,-19.328,-1.674
28.433902,110.731,-23.403,155.890,-0.1441,0.1415,-0.5560,-17.591,-24.682,-5.150
28.450569,110.899,-23.175,155.450,-0.4851,-0.2240,-1.0523,-0.472,-27.613,-3.990
28.467236,111.336,-22.982,155.017,-0.6759,0.0691,-1.0768,15.827,-26.560,-2.003
28.483903,111.746,-22.855,154.590,-0.0682,1.2639,-0.0620,14.454,-24.887,1.748
28.500570,112.000,-22.682,154.167,0.4801,1.7259,0.2639,5.197,-25.685,-0.769
28.517237,111.971,-22.449,153.754,0.9121,1.4595,0.2767,-11.383,-26.560,-4.221
28.533904,111.736,-22.152,153.322,1.1175,0.7860,-0.0970,-24.089,-28.987,-7.455
28.550571,111.338,-21.816,152.810,0.9216,0.2760,-1.4450,-35.560,-34.036,-8.129
28.567238,110.965,-21.448,152.222,0.3731,-0.0404,-1.8876,-35.548,-38.681,-8.563
28.583905,110.562,-21.063,151.594,0.5512,0.0123,-1.5901,-37.984,-41.162,-8.963
28.600572,109.898,-20.612,150.967,0.7225,0.4160,-1.4893,-53.317,-42.453,-13.076
28.617239,109.236,-19.994,150.358,0.5989,0.4126,-2.3447,-52.576,-44.831,-23.292
28.633906,108.609,-19.223,149.747,0.9820,0.6665,-2.4813,-50.059,-47.784,-32.387
28.650573,108.252,-18.296,149.106,0.6731,0.5830,-3.3442,-33.899,-52.277,-41.046
28.667240,108.113,-17.264,148.468,0.5102,0.9525,-3.6318,-20.203,-54.066,-47.297
28.683907,108.004,-16.053,147.783,0.9764,1.9814,-3.2209,-18.424,-60.117,-56.649
28.700574,107.916,-14.568,146.989,1.2325,2.2528,-3.0306,-17.966,-71.310,-70.423
28.717241,107.873,-12.726,146.052,1.3844,1.3705,-2.8535,-15.941,-86.107,-88.246
28.733908,107.650,-10.653,144.972,1.0983,0.2780,-2.1218,-26.635,-98.530,-98.870
28.750575,107.094,-8.542,143.851,0.8576,-0.1370,-1.6292,-44.650,-101.283,-100.884
28.767242,106.112,-6.450,142.746,1.4886,0.4182,-0.8765,-67.632,-99.005,-101.362
28.783909,104.598,-4.327,141.605,2.4238,1.3869,0.0197,-97.365,-99.598,-104.620
28.800576,102.908,-1.976,140.455,2.1948,1.3947,-0.6169,-105.212,-100.561,-120.455
28.817243,101.099,0.561,139.249,1.5209,0.8228,-0.9933,-109.453,-102.601,-133.655
28.833910,99.449,3.197,137.902,1.5695,0.1038,-1.1646,-96.381,-107.818,-141.054
28.850577,98.212,5.912,136.412,2.2620,-0.5517,-1.7311,-67.115,-113.176,-147.063
28.867244,97.256,8.577,134.771,3.0861,-0.9448,-1.1921,-44.962,-118.416,-145.092
28.883911,96.631,11.201,132.986,3.4171,-1.6903,-0.2961,-19.152,-123.865,-143.362
28.900578,96.258,13.901,131.077,3.2024,-1.7679,0.5280,2.538,-129.303,-148.171
28.917245,95.787,16.661,129.080,2.4919,-1.0189,1.9825,3.277,-132.373,-152.318
28.933912,94.765,19.478,127.035,2.2185,-0.2962,3.4157,-23.256,-131.729,-157.295
28.950579,92.824,22.322,124.839,2.1497,0.0762,4.9550,-69.384,-134.100,-161.877
28.967246,90.180,25.163,122.429,2.0339,-0.4112,4.6736,-100.428,-136.761,-166.622
28.983913,86.965,27.855,119.833,1.5663,-1.0794,3.4978,-123.266,-135.298,-164.671
29.000580,84.055,30.347,117.002,1.2558,-2.0810,2.3153,-91.979,-136.217,-160.400
29.017247,81.996,32.733,113.943,1.4283,-2.4462,1.5308,-27.507,-137.782,-160.737
29.033914,80.119,34.980,110.650,0.8892,-1.6821,2.8974,-2.533,-141.046,-158.336
29.050581,78.007,37.097,107.145,0.4576,-1.1859,3.6190,-3.015,-142.770,-156.632
29.067248,75.739,39.033,103.529,-0.0725,-1.0882,3.7489,-2.302,-139.856,-151.556
29.083915,73.536,40.786,99.775,-0.2675,-0.9313,3.7089,12.280,-138.614,-146.804
29.100582,71.615,42.317,95.866,-0.4338,-0.7125,3.5647,40.320,-139.876,-139.805
29.117249,70.232,43.662,91.790,-0.4826,-1.0156,2.8970,83.688,-142.548,-134.369
29.133916,69.015,44.790,87.553,-0.6798,-0.9601,2.7012,104.270,-147.079,-126.535
29.150583,67.542,45.728,83.249,-1.2992,-0.6263,2.6670,94.963,-147.889,-119.245
29.167250,65.826,46.544,78.828,-1.3707,-0.8988,2.0493,88.185,-149.238,-117.376
29.183917,64.268,47.194,74.445,-1.5476,-0.8641,1.6587,98.389,-146.420,-110.855
29.200584,63.308,47.682,70.145,-1.7066,-0.9145,1.3613,132.292,-143.482,-103.058
29.217251,62.705,48.048,65.991,-1.5566,-0.8989,0.7396,148.584,-138.912,-95.165
29.233918,61.954,48.312,62.081,-1.5927,-0.3244,0.4321,129.628,-131.043,-86.373
29.250585,60.915,48.523,58.440,-1.4734,0.1945,0.2589,100.952,-121.134,-80.208
29.267252,59.960,48.703,55.051,-1.4138,-0.0400,-0.0742,95.137,-111.506,-75.470
29.283919,59.371,48.865,51.847,-1.3840,-0.7039,-0.2212,109.098,-104.287,-72.104
29.300586,59.082,48.982,48.875,-1.4432,-0.3933,0.2399,116.931,-96.986,-65.711
29.317253,58.869,49.075,46.140,-1.4283,-0.0134,0.3631,110.949,-89.230,-60.020
29.333920,58.329,49.162,43.671,-1.4161,0.5093,0.6433,79.466,-79.947,-54.756
29.350587,57.540,49.284,41.386,-1.6337,0.1941,0.2114,56.278,-71.916,-53.548
29.367254,56.962,49.399,39.287,-1.7137,-0.2647,-0.1599,60.705,-65.212,-49.934
29.383921,56.698,49.496,37.346,-1.5381,-0.7561,-0.0944,72.461,-60.141,-46.108
29.400588,56.486,49.590,35.558,-1.4405,-0.6534,0.0771,68.708,-54.950,-42.810
29.417255,56.423,49.686,33.978,-1.6493,-0.4218,-0.1828,68.350,-48.005,-38.488
29.433922,56.411,49.812,32.573,-1.3504,0.0553,-0.0369,63.392,-41.125,-36.204
29.450589,56.283,49.985,31.324,-1.0746,0.2094,0.0935,49.440,-34.452,-35.136
29.467256,55.985,50.190,30.259,-0.8937,0.5084,0.2821,30.963,-27.173,-32.876
29.483923,55.658,50.400,29.373,-1.1198,0.3877,0.0713,21.118,-21.037,-29.264
29.500590,55.396,50.587,28.655,-1.2037,0.3309,-0.1228,17.259,-16.275,-24.510
29.517257,55.279,50.727,28.091,-1.0277,0.3768,-0.3581,18.988,-12.889,-18.946
29.533924,55.422,50.802,27.670,-0.8299,0.4219,-0.6793,27.953,-10.644,-12.532
29.550591,55.783,50.826,27.401,-0.7082,0.7264,-0.8669,33.994,-7.666,-6.759
29.567258,56.140,50.849,27.281,-0.6576,1.1845,-0.6116,26.850,-3.083,-3.492
29.583925,56.372,50.918,27.261,-0.7240,1.2567,-0.1175,14.652,1.595,-3.674
29.600592,56.508,51.050,27.317,-1.1323,1.0216,0.2535,5.295,6.028,-5.214
29.617259,56.738,51.211,27.446,-1.7960,0.6656,0.3807,7.649,9.228,-5.250
29.633926,57.049,51.387,27.602,-2.0870,0.4549,0.7127,11.103,10.527,-5.465
29.650593,57.369,51.576,27.764,-1.9954,0.4627,0.8208,11.411,11.043,-6.070
29.667260,57.650,51.783,27.936,-1.9000,0.6963,0.7009,8.585,11.863,-6.859
29.683927,57.851,52.020,28.082,-1.7301,0.5615,0.4151,4.980,11.917,-8.942
29.700594,58.077,52.255,28.210,-1.4609,0.8195,0.2887,7.301,11.247,-9.314
29.717261,58.367,52.473,28.282,-1.4967,0.6546,0.1467,13.775,8.868,-9.555
29.733928,58.669,52.661,28.299,-1.4552,0.7542,0.2246,17.084,6.119,-9.130
29.750595,58.946,52.822,28.223,-1.5229,0.9775,0.3556,20.045,2.346,-9.517
29.767262,59.182,52.951,28.047,-1.7127,1.2421,0.2126,22.369,-1.855,-9.752
29.783929,59.353,53.046,27.788,-1.6085,1.3645,0.0643,22.458,-5.488,-9.506
29.800596,59.495,53.124,27.486,-1.1902,1.3992,0.0501,22.825,-7.370,-9.430
29.817263,59.688,53.191,27.152,-0.9730,1.4880,0.1130,27.427,-8.764,-9.404
29.833930,59.925,53.261,26.770,-1.1353,1.4220,-0.0456,32.344,-10.188,-10.392
29.850597,60.270,53.322,26.355,-1.3259,1.0759,-0.4666,40.482,-11.549,-10.481
29.867264,60.754,53.388,25.941,-0.9486,0.9251,-0.3827,48.783,-11.495,-10.614
29.883931,61.264,53.492,25.525,-0.4909,0.7581,-0.0207,50.436,-10.490,-12.549
29.900598,61.771,53.640,25.120,-0.2598,0.7198,0.1078,49.768,-8.981,-14.549
29.917265,62.254,53.801,24.754,-0.2788,0.4608,-0.0226,46.473,-7.474,-14.515
29.933932,62.707,53.949,24.478,-0.0186,0.3733,0.0403,40.380,-5.101,-12.276
29.950599,63.083,54.089,24.293,0.0597,0.3470,0.1206,31.339,-2.533,-10.329
29.967266,63.427,54.225,24.194,0.1635,0.0833,0.0057,25.285,-0.013,-8.722
29.983933,63.728,54.363,24.153,0.2445,-0.2624,-0.0135,19.831,1.844,-7.902
30.000600,63.920,54.508,24.175,0.3056,-0.2299,-0.0959,10.263,3.967,-7.343
30.017267,64.039,54.657,24.253,0.3479,-0.2020,-0.1978,3.179,5.828,-6.727
30.033934,64.158,54.807,24.360,0.3914,-0.2153,-0.2398,1.665,6.743,-6.321
30.050601,64.277,54.947,24.454,0.3001,-0.3574,-0.3304,2.320,6.068,-6.076
30.067268,64.326,55.069,24.545,0.4100,-0.1630,-0.1774,-1.724,5.492,-5.106
30.083935,64.326,55.167,24.632,0.2918,-0.0572,-0.0802,-4.455,4.715,-3.875
30.100602,64.279,55.261,24.683,0.2493,-0.0961,0.0215,-5.490,3.518,-4.208
30.117269,64.215,55.351,24.707,0.2612,-0.2125,0.1409,-5.204,2.572,-4.338
30.133936,64.181,55.427,24.680,0.1956,-0.2677,0.1542,-0.884,0.678,-4.398
30.150603,64.163,55.482,24.589,0.2270,-0.1244,0.2618,3.198,-1.830,-4.207
30.167270,64.135,55.511,24.438,0.2297,0.0865,0.2821,5.618,-4.344,-3.631
30.183937,64.145,55.509,24.247,0.0820,0.1185,0.1663,9.849,-6.370,-2.600
30.200604,64.155,55.479,24.055,0.1615,0.2523,0.2833,9.914,-7.122,-1.113
30.217271,64.166,55.435,23.884,0.0456,0.2331,0.1987,8.950,-6.849,-0.066
30.233938,64.217,55.390,23.761,0.0359,0.2721,0.1767,8.939,-5.412,0.745
30.250605,64.319,55.344,23.687,0.0143,0.3044,0.1797,9.556,-3.955,1.520
30.267272,64.457,55.297,23.675,0.0155,0.2338,0.1112,8.693,-2.070,2.470
30.283939,64.639,55.242,23.706,0.0321,0.0218,0.0454,9.204,-0.936,3.539
30.300606,64.842,55.183,23.755,0.1017,-0.0792,0.0895,9.579,-0.470,4.045
30.317273,65.012,55.122,23.809,0.1051,-0.0995,0.1228,7.369,-0.366,4.248
30.333940,65.112,55.053,23.851,0.1565,-0.1400,0.1036,3.749,-0.889,4.475
30.350607,65.180,54.986,23.874,0.0784,-0.1630,0.0703,2.713,-1.420,4.080
30.367274,65.237,54.920,23.883,0.0077,-0.1025,0.0566,2.790,-1.837,3.834
30.383941,65.305,54.845,23.888,0.0082,-0.0551,-0.0456,3.668,-2.191,4.288
30.400608,65.396,54.760,23.895,-0.0133,-0.0867,-0.1509,4.957,-2.363,4.851
30.417275,65.475,54.668,23.906,0.0028,0.0625,-0.2010,3.982,-2.381,5.290
30.433942,65.526,54.586,23.920,-0.1214,0.1412,-0.1579,2.194,-2.073,4.851
30.450609,65.524,54.526,23.946,-0.1604,0.1415,-0.1845,-1.577,-1.121,3.763
30.467276,65.539,54.498,24.010,-0.0374,0.1548,-0.1635,-2.456,0.871,2.577
30.483943,65.610,54.493,24.114,0.0097,0.1815,0.0423,-1.013,2.742,1.842
30.500610,65.676,54.493,24.237,0.0982,0.2143,0.1449,-2.178,3.434,1.891
30.517277,65.707,54.453,24.364,0.0989,0.2085,0.2001,-4.558,2.581,4.150
30.533944,65.681,54.383,24.483,-0.0711,0.3116,0.2054,-7.560,1.613,5.668
30.550611,65.652,54.294,24.607,-0.3041,0.3661,0.0676,-8.012,1.304,6.725
30.567278,65.636,54.212,24.754,-0.2066,0.3459,0.1052,-8.279,2.206,6.689
30.583945,65.673,54.132,24.942,-0.0649,0.3801,0.1506,-7.102,3.534,7.192
30.600612,65.779,54.049,25.159,-0.1352,0.2190,0.0782,-4.389,4.430,7.780
30.617279,65.921,53.939,25.399,-0.3091,0.2731,-0.0071,-3.367,4.549,9.603
30.633946,66.002,53.798,25.654,-0.2981,0.7624,0.1627,-7.638,4.276,11.496
30.650613,65.927,53.597,25.995,-0.3035,1.3937,0.3820,-21.249,5.691,16.002
30.667280,65.669,53.347,26.498,-0.4013,1.3639,0.5325,-39.890,9.688,21.105
30.683947,65.267,53.115,27.129,-0.7537,0.7863,0.1136,-54.650,14.277,22.122
30.700614,64.892,52.913,27.865,-0.8624,0.4606,-0.2242,-57.996,18.440,22.220
30.717281,64.569,52.770,28.675,-0.7113,0.7927,-0.1953,-58.290,22.279,20.281
30.733948,64.180,52.663,29.601,-0.4642,1.1301,0.2114,-67.800,26.982,20.351
30.750615,63.470,52.486,30.737,-0.0174,2.2126,1.0753,-96.945,31.860,27.815
30.767282,62.436,52.207,32.074,-0.1057,1.7805,1.7262,-125.765,35.406,37.090
30.783949,60.978,51.848,33.404,-0.0380,0.7844,1.3469,-150.568,32.357,42.142
30.800616,59.283,51.343,34.697,0.2840,0.5557,0.9989,-162.693,26.053,50.119
30.817283,57.717,50.732,35.863,0.1581,0.3809,0.5330,-148.621,17.710,54.064
30.833950,56.452,50.095,36.901,0.2454,0.2379,0.1838,-124.098,11.908,53.473
30.850617,55.421,49.464,37.810,0.4326,0.0977,-0.0840,-103.801,7.397,50.855
30.867284,54.601,48.846,38.587,0.6675,-0.0372,-0.2960,-84.680,3.109,47.650
30.883951,54.015,48.212,39.279,0.8533,-0.0883,-0.2033,-66.526,-0.436,46.648
30.900618,53.631,47.576,39.859,0.9215,-0.2284,-0.1239,-49.149,-4.242,44.386
30.917285,53.409,46.973,40.275,0.6753,-0.6425,-0.4570,-31.894,-8.405,38.861
30.933952,53.330,46.414,40.515,0.7489,-1.1493,-0.6579,-15.423,-12.595,32.571
30.950619,53.110,45.867,40.651,0.8911,-0.5296,0.2147,-19.388,-15.610,29.505
30.967286,52.628,45.316,40.728,0.5140,-0.2907,0.5370,-32.446,-17.821,28.102
30.983953,51.898,44.783,40.768,0.4819,-0.5906,0.3976,-45.829,-18.638,26.125
31.000620,50.827,44.297,40.802,0.4726,-0.6523,0.5780,-65.915,-17.512,23.489
31.017287,49.599,43.817,40.813,0.4563,-0.8043,0.3056,-74.401,-18.434,22.241
31.033954,48.363,43.288,40.890,0.2634,-0.3030,0.4050,-77.576,-18.691,25.984
31.050621,47.096,42.716,41.052,0.2510,-0.2957,0.6266,-82.961,-18.173,30.050
31.067288,45.573,42.101,41.249,0.4072,-0.2199,1.0851,-99.570,-19.505,32.531
31.083955,43.851,41.436,41.406,0.1579,-0.4797,0.9058,-109.836,-23.751,32.914
31.100622,42.079,40.710,41.508,-0.0659,-0.4964,0.5623,-110.606,-29.000,32.916
31.117289,40.236,39.971,41.532,-0.3861,-0.5624,0.2829,-111.792,-32.990,29.896
31.133956,38.357,39.239,41.493,-0.3344,-0.4565,0.1133,-111.491,-35.424,26.287
31.150623,36.472,38.502,41.408,-0.1993,-0.0378,0.5210,-110.188,-37.812,23.571
31.167290,34.581,37.761,41.282,0.0165,0.1414,0.7668,-109.064,-39.877,20.866
31.183957,32.671,37.020,41.136,-0.0947,0.0867,0.6311,-109.538,-41.191,18.714
31.200624,31.048,36.236,40.989,0.1555,-0.3680,-0.0308,-92.448,-43.937,18.687
31.217291,29.748,35.421,40.855,0.2889,-0.3857,-0.0979,-73.562,-45.703,18.977
31.233958,28.631,34.576,40.743,0.1824,-0.1250,-0.0537,-63.393,-47.206,19.767
31.250625,27.603,33.754,40.598,0.1316,-0.1590,-0.4978,-57.143,-47.101,16.819
31.267292,26.614,32.959,40.476,0.0328,0.3535,-0.3019,-55.571,-45.481,16.196
31.283959,25.586,32.172,40.412,-0.0726,0.5860,0.1813,-59.917,-44.076,17.742
31.300626,24.538,31.397,40.397,-0.0946,0.4331,-0.0024,-62.698,-42.649,18.866
31.317293,23.543,30.612,40.446,0.0479,0.1958,-0.1623,-61.501,-42.211,21.394
31.333960,22.654,29.832,40.561,0.0193,0.1505,-0.4913,-57.119,-40.923,23.692
31.350627,21.885,28.843,40.522,-0.9160,-0.7914,-0.3976,-45.273,-55.843,20.462
31.367294,21.145,28.158,40.600,0.5971,0.7321,-0.8967,-46.948,-36.953,18.752
31.383961,20.337,27.460,40.629,0.3819,0.0777,-0.2389,-49.620,-38.845,16.169
31.400628,19.597,26.778,40.634,-0.0567,-0.0486,-0.2399,-44.868,-38.556,14.095
31.417295,18.918,26.101,40.619,-0.0149,0.0493,-0.4621,-40.639,-38.765,12.532
31.433962,18.337,25.491,40.679,0.0967,0.1014,-0.4328,-36.754,-33.849,14.641
31.450629,17.845,24.868,40.757,-0.0569,-0.0565,-0.2182,-31.807,-34.407,15.482
31.467296,17.408,24.306,40.869,-0.0977,0.1188,0.1141,-29.353,-30.463,15.926
31.483963,17.021,23.759,41.013,0.1386,0.1603,0.1618,-27.058,-29.164,17.144
31.500630,16.685,23.394,41.328,0.4026,0.3143,-0.0066,-28.074,-16.123,22.832
31.517297,16.473,22.938,41.522,-0.5424,-0.8835,0.2175,-17.588,-23.307,17.936
31.533964,16.354,22.455,41.652,-0.0325,0.0170,-0.0644,-10.505,-25.969,14.998
31.550631,16.335,21.927,41.727,0.2462,0.0276,-0.0850,-3.113,-29.378,12.776
31.567298,16.373,21.295,41.881,0.3026,-0.1161,0.0509,-1.504,-34.140,18.874
31.583965,16.574,20.357,42.005,0.2942,0.8465,-0.4803,9.115,-52.194,22.509
31.600632,16.427,19.517,41.956,-0.5716,0.5439,0.2844,-8.155,-49.225,11.575
31.617299,16.157,18.857,41.694,-0.2696,0.3184,0.2065,-11.325,-42.361,-3.235
31.633966,15.914,18.259,41.563,0.2589,0.4455,0.2328,-12.428,-36.677,2.597
31.650633,15.904,17.361,41.612,0.4543,0.3116,-0.1554,-1.847,-51.238,17.359
31.667300,16.036,16.241,41.869,-0.5591,-0.2015,0.5466,3.093,-60.650,32.599
31.683967,16.210,15.021,42.274,-0.3551,-0.0417,0.6007,3.505,-63.969,42.698
31.700634,16.390,13.754,42.815,-0.4289,-0.5228,0.5379,2.403,-64.307,51.398
31.717301,16.741,12.279,43.148,-0.0596,-1.3066,-0.1535,16.216,-79.454,43.777
31.733968,17.433,10.511,43.233,0.3737,-0.3771,-0.5213,40.113,-100.110,35.881
31.750635,18.164,8.802,43.254,0.9589,0.4774,0.7508,43.327,-97.402,32.497
31.767302,18.774,6.687,43.257,0.7613,0.7856,0.1738,36.221,-120.473,40.307
31.783969,19.150,4.464,43.716,-0.7469,-0.1977,-0.2396,19.521,-117.387,69.217
31.800636,19.376,2.277,44.495,-0.7528,0.3476,0.1515,10.452,-108.620,87.315
31.817303,19.172,0.584,45.596,0.7988,1.6122,-0.0970,-14.265,-74.202,95.777
31.833970,18.733,-0.502,46.664,0.7855,0.7582,-0.4010,-26.804,-40.923,81.750
31.850637,18.522,-1.495,47.372,0.0784,-0.2101,-0.7581,-12.257,-43.035,59.191
31.867304,18.575,-2.486,47.696,-0.4016,-0.8132,-0.8711,3.468,-50.270,37.277
31.883971,18.687,-3.376,47.808,-0.2869,-0.4934,-0.3068,6.653,-48.625,23.387
31.900638,18.724,-4.688,47.660,0.2805,0.1793,0.2365,1.206,-77.512,16.807
31.917305,18.605,-6.186,47.641,0.3283,0.5075,0.1103,-7.603,-85.637,27.677
31.933972,18.359,-7.841,47.868,0.6690,1.0619,0.5472,-13.477,-89.962,44.237
31.950639,18.054,-9.109,48.372,0.7884,0.9893,-0.5049,-14.236,-63.034,52.125
31.967306,17.836,-9.712,48.984,0.5730,0.3147,-0.9871,-7.473,-23.360,45.588
31.983973,17.803,-10.030,49.260,-0.4586,-0.8515,-1.4245,0.461,-13.248,21.336
32.000640,17.728,-10.177,49.486,-0.8421,0.1858,-1.1038,-2.497,-4.393,15.342
32.017307,17.572,-10.226,49.860,-0.5525,0.6484,-0.5793,-5.763,3.792,21.901
32.033974,17.385,-10.286,50.351,-0.5443,0.5260,-0.0280,-6.385,5.226,28.640
32.050641,17.112,-10.361,50.977,-0.5007,0.5682,-0.0564,-10.092,6.554,36.625
32.067308,16.839,-10.263,51.602,-0.1028,0.3374,-0.6857,-10.103,16.335,33.474
32.083975,16.659,-9.789,52.189,0.2488,0.4520,-0.6901,-5.063,37.126,24.964
32.100642,16.664,-8.982,52.744,0.5749,0.2495,-0.5222,5.238,55.732,17.490
32.117309,16.898,-7.940,53.185,0.3454,0.0914,-0.7108,17.523,67.340,6.912
32.133976,17.263,-7.000,53.491,-0.3911,-0.0805,-0.5158,23.888,59.195,0.765
32.150643,17.582,-6.405,53.767,-0.4571,-0.2252,0.5682,20.653,38.923,4.902
32.167310,17.803,-6.014,54.056,-0.4385,-0.0560,0.5028,14.764,27.525,9.239
32.183977,17.796,-5.685,54.421,-0.0116,0.2951,0.5107,1.350,25.380,14.635
32.200644,17.778,-5.369,54.809,0.1038,0.0768,0.0669,0.793,25.010,16.166
32.217311,17.827,-5.085,55.164,0.1033,0.1156,-0.2341,4.436,22.642,14.876
32.233978,17.946,-4.813,55.503,0.0022,0.3240,-0.3423,8.485,21.655,14.211
32.250645,18.205,-4.469,55.829,0.0863,0.4976,-0.3476,16.743,25.578,12.016
32.267312,18.605,-4.189,56.090,0.1227,0.0709,0.1634,24.808,20.836,9.420
32.283979,19.011,-4.003,56.308,0.0661,0.2059,0.4739,24.845,14.664,8.664
32.300646,19.321,-3.933,56.576,-0.0262,0.1641,0.3532,19.318,9.171,13.638
32.317313,19.543,-3.898,56.830,0.0320,0.0851,0.1337,13.995,6.958,13.584
32.333980,19.753,-3.867,57.019,-0.1035,-0.1256,0.3515,12.944,5.443,9.881
32.350647,19.920,-3.809,57.194,-0.2024,-0.0265,0.1205,10.336,6.759,8.611
32.367314,20.083,-3.604,57.402,-0.2111,0.0923,-0.0956,10.236,15.714,7.365
32.383981,20.378,-3.169,57.714,0.1303,0.4137,-0.8027,18.375,30.925,8.415
32.400648,20.824,-2.484,58.157,0.0245,0.3671,-0.4367,27.704,47.691,10.292
32.417315,21.276,-1.699,58.775,-0.7771,0.9001,-0.2795,28.099,57.219,17.552
32.433982,21.686,-1.140,59.424,-0.5960,0.2217,1.6791,25.162,45.338,23.810
32.450649,21.971,-0.935,59.913,-0.6563,-0.4775,1.9198,17.222,22.239,22.506
32.467316,22.224,-0.771,60.292,-0.3205,-0.1232,0.4284,15.076,17.566,17.204
32.483983,22.621,-0.532,60.602,-0.0990,-0.0693,-0.3049,23.659,20.263,11.594
32.500650,23.223,-0.268,60.825,-0.1483,-0.1840,-0.3354,35.783,19.685,6.029
32.517317,23.923,-0.006,60.962,-0.6842,-0.2701,0.2930,41.603,17.606,1.153
32.533984,24.525,0.094,61.114,-1.1999,-0.0314,0.9706,35.714,9.086,5.724
32.550651,24.884,0.046,61.405,-1.3982,0.5218,0.8750,21.126,4.530,16.911
32.567318,25.047,-0.040,61.796,-1.4828,0.8861,0.2644,9.339,5.055,23.344
32.583985,25.187,-0.108,62.249,-1.4385,0.6429,-0.7020,7.925,7.649,26.149
32.600652,25.432,-0.126,62.752,-1.3577,0.5930,-0.7795,14.292,11.796,27.560
32.617319,25.817,-0.124,63.267,-1.3158,0.4473,-0.4520,22.649,13.324,27.618
32.633986,26.270,-0.165,63.807,-1.1928,0.5226,-0.0995,26.710,11.801,29.996
32.650653,26.637,-0.200,64.410,-1.2175,0.4238,0.3362,21.609,14.034,33.104
32.667320,26.880,-0.268,65.061,-1.0368,0.3399,0.3308,14.166,13.807,36.520
32.683987,27.067,-0.343,65.732,-0.6293,0.2940,-0.0673,10.892,14.005,37.664
32.700654,27.242,-0.403,66.395,-0.3562,0.2952,-0.0876,10.160,14.798,36.766
32.717321,27.393,-0.439,67.011,-0.2339,0.3910,-0.1407,8.727,14.847,33.592
32.733988,27.483,-0.499,67.607,0.0054,0.6584,-0.1035,5.126,13.092,33.139
32.750655,27.459,-0.599,68.223,-0.1961,0.6960,0.1661,-1.679,11.518,35.363
32.767322,27.310,-0.701,68.886,-0.4360,0.7164,0.1259,-9.058,12.698,37.826
32.783989,27.153,-0.801,69.576,-0.7483,0.6568,-0.1495,-9.516,13.443,39.277
32.800656,27.070,-0.937,70.286,-0.8769,0.5979,-0.3801,-4.890,11.987,41.333
32.817323,27.092,-1.100,71.000,-0.9325,0.3498,-0.1495,1.445,10.617,42.318
32.833990,27.146,-1.320,71.695,-0.9051,0.2567,-0.0103,3.455,7.104,42.781
32.850657,27.201,-1.540,72.343,-0.8824,0.2976,-0.0129,3.660,5.857,40.269
32.867324,27.163,-1.706,72.973,-1.1036,0.3080,-0.0059,-1.833,8.195,37.832
32.883991,27.010,-1.838,73.599,-0.9300,0.3965,0.1197,-8.685,9.868,36.707
32.900658,26.799,-2.004,74.241,-0.6568,0.3861,0.0175,-12.036,8.397,38.536
32.917325,26.596,-2.202,74.906,-0.5328,0.1407,0.1269,-11.430,7.167,40.611
32.933992,26.448,-2.441,75.581,-0.3444,0.1599,-0.0665,-7.871,5.062,42.224
32.950659,26.301,-2.727,76.258,-0.2787,0.4663,-0.1518,-7.712,2.521,43.618
32.967326,26.128,-3.027,76.913,-0.4202,0.5372,-0.1258,-9.057,1.059,42.827
32.983993,25.973,-3.310,77.543,-0.3482,0.3174,-0.0199,-7.892,1.175,41.011
33.000660,25.813,-3.583,78.140,-0.3261,0.0233,0.1893,-8.128,0.762,38.993
33.017327,25.635,-3.848,78.731,-0.2197,-0.0803,0.2005,-9.046,0.882,38.414
33.033994,25.484,-4.125,79.330,0.1275,0.1701,0.0061,-7.256,0.381,39.138
33.050661,25.361,-4.421,79.920,0.1963,0.2536,0.0963,-5.408,-1.014,39.174
33.067328,25.242,-4.691,80.477,0.1555,0.3097,0.0453,-5.170,-0.507,36.712
33.083995,25.116,-4.926,80.937,0.2331,0.6593,0.0782,-5.920,-1.162,30.498
33.100662,24.997,-5.137,81.273,0.2068,1.0982,0.1688,-5.991,-3.073,23.226
33.117329,24.917,-5.318,81.522,0.2951,1.4158,0.1752,-4.077,-3.645,17.755
33.133996,24.918,-5.446,81.709,-0.2292,0.8599,0.1651,0.469,-2.316,12.961
33.150663,24.936,-5.567,81.950,-1.0451,-0.3985,0.2374,1.774,-0.584,15.722
33.167330,24.958,-5.730,82.305,-1.3109,-0.9941,0.3176,2.787,0.008,22.966
33.183997,24.938,-5.892,82.707,-1.1306,-0.8217,0.4435,0.582,1.241,25.480
33.200664,24.862,-6.046,83.123,-0.8069,-0.3882,0.3901,-2.659,1.965,26.078
33.217331,24.750,-6.185,83.518,-0.4400,-0.0157,0.1490,-4.879,2.234,24.506
33.233998,24.645,-6.370,83.863,-0.1885,0.2046,0.0828,-4.698,-1.604,23.039
33.250665,24.546,-6.620,84.173,0.0336,0.2827,-0.0434,-4.486,-6.027,22.684
33.267332,24.477,-6.881,84.470,0.2229,0.3154,-0.0756,-2.735,-6.972,22.285
33.283999,24.392,-7.110,84.844,-0.1497,0.0320,-0.0713,-3.013,-3.378,25.606
33.300666,24.300,-7.238,85.234,-0.2069,0.0874,-0.2350,-3.258,2.455,23.971
33.317333,24.202,-7.303,85.639,-0.2297,-0.0272,-0.3436,-3.460,6.243,23.269
33.334000,24.097,-7.386,86.100,-0.3421,-0.2767,-0.4210,-3.469,6.624,26.769
33.350667,24.030,-7.489,86.629,-0.0227,-0.1539,-0.5707,-0.521,7.136,30.910
33.367334,24.049,-7.613,87.222,0.2798,0.3307,-0.4637,5.168,7.489,34.909
33.384001,24.122,-7.759,87.907,0.4477,0.4324,-0.0573,9.219,8.553,40.463
33.400668,24.224,-7.861,88.615,0.4076,0.0565,0.0894,11.314,11.587,40.613
33.417335,24.314,-7.845,89.342,0.1425,-0.3191,0.0920,10.709,18.516,38.706
33.434002,24.303,-7.780,90.089,0.0447,-0.5461,0.0851,4.824,21.764,38.515
33.450669,24.163,-7.726,90.841,0.1295,-0.2517,0.1001,-2.888,21.223,39.151
33.467336,23.965,-7.685,91.570,0.3741,0.5297,-0.0070,-6.571,19.898,38.301
33.484003,23.763,-7.695,92.342,0.4433,1.0465,-0.1389,-6.494,17.903,41.921
33.500670,23.605,-7.705,93.135,0.4850,1.0880,0.0843,-3.609,18.334,43.126
33.517337,23.488,-7.687,93.924,0.4171,1.1404,0.2378,-1.253,19.713,42.312
33.534004,23.404,-7.663,94.703,0.2975,1.0879,0.1583,0.712,19.712,41.569
33.550671,23.339,-7.624,95.454,0.2210,0.9881,0.2904,1.545,19.874,39.744
33.567338,23.283,-7.591,96.162,0.2803,1.0604,0.1446,1.755,18.483,37.554
33.584005,23.249,-7.567,96.838,0.2284,1.0465,0.0932,2.838,17.148,35.988
33.600672,23.266,-7.574,97.483,0.2647,1.0009,-0.0645,5.594,14.815,35.065
33.617339,23.362,-7.581,98.075,0.2966,1.0989,0.1251,9.968,13.567,32.108
33.634006,23.488,-7.584,98.634,0.1802,1.0393,0.1830,11.553,13.033,30.204
33.650673,23.639,-7.604,99.151,0.1431,1.1011,0.2876,12.671,11.226,28.298
33.667340,23.827,-7.682,99.640,0.0617,1.1252,0.3834,14.731,7.494,28.092
33.684007,24.064,-7.810,100.092,0.0375,1.2903,0.2719,17.426,3.893,27.262
33.700674,24.376,-8.008,100.502,0.2168,1.3781,0.1277,21.651,-0.789,26.626
33.717341,24.751,-8.250,100.894,0.2404,1.1793,0.3386,25.388,-3.508,26.817
33.734008,25.152,-8.518,101.233,0.2536,1.0759,0.4950,26.616,-6.034,24.564
33.750675,25.530,-8.776,101.544,0.2281,1.0839,0.4090,25.083,-6.015,22.828
33.767342,25.873,-9.030,101.854,0.1634,1.1788,0.2448,23.005,-5.707,22.660
33.784009,26.288,-9.259,102.128,0.2836,1.2459,0.1033,27.089,-5.192,20.137
33.800676,26.758,-9.378,102.360,0.4441,1.4729,0.2483,30.069,-0.165,14.962
33.817343,27.188,-9.387,102.547,0.5641,1.3781,0.4930,27.261,4.589,9.618
33.834010,27.554,-9.255,102.678,0.6352,1.1996,0.6377,22.836,10.662,2.753
33.850677,27.818,-8.958,102.777,0.6870,1.2765,0.9229,16.417,18.532,-3.654
33.867344,28.032,-8.522,102.797,0.9111,0.8381,1.0005,12.655,23.745,-11.736
33.884011,28.208,-8.021,102.706,0.9043,-0.0168,1.1791,9.438,24.027,-19.477
33.900678,28.346,-7.651,102.562,1.0471,-0.7852,0.9552,6.798,15.556,-18.564
33.917345,28.571,-7.530,102.379,1.2748,-0.7303,0.3301,11.734,1.231,-13.531
33.934012,28.948,-7.635,102.176,1.2609,-0.2419,-0.2166,20.713,-11.261,-8.058
33.950679,29.457,-7.908,101.952,1.1647,0.1695,-0.5117,28.421,-20.782,-4.105
33.967346,30.042,-8.294,101.704,1.2294,0.4919,-0.7453,32.781,-27.427,-1.748
33.984013,30.628,-8.685,101.408,1.1896,0.3604,-0.7544,32.248,-29.108,-3.737
34.000680,31.122,-9.006,101.082,1.3555,0.3645,-0.1134,26.411,-26.439,-7.160
34.017347,31.359,-9.269,100.717,1.3345,-0.6007,0.5840,10.530,-24.690,-10.725
34.034014,31.311,-9.389,100.290,1.2755,-0.7482,0.7586,-7.212,-19.299,-18.215
34.050681,31.057,-9.389,99.778,1.3278,-0.6501,0.6535,-20.495,-15.681,-26.365
34.067348,30.723,-9.380,99.142,1.5359,-0.1252,0.6729,-26.422,-18.881,-32.947
34.084015,30.427,-9.393,98.380,1.8111,0.2266,0.3892,-25.370,-23.621,-38.773
34.100682,30.295,-9.415,97.501,1.7317,0.2117,-0.1385,-16.666,-27.466,-44.541
34.117349,30.395,-9.443,96.501,1.5448,0.1691,-0.7678,-3.927,-31.309,-50.516
34.134016,30.665,-9.485,95.403,1.2400,0.0997,-0.6714,5.219,-35.176,-55.005
34.150683,31.029,-9.503,94.158,0.9395,0.1951,-0.7608,9.401,-38.699,-62.994
34.167350,31.361,-9.461,92.847,0.2718,0.1452,-0.7253,6.910,-38.032,-67.977
34.184017,31.606,-9.392,91.497,0.3989,0.2123,-0.8707,1.273,-38.243,-70.606
34.200684,31.833,-9.331,90.095,0.5847,0.3657,-0.9057,-0.120,-40.494,-72.813
34.217351,32.064,-9.332,88.656,0.8837,0.4083,-0.8947,-0.286,-45.079,-72.534
34.234018,32.327,-9.379,87.172,1.1289,0.3446,-0.8216,1.217,-49.189,-73.162
34.250685,32.652,-9.426,85.623,0.9462,0.1117,-0.8669,4.197,-51.634,-76.094
34.267352,33.019,-9.425,84.002,0.3367,-0.0349,-0.8888,6.008,-51.960,-80.915
34.284019,33.274,-9.336,82.362,-0.0308,-0.2429,-0.4186,-0.852,-48.592,-84.477
34.300686,33.247,-9.203,80.723,0.1938,-0.2722,0.1873,-17.602,-46.510,-85.761
34.317353,33.010,-9.059,79.054,0.1499,-0.1510,0.0470,-30.236,-46.739,-87.807
34.334020,32.735,-8.924,77.373,0.0783,-0.0813,-0.0640,-32.422,-47.268,-88.305
34.350687,32.542,-8.847,75.710,0.0208,-0.1150,-0.2833,-27.119,-49.257,-85.789
34.367354,32.419,-8.842,74.033,0.0934,-0.3073,-0.1441,-23.034,-53.075,-84.275
34.384021,32.255,-8.948,72.312,0.0677,-0.2823,0.0517,-25.916,-59.897,-83.000
34.400688,31.945,-9.095,70.575,-0.1315,-0.1748,0.2389,-35.113,-62.122,-82.713
34.417355,31.462,-9.247,68.807,-0.3446,-0.0288,0.1287,-46.094,-62.792,-84.526
34.434022,30.846,-9.412,67.004,-0.5354,-0.0425,-0.1468,-54.676,-63.674,-86.435
34.450689,30.285,-9.550,65.163,-0.4102,-0.1085,-0.0137,-52.063,-62.492,-89.803
34.467356,29.855,-9.729,63.328,-0.2606,-0.2572,0.2716,-44.514,-63.635,-88.747
34.484023,29.491,-9.959,61.546,-0.2464,-0.5063,0.5209,-40.356,-64.121,-84.887
34.500690,29.065,-10.256,59.894,-0.5946,-0.8846,0.7510,-43.197,-63.245,-76.578
34.517357,28.539,-10.549,58.349,-0.9437,-1.1296,0.5838,-48.522,-59.285,-71.615
34.534024,27.947,-10.818,56.865,-1.1509,-1.2274,0.2475,-52.307,-55.591,-69.570
34.550691,27.386,-11.017,55.415,-1.0183,-1.3338,0.2170,-50.400,-50.289,-70.244
34.567358,26.793,-11.180,54.030,-0.5915,-1.2660,0.5107,-51.865,-45.818,-68.246
34.584025,26.150,-11.278,52.698,-0.2434,-1.3556,0.6641,-54.432,-40.284,-67.649
34.600692,25.489,-11.298,51.444,-0.1444,-1.5852,0.4415,-54.647,-33.264,-65.946
34.617359,24.860,-11.322,50.269,-0.2738,-1.7800,0.1733,-51.827,-30.750,-62.003
34.634026,24.281,-11.369,49.165,-0.3898,-1.8037,-0.1295,-48.040,-29.610,-57.955
34.650693,23.716,-11.440,48.137,-0.1374,-1.5794,-0.3893,-46.323,-28.607,-53.510
34.667360,23.156,-11.530,47.153,0.4542,-1.3823,-0.4357,-45.591,-28.027,-50.929
34.684027,22.608,-11.602,46.165,1.1108,-1.0496,-0.4829,-44.996,-26.646,-51.793
34.700694,22.058,-11.654,45.173,1.4617,-0.9119,-0.3453,-45.198,-25.102,-52.698
34.717361,21.530,-11.709,44.171,1.6947,-0.9517,0.0166,-43.991,-25.033,-53.428
34.734028,21.080,-11.730,43.155,1.7960,-1.2630,0.3920,-39.563,-22.860,-55.102
34.750695,20.733,-11.760,42.134,1.8134,-1.3657,0.6415,-33.415,-23.153,-55.327
34.767362,20.444,-11.829,41.145,1.6375,-1.3600,0.6130,-29.530,-24.356,-52.782
34.784029,20.142,-11.936,40.196,1.3571,-1.4490,0.6127,-29.914,-25.340,-49.980
34.800696,19.828,-12.022,39.157,1.2931,-1.2083,0.8829,-31.826,-25.747,-55.429
34.817363,19.430,-12.069,38.009,1.0263,-0.6712,1.1918,-38.298,-25.267,-62.417
34.834030,18.932,-12.077,36.766,0.7076,-0.5051,1.2928,-45.516,-24.394,-68.592
34.850697,18.389,-12.080,35.486,0.3843,-0.3150,1.1435,-48.632,-24.187,-70.936
34.867364,17.867,-12.159,34.248,0.3485,-0.1664,1.0265,-46.937,-27.095,-67.392
34.884031,17.482,-12.333,33.083,0.6439,-0.0981,0.7871,-37.984,-30.698,-61.801
34.900698,17.378,-12.620,32.007,0.8062,-0.1625,0.2975,-20.202,-35.286,-54.828
34.917365,17.593,-13.046,31.037,0.6832,-0.3848,0.1290,-0.025,-41.390,-46.293
34.934032,18.064,-13.530,30.106,0.5957,-0.4188,0.2634,15.414,-44.239,-42.741
34.950699,18.636,-14.019,29.173,0.1761,-0.3882,0.4901,20.952,-44.893,-42.278
34.967366,19.182,-14.494,28.230,-0.2147,-0.3989,0.4468,18.878,-44.683,-42.463
34.984033,19.709,-14.973,27.312,-0.3954,-0.3759,0.3597,17.591,-44.835,-40.541
35.000700,20.247,-15.392,26.416,-0.6638,-0.2247,-0.0045,18.138,-41.318,-40.057
35.017367,20.796,-15.707,25.538,-0.7981,-0.0122,-0.1281,18.823,-35.446,-40.752
35.034034,21.357,-15.964,24.700,-0.9016,0.0474,0.0978,19.944,-31.749,-39.518
35.050701,21.943,-16.172,23.899,-1.0001,0.2463,-0.0678,21.820,-28.613,-38.166
35.067368,22.624,-16.335,23.141,-0.9101,0.5764,-0.4833,28.061,-25.612,-36.611
35.084035,23.446,-16.445,22.443,-0.6890,0.7968,-0.6918,37.472,-21.776,-34.268
35.100702,24.311,-16.484,21.814,-0.5622,0.8148,-0.6497,41.118,-16.837,-32.072
35.117369,25.144,-16.415,21.222,-0.2652,0.7221,-0.6658,39.776,-10.491,-32.568
35.134036,25.942,-16.227,20.656,-0.2623,0.7230,-1.0280,38.284,-3.901,-34.178
35.150703,26.710,-15.967,20.113,-0.3095,0.5211,-1.0567,36.902,0.101,-34.909
35.167370,27.449,-15.727,19.608,0.1005,0.3665,-0.8688,35.945,-0.468,-32.415
35.184037,28.103,-15.576,19.195,0.2319,0.0792,-0.4778,32.405,-3.182,-25.289
35.200704,28.670,-15.414,18.869,0.5096,-0.0964,-0.0886,28.656,-0.391,-21.120
35.217371,29.088,-15.201,18.639,0.2891,-0.4397,0.3170,21.298,4.711,-17.773
35.234038,29.474,-14.904,18.354,0.0624,-0.5858,0.0452,18.562,7.480,-23.022
35.250705,29.800,-14.603,18.043,0.0455,-0.2297,-0.1631,14.694,6.736,-24.566
35.267372,30.048,-14.380,17.684,0.2990,-0.2249,-0.3479,9.388,1.173,-24.643
35.284039,30.253,-14.224,17.246,0.8559,-0.0064,-0.5347,5.675,-4.726,-26.653
35.300706,30.399,-14.105,16.753,1.3192,0.2953,-0.5545,1.386,-8.291,-28.300
35.317373,30.509,-13.920,16.229,1.2464,0.4439,-0.2609,-1.137,-5.920,-31.840
35.334040,30.622,-13.646,15.639,1.2215,0.4681,0.0313,-1.769,-3.281,-37.917
35.350707,30.790,-13.317,14.963,1.2727,0.4550,0.4424,0.503,-3.181,-43.919
35.367374,30.982,-13.007,14.221,1.0489,0.5702,0.5611,1.244,-6.204,-46.711
35.384041,31.106,-12.719,13.426,0.5967,0.7468,0.2481,-3.318,-9.147,-48.674
35.400708,31.074,-12.447,12.591,0.4267,0.9186,-0.4528,-13.021,-11.239,-50.266
35.417375,30.949,-12.205,11.693,0.2804,0.8935,-1.1994,-19.111,-14.534,-52.523
35.434042,30.816,-11.987,10.737,0.3237,1.0252,-1.8581,-20.190,-17.541,-54.809
35.450709,30.712,-11.802,9.747,0.2801,0.9291,-2.3150,-18.659,-20.115,-55.580
35.467376,30.594,-11.626,8.836,0.5460,0.7682,-2.1322,-18.387,-18.132,-51.390
35.484043,30.391,-11.340,7.943,0.6539,0.3591,-1.3034,-23.072,-11.788,-53.875
35.500710,29.922,-10.791,7.131,0.7163,0.0998,-0.4562,-37.723,4.534,-57.844
35.517377,29.333,-10.076,6.309,0.3320,0.3933,-0.7391,-44.470,13.388,-63.292
35.534044,28.813,-9.404,5.427,0.1476,0.8100,-1.1662,-40.415,9.982,-65.165
35.550711,28.483,-8.841,4.402,-0.1121,0.9404,-1.1296,-29.770,0.613,-69.444
35.567378,28.204,-8.288,3.349,0.1455,0.8849,-0.3255,-26.379,-0.655,-70.608
35.584045,27.699,-7.805,2.331,0.3723,0.9762,-0.0364,-39.039,-2.906,-66.952
35.600712,27.046,-7.458,1.240,0.3550,0.6459,-0.0665,-48.339,-10.759,-67.161
35.617379,26.352,-7.201,0.046,0.5141,0.5673,0.0159,-51.079,-18.083,-70.383
35.634046,25.718,-6.994,-1.242,0.6971,0.5603,-0.1245,-47.862,-22.442,-74.299
35.650713,25.132,-6.793,-2.577,0.5552,0.7137,-0.2096,-45.108,-23.174,-76.943
35.667380,24.509,-6.502,-3.922,0.0135,0.7833,-0.2616,-47.032,-17.687,-79.973
35.684047,23.751,-6.043,-5.281,-0.3013,1.1529,-0.3406,-54.744,-7.952,-85.199
35.700714,22.845,-5.559,-6.561,-0.6240,1.2291,-0.1338,-62.439,-3.482,-81.558
35.717381,21.879,-5.125,-7.745,-0.8891,0.9846,0.0114,-64.961,-2.795,-75.248
35.734048,20.934,-4.697,-8.801,-0.9851,0.7121,0.1976,-62.506,0.859,-68.080
35.750715,20.018,-4.293,-9.761,-1.1807,0.3978,0.1283,-59.885,2.623,-62.186
35.767382,19.129,-3.946,-10.581,-1.1594,-0.0492,-0.0979,-57.260,3.161,-53.176
35.784049,18.275,-3.626,-11.320,-0.9266,-0.4578,-0.3777,-54.544,3.936,-47.987
35.800716,17.438,-3.324,-11.968,-0.6580,-1.1496,-0.5867,-52.960,5.303,-42.414
35.817383,16.654,-2.987,-12.440,-0.6515,-1.3633,-0.3756,-48.984,11.015,-32.867
35.834050,15.896,-2.674,-12.784,-1.2383,-0.9210,-0.4344,-46.838,12.179,-24.972
35.850717,15.089,-2.399,-13.037,-1.4523,-0.7436,-0.4369,-49.478,11.774,-18.940
35.867384,14.287,-2.066,-13.228,-1.1943,-1.0329,-0.3759,-48.870,16.361,-16.073
35.884051,13.601,-1.686,-13.413,-0.9438,-1.0928,-0.7610,-41.891,19.340,-16.204
35.900718,13.050,-1.274,-13.705,-0.9139,-1.2087,-1.0761,-33.801,19.879,-22.670
35.917385,12.685,-0.762,-14.096,-0.8603,-1.0952,-1.5857,-22.654,24.615,-29.610
35.934052,12.558,-0.143,-14.561,-1.0488,-1.0932,-1.4816,-8.089,30.065,-35.242
35.950719,12.619,0.478,-14.963,-1.1636,-0.9614,-0.9783,3.427,30.951,-31.613
35.967386,12.779,1.027,-15.245,-1.2672,-0.8807,-0.8681,9.569,28.293,-23.665
35.984053,12.940,1.420,-15.432,-1.2945,-0.7764,-0.5335,9.665,20.348,-16.087
36.000720,13.075,1.476,-15.614,-1.1613,-0.8902,-0.4559,8.082,0.656,-11.307
36.017387,13.323,1.036,-15.816,-1.3781,-0.8828,-0.5807,14.919,-28.609,-5.693
36.034054,13.914,0.229,-16.252,-1.5881,-1.1899,-1.4994,35.530,-53.443,-13.937
36.050721,14.728,-0.130,-16.751,-1.0736,-0.5615,-3.7607,48.666,-28.469,-23.624
36.067388,15.501,0.187,-17.136,-0.8469,-0.9365,-4.2664,46.169,12.144,-27.176
36.084055,16.006,1.585,-17.364,-1.5877,0.0648,-4.7384,30.319,76.843,-35.885
36.100722,16.898,2.281,-17.693,-2.6946,-0.1606,-4.3413,54.029,34.223,-30.688
36.117389,17.854,3.304,-18.114,-1.8207,-0.0661,-3.1131,58.370,50.794,-42.368
36.134056,18.452,4.435,-18.607,-1.7908,0.3544,-2.4999,37.709,54.994,-49.114
36.150723,18.646,5.598,-19.098,-1.9265,0.4218,-2.8184,14.045,56.525,-49.990
36.167390,18.838,6.730,-19.607,-1.9908,-0.0179,-3.5956,14.677,54.281,-50.504
36.184057,19.279,7.922,-20.194,-1.9620,-0.2022,-3.2823,30.775,55.874,-56.325
36.200724,20.030,9.056,-20.828,-2.0974,-0.1907,-2.1829,50.534,51.075,-58.265
36.217391,21.067,9.873,-21.551,-2.1638,-0.1653,-0.9727,69.190,30.484,-57.227
36.234058,22.104,10.567,-22.287,-1.1105,-0.0549,0.1156,69.981,22.372,-55.683
36.250725,22.694,11.261,-22.949,-0.2406,0.0138,1.0710,42.772,23.247,-51.882
36.267392,22.827,12.065,-23.531,0.5639,-0.2758,1.2940,14.978,30.833,-50.183
36.284059,22.856,12.800,-24.065,0.6261,-0.7957,0.6565,8.540,28.105,-45.857
36.300726,23.038,13.218,-24.497,1.0881,-0.8219,0.8762,16.621,12.875,-33.005
36.317393,23.527,13.479,-24.775,1.6783,-1.5122,1.3810,33.096,7.646,-21.019
36.334060,24.717,14.373,-24.727,0.6455,-0.5550,3.1964,70.585,49.762,-19.283
36.350727,25.649,13.819,-24.698,2.4047,-0.3105,1.0363,55.442,-29.659,15.692
36.367394,26.471,13.344,-24.565,1.0768,0.1952,2.9006,47.323,-22.516,19.596
36.384061,26.774,12.665,-24.453,0.2883,0.4937,1.6407,16.531,-33.707,24.178
36.400728,27.076,11.952,-24.590,1.3737,0.6255,0.5314,19.727,-42.072,12.323
36.417395,27.640,11.560,-24.473,1.1973,0.8677,0.1970,32.283,-18.002,17.002
36.434062,28.264,11.251,-24.606,0.5841,0.3805,-0.7860,38.898,-20.305,1.843
36.450729,29.054,10.563,-25.078,-0.0890,0.7608,-0.8704,52.593,-49.812,-4.551
36.467396,29.992,9.236,-25.360,-0.1787,1.8783,-0.4391,59.043,-77.739,24.815
36.484063,30.804,7.565,-25.455,-0.3141,1.4624,-0.6190,49.331,-89.582,45.939
36.500730,31.550,5.971,-25.761,-0.9048,0.9220,-0.1879,46.725,-91.552,33.970
36.517397,32.376,4.782,-26.250,-0.9427,0.2279,2.4466,52.133,-76.310,13.034
36.534064,33.005,3.967,-26.541,0.2146,-0.2460,5.0973,38.894,-50.858,11.867
36.550731,33.195,3.197,-26.810,0.3973,0.0469,4.6176,12.231,-47.780,11.745
36.567398,32.847,2.370,-27.221,-0.1691,1.4740,3.5632,-19.893,-55.305,6.492
36.584065,31.446,1.263,-27.267,-0.1897,1.8656,4.7647,-84.184,-58.056,33.065
36.600732,29.565,-0.358,-26.932,0.3149,0.4550,8.2654,-113.197,-73.860,66.754
36.617399,27.875,-2.529,-26.844,1.8727,-1.8230,10.5306,-101.485,-112.027,67.294
36.634066,26.759,-4.936,-27.397,-0.2649,-0.7477,8.5957,-69.313,-143.819,36.887
36.650733,26.112,-7.258,-27.782,-1.2108,0.0011,6.3565,-41.492,-135.268,41.500
36.667400,25.808,-9.132,-27.683,-1.4891,-0.2546,5.6565,-17.641,-98.783,54.569
36.684067,25.844,-10.648,-27.404,-1.2558,-0.9730,7.4087,4.859,-75.011,54.529
36.700734,25.714,-12.153,-27.268,-0.5559,-0.9875,8.4817,-6.392,-78.108,46.509
36.717401,26.133,-13.732,-27.606,-0.3777,0.8646,6.2520,20.370,-94.182,23.666
36.734068,27.292,-15.296,-28.239,0.7554,1.1132,4.1074,59.810,-100.695,9.375
36.750735,29.222,-16.792,-29.011,1.5953,0.6146,1.7886,102.801,-100.462,3.340
36.767402,31.522,-18.244,-29.428,3.2617,-0.1627,1.6175,130.255,-87.486,23.525
36.784069,33.777,-19.514,-29.500,4.7153,-1.7949,3.3744,133.660,-66.656,37.739
36.800736,35.815,-20.576,-29.487,4.9724,-1.8686,5.3331,122.273,-52.133,37.048
36.817403,37.525,-21.492,-29.452,3.6653,-0.9902,3.8735,103.148,-43.049,34.474
36.834070,39.256,-22.304,-29.518,1.7397,0.4460,1.2542,102.200,-40.558,27.419
36.850737,41.040,-23.084,-29.890,-0.3823,1.4556,-0.2481,98.156,-49.125,14.512
36.867404,42.666,-24.004,-30.737,-1.0845,1.5243,-1.5343,77.044,-72.333,2.184
36.884071,43.852,-25.020,-31.730,-0.3491,1.5341,-1.6980,46.171,-81.631,2.382
36.900738,44.134,-26.225,-32.271,0.9592,0.2731,-1.5939,2.641,-72.502,29.254
36.917405,43.832,-27.855,-32.454,1.1184,-0.7320,-2.4481,-23.337,-77.250,60.986
36.934072,43.480,-29.906,-32.485,1.3940,-1.1170,-3.3809,-22.271,-90.241,83.817
36.950739,43.500,-32.042,-32.643,1.3685,-0.7591,-4.8391,-3.902,-98.695,82.405
36.967406,43.830,-34.026,-32.773,1.6095,0.3414,-6.0347,15.312,-90.685,77.536
36.984073,44.313,-35.485,-32.753,2.0277,0.7943,-7.7641,29.434,-62.263,61.692
37.000740,44.962,-36.292,-32.555,2.3594,0.9509,-7.9447,45.628,-27.687,40.906
37.017407,45.631,-37.012,-32.277,2.8042,0.6230,-5.7313,49.896,-20.889,40.263
37.034074,46.184,-37.584,-31.957,3.2276,0.1662,-5.3455,44.625,-12.878,35.368
37.050741,46.924,-37.845,-31.466,2.8368,0.8532,-4.2520,62.120,6.200,27.434
37.067408,48.589,-38.105,-31.670,2.2575,2.3148,-5.0708,92.204,-17.548,5.196
37.084075,51.374,-39.341,-31.414,2.7550,4.6991,-2.8018,176.449,-38.373,64.544
37.100742,54.361,-40.235,-32.933,-1.1872,5.0911,-6.4794,120.582,-88.103,0.613
37.117409,54.988,-40.346,-32.336,7.4310,2.8894,3.0695,60.446,18.553,21.306
37.134076,55.202,-40.048,-31.048,3.9294,3.9975,-1.2884,62.403,58.819,19.241
37.150743,55.309,-39.691,-29.773,3.3323,3.9410,-1.0299,55.175,60.715,15.978
37.167410,55.312,-38.948,-28.272,2.4358,3.6556,-1.1335,56.859,82.885,3.098
37.184077,55.702,-38.005,-26.777,3.8627,1.8415,-1.4642,78.818,90.224,-6.712
37.200744,56.708,-36.782,-25.111,4.1662,0.7031,-2.0257,120.719,107.135,-16.702
37.217411,57.937,-35.354,-23.220,3.6875,1.0061,-0.6648,140.162,123.848,-22.540
37.234078,58.898,-33.644,-21.007,3.3069,0.4999,0.8335,132.414,147.342,-30.055
37.250745,59.578,-31.757,-18.473,1.9378,-0.2610,2.5695,122.567,168.275,-31.863
37.267412,60.444,-29.646,-15.769,1.5488,-1.3530,2.0648,134.413,184.559,-39.977
37.284079,61.855,-27.310,-13.057,1.8647,-2.9071,-0.1975,161.836,193.385,-53.828
37.300746,63.320,-24.841,-10.428,1.3867,-2.0991,0.3211,156.871,194.408,-66.405
37.317413,64.165,-22.281,-7.890,-0.0010,-0.9644,1.2185,111.252,193.590,-76.156
37.334080,64.316,-19.757,-5.571,-2.1239,-1.7482,2.8789,58.616,183.228,-80.118
37.350747,65.081,-17.299,-3.594,-2.7357,-2.2203,1.2367,83.325,165.104,-85.420
37.367414,67.058,-14.818,-1.995,-1.8004,-2.3585,-2.3871,144.863,145.064,-98.864
37.384081,69.876,-12.475,-0.603,-1.3387,-2.5892,-2.6375,188.430,127.420,-101.230
37.400748,72.495,-10.454,0.604,-0.9582,-3.1979,1.9603,171.262,106.600,-92.099
37.417415,74.065,-8.668,1.480,-1.0974,-3.5059,5.4942,102.716,80.716,-87.979
37.434082,74.375,-6.824,2.034,-0.8281,-2.4568,4.7344,22.864,62.059,-97.741
37.450749,73.851,-4.959,2.397,-0.0208,-2.1851,2.0237,-29.400,51.700,-101.945
37.467416,72.975,-3.280,2.572,0.8517,-3.0460,0.2317,-52.015,39.056,-93.788
37.484083,72.839,-1.926,2.445,0.2687,-4.2790,-1.7552,-8.669,16.843,-80.124
37.500750,73.948,-0.894,2.016,-0.7184,-3.5145,-1.8536,65.747,-6.658,-66.909
37.517417,75.647,-0.069,1.342,-1.2806,-2.2625,0.5926,101.499,-25.829,-58.573
37.534084,76.926,0.595,0.538,-0.9858,-1.0606,2.6115,76.806,-37.189,-50.366
37.550751,77.380,1.063,-0.215,-0.7194,-0.0057,3.3442,27.764,-37.554,-37.661
37.567418,77.290,1.444,-0.918,-0.8793,-0.3897,2.0262,-4.609,-35.951,-31.764
37.584085,76.859,1.827,-1.569,-0.9940,-1.2850,-0.1960,-24.870,-32.667,-31.331
37.600752,76.511,2.122,-2.147,-1.0091,-0.9101,-1.5344,-19.841,-29.454,-25.383
37.617419,76.537,2.246,-2.642,-1.2019,0.0122,-1.4868,2.599,-26.971,-14.327
37.634086,76.988,2.134,-3.049,-1.4063,0.5959,0.4364,27.881,-25.095,0.732
37.650753,77.776,1.880,-3.479,-2.0744,0.1925,1.2771,48.048,-28.348,9.121
37.667420,78.382,1.626,-3.878,-2.9203,0.6179,1.8717,36.927,-26.407,9.772
37.684087,78.598,1.736,-4.200,-3.2698,2.6576,-2.5373,13.404,-17.490,-10.415
37.700754,79.101,1.821,-4.408,-2.0540,3.0298,-4.3921,30.351,-11.200,-7.542
