t,roll,pitch,yaw,ax,ay,az,gx,gy,gz
0.000000,32.120,8.025,96.781,-0.0469,0.2158,-0.2286,0.000,0.000,0.000
0.016667,32.283,8.027,96.606,0.2502,0.3764,0.0086,9.616,6.617,-12.868
0.033334,32.159,7.805,96.324,0.3740,0.3695,-0.0191,12.808,6.263,-14.285
0.050001,31.980,7.579,96.086,0.3559,0.4723,-0.2394,18.528,6.681,-14.369
0.066668,31.781,7.397,95.916,0.1516,0.4116,-0.1876,15.191,8.809,-15.311
0.083335,31.730,7.310,95.846,0.1336,0.4493,-0.4011,14.875,10.978,-14.300
0.100002,31.954,7.277,95.874,-0.1150,0.3286,-0.1285,25.723,13.765,-10.175
0.116669,32.610,7.271,96.046,-0.1052,0.1514,0.0552,44.471,15.605,-3.017
0.133336,34.016,7.220,96.303,0.0269,-0.0023,0.2421,85.105,14.969,8.854
0.150003,36.456,7.103,96.758,-0.1545,-0.2433,-0.4137,144.919,15.690,22.422
0.166670,39.993,6.999,97.336,-0.3526,-0.6960,-1.3625,208.216,18.911,28.955
0.183337,44.583,6.999,97.951,-0.1625,-1.2078,-2.0315,268.801,23.676,27.614
0.200004,49.969,7.188,98.543,0.1546,-1.7839,-1.4560,315.860,29.486,19.561
0.216671,55.898,7.546,99.041,0.7428,-2.2217,-0.5584,349.351,29.938,8.971
0.233338,61.863,8.069,99.364,1.4205,-1.9601,0.6323,354.385,24.772,-4.139
0.250005,67.248,8.750,99.510,1.1975,-1.6150,1.0897,323.908,18.240,-17.451
0.266672,71.852,9.571,99.512,0.7704,-1.0689,0.0558,279.868,11.702,-29.361
0.283339,75.870,10.436,99.440,0.1610,-0.5803,-0.4075,245.902,6.471,-35.026
0.300006,79.464,11.320,99.341,-0.0990,-0.1891,-0.6009,220.225,3.183,-38.921
0.316673,82.531,12.154,99.248,0.1690,0.4738,0.4348,187.781,1.096,-38.309
0.333340,85.012,12.981,99.123,0.6331,1.0558,0.8988,153.002,-2.410,-40.824
0.350007,86.973,13.763,98.979,0.7683,1.4777,0.5410,122.710,-4.805,-40.778
0.366674,88.578,14.509,98.844,0.8041,1.6079,0.0567,102.027,-5.362,-41.028
0.383341,89.877,15.206,98.734,0.8366,1.4671,-0.5618,83.844,-4.772,-40.006
0.400008,90.717,15.822,98.655,1.1023,1.5603,-0.2529,56.227,-3.521,-36.614
0.416675,91.098,16.340,98.536,1.5763,1.6038,0.5596,29.885,-5.887,-31.927
0.433342,91.052,16.767,98.360,1.5928,1.7715,1.5057,6.038,-8.967,-27.383
0.450009,90.874,17.032,98.246,0.9648,1.9068,1.7031,-2.364,-4.970,-18.602
0.466676,90.966,17.148,98.165,0.8702,1.9739,2.1017,13.306,-2.869,-10.570
0.483343,91.150,17.145,98.134,1.0892,1.8616,2.0103,17.878,0.073,-4.226
0.500010,91.266,17.094,98.091,1.2055,1.4529,0.7555,14.105,-0.543,-1.833
0.516677,91.121,17.061,98.061,0.6457,1.2181,0.2182,-1.795,0.140,-3.144
0.533344,90.894,17.084,98.029,0.1960,0.7780,-0.2501,-6.862,-0.062,-6.475
0.550011,90.534,17.177,97.956,0.2388,0.5014,-0.1781,-14.628,-2.587,-10.523
0.566678,89.839,17.285,97.857,0.3250,0.5643,-0.4287,-34.722,-4.119,-11.178
0.583345,88.732,17.510,97.645,1.2810,0.2778,-0.1734,-57.687,-10.398,-18.161
0.600012,87.156,17.841,97.340,0.9140,-0.2160,-0.9155,-84.099,-14.954,-24.555
0.616679,86.285,18.060,97.159,0.2235,0.2423,-0.7711,-44.067,-7.851,-17.294
0.633346,85.843,18.245,96.914,1.3511,0.5027,2.4520,-17.496,-11.506,-15.347
0.650013,84.663,18.501,96.647,0.6370,0.2536,1.1788,-61.193,-12.071,-19.691
0.666680,83.443,18.761,96.459,0.1940,0.2459,0.0355,-65.189,-7.257,-19.585
0.683347,82.785,18.907,96.332,-0.1140,0.1621,-0.4219,-32.931,-4.435,-12.309
0.700014,82.695,18.882,96.272,0.2066,0.8775,1.0322,-0.479,-1.929,-1.547
0.716681,82.441,18.848,96.247,0.3696,1.1833,1.3581,-11.144,-0.110,-0.786
0.733348,82.206,18.773,96.217,-0.7538,1.0129,-0.6177,-10.063,-0.774,1.469
0.750015,82.187,18.617,96.176,-1.1334,1.0601,-0.3045,2.709,-2.208,6.105
0.766682,82.003,18.482,96.016,-0.0276,-0.4994,0.7008,-5.353,-8.815,3.838
0.783349,81.594,18.467,95.759,0.2049,-1.9269,-0.5996,-17.217,-13.442,-3.870
0.800016,81.409,18.495,95.497,-0.3798,-2.4110,-0.8691,-3.867,-13.483,-5.935
0.816683,81.261,18.584,95.222,0.1475,-1.6123,-0.3197,-1.625,-13.778,-9.058
0.833350,81.128,18.711,94.947,0.4941,-0.5520,-0.1494,-0.792,-13.498,-10.908
0.850017,81.120,18.773,94.693,0.5632,0.2403,0.5826,6.297,-12.926,-6.730
0.866684,81.038,18.774,94.464,0.8810,0.6237,0.9587,1.372,-12.106,-2.926
0.883351,80.974,18.729,94.272,0.9987,0.6290,-0.2208,1.808,-10.436,0.077
0.900018,81.056,18.659,94.100,0.7914,0.5709,-0.6032,10.273,-9.488,1.714
0.916685,81.084,18.624,93.939,0.4186,0.6176,-0.4250,6.831,-8.538,-0.333
0.933352,81.190,18.619,93.777,0.0762,0.6181,-0.7911,11.508,-8.343,-2.171
0.950019,81.252,18.638,93.593,-0.0608,0.7749,-0.1772,9.253,-9.361,-3.806
0.966686,81.386,18.637,93.411,-0.6313,0.7669,-0.0629,13.386,-9.453,-2.729
0.983353,81.523,18.601,93.270,-0.7405,1.0699,0.5251,12.664,-7.515,-0.306
1.000020,81.676,18.555,93.160,-0.5608,0.7831,-0.0164,12.803,-5.892,0.425
1.016687,81.826,18.505,93.019,0.1329,0.8102,0.3794,13.084,-7.718,0.376
1.033354,81.911,18.481,92.821,0.1988,0.5763,-0.0621,10.261,-10.718,-1.666
1.050021,82.078,18.468,92.572,-0.2172,0.4748,-0.6732,16.126,-13.513,-2.785
1.066688,82.563,18.448,92.339,-0.8839,1.0196,-1.0568,34.801,-12.705,-2.086
1.083355,83.177,18.426,92.144,-0.7587,1.6939,-0.0069,41.612,-10.603,-1.759
1.100022,83.509,18.434,91.960,-0.4961,1.4469,0.8253,24.405,-9.855,-3.519
1.116689,83.597,18.372,91.800,-0.4692,0.8839,0.2252,9.233,-8.978,0.738
1.133356,83.698,18.296,91.697,-0.3946,0.6313,-0.2056,8.853,-5.893,1.875
1.150023,83.769,18.240,91.579,0.0360,0.1618,-0.5575,7.254,-6.639,0.635
1.166690,83.878,18.199,91.405,0.5415,-0.2259,0.2193,10.566,-9.709,-0.622
1.183357,83.896,18.174,91.169,1.0559,-0.5023,0.5433,6.247,-13.135,-1.783
1.200024,83.832,18.133,90.882,1.3349,-0.5909,1.4675,2.442,-16.076,-1.110
1.216691,83.543,18.086,90.555,1.1952,-0.8774,1.2464,-10.265,-18.370,-0.867
1.233358,83.299,18.018,90.201,1.1630,-1.1267,0.5010,-6.963,-20.063,0.276
1.250025,83.098,17.970,89.818,1.0069,-1.2472,-0.1702,-3.774,-21.547,-1.009
1.266692,82.930,17.966,89.402,0.8801,-1.1545,-0.3969,-1.140,-23.047,-3.820
1.283359,82.856,17.993,89.005,-0.0128,-0.6859,-0.4038,4.247,-21.772,-5.427
1.300026,82.668,18.039,88.605,0.3273,-0.5592,0.5234,-2.610,-21.774,-6.514
1.316693,82.490,18.081,88.249,-0.0581,-0.8664,-0.1326,-2.792,-19.310,-5.925
1.333360,82.344,18.103,87.901,0.2678,-0.5413,0.3086,-1.018,-19.074,-4.670
1.350027,82.233,18.127,87.530,0.3038,-0.4582,0.0661,1.454,-20.264,-4.890
1.366694,82.170,18.152,87.127,0.3246,-0.4105,0.1795,5.016,-22.114,-5.250
1.383361,82.092,18.195,86.698,0.2850,-0.4452,0.3193,4.536,-23.431,-6.436
1.400028,82.098,18.234,86.272,-0.1801,-0.3307,0.0447,9.594,-23.237,-6.201
1.416695,82.096,18.269,85.875,-0.0419,0.0128,0.5133,8.581,-21.712,-5.671
1.433362,81.910,18.329,85.504,-0.1487,-0.0527,0.1178,-3.007,-19.962,-7.022
1.450029,81.654,18.415,85.120,-0.2124,-0.1241,-0.0856,-6.969,-20.474,-8.679
1.466696,81.392,18.520,84.717,-0.2739,-0.1666,-0.1272,-6.992,-21.375,-10.075
1.483363,81.190,18.625,84.309,-0.2903,0.0240,-0.0965,-3.221,-21.566,-10.170
1.500030,81.110,18.702,83.919,-0.4263,0.3253,0.0783,3.670,-20.846,-8.427
1.516697,81.075,18.741,83.580,-0.4703,0.7421,0.3110,5.418,-18.263,-5.772
1.533364,81.017,18.758,83.301,-0.3191,0.7896,0.2234,2.761,-15.150,-3.964
1.550031,80.854,18.759,83.044,-0.1143,0.7091,0.3026,-3.935,-14.085,-2.984
1.566698,80.667,18.765,82.779,0.1587,0.5051,-0.2210,-5.272,-14.444,-3.381
1.583365,80.542,18.785,82.504,0.1768,0.5801,-0.3849,-1.348,-14.846,-4.426
1.600032,80.517,18.803,82.223,-0.2063,0.7277,-0.1304,4.754,-15.204,-4.424
1.616699,80.503,18.794,81.963,-0.2584,0.8031,0.2307,4.997,-14.313,-2.651
1.633366,80.449,18.751,81.752,-0.4582,0.6119,0.3275,1.571,-11.865,-0.220
1.650033,80.238,18.685,81.582,-0.3534,0.4129,0.2315,-8.645,-9.866,1.382
1.666700,79.973,18.625,81.461,-0.3294,0.0764,-0.2668,-12.929,-7.090,1.492
1.683367,79.705,18.595,81.363,-0.1434,-0.1269,-0.2988,-13.515,-5.467,-0.082
1.700034,79.483,18.599,81.253,-0.2868,-0.2807,-0.6582,-10.590,-5.781,-2.218
1.716701,79.437,18.634,81.133,-0.4935,-0.2427,-0.4028,0.151,-6.048,-4.098
1.733368,79.344,18.696,81.031,-0.3641,0.0264,0.7336,-3.105,-4.683,-5.513
1.750035,79.099,18.797,80.977,-0.4696,0.0397,0.6758,-13.099,-1.645,-7.290
1.766702,78.906,18.913,80.972,-0.6282,-0.0016,0.2160,-10.964,1.355,-7.677
1.783369,78.957,19.046,81.024,-0.8414,-0.0935,-0.2932,2.470,4.639,-7.971
1.800036,79.271,19.204,81.115,-0.8161,-0.2023,-0.1156,17.434,7.093,-9.085
1.816703,79.686,19.389,81.246,-0.8627,-0.3616,0.3734,22.706,9.484,-10.269
1.833370,79.972,19.584,81.392,-0.9492,-0.5514,1.2438,14.516,10.354,-10.718
1.850037,80.168,19.796,81.563,-1.4104,-0.8093,0.5907,8.475,11.859,-11.497
1.866704,80.494,19.996,81.765,-1.3886,-0.9737,0.4548,15.597,13.349,-10.436
1.883371,80.877,20.183,82.025,-0.9389,-1.0349,0.9358,17.678,16.298,-9.171
1.900038,81.352,20.383,82.343,-0.2730,-1.1958,0.7197,21.838,19.592,-9.524
1.916705,81.922,20.587,82.709,0.6809,-0.8818,0.7459,26.522,22.082,-9.416
1.933372,82.370,20.673,83.094,1.5581,-1.3810,2.6340,18.784,22.175,-2.399
1.950039,82.695,20.724,83.517,1.7625,-2.8388,2.2882,10.724,23.982,-0.040
1.966706,82.956,20.702,83.987,1.5280,-2.8275,1.2949,5.936,26.095,4.625
1.983373,83.015,20.629,84.495,1.3501,-2.5601,1.3293,-6.759,27.850,8.077
2.000040,82.744,20.495,85.043,1.0598,-2.4526,1.0475,-27.330,29.683,12.243
2.016707,82.261,20.373,85.595,1.0676,-2.4896,0.6662,-39.974,30.010,11.886
2.033374,81.487,20.317,86.113,1.3033,-2.6130,0.4198,-56.592,28.513,8.191
2.050041,80.466,20.358,86.601,1.0781,-2.6895,-0.2473,-70.725,27.594,2.838
2.066708,79.407,20.513,87.049,0.8439,-2.8740,-0.9823,-72.180,26.559,-3.648
2.083375,78.391,20.751,87.442,1.1020,-2.8780,-1.0284,-68.425,24.482,-8.448
2.100042,77.448,21.062,87.752,1.3389,-2.7956,-0.7211,-62.337,20.916,-13.095
2.116709,76.648,21.460,87.952,1.4906,-2.6461,-0.6430,-51.428,16.294,-19.090
2.133376,75.998,21.935,88.058,1.4415,-2.3543,-0.6675,-40.339,12.487,-24.491
2.150043,75.490,22.471,88.105,1.2333,-1.9596,-0.4199,-30.457,10.416,-28.529
2.166710,75.099,23.042,88.162,0.3990,-1.4563,-0.2188,-23.589,11.740,-30.226
2.183377,74.828,23.608,88.302,-0.1358,-1.0540,-0.3121,-18.475,16.262,-28.590
2.200044,74.648,24.145,88.560,-0.1543,-0.7513,-0.2767,-15.928,22.102,-25.131
2.216711,74.481,24.657,88.934,0.1734,-0.6029,-0.2151,-18.158,27.791,-21.947
2.233378,74.235,25.131,89.379,0.4665,-0.3648,0.2275,-24.912,30.944,-18.555
2.250045,73.889,25.574,89.861,0.3552,-0.2727,0.3552,-32.039,32.316,-16.133
2.266712,73.506,25.973,90.377,0.0190,-0.1818,0.1765,-35.383,33.410,-12.883
2.283379,73.230,26.318,90.949,-0.2793,-0.1307,-0.0883,-30.598,35.336,-8.711
2.300046,73.127,26.613,91.579,-0.2297,-0.1328,-0.2775,-22.030,37.390,-4.904
2.316713,73.089,26.879,92.245,0.2348,-0.0698,-0.2628,-19.307,38.643,-2.624
2.333380,72.946,27.149,92.910,0.6740,0.1177,0.1459,-25.756,38.570,-2.901
2.350047,72.558,27.473,93.515,0.5644,0.4795,0.4623,-38.951,36.446,-6.823
2.366714,71.999,27.860,94.009,0.1854,0.7039,0.0046,-46.348,31.948,-11.964
2.383381,71.559,28.273,94.397,-0.1634,1.0178,-0.7188,-36.338,27.100,-15.008
2.400048,71.429,28.686,94.715,-0.3027,1.4750,-0.8013,-15.910,23.644,-16.152
2.416715,71.599,29.092,94.950,-0.0750,1.7517,-0.5585,4.271,19.358,-17.281
2.433382,72.025,29.511,95.110,0.1073,2.0620,-0.2707,21.863,15.724,-19.501
2.450049,72.503,29.949,95.191,0.1062,2.3903,0.4331,27.175,12.058,-22.120
2.466716,72.863,30.405,95.191,0.0370,2.4797,0.8099,22.613,8.214,-24.642
2.483383,73.144,30.857,95.155,-0.2061,2.4520,1.0005,18.921,6.271,-25.159
2.500050,73.319,31.313,95.070,-0.0848,2.3340,0.9877,14.136,3.905,-26.334
2.516717,73.356,31.754,94.909,0.1930,2.1851,0.8270,8.308,-0.083,-26.717
2.533384,73.209,32.171,94.661,0.1450,2.0351,0.8744,0.035,-4.578,-26.754
2.550051,72.887,32.582,94.302,0.1907,1.5962,0.4727,-6.765,-9.895,-28.143
2.566718,72.466,32.992,93.840,0.2468,1.2708,0.2511,-9.173,-14.588,-29.840
2.583385,71.994,33.422,93.276,0.3657,0.9296,0.0409,-8.699,-18.670,-32.680
2.600052,71.524,33.865,92.583,0.5016,0.6090,-0.3443,-4.100,-24.138,-35.626
2.616719,71.073,34.278,91.781,0.1932,0.6223,-0.6221,0.979,-29.351,-35.774
2.633386,70.654,34.645,90.886,0.0759,0.6587,-0.8647,6.359,-34.126,-34.966
2.650053,70.257,34.966,89.886,-0.0178,0.6473,-1.3029,11.595,-39.502,-34.268
2.666720,69.830,35.252,88.796,-0.0622,0.7420,-1.4870,13.053,-43.924,-34.118
2.683387,69.312,35.521,87.624,-0.1869,0.7030,-1.5365,10.758,-47.584,-34.891
2.700054,68.724,35.790,86.415,-0.4574,0.7126,-1.4459,8.085,-48.742,-36.019
2.716721,68.008,36.078,85.200,-0.5509,0.8285,-1.0709,0.859,-47.982,-37.652
2.733388,67.173,36.388,84.009,-0.5720,0.7339,-0.8582,-6.817,-45.699,-39.130
2.750055,66.342,36.725,82.790,-0.3827,0.3241,-0.9805,-5.358,-45.473,-41.755
2.766722,65.562,37.081,81.506,-0.3822,0.0627,-1.0279,0.449,-47.073,-44.638
2.783389,64.844,37.446,80.167,-0.7625,-0.0563,-0.9936,6.422,-48.362,-46.663
2.800056,64.179,37.818,78.839,-1.2543,0.0557,-0.5798,9.657,-46.891,-47.360
2.816723,63.499,38.220,77.514,-1.3381,-0.0529,-0.2165,8.965,-45.178,-49.287
2.833390,62.803,38.649,76.174,-1.2754,-0.2452,-0.3279,8.894,-44.204,-51.448
2.850057,62.154,39.088,74.795,-1.3221,-0.4081,-0.3066,13.646,-44.637,-53.168
2.866724,61.601,39.524,73.425,-1.4708,-0.4010,-0.3886,19.501,-43.531,-53.050
2.883391,61.182,39.969,72.048,-1.5074,-0.5217,-0.2375,28.280,-42.848,-53.857
2.900058,60.791,40.451,70.641,-1.4054,-0.4415,-0.0474,31.491,-42.193,-56.541
2.916725,60.457,40.944,69.261,-1.6597,-0.4076,-0.2323,34.386,-40.172,-56.496
2.933392,60.297,41.425,67.951,-1.9256,-0.4271,-0.3564,42.489,-37.185,-54.230
2.950059,60.226,41.904,66.735,-2.2543,-0.1892,-0.2153,44.562,-33.177,-51.909
2.966726,60.179,42.432,65.603,-2.0586,-0.1239,-0.0168,42.989,-28.166,-52.341
2.983393,60.047,43.017,64.523,-1.3456,-0.2455,-0.0294,36.196,-24.051,-54.004
3.000060,59.896,43.661,63.452,-1.2926,-0.5474,-0.4268,35.143,-21.509,-56.648
3.016727,59.892,44.312,62.368,-1.3095,-0.3340,-0.7268,45.013,-21.295,-57.077
3.033394,60.076,44.940,61.303,-1.4366,-0.4300,-0.7917,55.981,-21.010,-55.089
3.050061,60.453,45.524,60.248,-1.6677,-0.2580,-0.8271,67.571,-21.818,-52.278
3.066728,60.986,46.066,59.272,-1.5399,0.1475,-0.4239,73.898,-20.321,-47.972
3.083395,61.299,46.583,58.425,-1.3336,0.4186,0.3817,55.542,-16.430,-43.790
3.100062,61.204,47.080,57.630,-1.2059,0.2703,0.6857,28.957,-14.969,-41.507
3.116729,60.910,47.530,56.821,-1.4644,-0.1334,0.2723,17.928,-16.513,-39.170
3.133396,60.615,47.919,56.006,-1.5359,-0.1185,0.3464,18.315,-18.095,-36.072
3.150063,60.393,48.241,55.181,-1.5944,-0.0085,0.4641,23.347,-20.128,-32.761
3.166730,60.233,48.514,54.332,-1.6425,-0.1057,0.6567,28.209,-22.190,-30.556
3.183397,60.111,48.725,53.500,-1.7753,0.0183,0.8880,29.887,-23.345,-26.955
3.200064,59.939,48.857,52.734,-1.9051,0.3269,1.0017,24.004,-23.320,-21.551
3.216731,59.705,48.916,52.055,-1.6229,0.4909,0.7494,16.348,-22.496,-16.091
3.233398,59.437,48.930,51.433,-1.3874,0.5853,0.4235,11.589,-21.882,-12.662
3.250065,59.094,48.965,50.849,-1.0711,0.6077,0.0535,5.472,-19.934,-13.142
3.266732,58.691,49.049,50.344,-0.8338,0.6152,-0.2004,-1.763,-15.686,-14.167
3.283399,58.318,49.204,49.938,-0.5693,0.5221,-0.3556,-4.406,-10.000,-15.901
3.300066,57.928,49.422,49.632,-0.2934,0.6676,-0.2506,-10.006,-4.528,-17.031
3.316733,57.551,49.691,49.405,-0.2261,0.6801,-0.4474,-12.717,-0.153,-18.088
3.333400,57.200,50.008,49.201,-0.1144,0.6696,-0.6232,-12.202,2.338,-19.985
3.350067,56.910,50.386,49.019,-0.0670,0.9884,-0.4621,-9.502,5.226,-22.655
3.366734,56.652,50.824,48.846,0.2073,0.8887,-0.2921,-7.958,7.611,-25.402
3.383401,56.376,51.311,48.775,0.4613,1.0783,0.2983,-13.735,12.673,-25.768
3.400068,56.086,51.844,48.852,0.5356,0.9647,0.7664,-21.443,18.941,-24.972
3.416735,55.911,52.376,49.052,0.4685,0.7336,0.7486,-20.414,22.795,-22.372
3.433402,55.885,52.877,49.346,0.4997,0.8506,1.0588,-16.046,24.598,-18.984
3.450069,55.953,53.320,49.699,0.5822,0.7548,1.0507,-13.312,24.329,-15.025
3.466736,56.161,53.690,50.086,0.8010,0.6905,0.9167,-6.529,22.777,-10.909
3.483403,56.411,53.990,50.498,0.8695,0.7130,0.8742,-5.396,21.145,-7.141
3.500070,56.715,54.226,50.941,0.7320,0.7750,0.5937,-3.681,19.872,-3.532
3.516737,57.099,54.420,51.418,0.4603,0.7421,0.3139,-0.527,19.439,-0.979
3.533404,57.815,54.624,51.858,0.4551,0.6657,0.3245,21.132,18.586,-2.424
3.550071,57.996,54.818,52.440,0.7821,1.4305,0.9451,-17.960,22.460,0.417
3.566738,58.150,55.012,53.029,0.6978,0.6713,0.4503,-20.063,22.634,0.380
3.583405,58.322,55.193,53.669,0.8055,0.6882,0.2981,-21.477,23.653,1.813
3.600072,58.683,55.334,54.313,0.7847,0.5959,-0.0140,-10.360,22.504,3.695
3.616739,59.245,55.461,54.941,0.7326,0.7013,-0.2397,2.439,21.618,3.930
3.633406,59.949,55.580,55.561,0.8692,1.1185,-0.3839,11.365,21.184,3.873
3.650073,60.611,55.703,56.202,1.0779,1.2763,-0.4412,7.733,21.954,3.698
3.666740,61.179,55.821,56.872,1.2595,1.3748,-0.5328,0.650,22.698,4.032
3.683407,61.657,55.933,57.553,1.4198,1.2776,-0.5569,-5.335,22.938,4.276
3.700074,62.094,56.034,58.242,1.5757,1.0209,-0.6171,-8.190,22.884,4.688
3.716741,62.576,56.128,58.907,1.7649,0.7172,-0.6426,-4.361,22.059,4.450
3.733408,63.111,56.228,59.533,1.8857,0.5788,-0.5025,0.892,21.128,3.254
3.750075,63.668,56.319,60.110,1.9905,0.4297,-0.3865,4.574,19.502,2.784
3.766742,64.196,56.387,60.611,2.0972,0.2752,-0.1486,6.629,16.739,2.674
3.783409,64.615,56.440,61.030,2.1342,0.2058,0.0212,4.316,13.961,2.121
3.800076,64.888,56.494,61.317,2.2001,0.0191,0.1066,2.187,10.136,0.143
3.816743,65.024,56.551,61.452,2.3012,-0.1682,0.2694,1.540,5.705,-2.161
3.833410,65.073,56.608,61.401,2.2351,-0.6607,0.1146,5.705,0.258,-4.769
3.850077,65.047,56.666,61.126,2.0329,-0.6854,0.0011,12.529,-6.377,-7.887
3.866744,64.917,56.732,60.661,1.6259,-0.4863,-0.1299,15.801,-11.705,-10.941
3.883411,64.685,56.816,60.049,1.4847,-0.3656,-0.2388,17.175,-15.530,-13.993
3.900078,64.397,56.910,59.300,1.3801,-0.2928,-0.3806,20.716,-19.155,-16.500
3.916745,64.110,57.001,58.428,1.2458,-0.0857,-0.3562,27.074,-22.692,-18.154
3.933412,63.771,57.072,57.415,1.1264,-0.0007,-0.1497,31.059,-27.157,-19.148
3.950079,63.368,57.097,56.295,0.8933,0.0940,-0.0168,32.635,-31.339,-18.374
3.966746,62.860,57.066,55.090,0.5237,0.3394,0.2451,30.652,-35.162,-16.936
3.983413,62.282,56.990,53.815,0.1831,0.0474,0.3015,29.969,-38.297,-16.003
4.000080,61.734,56.893,52.482,-0.0700,-0.2018,0.2567,34.533,-40.544,-16.146
4.016747,61.182,56.783,51.109,-0.1663,0.0796,0.2813,36.212,-41.989,-16.558
4.033414,60.621,56.653,49.704,-0.4593,-0.0918,0.0475,37.275,-43.548,-16.480
4.050081,60.095,56.498,48.274,-0.6560,-0.0517,-0.1430,40.366,-44.990,-16.137
4.066748,59.552,56.315,46.852,-0.5922,0.2763,0.0344,38.825,-45.703,-15.019
4.083415,59.000,56.104,45.447,-0.4762,0.0370,0.0592,37.242,-46.194,-13.821
4.100082,58.419,55.826,44.086,-0.2071,0.6750,0.7186,33.140,-47.145,-10.321
4.116749,57.794,55.496,42.697,-0.6302,0.2987,0.6657,31.558,-49.851,-8.802
4.133416,57.076,55.097,41.291,-1.0202,0.2972,0.7913,26.613,-52.881,-6.495
4.150083,56.336,54.613,39.881,-1.2177,0.1903,0.8467,25.006,-56.203,-3.250
4.166750,55.610,54.075,38.496,-1.4754,0.0777,0.8274,24.157,-57.806,-1.148
4.183417,54.919,53.518,37.148,-1.7991,-0.0348,0.7394,23.975,-57.965,-0.539
4.200084,54.330,52.930,35.847,-2.1997,-0.1205,0.3987,27.333,-58.274,0.977
4.216751,53.846,52.336,34.603,-2.4732,0.0431,0.3144,30.368,-57.434,1.604
4.233418,53.355,51.744,33.426,-2.7874,0.2352,0.0130,26.293,-55.967,2.175
4.250085,52.892,51.149,32.377,-2.6431,0.8391,0.1951,21.458,-52.852,4.406
4.266752,52.426,50.599,31.440,-2.8275,0.7883,0.2684,15.666,-48.403,4.110
4.283419,51.987,50.109,30.578,-3.0929,0.3299,-0.1879,13.399,-44.326,2.398
4.300086,51.647,49.660,29.831,-3.2050,0.4320,-0.4484,13.763,-39.744,2.782
4.316753,51.414,49.249,29.188,-3.4961,0.5310,-0.7471,15.208,-35.442,3.180
4.333420,51.214,48.880,28.650,-3.5875,0.6530,-0.9182,12.204,-31.001,3.589
4.350087,51.044,48.542,28.288,-3.5402,1.3071,-0.6168,5.950,-24.646,6.293
4.366754,50.965,48.282,28.070,-4.0768,0.9879,-0.8535,4.726,-17.429,6.233
4.383421,50.905,48.108,27.998,-4.1313,0.9303,-0.7053,-0.657,-9.884,5.830
4.400088,50.926,48.012,28.092,-4.1326,0.8152,-0.6694,-3.337,-1.899,6.436
4.416755,51.075,47.986,28.333,-4.1197,0.4731,-0.6431,-2.243,5.243,6.894
4.433422,51.310,48.023,28.716,-3.9005,0.5962,-0.5368,-3.450,11.911,7.535
4.450089,51.598,48.119,29.271,-3.7221,0.5869,-0.3727,-7.952,19.360,8.980
4.466756,51.894,48.312,29.971,-3.7320,0.1731,-0.3546,-14.080,27.410,7.883
4.483423,52.256,48.591,30.804,-3.8553,-0.0379,-0.4661,-16.274,34.639,6.825
4.500090,52.709,48.939,31.752,-3.7860,-0.3004,-0.4895,-16.134,40.479,5.918
4.516757,53.216,49.341,32.831,-3.7957,-0.2053,-0.4342,-19.136,46.259,5.934
4.533424,53.678,49.820,34.072,-3.8370,-0.1470,-0.3443,-29.625,53.722,5.356
4.550091,54.106,50.399,35.468,-3.7454,-0.6267,-0.6069,-39.224,61.568,3.293
4.566758,54.611,51.055,37.010,-3.4863,-0.7360,-0.4631,-41.927,68.108,1.817
4.583425,55.256,51.781,38.690,-3.1989,-0.9107,-0.3191,-40.737,73.919,0.172
4.600092,56.051,52.554,40.537,-2.8891,-0.9451,0.0288,-40.500,79.705,-0.247
4.616759,57.004,53.359,42.572,-2.4902,-0.6819,0.5171,-40.899,85.283,-0.063
4.633426,58.047,54.195,44.812,-2.0174,-0.7245,0.7211,-46.448,91.169,-0.005
4.650093,59.171,55.046,47.258,-1.7531,-0.9790,0.7428,-52.847,96.327,0.297
4.666760,60.431,55.879,49.890,-1.4010,-1.0496,0.9023,-55.087,99.702,1.423
4.683427,61.870,56.687,52.672,-1.0420,-1.1734,0.9682,-53.097,101.707,1.802
4.700094,63.550,57.442,55.607,-0.7679,-1.2581,0.9824,-47.606,102.994,3.186
4.716761,65.417,58.138,58.725,-0.3939,-0.8683,1.1825,-46.831,105.116,4.834
4.733428,67.373,58.754,61.989,-0.2372,-0.8612,1.0856,-50.021,105.863,6.676
4.750095,69.553,59.284,65.384,-0.0457,-1.0686,0.9253,-44.350,106.388,8.350
4.766762,71.907,59.732,68.871,0.1563,-0.9357,1.0378,-39.565,106.292,9.163
4.783429,74.396,60.098,72.446,0.4994,-0.6578,1.1825,-36.701,106.500,9.587
4.800096,76.927,60.391,76.117,0.7967,-0.5936,1.1397,-39.857,107.550,9.522
4.816763,79.478,60.598,79.834,1.0911,-0.5823,1.0464,-41.412,107.400,9.676
4.833430,82.080,60.709,83.535,1.2806,-0.6262,0.9889,-37.838,105.906,10.282
4.850097,84.752,60.710,87.194,1.4487,-0.6113,0.8794,-31.602,104.205,11.658
4.866764,87.439,60.622,90.788,1.7548,-0.3932,0.8370,-27.112,102.599,11.855
4.883431,90.166,60.461,94.292,2.0656,-0.4745,0.5515,-19.771,100.825,11.240
4.900098,92.881,60.225,97.696,2.4265,-0.1695,0.6110,-14.871,99.134,10.884
4.916765,95.404,59.946,100.950,2.9105,0.0379,0.6373,-18.113,96.183,9.110
4.933432,97.720,59.612,104.054,2.8990,0.1032,0.4525,-22.266,93.433,8.662
4.950099,99.921,59.234,106.931,3.0215,0.1596,0.2273,-16.696,88.337,8.371
4.966766,101.968,58.842,109.570,3.4749,0.1923,0.0304,-13.188,82.688,7.101
4.983433,103.863,58.449,111.957,3.8691,0.2585,-0.3089,-8.722,76.295,5.793
5.000100,105.633,58.071,114.132,4.0591,0.4803,-0.5743,-4.908,70.710,3.980
5.016767,107.155,57.731,116.076,4.1242,0.8153,-0.8302,-7.598,63.949,1.604
5.033434,108.482,57.408,117.765,3.9383,1.1170,-1.0723,-5.981,56.541,1.348
5.050101,109.606,57.144,119.214,4.2641,1.5647,-1.1748,-5.630,48.593,-0.833
5.066768,110.516,56.955,120.420,4.1105,1.4308,-1.6742,-6.148,40.070,-3.294
5.083435,111.266,56.868,121.378,3.9989,1.1890,-2.1054,-3.077,30.536,-6.846
5.100102,111.814,56.862,122.100,4.1411,1.5544,-2.0074,-3.284,21.655,-8.822
5.116769,112.274,56.964,122.577,4.2451,1.3366,-2.2378,3.748,11.861,-12.047
5.133436,112.627,57.164,122.806,4.5149,1.3282,-2.2622,9.825,2.165,-14.391
5.150103,112.875,57.486,122.752,4.7367,1.4877,-2.3382,17.823,-9.088,-17.643
5.166770,113.001,57.942,122.396,4.7193,1.3920,-2.3438,25.852,-21.006,-21.282
5.183437,112.931,58.514,121.689,4.8916,1.5794,-2.2350,32.050,-33.619,-23.426
5.200104,112.650,59.200,120.584,5.0974,1.6053,-2.2328,40.203,-47.033,-25.172
5.216771,112.050,59.981,119.024,5.3986,1.6662,-2.1850,44.938,-60.954,-25.932
5.233438,110.971,60.846,116.893,5.7935,1.6178,-2.2018,46.714,-76.853,-25.745
5.250105,109.350,61.771,114.120,6.0271,1.7286,-2.1535,48.945,-93.007,-25.202
5.266772,107.149,62.733,110.661,6.2752,1.3739,-2.1999,51.894,-108.512,-25.233
5.283439,104.459,63.688,106.579,6.7064,1.1830,-1.9830,57.476,-120.284,-25.802
5.300106,101.285,64.665,101.786,8.3461,1.0742,-1.4458,68.673,-133.427,-30.035
5.316773,97.443,65.639,96.116,9.8013,0.4574,-0.8916,78.377,-148.501,-35.235
5.333440,92.729,66.474,89.339,10.9046,0.0136,0.1594,88.832,-166.373,-36.123
5.350107,87.087,66.863,81.216,12.7558,0.1763,2.5247,109.101,-190.163,-24.589
5.366774,80.867,66.690,71.669,13.7019,0.1347,5.1300,153.284,-222.425,-14.472
5.383441,74.172,65.762,61.218,14.0742,-1.2410,7.6276,172.125,-255.008,-1.755
5.400108,67.805,63.951,50.757,13.0275,-2.9539,9.4377,186.084,-283.193,14.133
5.416775,62.716,61.183,41.063,10.6093,-4.8500,11.1929,210.707,-308.144,36.654
5.433442,59.428,57.549,32.523,7.7466,-7.0610,12.7443,243.364,-329.061,62.327
5.450109,57.879,53.165,25.182,4.4907,-8.5594,14.7730,269.119,-345.628,92.062
5.466776,57.777,48.132,18.872,1.0850,-9.6900,16.6401,286.253,-358.978,125.409
5.483443,58.748,42.534,13.303,-2.5443,-10.4497,17.9485,295.647,-371.520,159.599
5.500110,60.733,36.405,8.321,-6.3550,-10.2521,18.8350,309.034,-379.984,198.823
5.516777,63.363,29.841,3.747,-9.9899,-10.2195,19.9116,307.862,-383.255,237.533
5.533444,66.252,22.989,-0.516,-14.9672,-9.4616,18.9582,287.564,-378.332,271.891
5.550111,69.499,15.838,-4.673,-20.0684,-7.4927,15.4853,278.406,-376.161,306.364
5.566778,73.521,8.325,-8.808,-23.1685,-4.0544,12.4387,294.155,-370.508,348.300
5.583445,77.768,0.463,-12.955,-25.9469,-1.6195,10.9536,274.977,-355.626,393.460
5.600112,81.559,-7.584,-17.204,-28.7656,0.3173,7.0559,212.874,-336.159,427.777
5.616779,85.215,-15.546,-21.685,-28.3337,2.9310,0.0307,166.729,-316.866,443.211
5.633446,89.256,-23.265,-26.550,-25.0007,6.0818,-5.7867,146.639,-298.300,449.012
5.650113,94.042,-30.639,-31.830,-20.3811,9.0048,-9.6653,144.359,-271.187,450.674
5.666780,99.900,-37.530,-37.706,-16.0496,9.5951,-12.9347,154.276,-241.676,446.762
5.683447,107.041,-43.784,-44.444,-12.5928,9.3702,-15.0692,164.963,-213.014,437.705
5.700114,115.511,-49.182,-52.326,-9.4073,8.9262,-16.9176,164.804,-188.070,421.602
5.716781,125.279,-53.465,-61.430,-5.4997,8.6939,-18.1611,159.020,-166.396,396.245
5.733448,136.145,-56.507,-71.385,0.1130,8.6080,-17.9112,162.026,-142.371,363.928
5.750115,147.491,-58.427,-81.836,4.0202,8.2365,-16.3118,151.471,-119.087,338.343
5.766782,158.776,-59.342,-92.075,5.9573,7.3913,-15.4086,150.547,-95.191,310.044
5.783449,169.386,-59.470,-101.215,8.2026,6.7523,-14.9130,164.115,-69.422,272.369
5.800116,178.035,-58.994,-108.445,11.5261,4.3275,-13.4032,146.034,-52.604,219.078
5.816783,-174.810,-58.432,-114.406,13.0236,2.9006,-10.0039,123.566,-28.213,187.825
5.833450,-168.660,-58.174,-119.093,13.1183,1.8388,-7.4753,129.783,6.236,149.264
5.850117,-163.967,-58.120,-122.444,10.7527,1.0633,-6.6491,110.951,22.384,104.255
5.866784,-161.467,-58.297,-124.046,9.2737,0.3464,-6.1244,68.461,25.666,45.287
5.883451,-161.216,-58.847,-124.008,9.3352,0.1847,-5.5659,17.206,31.344,-11.822
5.900118,-162.669,-59.820,-122.318,9.4313,0.4135,-4.9940,0.330,39.876,-67.599
5.916785,-165.786,-61.202,-118.894,8.2678,1.2725,-4.7434,-7.895,52.658,-120.359
5.933452,-170.768,-62.864,-113.518,6.9408,2.4428,-5.6431,-13.681,67.262,-168.956
5.950119,-177.774,-64.563,-105.913,5.9839,3.6031,-7.1635,-10.800,81.536,-211.820
5.966786,172.827,-66.042,-95.659,4.5867,4.1901,-9.4464,-4.340,99.870,-253.523
5.983453,160.651,-66.837,-82.566,2.8374,4.4495,-12.2114,-9.687,118.588,-294.971
6.000120,146.018,-66.372,-67.271,0.4595,3.9914,-15.0824,-34.571,138.938,-338.037
6.016787,130.698,-64.126,-51.541,-1.7203,3.4938,-17.4436,-60.731,162.646,-384.035
6.033454,117.053,-59.918,-37.369,-3.8989,3.5975,-19.6571,-66.135,191.469,-430.725
6.050121,106.069,-53.906,-25.709,-7.5882,3.8323,-20.9276,-71.324,223.523,-474.670
6.066788,97.301,-46.440,-16.229,-14.3512,4.1490,-20.5215,-87.713,266.752,-511.620
6.083455,90.117,-37.455,-8.245,-20.8327,3.3316,-20.9512,-109.362,321.309,-560.190
6.100122,84.381,-27.000,-1.301,-27.7348,1.3429,-20.9823,-120.703,382.580,-608.826
6.116789,80.814,-15.092,5.118,-37.3831,-3.2285,-18.0121,-74.839,448.766,-661.180
6.133456,78.591,-1.828,11.444,-48.3285,-10.1155,-8.7520,-77.008,511.483,-714.641
6.150123,75.560,12.671,18.415,-57.8832,-14.5522,3.6191,-220.497,599.964,-752.938
6.166790,72.812,27.621,26.951,-67.6295,-19.1349,19.0703,-340.460,706.042,-729.416
6.183457,73.723,41.564,37.540,-61.4502,-32.1260,40.8676,-306.837,739.383,-646.776
6.200124,80.470,53.020,51.786,-37.9497,-33.6795,62.2707,-225.652,714.596,-534.885
6.216791,92.431,60.146,72.142,-13.5732,-31.6978,75.2119,-304.459,692.229,-377.777
6.233458,107.263,61.961,97.417,6.2987,-28.7718,72.3272,-439.494,697.548,-228.274
6.250125,119.606,58.254,120.547,26.3911,-22.2790,65.8344,-464.647,715.530,-72.147
6.266792,127.049,51.566,136.845,53.1335,-13.9765,53.5810,-355.154,684.783,25.002
6.283459,128.227,42.586,147.861,60.9904,-2.2506,39.6646,-414.046,682.382,150.915
6.300126,126.793,32.945,154.924,65.6454,4.4448,20.4295,-345.958,616.446,254.501
6.316793,123.692,23.249,158.938,56.3881,15.0468,13.7808,-299.635,508.779,352.505
6.333460,120.637,13.464,160.878,45.8335,7.9494,4.6201,-219.939,406.292,438.254
6.350127,119.334,3.710,162.010,38.8757,2.0678,-8.7486,-88.392,351.301,473.422
6.366794,120.566,-6.103,163.117,29.5065,5.7813,-21.7708,75.091,352.486,477.113
6.383461,122.772,-16.379,163.963,23.5696,15.9889,-22.4516,142.169,367.316,498.753
6.400128,124.861,-26.280,164.600,20.2695,18.0972,-19.4372,139.594,361.548,473.938
6.416795,127.416,-35.508,164.313,14.6937,12.1167,-19.6109,145.022,315.816,456.090
6.433462,131.808,-43.882,162.852,7.6803,7.3519,-21.6725,208.147,269.580,430.388
6.450129,137.449,-51.483,160.124,0.6827,8.3647,-21.7154,218.096,242.888,402.272
6.466796,144.205,-58.325,155.451,-3.0337,11.9180,-18.9944,176.646,217.010,384.434
6.483463,153.300,-63.784,148.326,-4.9578,11.6294,-16.9887,172.179,172.883,346.809
6.500130,165.290,-67.609,138.445,-7.1756,7.1058,-15.0201,179.730,128.170,309.195
6.516797,-179.590,-69.866,125.536,-9.1240,3.7230,-12.5580,185.943,98.943,295.250
6.533464,-163.216,-70.562,111.021,-9.7153,4.6104,-9.9351,163.398,85.166,284.877
6.550131,-148.572,-69.807,97.825,-9.5913,4.0023,-7.7755,134.330,68.363,263.123
6.566798,-136.321,-68.062,87.068,-7.2091,3.4729,-7.0018,133.266,58.540,247.439
6.583465,-127.542,-65.790,79.387,-5.3465,2.1593,-7.1970,103.221,43.370,221.948
6.600132,-121.226,-63.438,74.141,-7.8792,-2.2694,-4.8325,95.143,31.592,192.715
6.616799,-115.629,-61.028,70.115,-9.4143,-2.5568,-2.3567,122.559,30.052,180.728
6.633466,-110.502,-58.762,67.106,-9.6080,-2.0138,-0.2597,151.816,29.937,160.571
6.650133,-105.477,-56.699,64.905,-8.2497,-1.7449,0.7116,190.121,28.751,139.477
6.666800,-100.539,-54.947,63.288,-6.1858,-1.0723,0.6353,216.197,29.342,114.682
6.683467,-96.642,-53.549,62.061,-4.3647,0.1565,0.0869,174.249,29.937,89.263
6.700134,-94.219,-52.636,61.150,-3.9834,-0.1780,0.4292,101.816,27.402,57.539
6.716801,-92.645,-52.253,60.360,-4.5382,-1.1925,1.8463,56.995,27.363,24.592
6.733468,-91.579,-52.228,59.755,-4.2051,-1.8443,2.6813,35.296,22.110,2.142
6.750135,-90.765,-52.455,59.226,-2.9524,-1.6881,2.4048,23.744,19.589,-13.364
6.766802,-90.159,-52.886,58.772,-2.2772,-0.9653,1.5740,14.714,16.658,-25.951
6.783469,-89.789,-53.441,58.463,-1.5157,0.0256,0.3500,7.304,11.041,-33.496
6.800136,-89.858,-54.126,58.369,-1.0202,0.6617,-0.4973,-8.625,3.118,-41.294
6.816803,-90.408,-54.876,58.424,-0.5376,0.7692,-0.3358,-30.313,-1.876,-45.236
6.833470,-91.145,-55.678,58.550,-0.1062,0.5196,-0.1032,-38.043,-3.722,-48.366
6.850137,-91.845,-56.486,58.628,0.3444,0.5447,-0.0976,-38.103,-1.432,-48.782
6.866804,-92.394,-57.284,58.631,0.6638,0.3503,-0.1278,-32.794,1.613,-48.050
6.883471,-92.726,-58.046,58.566,0.7493,0.1651,-0.0227,-23.178,4.036,-45.760
6.900138,-92.789,-58.731,58.427,0.9654,0.1650,-0.2232,-10.802,6.277,-41.043
6.916805,-92.811,-59.339,58.295,1.0418,0.3503,-0.6390,-8.062,5.761,-36.424
6.933472,-92.986,-59.868,58.268,0.8481,0.3895,-0.7554,-11.841,2.365,-31.802
6.950139,-93.369,-60.316,58.391,0.7709,0.3477,-0.7728,-16.486,-2.276,-27.225
6.966806,-93.928,-60.711,58.644,0.7483,0.0322,-0.5025,-20.209,-6.019,-24.343
6.983473,-94.518,-61.058,58.937,0.8393,-0.2377,-0.0761,-20.003,-7.057,-21.532
7.000140,-95.002,-61.351,59.158,0.8542,-0.2010,0.1554,-17.302,-4.960,-18.239
7.016807,-95.369,-61.623,59.306,0.5574,-0.2295,0.0927,-14.076,-2.827,-16.816
7.033474,-95.747,-61.879,59.502,0.4130,-0.0437,0.2159,-12.237,-4.111,-16.002
7.050141,-96.149,-62.090,59.745,0.3789,-0.0476,0.1513,-11.111,-5.567,-13.450
7.066808,-96.559,-62.263,60.024,0.4875,-0.2599,0.0896,-9.685,-6.669,-11.360
7.083475,-97.108,-62.390,60.358,0.4597,-0.2070,0.2225,-15.049,-8.380,-8.851
7.100142,-97.788,-62.479,60.737,0.1345,-0.2778,0.3488,-20.474,-9.801,-6.837
7.116809,-98.431,-62.550,61.124,-0.0849,-0.5265,0.4763,-17.844,-10.074,-5.882
7.133476,-98.906,-62.617,61.433,0.0471,-0.8160,0.5044,-11.881,-7.884,-5.426
7.150143,-99.257,-62.663,61.684,0.2170,-0.6591,0.2979,-7.618,-6.431,-4.003
7.166810,-99.592,-62.723,61.912,0.1432,-0.5257,0.2297,-7.772,-5.641,-4.792
7.183477,-99.896,-62.784,62.108,-0.0783,-0.3527,0.1876,-7.647,-4.731,-4.694
7.200144,-100.090,-62.838,62.266,-0.1123,-0.3454,0.0758,-3.021,-3.768,-4.123
7.216811,-100.183,-62.890,62.408,-0.0588,-0.3964,0.0503,2.092,-3.303,-3.919
7.233478,-100.238,-62.940,62.504,-0.1018,-0.4806,0.1841,1.934,-2.089,-3.616
7.250145,-100.241,-62.973,62.559,-0.2573,-0.4118,0.1095,2.970,-1.187,-2.404
7.266812,-100.220,-63.000,62.603,-0.2324,-0.2103,-0.0875,3.717,-0.930,-2.025
7.283479,-100.196,-63.044,62.646,-0.2207,-0.2831,-0.0972,3.908,-0.723,-3.006
7.300146,-100.176,-63.095,62.658,-0.3250,-0.1635,-0.1768,1.983,0.180,-3.221
7.316813,-100.185,-63.166,62.661,-0.3751,-0.1763,-0.2755,-0.259,0.647,-4.452
7.333480,-100.242,-63.256,62.687,-0.3429,-0.1940,-0.3033,-1.912,0.205,-5.635
7.350147,-100.337,-63.378,62.732,-0.3843,-0.2807,-0.1402,-3.129,0.075,-7.599
7.366814,-100.427,-63.518,62.782,-0.4572,-0.3511,-0.0781,-2.626,0.155,-8.683
7.383481,-100.524,-63.654,62.850,-0.4111,-0.2992,0.0633,-2.053,-0.339,-8.601
7.400148,-100.621,-63.749,62.894,-0.3283,-0.4694,0.3068,-3.313,-0.155,-5.992
7.416815,-100.669,-63.818,62.933,-0.1974,-0.4750,0.3408,-0.664,-0.311,-4.462
7.433482,-100.756,-63.903,63.075,-0.4499,-0.1628,0.1541,2.564,-2.768,-5.958
7.450149,-100.927,-63.966,63.272,-0.4706,-0.1615,0.2023,0.384,-4.418,-4.902
7.466816,-101.085,-64.041,63.465,-0.3247,-0.2662,0.1974,1.114,-4.192,-5.587
7.483483,-101.229,-64.153,63.696,-0.3630,-0.2066,0.0575,3.940,-4.684,-8.001
7.500150,-101.411,-64.246,63.926,-0.3780,-0.3348,0.1997,1.563,-4.840,-6.868
7.516817,-101.586,-64.365,64.192,-0.4017,-0.2406,0.0106,3.996,-5.392,-8.583
7.533484,-101.854,-64.467,64.483,-0.6520,0.0897,-0.0455,-0.271,-6.200,-7.703
7.550151,-102.152,-64.584,64.742,-0.3145,-0.1090,-0.1593,-3.694,-5.132,-8.500
7.566818,-102.483,-64.707,64.992,-0.2268,-0.4709,0.1000,-6.240,-4.749,-8.791
7.583485,-102.700,-64.871,65.183,-0.1599,-0.4407,0.0346,-2.605,-2.670,-10.882
7.600152,-103.006,-65.037,65.396,0.0764,0.1364,-0.4731,-6.600,-3.128,-11.145
7.616819,-103.556,-65.235,65.693,0.1260,-0.0272,-0.2621,-16.743,-4.611,-13.521
7.633486,-104.257,-65.456,66.092,-0.0346,0.1881,-0.2030,-20.263,-6.548,-15.490
7.650153,-105.037,-65.714,66.583,-0.0936,0.2879,-0.2842,-19.820,-7.920,-18.296
7.666820,-105.827,-66.023,67.094,0.1006,-0.1396,-0.0069,-19.368,-7.201,-21.388
7.683487,-106.474,-66.340,67.476,0.2335,-0.4309,0.4547,-17.686,-3.671,-21.079
7.700154,-106.858,-66.646,67.646,0.2231,-0.6195,0.6921,-13.648,1.347,-18.998
7.716821,-107.100,-66.871,67.772,-0.3223,-0.3879,0.5611,-7.436,1.028,-13.994
7.733488,-107.348,-67.083,67.916,-0.7808,0.0686,0.5990,-6.845,0.491,-13.343
7.750155,-107.601,-67.248,68.149,-0.7733,0.0861,0.0782,-2.198,-2.258,-11.294
7.766822,-107.888,-67.393,68.448,-0.2805,0.4354,0.1286,-0.580,-3.994,-10.651
7.783489,-108.216,-67.522,68.842,-0.0905,0.3011,0.1240,2.252,-6.275,-10.375
7.800156,-108.619,-67.617,69.260,-0.1479,0.3242,-0.0705,-0.882,-7.347,-8.670
7.816823,-109.069,-67.697,69.680,-0.0425,0.1470,0.0932,-3.651,-7.575,-7.849
7.833490,-109.525,-67.773,70.062,0.1159,-0.0631,0.2363,-6.052,-6.754,-7.363
7.850157,-109.879,-67.844,70.335,0.1818,-0.2982,0.3140,-5.971,-4.455,-6.320
7.866824,-110.105,-67.888,70.483,0.0879,-0.0473,0.3284,-5.250,-2.315,-3.842
7.883491,-110.228,-67.881,70.510,0.0391,-0.0178,0.3196,-5.789,-0.763,-0.044
7.900158,-110.381,-67.885,70.604,0.0238,0.1682,0.0331,-3.831,-1.987,-1.173
7.916825,-110.690,-67.879,70.751,-0.0417,0.3141,0.0255,-10.308,-3.282,-1.061
7.933492,-111.123,-67.861,70.928,-0.1802,0.3736,0.1050,-15.995,-4.187,-0.652
7.950159,-111.548,-67.862,71.106,-0.2873,-0.2856,0.3851,-15.525,-3.793,-1.711
7.966826,-111.800,-67.909,71.226,-0.1788,-0.8215,0.6720,-8.366,-1.555,-3.819
7.983493,-111.812,-67.967,71.239,-0.0920,-0.5250,0.4383,0.104,0.974,-3.602
8.000160,-111.781,-68.014,71.225,-0.0203,0.0571,0.1252,1.122,1.287,-2.719
8.016827,-111.802,-68.061,71.250,-0.0423,0.1080,0.0241,0.278,0.449,-3.024
8.033494,-111.907,-68.095,71.329,-0.0813,0.0853,0.0128,-1.841,-0.956,-2.746
8.050161,-112.059,-68.098,71.432,-0.0359,0.0508,0.0349,-3.278,-2.126,-1.278
8.066828,-112.184,-68.078,71.506,-0.0304,-0.0107,0.0998,-3.284,-2.046,0.257
8.083495,-112.297,-68.050,71.555,-0.1376,0.0796,0.1449,-3.941,-1.715,0.943
8.100162,-112.403,-68.019,71.575,-0.2495,0.1321,0.1536,-5.173,-1.192,1.355
8.116829,-112.477,-67.981,71.575,-0.2896,0.0970,0.1651,-4.317,-0.933,1.843
8.133496,-112.563,-67.939,71.568,-0.3309,0.0887,0.0914,-5.474,-0.900,2.209
8.150163,-112.691,-67.889,71.560,-0.4740,0.1157,0.0381,-8.062,-1.052,2.596
8.166830,-112.807,-67.843,71.556,-0.4543,0.0772,0.0277,-7.088,-1.073,2.383
8.183497,-112.899,-67.812,71.558,-0.4006,0.0030,0.0228,-5.348,-0.830,1.436
8.200164,-113.010,-67.793,71.571,-0.3890,0.0162,-0.0255,-5.851,-0.798,0.721
8.216831,-113.121,-67.792,71.594,-0.4326,-0.0308,0.0091,-5.324,-0.593,-0.361
8.233498,-113.265,-67.804,71.644,-0.4329,-0.0147,0.0121,-5.816,-0.849,-1.342
8.250165,-113.467,-67.824,71.738,-0.4688,0.0401,0.0271,-6.898,-1.545,-2.200
8.266832,-113.704,-67.845,71.868,-0.4680,-0.0538,0.0979,-6.911,-2.295,-2.560
8.283499,-113.907,-67.866,71.988,-0.3428,-0.0626,0.0726,-5.480,-2.079,-2.464
8.300166,-114.140,-67.898,72.110,-0.3017,0.0227,-0.0142,-7.148,-1.831,-3.124
8.316833,-114.439,-67.934,72.254,-0.4039,0.1242,-0.0681,-9.885,-2.180,-3.545
8.333500,-114.775,-67.975,72.424,-0.4983,0.1901,-0.0257,-10.723,-2.555,-4.072
8.350167,-115.163,-68.018,72.633,-0.5501,0.2576,-0.0436,-11.574,-3.287,-4.569
8.366834,-115.566,-68.059,72.859,-0.5468,0.1821,-0.1176,-11.604,-3.653,-4.639
8.383501,-116.023,-68.088,73.118,-0.5889,0.2903,-0.1980,-12.997,-4.584,-4.327
8.400168,-116.548,-68.120,73.425,-0.6159,0.1367,-0.0703,-14.424,-5.426,-5.030
8.416835,-117.089,-68.160,73.746,-0.7314,-0.0257,-0.0199,-14.540,-5.457,-5.635
8.433502,-117.660,-68.215,74.083,-0.8112,0.0853,-0.2084,-15.511,-5.284,-6.647
8.450169,-118.250,-68.285,74.448,-0.9262,0.0949,-0.3337,-15.102,-5.330,-7.791
8.466836,-118.909,-68.376,74.887,-1.0222,0.1017,-0.5312,-15.123,-6.091,-9.702
8.483503,-119.721,-68.501,75.434,-1.0746,0.2116,-0.7156,-18.238,-7.022,-12.709
8.500170,-120.699,-68.657,76.117,-1.2089,0.2487,-0.9472,-20.608,-8.401,-15.898
8.516837,-121.944,-68.840,76.971,-1.1926,0.4198,-1.1825,-27.043,-10.351,-19.298
8.533504,-123.476,-69.040,78.025,-1.1674,0.4148,-1.3488,-32.975,-12.820,-22.708
8.550171,-125.304,-69.262,79.301,-1.0169,0.5560,-1.4336,-38.249,-15.178,-26.674
8.566838,-127.521,-69.512,80.829,-0.7436,0.9132,-1.5346,-47.338,-17.297,-31.543
8.583505,-130.307,-69.780,82.675,-0.3042,1.1851,-1.6302,-63.475,-20.109,-37.006
8.600172,-133.728,-70.051,84.857,-0.0158,1.3246,-1.5770,-82.409,-22.805,-42.456
8.616839,-137.685,-70.281,87.380,0.2788,1.5069,-1.5892,-95.226,-26.245,-46.701
8.633506,-142.097,-70.426,90.238,0.6276,1.5772,-1.7623,-103.365,-30.711,-50.032
8.650173,-146.879,-70.486,93.417,0.8396,1.3628,-1.9580,-107.227,-34.452,-54.293
8.666840,-151.686,-70.449,96.756,1.1214,0.7107,-1.9242,-99.771,-36.385,-56.734
8.683507,-156.683,-70.234,100.382,1.1438,0.7101,-1.9913,-95.021,-43.718,-60.559
8.700174,-161.992,-69.906,104.169,0.6147,0.7025,-2.1343,-104.990,-46.005,-65.780
8.716841,-167.603,-69.413,108.084,-0.2750,0.7019,-2.9218,-116.422,-50.207,-71.296
8.733508,-173.228,-68.755,112.115,-0.3988,1.1946,-3.2484,-111.596,-53.554,-78.844
8.750175,-178.731,-67.799,116.302,-0.2844,1.5121,-3.1801,-96.832,-63.993,-88.989
8.766842,175.582,-66.528,120.583,0.1389,1.4398,-3.1171,-104.559,-73.722,-102.006
8.783509,169.730,-64.994,124.685,0.4333,0.9175,-3.1152,-126.689,-78.664,-112.235
8.800176,164.036,-63.186,128.482,0.6252,0.8944,-3.1703,-136.701,-83.338,-121.833
8.816843,158.602,-61.090,132.010,1.6632,0.7859,-2.5869,-138.894,-87.736,-134.262
8.833510,153.502,-58.758,135.185,1.3958,0.3313,-1.9675,-141.046,-89.377,-144.292
8.850177,148.622,-56.264,137.915,1.5698,0.9497,-1.7761,-154.529,-88.651,-149.661
8.866844,143.644,-53.591,140.257,1.9703,2.0787,-2.0320,-183.485,-88.463,-156.681
8.883511,138.176,-50.697,142.328,2.8883,2.4153,-1.5323,-229.776,-86.962,-168.945
8.900178,132.429,-47.577,144.233,2.5241,0.9235,-0.7351,-258.151,-80.713,-185.067
8.916845,126.814,-44.377,146.011,1.4315,-0.6483,-0.1949,-259.871,-65.592,-195.432
8.933512,121.704,-41.213,147.553,1.4009,-0.7410,0.3961,-243.386,-50.893,-195.357
8.950179,116.766,-38.111,148.827,2.1250,0.5358,1.0375,-247.124,-39.706,-191.384
8.966846,111.734,-35.062,149.826,2.8867,1.8001,1.4477,-265.843,-31.403,-186.784
8.983513,106.820,-31.976,150.612,2.6506,2.0774,1.3221,-268.387,-24.126,-187.943
9.000180,102.425,-28.859,151.176,1.9547,1.7505,1.3736,-246.146,-19.037,-188.522
9.016847,98.628,-25.755,151.463,1.6132,1.4627,2.1855,-219.474,-19.061,-186.042
9.033514,95.370,-22.740,151.484,1.2204,0.9323,3.0723,-194.504,-20.941,-179.795
9.050181,92.419,-19.813,151.238,0.5607,0.7713,3.1856,-181.907,-25.620,-174.358
9.066848,89.575,-17.028,150.698,-0.4188,0.4495,3.5420,-180.463,-33.683,-166.578
9.083515,86.781,-14.355,149.837,-1.1834,0.1706,3.2265,-181.181,-44.641,-161.977
9.100182,84.230,-11.775,148.613,-1.9507,-0.0201,2.6250,-169.185,-59.197,-160.065
9.116849,81.942,-9.281,146.992,-2.5560,-0.2842,2.7753,-154.670,-76.956,-160.189
9.133516,79.998,-6.951,145.035,-2.9160,-0.9458,3.4457,-132.782,-92.908,-156.498
9.150183,78.413,-4.768,142.834,-2.9794,-1.5991,3.6752,-108.249,-104.598,-153.564
9.166850,77.026,-2.769,140.515,-3.1053,-1.8720,3.6935,-92.097,-110.190,-146.984
9.183517,75.803,-0.990,138.198,-3.2334,-1.5551,3.1739,-77.681,-110.109,-136.778
9.200184,74.858,0.518,135.913,-3.1757,-1.1534,2.6025,-57.070,-109.823,-122.683
9.216851,74.224,1.776,133.695,-3.2602,-0.8545,2.0916,-35.215,-108.260,-108.684
9.233518,73.873,2.801,131.618,-3.5425,-0.6006,2.0682,-15.974,-102.951,-93.887
9.250185,73.725,3.642,129.704,-3.4803,-0.3015,2.0607,-2.326,-96.274,-81.023
9.266852,73.641,4.338,127.942,-3.0787,-0.0050,2.1240,2.277,-89.683,-70.359
9.283519,73.447,4.925,126.287,-2.4340,0.2173,2.1135,-3.626,-85.215,-62.554
9.300186,73.125,5.397,124.690,-1.9125,0.1163,1.9275,-10.784,-83.582,-55.333
9.316853,72.751,5.801,123.109,-1.6645,-0.1755,1.1661,-13.314,-83.419,-51.681
9.333520,72.392,6.150,121.550,-1.7886,-0.3983,0.4439,-11.924,-82.879,-48.625
9.350187,72.103,6.452,120.039,-1.9010,-0.4203,-0.0083,-7.582,-80.614,-45.604
9.366854,71.870,6.729,118.571,-1.7803,-0.2723,-0.0954,-4.040,-78.496,-43.691
9.383521,71.634,6.991,117.127,-1.5920,-0.2336,0.0414,-4.108,-77.175,-42.757
9.400188,71.444,7.247,115.699,-1.3679,-0.3021,-0.0090,-1.008,-76.229,-42.363
9.416855,71.382,7.496,114.284,-1.1628,-0.3654,-0.2121,6.838,-75.512,-41.872
9.433522,71.403,7.730,112.900,-0.9771,-0.3319,-0.3457,11.946,-74.007,-40.493
9.450189,71.406,7.937,111.550,-1.0068,-0.3272,-0.3332,10.921,-72.550,-38.212
9.466856,71.363,8.118,110.230,-0.9385,-0.2732,-0.5813,8.075,-71.394,-36.239
9.483523,71.246,8.269,108.934,-0.8833,-0.1734,-0.7316,3.687,-70.538,-34.129
9.500190,71.079,8.387,107.651,-0.7920,-0.0829,-1.0453,0.743,-70.360,-32.184
9.516857,70.846,8.468,106.391,-0.7954,0.0095,-1.1897,-3.288,-69.669,-29.881
9.533524,70.560,8.515,105.160,-0.7258,0.0196,-1.2264,-6.661,-68.639,-27.676
9.550191,70.274,8.533,103.965,-0.5739,-0.0017,-1.1907,-7.017,-67.026,-25.658
9.566858,70.002,8.538,102.813,-0.4256,-0.0736,-0.8980,-6.481,-64.783,-24.350
9.583525,69.717,8.548,101.695,-0.2899,-0.1503,-0.6839,-7.596,-62.724,-24.250
9.600192,69.392,8.569,100.604,-0.1991,-0.3234,-0.5454,-10.256,-60.853,-24.632
9.616859,69.002,8.615,99.529,-0.1187,-0.4739,-0.4457,-14.251,-59.225,-26.077
9.633526,68.497,8.717,98.489,-0.1391,-0.5237,-0.1358,-21.378,-55.919,-28.885
9.650193,67.915,8.912,97.477,0.1941,-0.7409,0.2430,-26.087,-51.991,-33.906
9.666860,67.291,9.209,96.445,0.4218,-0.9366,0.9008,-28.091,-50.425,-40.563
9.683527,66.653,9.598,95.400,0.4050,-1.2698,1.4250,-28.514,-48.410,-46.403
9.700194,66.128,10.073,94.387,0.2603,-1.8398,1.0404,-21.547,-44.059,-50.850
9.716861,65.691,10.608,93.426,0.1814,-2.1202,0.2576,-16.277,-39.333,-53.116
9.733528,65.195,11.179,92.511,-0.0981,-2.0231,-0.5925,-19.774,-35.413,-54.209
9.750195,64.572,11.762,91.616,-0.3991,-1.7882,-1.6189,-27.139,-33.399,-54.648
9.766862,63.915,12.354,90.701,-0.3803,-1.5205,-2.7802,-28.295,-33.585,-55.968
9.783529,63.253,12.956,89.739,-0.0914,-1.1016,-3.3454,-27.477,-34.977,-57.964
9.800196,62.572,13.574,88.753,0.0628,-0.6550,-3.0721,-27.621,-35.044,-59.809
9.816863,61.944,14.250,87.791,0.1893,-0.5929,-2.3378,-24.143,-31.341,-62.536
9.833530,61.415,15.055,86.877,0.6307,-0.7581,-1.1455,-18.181,-24.453,-68.226
9.850197,60.833,15.928,86.020,1.1961,-0.9696,0.9196,-21.463,-18.740,-70.319
9.866864,60.193,16.797,85.183,1.3237,-1.5570,2.3805,-24.560,-16.903,-69.621
9.883531,59.486,17.640,84.349,1.0698,-2.0324,2.3113,-27.793,-16.555,-68.200
9.900198,58.714,18.429,83.566,0.5687,-2.2111,1.1630,-31.993,-14.596,-63.962
9.916865,57.857,19.161,82.852,0.1552,-2.0327,0.1586,-37.762,-12.005,-59.076
9.933532,56.958,19.840,82.196,-0.2294,-1.7772,-0.1381,-40.980,-9.852,-54.680
9.950199,56.147,20.498,81.601,-0.4030,-1.5630,-0.1011,-36.456,-6.809,-51.717
9.966866,55.470,21.173,81.051,-0.2356,-1.4766,-0.0672,-29.010,-3.378,-51.200
9.983533,54.853,21.852,80.524,0.0152,-1.3716,0.0255,-25.538,-1.437,-50.594
10.000200,54.274,22.509,80.007,0.1332,-1.2726,-0.1492,-23.094,-1.126,-49.064
10.016867,53.784,23.121,79.513,0.0516,-1.1167,-0.4112,-18.012,-1.120,-46.044
10.033534,53.405,23.680,79.083,-0.1554,-0.8417,-0.1174,-12.548,0.233,-41.330
10.050201,53.178,24.210,78.766,-0.4937,-0.7421,0.5335,-6.003,4.504,-36.131
10.066868,53.048,24.752,78.576,-0.4923,-0.6678,1.2186,-3.122,10.605,-32.505
10.083535,52.918,25.308,78.517,-0.2758,-0.5688,1.8534,-6.371,16.896,-28.838
10.100202,52.741,25.870,78.552,-0.1270,-0.6949,2.0366,-11.583,21.280,-25.956
10.116869,52.480,26.427,78.648,-0.3115,-0.7380,1.8123,-18.251,23.769,-23.673
10.133536,52.150,26.985,78.766,-0.4739,-0.8919,1.2255,-22.997,24.876,-22.899
10.150203,51.735,27.543,78.842,-0.4138,-0.7524,0.7440,-27.026,23.163,-24.101
10.166870,51.229,28.091,78.818,-0.4141,-0.4950,0.2148,-29.784,18.895,-26.789
10.183537,50.714,28.612,78.659,-0.4812,-0.4082,-0.3224,-26.414,12.515,-29.794
10.200204,50.245,29.097,78.390,-0.5992,-0.2315,-0.6360,-20.353,6.939,-31.680
10.216871,49.827,29.539,78.049,-0.5694,-0.0361,-0.5742,-15.139,2.719,-32.041
10.233538,49.468,29.945,77.671,-0.5334,0.1265,-0.2348,-10.303,0.089,-31.590
10.250205,49.120,30.328,77.293,-0.4828,0.2567,0.3161,-9.532,-0.560,-30.480
10.266872,48.765,30.691,76.946,-0.4496,0.3208,0.6669,-10.770,0.091,-28.513
10.283539,48.411,31.021,76.658,-0.4639,0.3110,0.9992,-12.393,1.274,-24.924
10.300206,48.069,31.303,76.440,-0.5034,0.2554,1.3205,-13.813,2.209,-20.418
10.316873,47.735,31.530,76.299,-0.6610,0.1757,1.4691,-15.622,3.054,-15.264
10.333540,47.438,31.700,76.220,-0.6854,0.0306,1.3415,-15.371,3.182,-10.576
10.350207,47.185,31.819,76.191,-0.6721,-0.0500,1.1662,-14.329,3.026,-6.585
10.366874,46.971,31.899,76.188,-0.6154,-0.1607,0.9557,-12.817,2.395,-3.938
10.383541,46.797,31.959,76.203,-0.6034,-0.2003,0.7809,-10.930,2.253,-2.469
10.400208,46.646,32.011,76.212,-0.5370,-0.2608,0.6103,-9.379,1.688,-2.329
10.416875,46.504,32.062,76.194,-0.4866,-0.3291,0.4261,-8.071,0.713,-3.227
10.433542,46.379,32.116,76.146,-0.4644,-0.4064,0.1973,-6.028,-0.310,-4.379
10.450209,46.281,32.170,76.071,-0.5309,-0.3503,0.0467,-3.500,-1.345,-5.336
10.466876,46.197,32.230,75.980,-0.6248,-0.2383,0.1115,-2.202,-1.632,-6.164
10.483543,46.113,32.307,75.887,-0.6752,-0.1551,0.2837,-2.140,-0.992,-6.948
10.500210,46.013,32.401,75.792,-0.6242,-0.1581,0.4237,-2.986,-0.386,-7.805
10.516877,45.898,32.494,75.692,-0.5853,-0.1929,0.4762,-3.792,-0.545,-7.924
10.533544,45.790,32.570,75.601,-0.5800,-0.2305,0.3091,-3.580,-0.968,-6.846
10.550211,45.710,32.617,75.527,-0.6664,-0.2500,0.2853,-2.477,-1.570,-4.991
10.566878,45.668,32.641,75.465,-0.6526,-0.2428,0.2223,-0.612,-2.082,-3.638
10.583545,45.651,32.648,75.412,-0.5230,-0.2646,0.1406,0.600,-2.479,-2.515
10.600212,45.643,32.641,75.374,-0.4265,-0.2600,0.0831,0.713,-2.543,-1.452
10.616879,45.635,32.636,75.345,-0.3741,-0.2176,0.0601,0.354,-2.111,-1.204
10.633546,45.634,32.639,75.328,-0.3774,-0.2236,0.1068,0.420,-1.370,-1.120
10.650213,45.622,32.647,75.315,-0.3165,-0.2781,0.1384,-0.377,-1.022,-1.217
10.666880,45.613,32.655,75.310,-0.3233,-0.2933,0.1421,-0.429,-0.743,-0.880
10.683547,45.599,32.655,75.314,-0.4010,-0.3168,0.1491,-1.094,-0.729,-0.228
10.700214,45.599,32.650,75.351,-0.4840,-0.2756,0.2149,-1.278,0.207,1.128
10.716881,45.589,32.652,75.400,-0.4397,-0.3093,0.2137,-2.263,0.972,1.250
10.733548,45.555,32.661,75.458,-0.3659,-0.3400,0.1464,-3.981,1.585,1.299
10.750215,45.525,32.682,75.517,-0.4143,-0.3322,0.0101,-3.836,2.111,0.807
10.766882,45.494,32.712,75.567,-0.4758,-0.2791,-0.1231,-3.554,2.128,0.120
10.783549,45.476,32.752,75.605,-0.4434,-0.2460,-0.2451,-2.380,2.122,-0.719
10.800216,45.465,32.797,75.626,-0.3934,-0.1955,-0.2085,-1.482,1.744,-1.575
10.816883,45.460,32.844,75.628,-0.3859,-0.1665,-0.1519,-0.445,1.105,-2.320
10.833550,45.450,32.889,75.621,-0.3851,-0.1147,-0.1385,-0.393,0.708,-2.586
10.850217,45.436,32.925,75.610,-0.3164,-0.0737,-0.1084,-0.595,0.175,-2.278
10.866884,45.417,32.949,75.607,-0.2687,-0.0116,-0.0422,-1.116,-0.024,-1.535
10.883551,45.407,32.971,75.610,-0.2139,-0.0321,-0.0477,-0.797,0.075,-1.183
10.900218,45.394,32.989,75.619,-0.1788,0.0356,-0.0093,-1.190,0.138,-0.805
10.916885,45.373,33.006,75.634,-0.1525,0.0153,-0.0068,-1.832,0.317,-0.585
10.933552,45.350,33.023,75.652,-0.0966,-0.0202,-0.0356,-2.043,0.429,-0.459
10.950219,45.313,33.036,75.671,-0.0640,0.0318,0.0753,-2.917,0.314,-0.244
10.966886,45.260,33.052,75.684,-0.0944,0.0358,0.1279,-3.733,0.196,-0.580
10.983553,45.193,33.063,75.689,-0.1364,0.0179,0.1119,-4.246,-0.300,-0.673
11.000220,45.128,33.068,75.690,-0.1026,-0.0203,0.0916,-4.003,-0.651,-0.541
11.016887,45.059,33.066,75.692,-0.1417,0.0310,0.1167,-4.251,-0.961,-0.222
11.033554,44.999,33.061,75.690,-0.1782,0.0490,0.1519,-3.638,-1.200,-0.229
11.050221,44.956,33.054,75.686,-0.2016,0.0022,0.1729,-2.529,-1.324,-0.191
11.066888,44.919,33.040,75.685,-0.2535,-0.0601,0.2193,-2.279,-1.573,0.189
11.083555,44.879,33.017,75.695,-0.3459,-0.0484,0.2268,-2.806,-1.525,0.953
11.100222,44.841,32.990,75.713,-0.4003,-0.0621,0.1957,-2.957,-1.458,1.446
11.116889,44.797,32.963,75.737,-0.3583,-0.0908,0.0858,-3.462,-1.229,1.629
11.133556,44.761,32.938,75.760,-0.3377,-0.1458,0.0730,-3.004,-1.128,1.513
11.150223,44.731,32.920,75.778,-0.3484,-0.1811,-0.0283,-2.518,-1.065,1.038
11.166890,44.701,32.905,75.795,-0.3769,-0.1985,-0.1017,-2.434,-0.963,0.868
11.183557,44.685,32.897,75.804,-0.3731,-0.2105,-0.1132,-1.325,-0.973,0.288
11.200224,44.680,32.897,75.808,-0.3569,-0.1917,-0.0687,-0.478,-0.814,-0.235
11.216891,44.681,32.908,75.810,-0.3300,-0.1821,-0.1484,-0.136,-0.391,-0.711
11.233558,44.682,32.929,75.816,-0.3470,-0.1101,-0.2332,-0.166,0.150,-1.057
11.250225,44.699,32.961,75.817,-0.3515,-0.0590,-0.2927,0.888,0.441,-1.653
11.266892,44.728,33.005,75.809,-0.3467,0.0153,-0.3949,1.906,0.653,-2.506
11.283559,44.791,33.064,75.781,-0.3715,0.0709,-0.6314,4.603,0.594,-3.882
11.300226,44.917,33.145,75.721,-0.3588,0.1081,-0.8527,9.477,0.327,-5.897
11.316893,45.102,33.236,75.633,-0.3994,0.1187,-0.6826,13.925,-0.217,-7.390
11.333560,45.341,33.339,75.540,-0.3502,0.0417,-0.3114,17.305,0.065,-8.051
11.350227,45.573,33.439,75.466,-0.3658,0.0045,0.1241,16.257,0.606,-7.191
11.366894,45.777,33.532,75.412,-0.4033,-0.1270,0.3817,14.001,0.968,-6.270
11.383561,45.893,33.603,75.381,-0.3824,-0.1821,0.5770,7.875,0.927,-4.494
11.400228,45.933,33.650,75.379,-0.3371,-0.1423,0.7074,2.419,0.908,-2.484
11.416895,45.951,33.681,75.392,-0.2228,-0.2391,0.5572,0.554,0.760,-1.197
11.433562,45.944,33.697,75.420,-0.1000,-0.2637,0.3987,-1.435,0.674,-0.084
11.450229,45.919,33.693,75.460,-0.0861,-0.2637,0.3118,-2.888,0.287,1.151
11.466896,45.885,33.686,75.505,-0.0919,-0.2411,0.2477,-3.624,0.357,1.577
11.483563,45.838,33.680,75.557,-0.0927,-0.2020,0.2835,-4.606,0.594,1.687
11.500230,45.809,33.689,75.610,-0.1598,-0.2641,0.1579,-3.601,1.351,1.133
11.516897,45.788,33.706,75.667,-0.3263,-0.2038,0.2055,-3.259,1.798,0.978
11.533564,45.719,33.724,75.725,-0.4250,-0.1678,0.2512,-6.089,1.873,0.883
11.550231,45.642,33.743,75.789,-0.4017,-0.1769,0.1415,-6.841,2.121,1.128
11.566898,45.577,33.760,75.863,-0.4217,-0.0992,0.0947,-6.429,2.330,1.463
11.583565,45.513,33.772,75.937,-0.3253,-0.0529,0.0861,-6.379,2.155,1.733
11.600232,45.479,33.788,76.013,-0.3183,-0.0487,-0.0221,-4.630,2.394,1.677
11.616899,45.502,33.814,76.084,-0.3946,-0.0751,-0.1563,-1.034,2.614,0.954
11.633566,45.556,33.853,76.154,-0.3934,-0.0790,-0.2091,0.790,3.193,0.472
11.650233,45.611,33.897,76.237,-0.3540,-0.0319,-0.1548,0.456,3.764,0.695
11.666900,45.665,33.944,76.321,-0.3013,-0.0545,-0.1828,0.403,3.980,0.514
11.683567,45.732,34.005,76.393,-0.1982,-0.0855,-0.2915,1.534,4.069,-0.458
11.700234,45.823,34.087,76.457,-0.1377,-0.1347,-0.5154,3.279,4.692,-1.702
11.716901,45.975,34.214,76.533,-0.2721,-0.1217,-0.7112,6.523,6.953,-3.229
11.733568,46.109,34.373,76.592,-0.6391,-0.2639,-0.7966,6.001,7.770,-5.150
11.750235,46.200,34.563,76.656,-0.4821,-0.2526,-0.6281,3.239,9.098,-6.416
11.766902,46.477,34.783,76.739,0.0336,-0.4426,-0.3563,13.542,11.323,-6.857
11.783569,46.952,34.976,76.816,-0.0259,-0.1831,0.4585,25.679,9.789,-6.035
11.800236,47.452,35.167,76.873,-0.2769,-0.0753,0.9745,28.019,8.828,-6.829
11.816903,47.857,35.337,76.931,-0.3545,-0.1094,1.1087,22.249,7.976,-5.948
11.833570,48.151,35.492,77.029,-0.3384,-0.1738,1.0092,14.489,8.401,-4.339
11.850237,48.384,35.618,77.173,-0.3704,-0.1367,0.9203,9.082,9.079,-1.422
11.866904,48.592,35.711,77.359,-0.3978,-0.1242,0.8710,5.890,9.483,1.550
11.883571,48.822,35.771,77.591,-0.3270,-0.1498,0.7898,5.498,10.031,4.557
11.900238,49.093,35.805,77.861,-0.1418,-0.1343,0.7737,6.311,10.706,7.202
11.916905,49.390,35.822,78.180,0.0010,-0.1279,0.7250,6.457,11.577,9.207
11.933572,49.732,35.824,78.527,0.0717,-0.2066,0.5588,8.243,11.941,10.604
11.950239,50.089,35.808,78.885,0.1257,-0.2023,0.4659,8.732,11.804,11.708
11.966906,50.447,35.779,79.266,-0.0194,-0.0950,0.5093,8.088,12.151,12.952
11.983573,50.803,35.738,79.676,-0.2025,-0.0204,0.6985,6.818,12.981,14.380
12.000240,51.128,35.681,80.098,-0.2415,-0.0358,0.8434,4.569,13.004,15.454
12.016907,51.470,35.602,80.540,-0.2783,-0.1198,0.7125,5.025,12.870,16.892
12.033574,51.866,35.492,80.989,-0.2932,-0.1839,0.4679,8.055,12.102,18.480
12.050241,52.315,35.348,81.447,-0.3364,-0.1170,0.3380,10.960,11.374,20.347
12.066908,52.800,35.164,81.923,-0.4418,0.0416,0.4089,12.532,10.880,22.677
12.083575,53.338,34.958,82.409,-0.4418,0.0325,0.3837,15.402,10.747,24.024
12.100242,53.892,34.731,82.901,-0.3579,0.0332,0.4270,16.283,10.444,25.107
12.116909,54.475,34.487,83.402,-0.2844,-0.0361,0.5518,17.810,10.531,26.063
12.133576,55.081,34.227,83.906,-0.1645,-0.1330,0.8053,19.164,10.444,26.917
12.150243,55.706,33.942,84.403,-0.1957,-0.2658,0.9430,20.725,9.629,27.855
12.166910,56.330,33.630,84.883,-0.2255,-0.3168,0.8422,21.319,8.440,28.627
12.183577,56.940,33.291,85.334,-0.2633,-0.3714,0.5802,21.582,6.675,29.165
12.200244,57.545,32.922,85.758,-0.3130,-0.3087,0.3561,22.357,4.955,29.918
12.216911,58.173,32.533,86.141,-0.3127,-0.2606,0.1438,25.139,3.024,29.814
12.233578,58.812,32.139,86.481,-0.3256,-0.2256,-0.0268,27.305,1.383,28.976
12.250245,59.428,31.733,86.789,-0.3139,-0.1133,0.0739,27.070,-0.031,28.769
12.266912,60.072,31.324,87.080,-0.3417,-0.1693,0.1809,29.380,-0.476,28.467
12.283579,60.728,30.911,87.352,-0.3031,-0.2365,0.3421,30.785,-1.037,28.285
12.300246,61.384,30.496,87.630,-0.3403,-0.2593,0.5212,30.698,-0.494,28.531
12.316913,62.047,30.078,87.913,-0.3323,-0.3787,0.5753,31.092,0.092,28.869
12.333580,62.693,29.663,88.191,-0.2273,-0.4918,0.5231,30.325,0.302,28.575
12.350247,63.285,29.244,88.451,-0.1652,-0.4803,0.4326,27.648,-0.273,28.379
12.366914,63.841,28.830,88.673,-0.1765,-0.5321,0.2511,26.773,-1.604,27.314
12.383581,64.351,28.413,88.836,-0.1787,-0.4965,0.2921,25.740,-4.152,26.094
12.400248,64.841,28.009,88.915,-0.2030,-0.5830,0.0820,27.007,-7.584,23.546
12.416915,65.303,27.613,88.902,-0.2446,-0.4940,-0.2420,27.929,-11.569,21.159
12.433582,65.759,27.200,88.810,-0.3529,-0.3201,-0.3148,29.764,-15.659,20.438
12.450249,66.241,26.785,88.644,-0.3897,-0.3118,-0.5193,33.278,-19.214,19.016
12.466916,66.736,26.370,88.415,-0.4019,-0.2154,-0.6906,35.657,-22.152,17.878
12.483583,67.224,25.953,88.148,-0.3725,-0.1030,-0.6868,36.175,-23.930,17.355
12.500250,67.705,25.541,87.859,-0.3420,-0.0161,-0.5229,36.250,-24.844,16.792
12.516917,68.170,25.137,87.551,-0.4211,0.0248,-0.3586,35.605,-25.537,16.154
12.533584,68.661,24.741,87.238,-0.3929,-0.0191,-0.3895,37.246,-25.537,15.740
12.550251,69.214,24.362,86.907,-0.3818,-0.0806,-0.5864,41.238,-25.961,14.719
12.566918,69.860,23.996,86.558,-0.4076,0.0326,-0.8168,47.139,-26.538,13.807
12.583585,70.675,23.639,86.217,-0.5004,0.0842,-1.0141,56.997,-25.783,13.837
12.600252,71.674,23.253,85.912,-0.6018,0.2735,-0.5078,67.040,-24.315,16.465
12.616919,72.837,22.852,85.635,-0.6717,0.1472,0.0206,76.070,-22.840,18.246
12.633586,74.175,22.454,85.372,-0.4833,-0.2490,-0.0716,86.195,-21.649,18.782
12.650253,75.835,22.061,85.127,-0.3974,-0.6195,-0.5392,104.916,-20.176,19.312
12.666920,77.797,21.645,84.917,-0.2872,-0.7346,-1.0196,122.212,-18.026,21.673
12.683587,79.753,21.174,84.742,-0.2440,-0.5644,-0.7208,121.013,-15.982,25.885
12.700254,81.567,20.633,84.589,-0.3784,-0.6021,-0.2875,111.903,-14.655,30.768
12.716921,83.298,20.087,84.424,-0.0504,-0.8702,-0.4940,107.073,-14.413,31.348
12.733588,84.816,19.545,84.240,0.1889,-0.8736,-0.6236,94.617,-14.578,31.416
12.750255,86.038,19.056,84.015,0.4186,-1.1352,-0.8572,77.585,-15.919,28.450
12.766922,86.896,18.640,83.744,0.6225,-1.3585,-1.2036,56.560,-17.685,24.167
12.783589,87.370,18.273,83.410,0.9272,-1.4038,-0.9063,34.606,-20.894,21.299
12.800256,87.642,17.956,83.016,1.0584,-1.4263,-0.4053,23.532,-24.089,18.237
12.816923,87.761,17.721,82.583,0.9655,-1.1958,-0.3178,15.008,-26.017,13.376
12.833590,87.765,17.556,82.151,0.5595,-0.9452,-0.5815,7.991,-25.827,9.225
12.850257,87.641,17.434,81.756,0.4953,-0.6479,-0.9767,-0.441,-23.554,6.744
12.866924,87.235,17.317,81.378,0.9539,-0.3319,-0.5549,-17.646,-22.664,6.312
12.883591,86.568,17.231,81.002,1.2947,-0.2107,-0.1973,-33.348,-22.463,4.282
12.900258,85.738,17.190,80.581,1.2546,-0.1861,-0.2658,-42.357,-24.943,1.163
12.916925,84.867,17.216,80.126,1.0872,-0.0434,-0.6256,-44.183,-26.504,-3.414
12.933592,83.977,17.299,79.652,1.0365,0.2016,-0.7340,-44.908,-27.177,-7.300
12.950259,83.107,17.450,79.196,1.0235,0.4406,-0.3894,-43.962,-25.558,-11.666
12.966926,82.278,17.741,78.774,1.0198,0.3892,0.0888,-42.036,-22.370,-20.162
12.983593,81.463,18.224,78.391,1.1663,0.2202,0.4700,-41.702,-18.128,-31.529
13.000260,80.624,18.908,78.048,1.2685,-0.0054,1.0347,-43.658,-13.503,-43.302
13.016927,79.817,19.782,77.723,1.1434,-0.2714,1.1963,-41.828,-9.761,-54.580
13.033594,79.014,20.783,77.400,0.9874,-0.2297,1.1316,-41.302,-7.422,-62.191
13.050261,78.250,21.822,77.067,0.5880,-0.0960,0.7277,-38.412,-6.491,-64.553
13.066928,77.694,22.833,76.709,0.3086,0.0917,-0.0126,-25.009,-7.301,-63.243
13.083595,77.431,23.766,76.319,0.0426,0.2318,-0.5774,-6.378,-9.456,-59.077
13.100262,77.341,24.586,75.903,0.1312,0.5338,-0.6780,5.014,-12.007,-52.798
13.116929,77.279,25.259,75.461,0.1489,0.6652,0.0381,7.710,-15.158,-44.484
13.133596,77.201,25.860,75.005,0.1804,0.5521,0.2216,7.346,-16.619,-40.427
13.150263,77.008,26.432,74.572,0.4282,0.7099,0.2580,0.068,-15.583,-38.457
13.166930,76.704,27.006,74.189,0.5430,0.6271,-0.0305,-7.758,-12.651,-38.050
13.183597,76.361,27.591,73.862,0.4221,0.4588,-0.2599,-11.313,-9.287,-38.057
13.200264,76.000,28.174,73.599,0.2324,0.2027,-0.3662,-14.096,-5.640,-37.184
13.216931,75.634,28.751,73.413,0.2204,0.1298,-0.2567,-16.433,-1.520,-35.841
13.233598,75.322,29.363,73.299,0.3633,0.0020,-0.4430,-15.157,2.923,-36.909
13.250265,75.086,30.047,73.237,0.5516,0.0009,-0.6755,-12.075,6.925,-40.410
13.266932,74.896,30.794,73.211,0.5009,0.0781,-0.7546,-10.395,9.809,-43.526
13.283599,74.744,31.593,73.203,0.3032,0.1304,-0.8200,-8.640,11.752,-46.245
13.300266,74.512,32.430,73.192,0.3786,0.2010,-0.7914,-13.322,12.283,-48.460
13.316933,74.170,33.307,73.146,0.4233,0.2207,-0.9610,-18.753,11.553,-51.199
13.333600,73.897,34.254,73.046,0.5181,0.1053,-0.9786,-12.804,10.386,-55.889
13.350267,73.740,35.286,72.855,0.3486,0.1452,-0.9976,-2.598,7.794,-61.981
13.366934,73.788,36.344,72.617,0.0672,0.3409,-1.1251,11.482,6.230,-64.114
13.383601,73.993,37.390,72.390,0.0801,0.7729,-0.6897,20.716,6.537,-63.234
13.400268,74.239,38.428,72.179,0.1476,0.7882,-0.5581,22.777,7.047,-62.533
13.416935,74.678,39.490,71.997,0.2352,0.4288,-0.4644,33.405,8.502,-63.605
13.433602,75.082,40.591,71.820,0.3778,0.3807,0.2644,31.367,8.996,-65.896
13.450269,75.340,41.722,71.650,-0.0942,0.0670,0.7593,22.408,9.525,-67.526
13.466936,75.655,42.880,71.453,-0.5123,-0.3420,0.9073,27.093,8.573,-69.396
13.483603,75.926,44.026,71.217,-0.7073,-0.1286,1.2240,26.196,6.525,-69.123
13.500270,76.095,45.099,70.942,-1.0914,0.0667,0.8081,21.975,3.765,-65.282
13.516937,76.330,46.056,70.643,-1.2216,0.1152,0.1734,27.150,1.071,-58.694
13.533604,76.695,46.900,70.324,-1.0762,0.0863,0.0775,35.997,-1.435,-52.250
13.550271,77.152,47.668,70.010,-1.0388,0.0023,0.3061,41.438,-2.446,-47.745
13.566938,77.599,48.436,69.693,-1.8106,-0.4142,0.7122,41.173,-2.794,-47.734
13.583605,78.281,49.258,69.474,-1.8498,-0.2829,1.4462,51.051,1.354,-49.937
13.600272,78.771,50.161,69.249,-1.5729,-0.0405,1.8971,39.907,1.694,-54.822
13.616939,79.086,51.027,69.012,-1.9545,0.2234,1.1921,30.070,0.574,-52.619
13.633606,79.090,51.727,68.759,-2.1421,0.6600,0.8190,12.298,-1.965,-42.971
13.650273,78.971,52.266,68.510,-2.3230,0.7704,0.3016,4.826,-3.477,-33.446
13.666940,78.823,52.713,68.287,-2.1048,0.8175,0.2768,1.917,-3.484,-27.878
13.683607,78.787,53.135,68.088,-1.9993,0.6930,-0.0138,7.527,-2.843,-26.163
13.700274,78.921,53.522,67.951,-1.9506,0.7613,0.0528,14.775,-1.042,-23.699
13.716941,79.165,53.881,67.857,-2.0411,0.4957,0.1167,19.325,0.042,-21.753
13.733608,79.404,54.219,67.789,-1.7691,0.6830,0.5223,17.797,0.622,-20.340
13.750275,79.555,54.538,67.708,-1.8552,0.5869,0.4593,13.141,-0.105,-19.313
13.766942,79.663,54.819,67.606,-1.9479,0.4989,0.2864,11.640,-1.302,-17.193
13.783609,79.790,55.056,67.507,-1.9321,0.5218,0.0597,12.581,-1.679,-14.604
13.800276,79.925,55.259,67.404,-1.6920,0.5622,0.0249,13.329,-2.271,-12.547
13.816943,80.056,55.463,67.327,-1.6910,0.4946,0.0914,11.746,-1.376,-12.523
13.833610,80.353,55.730,67.324,-1.8896,0.4710,0.1303,18.066,1.682,-15.789
13.850277,80.947,56.118,67.430,-1.8465,0.2737,-0.0427,30.414,6.322,-22.331
13.866944,81.732,56.593,67.552,-1.1879,0.1881,0.2727,41.121,7.276,-27.579
13.883611,82.590,57.082,67.683,-0.6539,0.0688,0.5274,44.989,7.244,-28.413
13.900278,83.505,57.495,67.854,-0.8967,0.0284,0.5266,46.365,7.498,-23.934
13.916945,84.544,57.811,67.984,-0.9403,0.0731,0.4438,55.860,5.081,-18.336
13.933612,85.509,58.025,67.956,-0.8171,0.0699,0.4690,59.442,-0.801,-12.803
13.950279,86.389,58.141,67.813,-0.9230,0.0165,0.3594,60.130,-5.040,-7.225
13.966946,87.196,58.192,67.596,-0.7968,-0.1461,0.2024,59.555,-7.727,-3.379
13.983613,88.080,58.226,67.397,-1.7083,-0.4749,-0.5570,63.275,-7.239,-2.188
14.000280,88.870,58.216,67.229,-1.4115,0.0127,-0.4964,56.100,-6.387,0.612
14.016947,89.379,58.208,67.067,-1.2901,-0.0423,-0.5940,38.900,-6.177,0.492
14.033614,89.668,58.223,66.924,-1.0694,-0.4108,-0.9088,24.683,-5.579,-0.746
14.050281,89.911,58.251,66.827,-0.8508,-0.7091,-1.1111,19.613,-4.139,-1.546
14.066948,90.063,58.272,66.669,-0.2484,-0.6642,-0.9100,17.247,-6.049,-1.069
14.083615,90.076,58.312,66.409,0.1110,-0.8476,-0.7567,14.160,-9.292,-2.232
14.100282,89.941,58.382,66.056,0.2417,-0.9976,-0.7620,10.027,-12.176,-3.989
14.116949,89.648,58.472,65.663,0.4634,-0.7925,-0.5274,2.558,-13.348,-5.286
14.133616,89.168,58.608,65.213,0.7579,-0.9214,-0.4551,-5.587,-15.044,-8.079
14.150283,88.598,58.756,64.687,0.7962,-0.7261,-0.5154,-7.134,-17.222,-8.978
14.166950,87.946,58.910,64.074,1.0815,-0.4425,-0.2639,-7.519,-19.724,-9.619
14.183617,87.249,59.055,63.450,1.0797,-0.1669,0.1668,-9.594,-19.878,-9.287
14.200284,86.398,59.212,62.871,1.1749,-0.0143,0.8184,-21.142,-18.174,-10.218
14.216951,85.424,59.389,62.298,1.1996,-0.0031,1.1936,-28.665,-17.684,-11.680
14.233618,84.438,59.603,61.703,0.8243,-0.3621,0.6711,-28.305,-17.799,-14.256
14.250285,83.623,59.834,61.046,0.6686,-0.2957,0.4497,-14.719,-19.176,-15.689
14.266952,83.054,60.034,60.355,0.8224,0.3370,0.4130,1.926,-20.092,-14.176
14.283619,82.506,60.203,59.698,0.8871,1.1846,0.5789,1.447,-19.049,-12.379
14.300286,81.797,60.314,59.189,0.8226,1.3951,0.5710,-15.831,-14.907,-8.589
14.316953,81.150,60.411,58.844,0.7747,0.8604,0.4405,-20.733,-10.051,-7.188
14.333620,80.721,60.494,58.629,0.8862,0.4720,0.2793,-14.311,-6.309,-5.842
14.350287,80.439,60.515,58.500,0.7281,0.3334,0.3236,-10.085,-4.324,-1.850
14.366954,80.231,60.488,58.421,1.0185,0.7549,0.4511,-8.218,-3.327,1.242
14.383621,80.012,60.455,58.397,0.7815,0.9849,0.2643,-11.748,-1.785,1.847
14.400288,79.780,60.422,58.439,0.5947,0.9469,-0.2068,-15.927,0.140,2.164
14.416955,79.594,60.397,58.563,0.6553,0.9540,-0.4592,-17.504,2.619,2.146
14.433622,79.484,60.367,58.796,0.6427,0.7990,-0.4549,-18.671,5.770,2.998
14.450289,79.465,60.344,59.165,0.9315,0.6872,-0.2763,-20.271,9.821,3.299
14.466956,79.470,60.334,59.605,1.1918,0.5709,0.0151,-22.536,12.056,2.900
14.483623,79.468,60.327,60.095,1.1661,0.4481,0.2205,-25.534,13.566,2.928
14.500290,79.441,60.322,60.588,0.9538,0.1213,0.3580,-27.268,13.724,2.885
14.516957,79.468,60.300,61.065,0.6778,-0.1082,0.3013,-23.145,13.056,3.785
14.533624,79.450,60.280,61.532,0.5714,0.1198,0.3156,-25.310,12.836,3.604
14.550291,79.360,60.261,61.955,0.2936,-0.0931,0.0385,-27.291,11.547,3.320
14.566958,79.310,60.255,62.337,0.2613,-0.4020,-0.1049,-22.856,10.540,2.343
14.583625,79.330,60.266,62.695,0.1165,-0.3653,-0.0764,-17.384,10.031,1.173
14.600292,79.398,60.292,63.022,-0.1770,0.0835,-0.0117,-12.910,9.302,0.168
14.616959,79.449,60.316,63.345,-0.5886,0.1236,-0.1919,-13.663,9.108,0.238
14.633626,79.534,60.341,63.701,-0.7474,-0.0755,-0.1690,-13.425,10.124,0.300
14.650293,79.664,60.393,64.111,-0.7354,-0.3172,-0.1099,-13.651,12.032,-0.962
14.666960,79.862,60.458,64.549,-0.7134,-0.3557,0.0714,-11.060,12.967,-1.625
14.683627,80.102,60.543,64.981,-0.6345,-0.3368,0.2300,-8.272,12.956,-2.907
14.700294,80.350,60.623,65.340,-0.7602,-0.2585,0.0942,-3.756,10.587,-3.024
14.716961,80.547,60.679,65.604,-0.8471,-0.1639,-0.2977,-1.936,7.607,-2.131
14.733628,80.623,60.726,65.759,-0.9416,0.0069,-0.2659,-3.624,4.413,-2.077
14.750295,80.632,60.768,65.875,-1.1422,0.0730,-0.0919,-5.283,3.051,-2.052
14.766962,80.558,60.811,65.967,-1.3079,0.1059,0.1375,-9.027,2.330,-2.252
14.783629,80.423,60.845,66.011,-1.5254,0.0332,0.2151,-10.935,1.248,-1.798
14.800296,80.320,60.851,65.967,-1.8246,-0.2803,-0.0543,-4.479,-1.520,-0.621
14.816963,80.315,60.848,65.903,-1.9113,-0.2659,-0.2407,4.497,-3.353,-0.328
14.833630,80.365,60.882,65.798,-1.8034,0.3297,0.0426,8.606,-3.444,-2.603
14.850297,80.365,60.974,65.716,-1.6448,0.6508,-0.0123,5.136,-2.615,-5.978
14.866964,80.387,61.097,65.641,-1.4059,0.6306,-0.1188,5.945,-2.074,-7.774
14.883631,80.471,61.213,65.634,-1.3086,0.5086,-0.0154,11.115,-2.978,-7.436
14.900298,80.604,61.288,65.512,-1.1342,0.6084,0.4003,14.475,-3.578,-5.105
14.916965,80.774,61.342,65.464,-0.7698,0.5882,0.6284,14.662,-2.728,-3.616
14.933632,81.000,61.375,65.435,-0.5105,0.0248,0.4031,15.325,-1.457,-2.212
14.950299,81.338,61.402,65.467,-0.2790,-0.4192,-0.0853,19.620,-0.236,-1.611
14.966966,81.789,61.436,65.676,-0.0857,-0.6777,-0.4207,23.867,1.092,-1.807
14.983633,82.334,61.486,65.862,0.1974,-0.7308,-0.4998,26.240,3.056,-2.518
15.000300,82.936,61.554,65.934,0.5894,-0.5689,-0.2384,28.441,3.883,-3.603
15.016967,83.438,61.621,66.079,1.0140,-0.2748,-0.0948,24.109,2.883,-3.595
15.033634,83.903,61.686,66.240,0.9253,-0.2907,-0.0548,21.499,3.069,-3.536
15.050301,84.263,61.754,66.452,0.8641,-0.1909,0.0658,15.301,2.990,-3.737
15.066968,84.527,61.823,66.569,0.8798,-0.2738,0.0119,9.139,3.239,-3.816
15.083635,84.753,61.891,66.669,0.9353,-0.3972,-0.0999,8.617,2.309,-3.893
15.100302,85.005,61.978,66.674,0.8874,-0.4794,-0.0594,11.265,1.869,-5.068
15.116969,85.268,62.080,66.684,0.8298,-0.4324,-0.1035,14.137,0.738,-6.063
15.133636,85.527,62.194,66.692,0.9202,-0.1690,-0.2433,15.462,-0.092,-6.896
15.150303,85.729,62.321,66.680,1.0634,-0.0936,-0.2990,14.315,-1.226,-7.682
15.166970,85.901,62.455,66.647,1.3322,-0.0408,-0.3156,15.700,-2.885,-8.269
15.183637,85.970,62.591,66.450,1.6530,0.0972,-0.1642,13.332,-4.771,-8.532
15.200304,85.928,62.711,66.207,1.8218,0.0506,-0.1824,11.982,-7.564,-7.762
15.216971,85.786,62.818,65.809,2.1242,0.0984,-0.1625,11.978,-10.573,-7.264
15.233638,85.535,62.925,65.383,2.1972,0.4694,-0.3146,11.508,-13.635,-7.495
15.250305,85.129,63.075,64.697,2.0857,0.2674,-0.6354,8.784,-16.524,-10.480
15.266972,84.663,63.209,64.051,2.1884,-0.1711,-0.6517,10.162,-19.012,-9.806
15.283639,84.170,63.312,63.160,3.1551,-0.0687,-0.2522,17.910,-23.600,-8.611
15.300306,83.619,63.375,62.079,3.7156,-0.3763,0.1201,28.179,-30.607,-7.106
15.316973,82.922,63.372,60.623,4.2268,-0.7498,0.5561,38.898,-40.537,-4.717
15.333640,82.058,63.264,58.764,4.5010,-0.5236,0.9634,48.848,-51.288,-0.369
15.350307,81.047,63.081,56.572,4.5736,-0.5616,0.8187,57.874,-61.083,1.903
15.366974,79.977,62.824,54.039,4.6547,-0.2965,0.3674,70.258,-70.369,3.730
15.383641,78.839,62.505,51.244,4.8213,-0.2495,0.1777,81.063,-79.424,4.355
15.400308,77.648,62.071,48.212,4.9463,-0.4811,-0.0234,89.805,-88.230,8.009
15.416975,76.309,61.471,44.940,5.5082,-0.2526,0.7296,92.883,-98.618,13.817
15.433642,74.650,60.635,41.383,6.1806,-0.2754,1.8058,87.517,-112.563,22.264
15.450309,72.872,59.574,37.561,6.0440,-0.9758,1.8529,92.445,-127.459,28.751
15.466976,71.584,58.225,33.561,5.3808,-2.4637,1.4646,128.468,-142.580,38.758
15.483643,71.075,56.480,29.376,6.3661,-2.9850,2.6540,181.212,-161.667,55.251
15.500310,71.104,54.198,25.069,8.0113,-2.9934,5.7051,214.607,-183.134,81.238
15.516977,71.059,51.422,20.607,8.1695,-3.5709,8.0014,210.989,-206.789,104.371
15.533644,70.778,48.084,16.193,6.9980,-3.5724,9.7285,185.673,-226.818,132.453
15.550311,70.285,44.209,11.915,5.4549,-4.3367,10.8614,155.987,-244.739,158.925
15.566978,70.208,39.616,7.801,3.5140,-5.0317,12.7509,160.722,-265.593,196.199
15.583645,70.703,34.107,3.792,1.3476,-5.5211,16.5719,174.563,-291.581,245.922
15.600312,71.752,27.860,-0.022,-3.6875,-3.6476,16.5737,181.253,-306.106,290.514
15.616979,73.575,20.972,-3.745,-7.4980,-3.4677,14.2427,202.185,-317.136,332.685
15.633646,76.878,13.493,-7.311,-9.4382,-4.5343,14.0432,261.868,-312.139,380.627
15.650313,81.596,5.698,-10.844,-12.2706,-3.7114,12.6667,318.542,-292.987,419.421
15.666980,86.671,-2.075,-14.509,-13.9640,-1.6873,11.1487,311.622,-266.822,440.513
15.683647,91.621,-9.784,-18.243,-16.6680,0.3126,7.5654,273.974,-230.398,458.376
15.700314,96.443,-17.387,-22.027,-18.0754,2.3775,3.0957,236.129,-188.928,469.902
15.716981,101.222,-24.649,-25.979,-17.8672,2.9035,-2.2461,201.803,-152.746,464.108
15.733648,106.135,-31.692,-30.218,-17.2916,2.5948,-4.7943,174.803,-118.999,463.339
15.750315,112.342,-38.427,-34.962,-16.4661,3.3595,-7.9909,208.918,-87.948,458.292
15.766982,119.359,-44.711,-40.636,-15.6682,4.4660,-8.5469,194.992,-66.011,450.498
15.783649,126.953,-50.237,-47.498,-13.4673,5.1867,-12.7154,152.086,-52.852,430.006
15.800316,135.470,-54.582,-55.557,-7.8515,4.9591,-15.6550,127.690,-51.392,390.753
15.816983,144.983,-57.857,-64.540,-2.4596,5.0850,-16.4380,122.665,-41.877,356.488
15.833650,155.647,-60.169,-74.303,0.3587,5.7228,-15.2617,137.663,-29.939,331.153
15.850317,167.096,-61.580,-84.485,1.7358,5.9350,-14.8109,153.184,-15.660,309.363
15.866984,178.437,-62.096,-94.101,4.4126,5.4853,-14.0798,171.809,-4.237,274.653
15.883651,-170.948,-62.124,-102.405,7.5729,5.4808,-11.9444,196.641,16.400,233.117
15.900318,-161.676,-62.045,-109.316,8.5055,4.7509,-10.0944,190.114,40.955,190.306
15.916985,-154.177,-62.110,-114.597,9.9242,3.5882,-8.3598,170.195,59.063,136.509
15.933652,-147.917,-62.407,-118.801,10.3215,2.7895,-7.3695,152.668,72.197,94.424
15.950319,-142.619,-62.991,-121.706,10.3322,2.3872,-6.5593,163.231,74.118,45.940
15.966986,-138.033,-63.971,-123.470,9.9257,1.7772,-6.5803,180.649,75.236,-1.123
15.983653,-134.673,-65.304,-123.971,7.1455,1.6046,-6.9494,174.703,66.553,-45.997
16.000320,-133.857,-66.998,-122.303,5.2734,2.0315,-7.7163,140.735,41.734,-101.200
16.016987,-136.051,-69.089,-117.644,6.4393,3.6569,-7.4372,127.844,14.433,-162.867
16.033654,-140.670,-71.389,-110.126,5.8050,5.3709,-8.4492,147.748,1.395,-205.780
16.050321,-149.058,-73.503,-98.846,2.5518,5.5346,-11.1453,142.408,-14.232,-239.835
16.066988,-163.321,-74.932,-82.074,-0.1381,4.5618,-12.4252,113.344,-32.696,-284.346
16.083655,177.576,-74.754,-60.676,-2.4322,4.3091,-13.5102,94.140,-52.006,-330.520
16.100322,158.487,-72.244,-39.584,-5.6966,3.9592,-16.0049,69.474,-70.884,-381.075
16.116989,142.740,-67.209,-22.807,-8.0332,3.4642,-19.0920,1.250,-89.967,-450.271
16.133656,130.285,-59.877,-10.655,-10.5900,3.6788,-22.6350,-92.508,-94.148,-537.034
16.150323,119.901,-50.100,-1.640,-14.1084,4.3592,-26.2677,-177.631,-82.339,-657.571
16.166990,110.515,-37.430,5.533,-20.9285,3.7975,-30.1829,-262.412,-41.603,-819.630
16.183657,101.100,-21.676,11.911,-32.7799,4.7379,-31.0772,-371.862,63.992,-999.823
16.200324,88.930,-3.624,18.979,-59.6414,6.6938,-17.0391,-630.524,319.393,-1115.188
16.216991,73.153,16.546,26.417,-81.8474,-7.5955,-0.6846,-986.749,629.743,-1127.694
16.233658,64.805,35.262,35.136,-87.4089,-45.7790,27.8011,-725.969,842.924,-877.436
16.250325,76.298,51.426,51.087,-51.4152,-66.4029,86.1950,23.121,975.132,-674.112
16.266992,97.434,60.638,71.481,-5.8040,-40.3300,103.0889,245.168,707.956,-505.342
16.283659,117.474,63.303,95.053,21.5398,-25.7137,81.3697,-50.376,580.888,-345.968
16.300326,126.647,61.376,114.974,44.1658,-19.8528,66.4584,-509.818,526.799,-195.316
16.316993,129.850,57.068,130.602,55.9371,-12.9377,36.0674,-614.435,532.991,-94.049
16.333660,129.645,50.757,140.651,60.9815,2.0670,15.2747,-500.175,512.598,64.102
16.350327,127.193,43.404,147.479,47.7735,18.4412,11.1937,-447.615,491.057,172.379
16.366994,122.263,35.419,151.697,35.1862,15.6676,5.9150,-456.527,432.658,282.651
16.383661,118.083,26.852,153.775,30.5218,9.8000,-0.4982,-315.250,349.868,390.981
16.400328,116.064,18.071,154.688,29.1492,11.1893,-5.6889,-142.247,284.251,446.265
16.416995,115.175,9.146,155.237,23.6583,10.0961,-8.1493,-61.206,260.026,469.230
16.433662,114.099,0.038,156.064,16.2244,5.8367,-8.4379,-68.495,272.508,476.293
16.450329,113.308,-8.732,156.896,10.4009,4.9834,-11.6407,-43.542,256.995,462.058
16.466996,113.581,-17.062,157.594,6.0741,5.6203,-10.6755,25.783,236.168,442.563
16.483663,114.839,-24.798,158.201,4.8962,5.8347,-10.4932,88.559,221.228,409.646
16.500330,116.757,-32.053,158.576,3.4438,4.2189,-11.2706,125.861,207.120,383.616
16.516997,119.351,-38.681,158.512,-0.1077,4.0888,-12.0882,153.478,184.083,352.696
16.533664,122.327,-44.889,158.119,-0.3793,4.2247,-11.4221,162.962,175.678,329.090
16.550331,125.754,-50.474,157.355,-0.8435,3.7980,-12.0953,171.839,161.774,295.193
16.566998,129.980,-55.211,156.125,-2.5101,3.2266,-12.4320,194.940,139.050,251.941
16.583665,134.680,-59.098,154.379,-4.9609,2.9369,-11.0483,194.137,114.773,210.849
16.600332,139.375,-62.484,152.261,-5.1504,4.0918,-8.2756,170.976,106.055,183.991
16.616999,144.035,-65.202,150.068,-4.7348,3.6113,-6.9588,161.717,91.674,146.639
16.633666,148.710,-67.180,147.896,-4.9728,2.3129,-5.6492,161.529,69.335,109.597
16.650333,153.537,-68.528,145.539,-4.7572,1.2979,-4.9406,158.926,44.680,85.756
16.667000,158.158,-69.544,142.763,-3.9113,1.9438,-3.6112,121.928,30.799,79.305
16.683667,162.492,-70.251,139.841,-2.5174,2.2917,-3.0725,95.633,19.224,70.995
16.700334,166.249,-70.622,137.511,-1.9063,0.6030,-2.5315,93.964,8.394,51.054
16.717001,169.563,-70.845,135.600,-1.1632,-0.3070,-2.1112,90.763,4.720,39.776
16.733668,172.391,-71.019,133.930,-1.0213,-0.7352,-1.3241,75.185,4.729,33.915
16.750335,174.534,-71.233,132.432,-1.5123,-0.2316,-0.7265,43.802,8.983,30.274
16.767002,175.925,-71.432,131.427,-2.8310,0.4945,-0.4759,26.547,9.870,20.162
16.783669,177.130,-71.650,130.807,-3.1238,0.2003,-0.4414,37.163,11.881,12.469
16.800336,178.368,-71.899,130.472,-2.3476,-0.1875,-0.3033,55.424,14.198,6.762
16.817003,179.539,-72.144,130.016,-0.9588,0.3482,-0.2065,44.426,14.050,8.609
16.833670,-179.575,-72.304,129.454,-0.2522,0.6657,-0.0125,21.228,9.120,10.188
16.850337,-179.172,-72.361,129.142,-0.0528,0.8330,0.0851,6.445,3.046,5.545
16.867004,-179.226,-72.354,129.205,-0.2719,0.6778,0.1899,0.556,-0.906,-1.249
16.883671,-179.417,-72.306,129.398,-0.3892,0.3278,0.1882,-0.238,-3.417,-3.603
16.900338,-179.508,-72.241,129.602,-0.6117,-0.4148,0.2708,6.381,-4.420,-3.793
16.917005,-179.404,-72.177,129.717,-0.6804,-0.8359,0.4847,12.984,-4.339,-2.199
16.933672,-179.252,-72.161,129.721,-0.0842,-0.4462,0.6883,9.447,-1.432,-0.179
16.950339,-179.246,-72.191,129.721,0.4392,0.4222,0.5508,0.529,1.338,-0.155
16.967006,-179.508,-72.215,129.810,0.7638,0.7739,0.2403,-10.413,0.917,-1.781
16.983673,-179.924,-72.222,130.011,0.4861,0.1659,0.1954,-13.358,-0.078,-3.799
17.000340,179.925,-72.247,130.091,0.0051,-0.3950,0.2587,-4.316,1.056,-1.597
17.017007,-179.834,-72.307,129.971,0.2077,-0.7013,0.1137,7.757,3.121,2.062
17.033674,-179.343,-72.387,129.672,0.5780,-0.3226,0.1124,12.504,4.339,5.281
17.050341,-178.926,-72.442,129.335,0.6762,0.3329,-0.0402,5.960,2.925,5.919
17.067008,-178.685,-72.442,129.076,0.4734,0.5738,-0.3041,-0.193,-0.333,4.557
17.083675,-178.548,-72.381,128.842,0.2583,0.6654,-0.2800,-5.004,-4.009,4.206
17.100342,-178.229,-72.297,128.414,0.0429,0.1614,-0.0334,-5.189,-5.301,7.809
17.117009,-177.701,-72.220,127.829,-0.1248,-0.1808,0.3321,-1.554,-4.696,10.717
17.133676,-177.138,-72.178,127.206,-0.2490,0.0709,0.4187,-1.651,-2.513,11.402
17.150343,-176.674,-72.175,126.661,-0.2141,0.3413,0.4190,-3.199,-0.048,9.882
17.167010,-176.359,-72.197,126.178,-0.1066,0.5217,0.1332,-8.501,1.376,8.637
17.183677,-176.154,-72.211,125.734,-0.3060,0.3929,0.0183,-12.915,0.891,7.930
17.200344,-175.806,-72.244,125.200,-0.5715,0.1384,-0.0589,-9.470,2.172,9.481
17.217011,-175.236,-72.290,124.648,-0.7895,0.0608,-0.1567,2.773,3.095,9.718
17.233678,-174.449,-72.354,124.042,-0.5893,0.4247,-0.2183,12.734,4.329,10.507
17.250345,-173.775,-72.408,123.446,0.1485,0.8729,-0.2288,6.590,3.858,10.287
17.267012,-173.755,-72.428,123.261,0.4408,0.2114,-0.0328,-9.289,1.078,3.075
17.283679,-174.173,-72.416,123.493,-0.0912,-1.0675,0.2337,-11.625,-1.625,-4.244
17.300346,-174.364,-72.415,123.739,-0.4507,-1.4696,0.3650,2.735,-0.975,-4.576
17.317013,-174.055,-72.428,123.720,-0.0266,-1.1070,0.3682,17.577,0.334,0.121
17.333680,-173.428,-72.418,123.438,0.1873,-0.4539,0.4156,21.643,-0.519,5.007
17.350347,-172.814,-72.325,122.982,0.2990,0.4156,0.2968,10.917,-4.994,8.741
17.367014,-172.427,-72.177,122.535,0.1042,0.5796,0.4073,-2.187,-8.202,9.095
17.383681,-172.157,-72.043,122.019,-0.2065,0.6440,0.4386,-13.083,-7.146,10.345
17.400348,-171.822,-71.950,121.400,-0.5189,0.5160,0.4422,-15.151,-4.390,12.012
17.417015,-171.351,-71.962,120.668,-0.7422,0.5666,0.3266,-13.274,2.206,13.197
17.433682,-170.919,-72.044,119.864,-0.5463,0.8988,-0.1441,-19.879,6.674,13.833
17.450349,-170.679,-72.138,119.092,-0.5692,0.8638,-0.5551,-29.504,7.378,13.000
17.467016,-170.604,-72.221,118.383,-0.8862,0.5679,-0.7547,-35.901,6.574,11.896
17.483683,-170.759,-72.324,117.780,-1.0872,0.6697,-0.8157,-43.550,7.400,9.708
17.500350,-171.010,-72.502,117.547,-1.7307,0.0812,-0.7563,-28.295,10.741,2.338
17.517017,-171.086,-72.727,117.519,-1.7957,0.0787,-1.0899,-6.061,12.913,-1.762
17.533684,-171.346,-72.938,117.726,-0.9451,0.8020,-1.9002,-3.586,11.454,-5.719
17.550351,-172.192,-73.066,118.305,-0.7154,0.6331,-2.1659,-17.404,5.618,-11.299
17.567018,-173.784,-73.124,119.382,-0.9509,0.2476,-2.1470,-33.528,0.696,-19.250
17.583685,-176.181,-73.128,121.054,-1.2094,0.4664,-1.8773,-47.751,-2.837,-29.179
17.600352,-179.144,-73.041,123.207,-1.1627,0.5716,-1.7212,-54.095,-7.228,-37.508
17.617019,177.734,-72.845,125.778,-1.6860,0.2773,-1.4622,-39.741,-11.703,-45.545
17.633686,174.845,-72.586,128.187,-1.1703,0.4170,-1.1719,-35.206,-13.226,-44.031
17.650353,172.152,-72.222,130.223,-0.6394,0.6375,-1.2121,-45.032,-18.062,-39.340
17.667020,169.584,-71.717,131.951,-0.7612,0.7761,-1.2292,-55.372,-25.346,-36.669
17.683687,167.137,-71.118,133.343,-0.6201,1.0476,-1.1147,-67.517,-30.301,-33.482
17.700354,164.714,-70.449,134.405,-0.2405,1.6184,-1.0303,-85.134,-34.401,-30.284
17.717021,162.119,-69.716,135.270,0.0478,2.1846,-0.7940,-106.845,-37.636,-29.671
17.733688,159.391,-68.985,135.912,0.9133,1.6125,-0.6624,-127.501,-37.434,-27.445
17.750355,156.500,-68.215,136.500,0.5563,1.4778,-1.0825,-140.444,-38.526,-29.461
17.767022,153.512,-67.402,136.942,0.8534,2.0562,-1.7318,-154.635,-40.536,-29.873
17.783689,150.422,-66.434,137.094,1.5648,2.8938,-1.9134,-176.883,-50.135,-30.612
17.800356,147.192,-65.283,137.239,1.5595,2.6369,-1.8262,-185.742,-57.789,-38.986
17.817023,143.796,-63.863,137.343,1.4405,1.7142,-1.6017,-197.969,-69.235,-50.623
17.833690,140.242,-62.227,137.639,0.3361,0.4747,-1.0707,-197.243,-73.006,-66.929
17.850357,136.965,-60.466,138.074,-0.2906,-0.2482,-0.8207,-173.583,-71.561,-79.418
17.867024,134.217,-58.632,138.501,0.5701,-0.0513,-1.0712,-142.649,-70.090,-86.458
17.883691,131.809,-56.673,138.759,1.3209,0.7083,-1.1364,-131.257,-74.648,-91.753
17.900358,129.427,-54.565,138.734,1.6569,1.2799,-1.1766,-143.948,-83.560,-95.651
17.917025,126.960,-52.263,138.402,1.9318,1.3697,-1.2139,-163.850,-95.286,-101.358
17.933692,124.449,-49.754,137.865,2.1312,0.9982,-1.0132,-175.484,-104.872,-110.616
17.950359,122.013,-47.031,137.146,2.3186,0.5615,-0.7525,-178.234,-114.029,-121.114
17.967026,119.735,-44.154,136.277,2.2287,0.2324,-0.3560,-173.695,-120.471,-129.651
17.983693,117.448,-41.190,135.292,2.0276,-0.2756,-0.0759,-177.084,-123.824,-135.495
18.000360,115.180,-38.209,134.199,1.1249,-0.4347,-0.3281,-177.703,-125.060,-138.120
18.017027,112.841,-35.206,133.015,0.4277,-0.1055,-0.5623,-182.559,-125.896,-141.618
18.033694,110.491,-32.349,131.717,1.3428,-0.1202,-0.0021,-184.041,-123.926,-135.567
18.050361,108.250,-29.599,130.354,2.6677,-0.1377,0.7660,-176.296,-121.423,-132.558
18.067028,106.025,-26.811,128.889,3.0841,-0.2993,1.2143,-174.784,-123.818,-137.217
18.083695,103.962,-23.998,127.368,1.8217,-0.9899,0.6153,-162.648,-123.793,-141.854
18.100362,101.948,-21.182,125.902,0.1884,-0.7731,-0.4818,-154.344,-117.506,-146.643
18.117029,99.788,-18.579,124.473,0.0478,-0.6139,0.2588,-158.486,-109.150,-138.356
18.133696,97.732,-16.151,123.162,0.6586,-0.4383,0.7038,-146.542,-96.838,-132.698
18.150363,95.653,-13.777,121.874,1.5813,-0.0741,1.3078,-144.393,-91.223,-132.939
18.167030,93.401,-11.373,120.551,1.9574,0.0134,1.3612,-152.135,-89.085,-137.840
18.183697,91.025,-8.888,119.186,1.4616,-0.1724,1.0592,-156.682,-86.783,-146.060
18.200364,88.726,-6.369,117.775,0.3811,-0.7095,1.2909,-148.856,-84.018,-151.430
18.217031,86.622,-3.854,116.377,-0.6202,-1.1091,1.2228,-133.450,-77.768,-154.361
18.233698,84.600,-1.379,114.983,-0.6965,-0.9463,1.0800,-124.858,-72.363,-154.612
18.250365,82.472,0.975,113.559,-0.4508,-0.7620,1.6211,-127.684,-69.413,-150.123
18.267032,80.325,3.244,112.132,-0.6436,-0.8630,1.5047,-125.435,-64.705,-147.506
18.283699,78.366,5.456,110.719,-1.0423,-0.9409,0.8560,-110.851,-58.925,-146.237
18.300366,76.613,7.574,109.311,-1.1803,-0.9387,0.8156,-95.353,-54.839,-142.385
18.317033,74.912,9.602,107.911,-1.3143,-1.0455,0.8754,-89.258,-50.974,-138.507
18.333700,73.144,11.474,106.526,-1.1902,-1.1859,1.0622,-90.678,-48.084,-130.633
18.350367,71.403,13.239,105.144,-0.7646,-1.4000,0.8522,-86.493,-45.345,-125.682
18.367034,69.707,14.901,103.755,-0.2658,-1.5846,0.5396,-81.262,-43.440,-121.077
18.383701,68.168,16.469,102.395,-0.0859,-1.7625,0.1652,-70.102,-39.950,-116.115
18.400368,66.886,17.922,101.090,-0.3125,-1.8294,0.0922,-53.569,-36.200,-109.257
18.417035,65.918,19.270,99.856,-0.8588,-1.8868,0.0719,-34.293,-32.335,-102.322
18.433702,65.160,20.528,98.742,-1.1771,-1.7842,0.0760,-22.599,-26.363,-94.824
18.450369,64.494,21.700,97.777,-1.0401,-1.4397,0.5640,-18.901,-19.403,-86.716
18.467036,63.798,22.795,96.917,-0.4837,-1.2061,1.2439,-22.101,-14.729,-80.061
18.483703,62.959,23.803,96.095,-0.1531,-1.1523,2.0370,-30.672,-13.845,-74.459
18.500370,62.012,24.754,95.285,-0.3006,-1.4264,1.7122,-36.652,-13.383,-71.100
18.517037,61.027,25.607,94.493,-0.7148,-1.5235,1.1989,-38.733,-13.831,-65.586
18.533704,60.117,26.344,93.734,-1.2215,-1.6200,1.1785,-34.533,-14.371,-58.690
18.550371,59.358,27.021,93.029,-1.3592,-1.7242,1.1348,-26.408,-12.625,-54.185
18.567038,58.708,27.648,92.371,-1.1566,-1.5374,1.1468,-20.762,-11.160,-50.348
18.583705,58.106,28.223,91.747,-1.0033,-1.3245,1.4618,-18.432,-10.558,-46.750
18.600372,57.469,28.751,91.131,-1.1161,-1.2197,1.7427,-20.495,-11.074,-44.193
18.617039,56.790,29.248,90.524,-1.0967,-1.2348,1.6536,-22.977,-11.052,-42.379
18.633706,56.087,29.725,89.920,-1.1717,-1.2761,1.5545,-24.218,-10.960,-41.319
18.650373,55.389,30.174,89.305,-1.1568,-1.4034,1.1547,-23.379,-11.710,-40.269
18.667040,54.826,30.590,88.712,-1.2894,-1.5156,0.8142,-15.667,-11.409,-38.049
18.683707,54.434,30.963,88.163,-1.2774,-1.4271,0.6509,-6.612,-10.609,-34.656
18.700374,54.151,31.313,87.671,-1.2207,-1.2497,0.5665,-1.597,-8.787,-31.857
18.717041,53.906,31.648,87.236,-1.1203,-1.0741,0.4598,-0.994,-6.746,-29.350
18.733708,53.694,31.981,86.851,-1.0494,-1.0030,0.0834,-0.469,-4.545,-27.694
18.750375,53.506,32.306,86.521,-1.0433,-0.9154,-0.1728,-0.671,-2.468,-25.641
18.767042,53.333,32.619,86.273,-1.0437,-0.8404,-0.3227,-2.357,0.545,-22.574
18.783709,53.184,32.940,86.103,-0.8932,-0.7704,-0.3451,-3.337,4.142,-20.593
18.800376,53.029,33.271,85.998,-0.7457,-0.6154,-0.1174,-5.832,7.151,-19.041
18.817043,52.834,33.620,85.944,-0.5796,-0.5542,0.1625,-9.854,9.863,-18.315
18.833710,52.590,33.972,85.927,-0.5030,-0.4817,0.3589,-14.027,11.588,-17.300
18.850377,52.349,34.342,85.931,-0.5321,-0.5930,0.3085,-14.553,13.095,-17.493
18.867044,52.097,34.711,85.953,-0.4418,-0.6141,0.2453,-15.813,13.851,-16.839
18.883711,51.846,35.074,85.998,-0.3047,-0.5557,0.2720,-16.569,14.587,-15.773
18.900378,51.608,35.427,86.036,-0.1964,-0.4442,0.3627,-15.583,14.049,-15.481
18.917045,51.392,35.769,86.048,-0.1438,-0.3288,0.4888,-13.330,12.613,-15.657
18.933712,51.183,36.088,86.021,-0.0569,-0.3235,0.4969,-11.591,10.391,-15.752
18.950379,51.012,36.380,85.969,-0.0838,-0.3699,0.3260,-8.351,8.469,-15.228
18.967046,50.878,36.636,85.909,-0.1216,-0.3717,0.2520,-5.905,6.846,-13.704
18.983713,50.772,36.861,85.843,-0.0160,-0.3305,0.1749,-3.929,5.463,-12.462
19.000380,50.669,37.063,85.759,0.0210,-0.2177,0.1253,-3.134,3.965,-11.920
19.017047,50.520,37.246,85.651,0.0254,-0.0799,0.0854,-4.992,2.407,-11.706
19.033714,50.326,37.406,85.527,-0.0168,-0.0350,-0.0171,-7.120,0.975,-11.162
19.050381,50.062,37.542,85.395,-0.1103,0.0236,-0.0069,-10.996,-0.201,-10.294
19.067048,49.746,37.658,85.261,-0.0273,0.0233,-0.0270,-14.023,-0.955,-9.392
19.083715,49.416,37.760,85.138,0.0010,0.0386,-0.0137,-15.193,-1.091,-8.446
19.100382,49.088,37.851,85.016,0.0391,0.0194,0.1068,-15.218,-1.435,-7.859
19.117049,48.766,37.927,84.900,0.0066,0.0570,0.2213,-15.030,-1.702,-7.009
19.133716,48.445,37.989,84.776,-0.0321,0.0055,0.2117,-14.634,-2.541,-6.647
19.150383,48.116,38.020,84.654,-0.1058,0.0266,0.2860,-15.201,-3.644,-5.258
19.167050,47.782,38.035,84.520,-0.1165,-0.0136,0.2928,-15.009,-4.707,-4.884
19.183717,47.458,38.027,84.376,-0.1620,-0.0438,0.3643,-14.132,-5.913,-4.220
19.200384,47.190,38.010,84.216,-0.1870,-0.1472,0.3374,-10.152,-6.869,-4.364
19.217051,46.986,37.975,84.052,-0.2704,-0.1782,0.4036,-6.146,-7.707,-3.703
19.233718,46.809,37.925,83.885,-0.3829,-0.2044,0.4751,-4.404,-8.389,-3.229
19.250385,46.635,37.859,83.722,-0.4135,-0.2572,0.4593,-4.442,-8.961,-2.354
19.267052,46.458,37.777,83.563,-0.4730,-0.3152,0.3190,-4.733,-9.460,-1.624
19.283719,46.283,37.681,83.410,-0.4668,-0.4153,0.0655,-4.838,-9.805,-0.824
19.300386,46.142,37.585,83.271,-0.4672,-0.4802,-0.1931,-3.371,-9.394,-0.356
19.317053,46.027,37.497,83.150,-0.4973,-0.4715,-0.2752,-2.491,-8.414,-0.174
19.333720,45.934,37.429,83.044,-0.5254,-0.4466,-0.2711,-1.674,-7.071,-0.594
19.350387,45.840,37.389,82.951,-0.4878,-0.4887,-0.2071,-2.205,-5.491,-1.346
19.367054,45.741,37.374,82.871,-0.4494,-0.5172,-0.1819,-3.032,-3.982,-1.989
19.383721,45.647,37.380,82.799,-0.4434,-0.5300,-0.1561,-3.015,-2.849,-2.644
19.400388,45.568,37.407,82.735,-0.4336,-0.5118,-0.1201,-2.400,-1.687,-3.252
19.417055,45.494,37.450,82.672,-0.4170,-0.4533,-0.0001,-2.190,-0.947,-3.891
19.433722,45.406,37.503,82.613,-0.4270,-0.3706,0.1238,-3.064,-0.460,-4.223
19.450389,45.302,37.565,82.553,-0.4215,-0.3155,0.1271,-4.083,-0.040,-4.613
19.467056,45.168,37.630,82.495,-0.3765,-0.2377,0.0759,-5.932,0.131,-4.677
19.483723,45.035,37.697,82.433,-0.3407,-0.2195,0.1153,-5.685,0.101,-4.887
19.500390,44.933,37.765,82.360,-0.2807,-0.1791,0.1604,-3.480,-0.228,-5.316
19.517057,44.869,37.833,82.277,-0.2555,-0.1479,0.2351,-0.773,-0.577,-5.597
19.533724,44.848,37.889,82.188,-0.2999,-0.1593,0.2632,1.989,-1.229,-5.327
19.550391,44.837,37.933,82.098,-0.3342,-0.1132,0.3123,2.660,-1.814,-4.859
19.567058,44.817,37.960,82.014,-0.3307,-0.0743,0.4160,1.876,-2.330,-3.961
19.583725,44.795,37.977,81.934,-0.2864,-0.0770,0.3808,1.630,-2.616,-3.346
19.600392,44.780,37.982,81.864,-0.2828,-0.0723,0.3709,1.665,-2.779,-2.538
19.617059,44.773,37.984,81.813,-0.2920,-0.1025,0.2991,1.464,-2.307,-1.782
19.633726,44.771,37.983,81.782,-0.2248,-0.1298,0.2065,0.975,-1.758,-0.931
19.650393,44.775,37.986,81.777,-0.1831,-0.1271,0.1421,0.418,-0.738,-0.291
19.667060,44.774,37.999,81.787,-0.1547,-0.0855,0.1338,-0.428,0.203,-0.200
19.683727,44.767,38.021,81.810,-0.1540,-0.1000,0.1642,-1.304,1.049,-0.145
19.700394,44.762,38.057,81.828,-0.1253,-0.1759,0.0539,-1.013,1.436,-0.870
19.717061,44.730,38.089,81.834,-0.1429,-0.1392,0.0714,-2.182,0.869,-1.096
19.733728,44.694,38.112,81.827,-0.1552,-0.1527,0.0193,-1.929,0.065,-1.203
19.750395,44.643,38.122,81.797,-0.2033,-0.1772,-0.0375,-1.976,-1.274,-1.404
19.767062,44.553,38.122,81.746,-0.2530,-0.1444,-0.0835,-3.514,-2.359,-1.708
19.783729,44.443,38.119,81.671,-0.1888,-0.0969,-0.0932,-3.869,-3.308,-2.366
19.800396,44.333,38.125,81.571,-0.2393,-0.1198,-0.1204,-2.914,-3.738,-3.595
19.817063,44.227,38.135,81.451,-0.2416,-0.1256,-0.2140,-1.943,-4.233,-4.414
19.833730,44.147,38.142,81.323,-0.2534,-0.0691,-0.1659,-0.046,-4.633,-4.606
19.850397,44.089,38.140,81.197,-0.3003,-0.0493,-0.0317,1.119,-4.903,-4.161
19.867064,44.048,38.135,81.073,-0.2903,-0.0020,0.0018,2.122,-5.000,-3.992
19.883731,44.012,38.124,80.961,-0.3369,0.0331,0.0934,1.973,-4.860,-3.313
19.900398,43.974,38.108,80.864,-0.3508,0.0199,0.1133,1.207,-4.562,-2.588
19.917065,43.931,38.084,80.781,-0.3228,-0.0346,0.0717,0.514,-4.444,-1.824
19.933732,43.882,38.053,80.712,-0.3451,-0.0326,0.0679,-0.446,-4.351,-1.059
19.950399,43.845,38.020,80.646,-0.3336,-0.0627,0.0648,0.152,-4.268,-0.854
19.967066,43.832,37.989,80.583,-0.3147,-0.1037,0.0171,1.507,-4.128,-0.852
19.983733,43.854,37.961,80.526,-0.3242,-0.2067,-0.0022,3.430,-3.806,-0.790
20.000400,43.883,37.937,80.473,-0.3496,-0.3177,-0.0211,3.677,-3.547,-0.779
20.017067,43.897,37.921,80.421,-0.3075,-0.5006,-0.1413,2.700,-3.111,-1.123
20.033734,43.869,37.925,80.368,-0.3201,-0.5553,-0.1871,0.212,-2.266,-1.952
20.050401,43.810,37.972,80.306,-0.2482,-0.5762,-0.3465,-1.287,-0.782,-4.028
20.067068,43.739,38.069,80.222,-0.1710,-0.5036,-0.4850,-1.186,0.705,-6.876
20.083735,43.641,38.211,80.107,-0.2220,-0.3294,-0.4679,-1.670,1.671,-9.807
20.100402,43.513,38.385,79.964,-0.3403,-0.1439,-0.2759,-2.438,2.217,-12.031
20.117069,43.365,38.577,79.791,-0.3632,-0.0243,-0.0505,-2.469,2.000,-13.791
20.133736,43.206,38.762,79.602,-0.3597,0.1165,0.1897,-2.485,1.249,-14.012
20.150403,43.056,38.924,79.416,-0.3578,0.2436,0.3963,-2.095,0.401,-12.975
20.167070,42.942,39.058,79.246,-0.3716,0.2705,0.4897,-0.428,-0.281,-11.273
20.183737,42.893,39.163,79.101,-0.3421,0.2294,0.4745,2.507,-0.770,-9.231
20.200404,42.898,39.235,78.991,-0.3181,0.2389,0.4449,4.405,-1.077,-6.706
20.217071,42.952,39.280,78.927,-0.3538,0.2440,0.4110,5.594,-0.800,-4.000
20.233738,43.025,39.307,78.906,-0.2978,0.2502,0.3808,5.160,-0.236,-1.843
20.250405,43.099,39.329,78.917,-0.2356,0.2329,0.2623,3.924,0.537,-0.540
20.267072,43.155,39.345,78.956,-0.1864,0.1848,0.1272,1.863,1.138,0.661
20.283739,43.194,39.351,79.026,-0.1798,0.1104,-0.0152,-0.349,1.723,2.064
20.300406,43.218,39.348,79.113,-0.1483,0.0227,-0.0714,-1.983,1.864,3.044
20.317073,43.232,39.338,79.203,-0.0748,-0.0152,-0.0749,-2.651,1.652,3.444
20.333740,43.241,39.326,79.287,-0.0952,-0.0446,-0.0375,-2.699,1.377,3.310
20.350407,43.250,39.315,79.360,-0.0899,-0.1521,-0.0703,-2.260,1.052,2.867
20.367074,43.246,39.301,79.412,-0.1002,-0.1442,-0.0117,-2.298,0.302,2.332
20.383741,43.220,39.284,79.444,-0.1261,-0.1505,0.0338,-2.853,-0.515,1.736
20.400408,43.177,39.266,79.451,-0.0678,-0.1866,-0.0682,-2.878,-1.341,0.926
20.417075,43.146,39.240,79.438,-0.0411,-0.1972,-0.0831,-1.404,-2.294,0.597
20.433742,43.127,39.217,79.404,-0.0969,-0.1866,-0.0516,0.098,-2.918,-0.216
20.450409,43.109,39.198,79.357,-0.1693,-0.1474,-0.0195,0.648,-3.049,-0.867
20.467076,43.083,39.189,79.301,-0.1999,-0.1384,-0.0000,0.500,-2.991,-1.571
20.483743,43.048,39.183,79.245,-0.2229,-0.1049,0.0126,-0.044,-2.817,-1.637
20.500410,43.017,39.176,79.197,-0.2156,-0.1263,-0.0732,-0.057,-2.616,-1.390
20.517077,42.996,39.165,79.164,-0.2036,-0.0926,-0.1288,-0.092,-2.297,-0.689
20.533744,42.983,39.154,79.146,-0.1775,-0.0838,-0.1576,-0.155,-1.817,-0.217
20.550411,42.970,39.152,79.137,-0.1251,-0.1057,-0.1768,-0.529,-1.147,-0.183
20.567078,42.959,39.160,79.137,-0.0962,-0.0991,-0.1820,-0.666,-0.512,-0.417
20.583745,42.935,39.177,79.136,-0.1088,-0.1098,-0.0333,-1.448,-0.047,-0.754
20.600412,42.896,39.199,79.130,-0.1467,-0.0956,0.1187,-2.144,-0.019,-1.192
20.617079,42.828,39.221,79.116,-0.1537,-0.0960,0.1771,-3.387,-0.463,-1.581
20.633746,42.738,39.235,79.083,-0.1594,-0.0702,0.1655,-4.026,-1.382,-1.905
20.650413,42.642,39.235,79.029,-0.1510,-0.0499,0.1258,-3.855,-2.416,-1.784
20.667080,42.556,39.225,78.968,-0.1402,-0.0436,0.0637,-2.616,-3.406,-1.962
20.683747,42.487,39.208,78.888,-0.1741,-0.0250,0.0870,-1.262,-3.956,-1.997
20.700414,42.427,39.188,78.788,-0.2257,-0.0124,0.1147,-0.606,-4.170,-1.969
20.717081,42.363,39.163,78.720,-0.2858,-0.0136,0.1707,-1.020,-4.309,-1.611
20.733748,42.301,39.135,78.648,-0.2627,-0.0215,0.1177,-1.329,-4.041,-1.182
20.750415,42.242,39.104,78.599,-0.2895,-0.0221,0.1462,-1.657,-3.796,-0.542
20.767082,42.188,39.071,78.552,-0.3379,-0.0325,0.1674,-1.671,-3.587,-0.165
20.783749,42.144,39.041,78.513,-0.3405,-0.0688,0.0979,-1.386,-3.204,-0.005
20.800416,42.110,39.009,78.494,-0.3434,-0.0835,0.0295,-1.217,-2.963,0.395
20.817083,42.091,38.978,78.455,-0.3109,-0.1189,-0.0516,-0.333,-2.913,0.409
20.833750,42.079,38.954,78.426,-0.2951,-0.1770,-0.2232,0.328,-2.779,-0.096
20.850417,42.077,38.940,78.402,-0.2494,-0.2050,-0.3852,1.384,-2.765,-0.942
20.867084,42.086,38.929,78.357,-0.2612,-0.2106,-0.4182,2.375,-2.874,-1.364
20.883751,42.087,38.924,78.291,-0.2646,-0.1489,-0.3482,1.996,-2.730,-1.686
20.900418,42.061,38.925,78.226,-0.2297,-0.1031,-0.2559,0.384,-2.397,-1.956
20.917085,42.037,38.941,78.150,-0.1977,-0.1640,-0.1812,0.335,-1.556,-2.307
20.933752,42.016,38.971,78.099,-0.2215,-0.1754,-0.0196,0.081,-0.646,-2.572
20.950419,41.987,39.020,78.084,-0.1845,-0.1578,0.1396,-0.681,0.358,-3.049
20.967086,41.945,39.080,78.056,-0.1945,-0.1136,0.2877,-1.418,0.916,-3.570
20.983753,41.887,39.150,78.022,-0.1723,-0.1272,0.3497,-1.933,0.963,-4.333
21.000420,41.812,39.214,77.972,-0.1623,-0.0785,0.4107,-2.515,0.356,-4.457
21.017087,41.741,39.270,77.938,-0.1547,-0.0468,0.4333,-1.804,-0.451,-4.570
21.033754,41.666,39.308,77.770,-0.1633,0.0011,0.4672,-1.296,-1.635,-4.552
21.050421,41.595,39.336,77.656,-0.2156,0.0361,0.4434,-0.568,-2.651,-4.587
21.067088,41.536,39.354,77.569,-0.2339,0.0879,0.3884,0.387,-3.236,-4.417
21.083755,41.496,39.367,77.475,-0.2482,0.1463,0.3007,1.464,-3.474,-4.173
21.100422,41.470,39.370,77.327,-0.3307,0.1954,0.2941,2.096,-3.583,-3.569
21.117089,41.442,39.368,77.230,-0.3771,0.2127,0.2565,1.503,-3.528,-2.967
21.133756,41.407,39.358,77.195,-0.3857,0.2185,0.2193,0.270,-3.289,-1.875
21.150423,41.383,39.342,77.192,-0.3856,0.2025,0.1141,0.009,-2.830,-0.818
21.167090,41.388,39.318,77.172,-0.3596,0.1517,0.0254,0.946,-2.491,0.209
21.183757,41.434,39.291,77.147,-0.3147,0.0900,-0.1195,2.604,-1.921,1.038
21.200424,41.513,39.267,77.191,-0.3181,0.0607,-0.1570,3.853,-1.333,1.571
21.217091,41.590,39.245,77.241,-0.2970,0.0707,-0.1029,3.375,-0.862,1.894
21.233758,41.662,39.234,77.277,-0.2333,0.0015,-0.0838,2.905,-0.232,1.565
21.250425,41.725,39.234,77.300,-0.1991,-0.0548,-0.0755,2.608,0.027,0.897
21.267092,41.782,39.234,77.251,-0.1692,-0.1108,-0.0484,2.606,-0.105,0.585
21.283759,41.839,39.234,77.247,-0.1338,-0.1599,-0.0500,3.078,-0.624,0.139
21.300426,41.887,39.233,77.280,-0.0891,-0.1420,-0.0552,3.094,-1.184,-0.325
21.317093,41.929,39.229,77.223,-0.0929,-0.1148,-0.0415,3.680,-1.980,-1.123
21.333760,41.955,39.230,77.204,-0.0431,-0.1329,-0.0717,3.641,-2.643,-2.083
21.350427,41.973,39.237,77.144,0.0148,-0.1882,-0.0847,3.756,-2.769,-2.852
21.367094,41.990,39.254,77.063,0.0149,-0.1703,-0.0972,4.172,-2.713,-3.710
21.383761,41.980,39.283,77.013,-0.0305,-0.1254,-0.0743,3.213,-2.797,-4.746
21.400428,41.929,39.321,76.882,-0.0412,-0.0976,-0.0760,1.385,-2.841,-5.744
21.417095,41.827,39.369,76.743,-0.0241,-0.0708,-0.1476,-1.022,-2.890,-6.684
21.433762,41.669,39.420,76.602,-0.0147,-0.0258,-0.2288,-3.715,-3.279,-7.425
21.450429,41.442,39.471,76.410,0.0242,0.0211,-0.2777,-7.205,-3.713,-7.989
21.467096,41.142,39.512,76.249,-0.0016,0.1353,-0.2188,-11.160,-4.550,-8.011
21.483763,40.790,39.543,76.083,-0.0720,0.1509,-0.1541,-13.932,-5.172,-7.933
21.500430,40.428,39.568,75.905,-0.0560,0.1566,-0.1051,-14.735,-5.267,-7.506
21.517097,40.094,39.580,75.733,-0.1135,0.1222,0.0961,-13.826,-5.173,-6.394
21.533764,39.840,39.589,75.588,-0.0673,0.0424,0.1386,-9.967,-4.521,-5.373
21.550431,39.692,39.591,75.492,-0.0567,0.0229,0.1713,-4.897,-3.819,-3.900
21.567098,39.626,39.585,75.399,-0.1181,0.0475,0.2471,-1.278,-3.211,-2.422
21.583765,39.565,39.571,75.346,-0.1851,0.0996,0.3009,-1.679,-3.010,-1.481
21.600432,39.475,39.547,75.283,-0.1856,0.0986,0.2693,-3.670,-3.251,-0.844
21.617099,39.359,39.513,75.186,-0.1440,0.0617,0.2377,-5.225,-3.726,-0.501
21.633766,39.248,39.471,75.135,-0.2001,-0.0114,0.2372,-4.884,-4.163,-0.237
21.650433,39.158,39.423,75.080,-0.1848,-0.1111,0.1804,-3.286,-4.708,-0.333
21.667100,39.159,39.372,75.062,-0.0483,-0.2039,0.0039,1.164,-4.058,0.729
21.683767,39.260,39.246,75.013,-0.7935,-0.6853,-0.9091,8.399,-8.563,2.422
21.700434,39.222,39.112,74.905,-0.6406,0.1780,0.3446,2.020,-10.437,0.863
21.717101,38.872,38.949,74.716,-0.2037,-0.7693,0.2086,-14.380,-13.561,-0.338
21.733768,38.845,38.870,74.496,0.7839,-0.7232,-0.3395,5.704,-10.242,-4.296
21.750435,39.064,38.784,74.277,0.5783,0.0321,1.0740,20.938,-10.960,-4.407
21.767102,38.985,38.696,74.015,-0.1702,0.9868,1.2136,5.224,-12.770,-6.432
21.783769,38.578,38.630,73.692,0.0144,0.2983,0.5037,-12.533,-13.228,-9.283
21.800436,38.316,38.552,73.168,-0.1569,-1.1593,-1.2293,3.943,-19.787,-16.500
21.817103,38.365,38.532,72.681,-0.6150,-0.0865,-0.6710,21.064,-15.932,-17.228
21.833770,38.443,38.547,72.221,0.0774,0.2275,0.6978,21.893,-13.556,-17.645
21.850437,38.185,38.569,71.861,-0.2718,0.5607,0.7154,-2.009,-10.274,-14.160
21.867104,37.873,38.693,71.578,0.1443,0.4115,0.3414,-8.143,-3.151,-15.126
21.883771,37.542,38.685,71.283,0.1342,0.5519,0.3767,-8.828,-9.637,-10.737
21.900438,37.380,38.690,71.042,0.1312,0.4019,-0.7507,-0.727,-7.376,-9.250
21.917105,37.591,38.987,71.091,-1.4903,-0.6368,-2.0224,10.770,14.704,-9.112
21.933772,37.735,39.260,71.208,-0.2218,-0.3178,0.1445,4.080,15.543,-5.733
21.950439,37.556,39.223,71.161,0.7193,1.4048,1.0055,-9.152,-3.783,-0.339
21.967106,37.435,39.245,71.056,0.1093,-0.0685,-0.1778,-3.515,-2.535,-4.574
21.983773,37.539,39.245,70.958,-0.0493,0.0724,-0.0002,9.736,-3.415,-3.572
22.000440,37.422,39.253,70.827,-0.3544,0.4515,0.1002,-2.188,-3.970,-5.118
22.017107,37.169,39.260,70.750,-0.2858,0.0023,-0.2918,-12.295,-2.654,-3.230
22.033774,37.053,39.268,70.706,-0.3374,0.0925,-0.4222,-5.352,-1.581,-2.014
22.050441,37.022,39.262,70.677,-0.5705,0.3658,0.0017,-0.813,-1.877,-1.029
22.067108,36.987,39.245,70.645,-0.5561,0.2996,-0.0012,-0.943,-2.490,-0.655
22.083775,36.944,39.237,70.625,-0.4887,0.1159,-0.1441,-1.982,-1.600,-0.512
22.100442,36.873,39.243,70.616,-0.4687,0.0051,-0.0885,-4.035,-0.706,-0.622
22.117109,36.769,39.247,70.609,-0.4641,-0.1307,-0.0482,-5.987,-0.839,-0.585
22.133776,36.663,39.248,70.610,-0.3986,-0.2325,-0.0612,-6.472,-0.682,-0.172
22.150443,36.553,39.243,70.627,-0.3896,-0.1676,0.0623,-7.290,-0.615,0.619
22.167110,36.387,39.222,70.637,-0.3430,-0.0804,0.2147,-10.415,-1.511,1.031
22.183777,36.175,39.187,70.647,-0.2615,-0.1015,0.2226,-13.124,-2.266,1.392
22.200444,36.006,39.154,70.683,-0.1932,-0.0747,0.0968,-11.566,-1.395,2.371
22.217111,35.858,39.127,70.721,-0.2430,-0.2376,-0.1374,-10.453,-1.033,2.273
22.233778,35.714,39.066,70.735,-0.2568,-0.1273,0.0441,-9.342,-3.307,2.599
22.250445,35.616,38.983,70.712,-0.1262,-0.0994,0.0729,-5.306,-5.322,2.116
22.267112,35.619,38.920,70.663,0.5161,-0.2371,-0.0327,2.168,-5.328,-0.018
22.283779,35.680,38.889,70.584,0.3533,-0.2110,-0.0076,6.548,-4.428,-2.016
22.300446,35.780,38.865,70.536,0.2192,-0.0909,-0.0507,7.756,-3.276,-1.091
22.317113,36.007,38.891,70.512,-0.4042,0.0623,-0.0783,14.316,-0.058,-1.863
22.333780,36.296,38.969,70.477,-0.3762,-0.1019,-0.0279,18.253,2.273,-3.858
22.350447,36.450,39.064,70.442,-0.2089,-0.0635,0.0622,10.451,2.882,-4.761
22.367114,36.396,39.146,70.432,-0.3457,-0.0309,0.1529,-3.005,2.970,-3.356
22.383781,36.293,39.203,70.438,-0.0940,-0.1601,0.0373,-6.475,2.140,-1.944
22.400448,36.309,39.253,70.477,0.0080,-0.0365,0.1129,-0.359,2.525,-0.645
22.417115,36.362,39.292,70.519,-0.1523,0.0757,0.2616,1.400,2.361,0.207
22.433782,36.386,39.329,70.597,-0.2892,0.2158,0.2427,-1.624,3.142,1.478
22.450449,36.417,39.373,70.674,-0.2705,0.0843,0.0804,-1.275,3.600,1.324
22.467116,36.381,39.407,70.703,-0.1493,-0.0988,-0.1624,-3.993,2.216,0.358
22.483783,36.269,39.431,70.735,-0.0907,-0.1901,-0.2517,-7.868,1.114,0.041
22.500450,36.131,39.433,70.775,-0.2435,0.0084,-0.0609,-9.878,0.438,1.304
22.517117,35.942,39.414,70.824,-0.3688,0.2086,0.1908,-13.755,0.013,2.833
22.533784,35.705,39.387,70.863,-0.2679,0.0244,0.0804,-17.417,0.210,3.769
22.550451,35.671,39.370,70.926,0.0955,-0.1689,-0.3184,-5.000,0.455,3.315
22.567118,35.834,39.350,70.968,0.1214,0.0293,-0.0671,6.857,0.379,3.288
22.583785,35.911,39.316,71.012,-0.0468,0.1989,0.1554,2.209,-0.720,3.327
22.600452,35.894,39.275,71.073,-0.0350,0.1895,0.0472,-3.196,-1.237,3.455
22.617119,35.898,39.242,71.112,-0.0299,0.1246,0.0318,-1.945,-0.852,3.050
22.633786,35.923,39.208,71.160,0.0501,0.1686,0.2617,-0.011,-1.368,2.521
22.650453,35.962,39.177,71.109,0.1351,0.0620,0.1752,1.480,-1.535,1.535
22.667120,36.009,39.158,71.147,0.0540,-0.0108,-0.0079,2.273,-1.370,1.124
22.683787,36.048,39.147,71.183,-0.1066,-0.0391,-0.0458,1.681,-0.873,0.881
22.700454,36.085,39.151,71.233,-0.1005,-0.1173,-0.0749,1.460,-0.125,0.504
22.717121,36.167,39.179,71.248,-0.1325,-0.2338,-0.0733,3.879,1.360,-0.224
22.733788,36.282,39.205,71.272,-0.1398,-0.0516,0.1132,6.096,1.052,-0.296
22.750455,36.253,39.214,71.239,-0.2052,-0.0073,0.2404,-1.824,-0.204,-0.529
22.767122,36.257,39.230,71.232,-0.0297,-0.3811,-0.1743,-0.137,0.248,-0.446
22.783789,36.324,39.235,71.258,-0.2921,-0.0755,0.0348,3.150,0.067,0.491
22.800456,36.349,39.243,71.297,-0.4245,-0.0868,0.1031,-0.082,0.767,1.107
22.817123,36.395,39.262,71.380,-0.3167,-0.2027,-0.1693,0.737,1.569,1.195
22.833790,36.477,39.287,71.446,-0.2869,-0.1222,-0.0860,2.791,1.902,1.027
22.850457,36.544,39.318,71.529,-0.2618,-0.0541,0.0263,1.806,2.251,0.991
22.867124,36.600,39.356,71.630,-0.1603,-0.0599,0.0653,1.003,2.672,0.840
22.883791,36.664,39.399,71.703,-0.0627,-0.0504,0.1696,1.604,2.902,0.507
22.900458,36.743,39.451,71.765,-0.1045,-0.0114,0.4007,2.785,3.095,-0.096
22.917125,36.820,39.503,71.856,-0.2060,0.0344,0.6175,3.122,2.681,-0.459
22.933792,36.890,39.533,71.874,-0.2963,-0.0058,0.6308,2.809,1.681,0.056
22.950459,36.977,39.541,71.877,-0.3337,-0.0713,0.5924,3.189,1.173,1.360
22.967126,37.109,39.534,71.896,-0.3446,-0.1407,0.5493,4.867,1.194,2.810
22.983793,37.310,39.521,71.991,-0.3568,-0.2138,0.5121,7.727,1.826,4.433
23.000460,37.580,39.496,72.037,-0.3811,-0.2050,0.4508,10.181,2.623,6.175
23.017127,37.883,39.463,72.180,-0.4352,-0.1707,0.4969,10.980,3.079,7.882
23.033794,38.186,39.425,72.397,-0.3695,-0.1962,0.4139,9.688,3.751,9.321
23.050461,38.499,39.392,72.716,-0.2751,-0.1786,0.2568,9.541,4.449,10.073
23.067128,38.850,39.361,72.897,-0.2433,-0.2212,0.1600,11.478,5.153,9.842
23.083795,39.208,39.338,73.231,-0.2640,-0.1618,0.1960,12.173,5.079,9.823
23.100462,39.577,39.318,73.668,-0.1792,-0.1368,0.2787,12.647,5.225,10.091
23.117129,39.987,39.276,73.883,-0.1823,-0.1371,0.3598,15.086,4.772,10.302
23.133796,40.446,39.218,73.973,-0.1728,-0.1471,0.3441,18.696,3.759,9.885
23.150463,40.909,39.147,74.076,-0.1745,-0.2094,0.2197,19.850,2.497,9.700
23.167130,41.393,39.039,74.057,-0.0573,-0.2454,0.0120,22.034,0.315,9.970
23.183797,41.861,38.930,74.405,0.0051,-0.0458,0.0774,21.397,-0.548,10.874
23.200464,42.306,38.805,74.676,0.0287,-0.0060,0.0167,20.803,-1.706,10.694
23.217131,42.756,38.681,74.924,0.0716,0.0358,-0.0274,22.285,-2.517,9.586
23.233798,43.242,38.553,74.966,-0.0104,0.0972,0.1554,25.297,-3.060,8.431
23.250465,43.723,38.435,75.211,-0.1019,0.1697,0.3523,25.800,-3.619,8.068
23.267132,44.219,38.299,75.287,-0.1698,0.1376,0.4149,26.183,-3.530,8.661
23.283799,44.747,38.152,75.381,-0.2156,0.0842,0.3598,27.222,-3.096,9.990
23.300466,45.311,37.998,75.537,-0.2467,-0.0356,0.1915,28.299,-2.367,11.353
23.317133,45.922,37.837,75.730,-0.2077,-0.1449,0.0733,29.735,-1.205,13.024
23.333800,46.587,37.669,75.948,-0.1707,-0.1746,0.0273,31.609,-0.045,14.501
23.350467,47.309,37.523,76.194,-0.1264,-0.2977,-0.1630,34.254,1.739,14.282
23.367134,48.047,37.405,76.460,-0.1248,-0.3527,-0.3155,34.659,3.702,13.530
23.383801,48.735,37.309,76.727,-0.1472,-0.3552,-0.2240,31.429,4.990,12.751
23.400468,49.379,37.237,76.981,-0.0828,-0.5414,-0.3466,29.297,5.631,11.132
23.417135,49.885,37.175,77.139,-0.1002,-0.8128,-0.5174,24.405,2.730,7.762
23.433802,50.247,37.124,77.228,-0.3632,-1.0365,-1.2269,18.510,0.479,5.028
23.450469,50.578,37.192,77.304,-0.8333,-0.7783,-1.3190,16.992,4.673,-0.848
23.467136,50.912,37.331,77.414,-0.6881,-0.4929,-0.9988,15.993,8.554,-3.205
23.483803,50.928,37.477,77.358,0.4849,-0.3562,-0.8439,2.993,2.573,-8.574
23.500470,50.565,37.626,77.129,1.1277,-0.8056,-1.2543,-13.416,-3.624,-13.867
23.517137,50.012,37.867,76.712,1.7014,-0.9065,-1.3285,-17.873,-6.778,-23.799
23.533804,49.291,38.229,76.081,2.0518,-0.7741,-1.3328,-19.989,-9.441,-35.796
23.550471,48.574,38.667,75.311,2.1112,-1.0374,-1.7742,-14.376,-10.669,-43.512
23.567138,48.027,39.166,74.499,1.9374,-1.0466,-1.6882,-2.118,-9.190,-47.559
23.583805,47.613,39.704,73.653,1.6368,-0.8693,-1.1920,7.482,-8.156,-50.230
23.600472,47.308,40.311,72.788,1.4011,-0.8474,-0.9931,15.204,-5.423,-53.701
23.617139,47.088,40.981,71.903,1.3836,-0.6574,-0.4947,21.519,-2.964,-56.777
23.633806,46.782,41.683,70.993,1.3693,-0.5776,-0.0272,17.916,-1.984,-58.713
23.650473,46.447,42.368,70.080,1.1996,-0.6823,-0.0553,16.762,-2.026,-57.752
23.667140,46.159,43.005,69.225,0.4534,-0.5011,-0.0164,17.655,-1.572,-53.584
23.683807,46.094,43.596,68.445,0.2391,-0.6713,-0.2815,28.447,-0.727,-49.065
23.700474,46.169,44.164,67.710,0.2434,-0.7921,-0.1247,35.271,0.007,-46.508
23.717141,46.248,44.743,67.010,-0.1000,-0.8270,0.2833,34.427,1.669,-45.721
23.733808,46.087,45.352,66.336,-0.5555,-0.3539,1.1076,19.195,3.987,-46.033
23.750475,45.641,46.004,65.733,-1.4370,0.0592,1.6488,-0.628,8.373,-45.537
23.767142,45.213,46.752,65.158,-1.1879,-0.1896,1.3571,-0.423,13.753,-48.569
23.783809,44.928,47.608,64.593,-0.5308,-0.4066,0.7814,7.870,19.317,-52.501
23.800476,45.062,48.534,64.049,-0.0990,-0.7221,0.0994,32.501,23.162,-54.523
23.817143,45.562,49.486,63.479,0.1041,-0.4901,-0.0692,56.060,23.471,-56.265
23.833810,46.247,50.440,62.845,-0.0326,-0.0935,-0.2575,70.465,21.495,-57.997
23.850477,47.056,51.381,62.140,-0.5079,0.3156,-0.4916,81.538,18.675,-59.184
23.867144,47.839,52.355,61.459,-0.9396,1.0039,-0.2192,79.489,20.140,-60.086
23.883811,48.583,53.390,60.863,-0.5442,1.0956,0.3955,73.266,24.594,-60.488
23.900478,49.314,54.443,60.398,-0.0187,0.8989,0.8233,66.711,28.333,-58.343
23.917145,49.902,55.481,60.088,0.1125,1.0659,1.4469,50.686,31.546,-54.253
23.933812,50.293,56.477,59.954,-0.1331,1.0997,1.5934,30.513,34.127,-48.699
23.950479,50.578,57.380,59.981,-0.1430,1.3416,1.8784,15.905,34.507,-41.098
23.967146,50.980,58.128,60.193,-0.1238,1.4535,2.0606,13.341,33.073,-30.394
23.983813,51.793,58.728,60.489,-0.1381,0.8342,1.3813,33.739,29.081,-22.218
24.000480,52.838,59.206,60.804,0.1438,0.7690,1.0894,46.923,24.460,-16.799
24.017147,53.717,59.608,61.130,-0.2769,1.1942,0.7286,35.986,21.785,-13.363
24.033814,54.490,59.972,61.479,-0.4644,0.6733,-0.3275,28.639,20.585,-11.564
24.050481,55.196,60.289,61.860,-0.1445,0.8212,-0.7296,22.536,19.690,-8.941
24.067148,56.040,60.518,62.371,0.2954,1.7208,-0.5672,23.934,19.668,-2.763
24.083815,57.119,60.668,62.877,0.6576,1.4598,-0.9325,38.197,16.866,0.707
24.100482,58.162,60.788,63.319,0.8050,1.0287,-1.1077,39.104,14.390,0.929
24.117149,59.148,60.881,63.756,0.8712,0.7245,-1.1987,36.486,13.169,1.768
24.133816,60.152,60.944,64.195,1.0785,0.7932,-1.0370,38.166,11.970,2.962
24.150483,61.131,60.991,64.677,1.1645,1.0625,-0.8880,33.664,12.964,4.331
24.167150,61.854,61.040,65.104,1.2334,1.0900,-0.5730,21.314,11.634,3.191
24.183817,62.279,61.144,65.402,1.6150,0.4285,-0.8385,9.822,10.075,-1.532
24.200484,62.499,61.271,65.613,1.8035,0.2688,-0.7420,2.211,8.430,-4.030
24.217151,62.704,61.419,65.757,1.7468,0.1555,-0.6683,4.741,7.323,-6.117
24.233818,62.889,61.592,65.845,1.7443,0.0749,-0.5767,6.747,6.422,-8.222
24.250485,62.826,61.779,65.941,1.6447,0.6375,-0.1537,-8.838,7.146,-8.841
24.267152,62.359,61.989,66.072,1.2263,1.1291,0.1002,-34.885,8.706,-9.614
24.283819,61.877,62.210,66.163,1.2160,0.6155,-0.1539,-33.415,7.934,-10.659
24.300486,61.583,62.443,66.179,1.6051,-0.0014,-0.2765,-18.522,6.696,-12.245
24.317153,61.494,62.683,66.196,2.0474,0.0273,-0.1174,-5.750,6.751,-12.666
24.333820,61.559,62.948,66.133,2.6022,-0.0073,-0.0394,7.358,5.710,-14.935
24.350487,61.631,63.227,65.916,3.1224,0.0359,-0.1151,15.921,2.507,-17.622
24.367154,61.572,63.482,65.482,3.6825,0.1736,-0.0884,19.797,-3.199,-19.163
24.383821,61.350,63.724,64.719,4.3467,-0.0427,-0.1762,27.813,-11.183,-22.597
24.400488,61.010,63.976,63.496,4.9899,-0.5636,-0.5208,45.597,-21.198,-28.992
24.417155,60.719,64.249,61.828,5.5218,-0.8464,-0.9043,72.808,-30.353,-35.707
24.433822,60.507,64.466,59.759,5.9980,-0.0918,-0.4144,99.334,-40.481,-37.845
24.450489,60.304,64.678,57.194,6.4152,-0.0487,-0.1411,127.087,-51.199,-43.835
24.467156,59.771,64.896,53.916,8.1011,-0.2813,0.1817,146.202,-66.000,-53.346
24.483823,58.877,65.123,49.867,10.2762,0.8995,1.9415,166.777,-81.141,-64.293
24.500490,57.593,65.152,44.398,11.5680,-1.1030,2.9317,220.910,-116.099,-74.393
24.517157,56.444,64.647,38.268,10.8691,-2.4049,3.3745,264.370,-146.953,-59.925
24.533824,56.460,63.165,32.229,8.1892,-2.5314,5.1397,326.702,-181.459,-14.511
24.550491,57.498,60.578,26.539,7.7253,0.2516,7.9872,363.659,-218.983,41.693
24.567158,58.797,57.153,21.262,7.2543,1.2975,10.0567,349.159,-246.931,87.253
24.583825,58.805,53.921,16.264,2.0990,2.3285,8.7238,248.029,-245.052,76.920
24.600492,57.946,50.414,12.403,-3.4045,-3.1921,7.7742,131.664,-230.851,103.595
24.617159,60.157,46.460,8.881,-0.7934,-7.4281,9.1847,290.897,-241.873,130.267
24.633826,64.206,41.688,5.457,-0.6890,-5.9588,15.5606,386.018,-264.002,183.286
24.650493,68.034,36.499,2.292,-2.8164,-4.5124,16.4111,349.541,-260.713,223.908
24.667160,71.085,30.836,-0.703,-4.6293,-4.5021,15.4920,282.969,-258.884,265.040
24.683827,73.427,24.711,-3.787,-8.6409,-5.8173,15.2720,226.996,-268.110,298.917
24.700494,76.064,18.122,-7.100,-13.3685,-6.2162,13.2359,231.117,-282.908,331.535
24.717161,79.657,11.183,-10.525,-16.3313,-4.8846,11.7486,267.800,-282.508,364.218
24.733828,83.600,4.073,-14.018,-18.9051,-2.2253,9.2277,264.591,-268.340,390.934
24.750495,87.393,-3.076,-17.414,-20.2166,1.2523,3.7903,229.582,-237.720,410.915
24.767162,91.382,-10.390,-20.836,-20.5658,3.8233,0.2963,215.453,-209.681,436.183
24.783829,95.679,-17.537,-24.425,-19.3924,5.1388,-4.1470,205.946,-183.241,440.661
24.800496,100.026,-24.426,-28.276,-16.1396,5.7934,-7.7415,178.117,-158.366,438.939
24.817163,104.668,-30.797,-32.364,-12.9181,6.2662,-10.6033,164.892,-131.659,420.096
24.833830,109.826,-36.627,-36.809,-9.6966,6.3319,-11.6081,161.464,-109.206,400.194
24.850497,115.643,-41.828,-41.758,-7.0518,5.5413,-12.8031,161.312,-92.516,377.114
24.867164,122.145,-46.355,-47.206,-5.1429,4.6771,-12.7156,162.676,-75.230,351.743
24.883831,129.258,-50.166,-53.250,-3.5278,4.7700,-12.7460,156.299,-63.430,327.104
24.900498,137.133,-53.211,-59.837,-1.4565,5.3943,-12.4081,162.534,-54.302,301.457
24.917165,145.437,-55.543,-66.635,1.0097,5.5644,-12.0503,166.847,-40.021,273.498
24.933832,153.866,-57.276,-73.370,2.5827,4.6385,-11.5346,169.407,-23.759,246.035
24.950499,161.890,-58.509,-79.622,3.3164,4.3810,-10.8333,164.052,-6.958,213.110
24.967166,168.892,-59.385,-85.060,4.2992,3.8412,-10.7059,141.049,8.137,176.650
24.983833,174.260,-60.006,-89.335,6.0768,2.9246,-10.2457,101.145,17.653,133.932
25.000500,177.992,-60.403,-92.422,7.0971,2.6843,-9.6231,63.649,17.369,93.814
25.017167,-179.527,-60.720,-94.026,9.0527,2.5825,-9.3203,65.518,18.239,47.843
25.033834,-178.186,-60.999,-93.958,10.0118,1.9227,-9.0801,84.498,16.594,-2.150
25.050501,-178.266,-61.251,-91.890,9.9168,2.0017,-8.5225,104.289,13.160,-60.320
25.067168,179.732,-61.418,-87.677,9.6218,2.5966,-8.3360,102.045,8.354,-121.449
25.083835,175.440,-61.401,-81.309,8.6044,3.2607,-9.1323,78.434,6.655,-182.861
25.100502,168.535,-60.860,-72.935,4.9658,5.7368,-10.1641,26.101,1.690,-244.861
25.117169,159.495,-59.445,-62.368,4.2467,7.2408,-12.5339,8.240,5.497,-326.707
25.133836,149.344,-56.794,-50.923,1.5787,7.7723,-14.9117,-25.063,13.740,-395.515
25.150503,138.874,-52.561,-39.331,-1.6845,7.3496,-18.2759,-59.448,30.900,-474.157
25.167170,128.513,-46.390,-28.295,-5.7100,6.8980,-23.0240,-116.640,56.480,-564.244
25.183837,119.373,-38.259,-18.425,-12.0584,7.0237,-26.3224,-147.781,92.058,-648.469
25.200504,110.636,-28.118,-9.535,-20.4968,5.3082,-26.5573,-230.009,148.737,-739.386
25.217171,101.871,-16.039,-1.250,-31.1797,5.0177,-23.9024,-336.393,240.876,-823.995
25.233838,92.473,-1.831,6.751,-46.1240,3.9194,-20.0187,-486.000,365.889,-904.293
25.250505,80.181,13.563,14.560,-63.2372,-3.7889,-2.4849,-780.827,526.500,-891.712
25.267172,69.086,29.465,24.063,-77.1503,-20.7816,12.8871,-870.902,766.363,-778.097
25.283839,69.465,44.561,36.880,-76.3692,-45.3762,43.4418,-442.643,893.362,-624.744
25.300506,81.132,55.904,52.982,-42.4869,-49.8364,70.4215,-48.521,766.363,-494.775
25.317173,98.553,62.495,74.624,-8.9064,-41.0351,78.2431,-75.409,660.708,-385.730
25.333840,115.613,63.856,100.480,16.8184,-35.3830,72.7178,-364.412,638.724,-278.959
25.350507,127.079,60.981,124.182,41.6409,-24.4798,65.2300,-574.959,645.079,-194.971
25.367174,134.011,55.575,141.779,53.3726,-26.1086,42.9031,-483.743,627.197,-114.838
25.383841,136.222,48.293,152.730,61.1083,-0.0256,29.7887,-385.428,591.931,21.422
25.400508,134.876,40.073,159.572,53.9596,9.3532,17.4483,-367.237,555.939,135.769
25.417175,131.870,31.607,164.292,49.5609,18.5211,8.9672,-346.362,514.043,212.159
25.433842,128.044,23.391,167.326,41.7354,19.4060,0.4562,-313.718,439.137,274.777
25.450509,123.287,15.026,168.632,32.7325,16.0819,-0.7179,-311.141,351.917,365.226
25.467176,119.984,6.357,168.990,29.6964,8.5630,-7.3181,-202.135,290.137,432.363
25.483843,119.023,-2.299,169.215,24.7759,7.9440,-16.8225,-58.307,267.040,445.912
25.500510,118.755,-11.044,169.525,18.2198,12.0471,-21.0577,-14.111,269.352,450.977
25.517177,119.059,-19.679,169.779,11.7847,16.4161,-19.8696,22.198,263.099,447.032
25.533844,120.358,-27.861,169.519,8.7205,15.8202,-15.3767,71.597,230.732,434.006
25.550511,122.923,-35.449,168.342,5.3594,10.1033,-14.1982,116.862,187.540,419.711
25.567178,126.486,-42.540,166.389,0.7524,6.4089,-15.5277,140.080,167.205,402.133
25.583845,130.547,-49.292,163.484,-2.8962,7.5757,-15.9296,118.572,157.141,392.881
25.600512,135.158,-55.506,159.442,-3.6406,8.5590,-14.4040,84.643,144.717,374.318
25.617179,141.753,-60.627,153.821,-5.0880,5.7826,-13.3875,109.593,111.113,337.482
25.633846,151.188,-64.636,146.194,-5.7480,2.7477,-10.7700,159.758,83.553,308.272
25.650513,163.174,-67.665,136.459,-6.5996,0.9194,-8.2801,184.936,75.032,288.095
25.667180,177.521,-69.711,124.098,-6.0529,1.7106,-6.7749,169.887,74.747,286.062
25.683847,-166.868,-70.499,110.523,-6.2388,2.0510,-5.6988,170.688,71.957,271.320
25.700514,-152.073,-70.059,97.977,-6.7958,1.8144,-4.8021,179.182,63.771,246.916
25.717181,-139.614,-68.647,87.729,-5.8112,1.9473,-4.4656,172.247,51.203,226.805
25.733848,-129.885,-66.723,80.111,-5.6821,1.4572,-3.9259,161.082,41.499,204.103
25.750515,-122.361,-64.585,74.566,-6.3912,0.4782,-2.8470,148.505,34.581,184.525
25.767182,-116.645,-62.403,70.675,-6.2627,-0.5462,-1.8938,134.273,25.608,165.301
25.783849,-112.139,-60.439,67.977,-6.2059,-1.7060,-0.5882,128.465,21.218,139.407
25.800516,-108.282,-58.729,65.908,-5.8324,-1.8061,0.3758,124.596,22.901,118.028
25.817183,-105.011,-57.273,64.321,-5.6914,-1.6665,0.5941,115.692,22.677,98.233
25.833850,-102.485,-56.088,63.253,-5.1089,-1.1324,0.3158,98.205,16.667,77.423
25.850517,-100.643,-55.303,62.602,-4.6536,-1.2421,0.4101,78.360,11.500,50.594
25.867184,-99.500,-54.891,62.247,-3.8427,-1.3843,0.6706,51.229,7.040,26.450
25.883851,-99.061,-54.789,62.077,-2.9564,-1.1542,0.6879,18.142,4.203,6.933
25.900518,-99.092,-54.925,61.996,-2.2768,-1.1838,0.8343,-5.767,3.444,-7.690
25.917185,-99.208,-55.215,61.854,-1.9377,-0.8392,0.8234,-13.839,6.951,-16.424
25.933852,-99.310,-55.601,61.650,-1.7539,0.0187,0.4093,-16.164,10.008,-21.829
25.950519,-99.360,-56.100,61.458,-1.4654,0.2147,0.1733,-12.489,10.635,-28.585
25.967186,-99.430,-56.665,61.366,-0.8341,0.3189,-0.3563,-8.710,7.935,-33.015
25.983853,-99.615,-57.261,61.343,-0.4189,0.3513,-0.6546,-12.175,6.059,-35.201
26.000520,-99.986,-57.853,61.436,-0.4297,0.3260,-0.5350,-17.449,2.488,-35.614
26.017187,-100.500,-58.444,61.637,-0.4004,0.0115,-0.2187,-20.537,-0.572,-36.075
26.033854,-101.138,-58.989,61.889,-0.1933,0.0176,-0.2196,-25.335,-2.152,-33.694
26.050521,-101.814,-59.505,62.145,-0.0904,0.0879,0.0525,-27.273,-2.132,-32.008
26.067188,-102.470,-60.013,62.427,-0.1637,-0.2443,0.3325,-24.656,-2.519,-31.681
26.083855,-103.032,-60.503,62.676,-0.0753,-0.3606,0.2254,-20.703,-1.320,-30.366
26.100522,-103.661,-60.982,62.910,-0.1990,0.1020,-0.3850,-25.385,-0.635,-29.664
26.117189,-104.598,-61.456,63.221,-0.7339,0.8279,-1.0293,-39.799,-2.353,-29.826
26.133856,-106.057,-61.916,63.711,-1.1834,1.5918,-1.5993,-61.582,-6.726,-30.397
26.150523,-107.954,-62.368,64.414,-1.4469,1.5162,-1.8710,-76.447,-11.500,-31.822
26.167190,-110.119,-62.815,65.209,-1.6344,1.1592,-1.9214,-87.527,-12.590,-32.612
26.183857,-112.554,-63.214,66.126,-1.7457,1.2086,-2.1639,-96.956,-15.175,-31.449
26.200524,-115.223,-63.637,67.224,-2.0719,0.9231,-1.9854,-101.146,-17.260,-35.265
26.217191,-118.080,-64.152,68.517,-2.5230,0.2584,-1.6117,-101.691,-17.227,-43.040
26.233858,-121.056,-64.759,70.020,-3.3125,0.7758,-1.3201,-97.127,-16.470,-50.979
26.250525,-124.318,-65.339,71.723,-2.8188,2.3326,-1.7961,-102.952,-18.105,-52.688
26.267192,-128.188,-65.931,73.888,-2.5924,3.2626,-2.0875,-113.808,-22.862,-60.410
26.283859,-133.013,-66.548,76.751,-2.5962,4.0261,-2.4573,-132.272,-29.071,-73.271
26.300526,-139.384,-67.054,80.514,-1.7803,4.5379,-2.7713,-174.620,-40.294,-85.345
26.317193,-147.142,-67.351,85.142,-1.0476,4.2552,-2.8292,-209.360,-50.718,-97.012
26.333860,-155.689,-67.365,90.366,0.0140,3.4797,-2.9690,-223.381,-57.694,-106.479
26.350527,-164.574,-67.028,95.949,1.0583,2.4149,-2.6286,-224.138,-63.763,-115.353
26.367194,-173.421,-66.396,101.616,1.0267,1.5770,-1.7623,-218.301,-63.538,-124.861
26.383861,178.339,-65.496,107.046,0.8338,1.2079,-1.4346,-196.662,-60.248,-130.480
26.400528,170.890,-64.296,112.076,1.1339,1.3288,-1.3903,-173.453,-60.265,-134.374
26.417195,164.338,-62.813,116.578,1.5182,1.2333,-1.6961,-151.019,-61.695,-136.718
26.433862,158.396,-61.045,120.439,2.2666,1.5357,-2.1481,-151.897,-66.307,-137.332
26.450529,152.756,-58.959,123.720,3.0581,1.6814,-1.9804,-167.725,-73.872,-141.499
26.467196,147.167,-56.588,126.676,2.7529,1.5487,-1.5348,-185.018,-76.424,-153.253
26.483863,141.721,-54.021,129.245,3.2431,1.5583,-1.2341,-199.727,-74.865,-161.107
26.500530,136.525,-51.247,131.318,4.5237,1.3789,-1.0421,-212.652,-77.067,-166.177
26.517197,131.384,-48.255,132.871,5.1119,1.1412,-0.7075,-236.967,-81.828,-171.202
26.533864,126.275,-45.077,133.848,4.5628,0.4798,0.1236,-263.573,-88.841,-173.962
26.550531,121.379,-41.827,134.431,2.4355,-0.6110,0.5470,-269.393,-88.030,-176.340
26.567198,116.854,-38.579,134.790,0.6959,-0.8398,0.1205,-257.257,-81.011,-178.420
26.583865,112.646,-35.409,134.896,1.5743,-0.0492,0.1830,-248.296,-75.555,-175.015
26.600532,108.592,-32.248,134.762,3.2205,0.0734,0.8281,-247.408,-73.558,-175.340
26.617199,104.755,-29.050,134.429,3.4334,-0.8406,1.5266,-240.112,-72.042,-179.064
26.633866,101.355,-25.836,133.958,2.8371,-1.9915,1.1619,-216.728,-68.523,-182.352
26.650533,98.676,-22.657,133.407,1.6476,-2.5573,0.1922,-174.036,-63.324,-182.677
26.667200,96.509,-19.592,132.796,1.1296,-1.8026,-0.2083,-142.943,-58.654,-177.905
26.683867,94.700,-16.695,132.115,1.3383,-0.7181,0.1181,-120.987,-56.119,-169.323
26.700534,93.046,-13.939,131.283,1.7813,-0.4250,1.0416,-112.232,-59.686,-161.809
26.717201,91.421,-11.335,130.278,1.7223,-0.8853,2.6324,-110.416,-65.348,-153.911
26.733868,89.744,-8.830,129.201,0.5879,-1.3654,2.6743,-111.675,-65.559,-149.692
26.750535,87.994,-6.435,128.106,-0.2758,-1.0338,1.4677,-113.513,-62.770,-145.067
26.767202,86.331,-4.166,126.999,-0.1812,-0.3362,0.6473,-105.697,-59.766,-139.320
26.783869,84.781,-1.982,125.901,0.1706,0.0657,0.5823,-96.314,-55.902,-135.810
26.800536,83.366,0.076,124.798,0.3264,-0.1270,1.6024,-85.788,-53.514,-129.672
26.817203,82.263,2.035,123.718,-0.0495,-0.7011,1.9063,-64.831,-50.040,-124.839
26.833870,81.459,3.895,122.662,-0.5349,-1.0079,1.4400,-44.766,-47.263,-119.470
26.850537,80.937,5.604,121.626,-0.7226,-0.8235,0.6069,-26.006,-45.956,-110.882
26.867204,80.499,7.102,120.581,-0.4501,-0.3534,0.6156,-19.184,-47.466,-98.803
26.883871,80.008,8.393,119.516,-0.2033,-0.2828,1.1829,-20.639,-49.744,-87.134
26.900538,79.527,9.566,118.447,-0.0449,-0.5930,1.2071,-18.686,-50.309,-80.595
26.917205,79.104,10.675,117.391,0.0887,-0.9376,1.1139,-14.148,-49.397,-77.024
26.933872,78.658,11.734,116.362,0.4197,-1.1197,1.1846,-14.570,-47.668,-74.076
26.950539,78.065,12.739,115.371,0.4152,-1.0722,1.3210,-22.846,-45.200,-70.858
26.967206,77.384,13.705,114.408,0.2979,-1.1588,1.1411,-27.498,-43.085,-68.668
26.983873,76.734,14.647,113.456,0.2481,-1.4201,1.2013,-24.869,-41.808,-67.550
27.000540,76.094,15.600,112.507,0.2566,-1.6906,1.4785,-23.392,-40.463,-68.524
27.017207,75.373,16.549,111.532,0.0998,-1.8443,1.5654,-26.939,-40.969,-69.063
27.033874,74.559,17.475,110.512,-0.0456,-1.9807,1.1342,-30.763,-42.547,-68.914
27.050541,73.694,18.358,109.432,-0.2269,-2.0095,0.5315,-31.868,-45.305,-67.846
27.067208,72.865,19.178,108.337,-0.6484,-2.0081,0.2258,-28.436,-45.943,-65.010
27.083875,72.124,19.960,107.271,-0.6950,-1.9235,0.3094,-22.886,-43.896,-62.908
27.100542,71.451,20.751,106.231,-0.4568,-1.7791,0.4551,-18.564,-41.209,-63.424
27.117209,70.763,21.562,105.192,-0.3293,-1.6798,0.6834,-18.677,-39.809,-64.836
27.133876,69.915,22.352,104.105,-0.2894,-1.4946,0.8953,-26.349,-41.546,-65.027
27.150543,68.886,23.121,102.942,-0.3552,-1.5867,0.5414,-34.657,-44.578,-65.834
27.167210,67.808,23.853,101.726,-0.8645,-1.6919,0.1787,-35.468,-46.497,-65.548
27.183877,66.850,24.569,100.535,-1.2257,-1.7068,0.1871,-28.018,-44.175,-64.743
27.200544,66.012,25.286,99.412,-1.1595,-1.4990,0.5073,-21.807,-39.364,-63.880
27.217211,65.240,26.022,98.345,-0.7412,-1.3256,0.6590,-18.469,-34.945,-64.065
27.233878,64.496,26.781,97.305,-0.3892,-1.2094,0.5999,-16.752,-31.791,-64.971
27.250545,63.672,27.511,96.279,-0.5871,-1.0297,0.8819,-21.275,-30.731,-63.312
27.267212,62.702,28.198,95.285,-0.9835,-0.9977,1.0272,-30.167,-29.080,-60.624
27.283879,61.626,28.843,94.320,-1.2555,-1.0270,0.8868,-36.800,-27.535,-57.957
27.300546,60.518,29.472,93.390,-1.0935,-1.0375,0.6298,-39.171,-24.999,-56.579
27.317213,59.411,30.101,92.487,-0.8321,-0.9429,0.3973,-39.384,-22.430,-56.268
27.333880,58.353,30.732,91.592,-0.7616,-0.8446,0.1319,-36.211,-20.711,-56.298
27.350547,57.380,31.368,90.704,-0.8217,-0.6824,0.0065,-30.769,-18.976,-56.653
27.367214,56.551,32.008,89.853,-1.1407,-0.5309,0.1175,-22.808,-16.143,-55.878
27.383881,55.919,32.680,89.083,-1.3556,-0.4854,0.1186,-13.082,-10.687,-55.186
27.400548,55.408,33.368,88.428,-1.2355,-0.2757,0.3552,-9.110,-4.577,-52.699
27.417215,54.945,34.084,87.875,-0.9429,-0.1927,0.3002,-9.261,1.258,-51.027
27.433882,54.545,34.815,87.416,-0.6892,-0.1408,0.1776,-8.283,6.091,-48.953
27.450549,54.161,35.530,87.046,-0.8438,0.0927,0.4949,-10.190,9.576,-45.453
27.467216,53.744,36.225,86.709,-0.8871,0.0292,0.6192,-13.060,10.688,-43.408
27.483883,53.277,36.867,86.366,-0.7789,0.2368,0.8769,-15.619,8.904,-40.798
27.500550,52.772,37.459,85.989,-0.7354,0.3835,1.2494,-16.553,6.293,-39.259
27.517217,52.329,38.012,85.579,-0.5787,0.2058,0.7741,-11.424,4.103,-38.224
27.533884,51.976,38.520,85.145,-0.5581,0.0928,0.2677,-4.960,1.877,-36.623
27.550551,51.674,38.956,84.696,-0.6587,-0.0142,0.0632,-1.161,-1.022,-33.594
27.567218,51.416,39.346,84.294,-0.9737,0.2003,0.0395,-0.157,-0.769,-30.025
27.583885,51.168,39.660,83.911,-0.9383,0.5296,0.4272,-0.167,-2.703,-25.829
27.600552,51.001,39.941,83.528,-0.5880,0.7204,0.2937,4.808,-3.798,-24.273
27.617219,50.889,40.162,83.156,-0.8525,1.2133,0.4072,7.684,-5.587,-21.100
27.633886,50.802,40.342,82.834,-1.3812,1.4666,0.1962,7.351,-5.280,-17.773
27.650553,50.850,40.466,82.594,-1.7431,1.5899,-0.1175,12.316,-4.450,-12.754
27.667220,51.058,40.488,82.449,-1.8043,2.1732,0.2839,18.172,-4.980,-5.267
27.683887,51.312,40.419,82.437,-2.0353,2.7460,0.7437,15.759,-3.694,2.790
27.700554,51.672,40.270,82.573,-2.3158,2.7543,0.6661,16.394,-1.342,10.742
27.717221,52.224,40.022,82.858,-2.7176,2.8967,0.4889,22.097,0.472,19.635
27.733888,53.045,39.669,83.367,-3.1702,3.1380,0.6089,29.682,5.178,30.937
27.750555,54.132,39.206,84.111,-3.3803,3.1218,0.6896,36.888,10.570,42.647
27.767222,55.436,38.608,85.057,-3.5844,3.1351,0.8175,42.502,14.767,54.620
27.783889,56.942,37.871,86.138,-3.3013,3.0611,0.8505,50.175,17.080,64.850
27.800556,58.611,37.012,87.258,-2.9698,3.2382,0.8548,59.150,17.033,71.813
27.817223,60.438,36.023,88.359,-3.0825,3.1654,0.7919,70.202,15.007,77.850
27.833890,62.573,34.919,89.425,-3.2317,2.9507,0.5197,90.894,13.528,82.775
27.850557,65.024,33.701,90.465,-3.4528,2.9063,0.5716,111.700,13.389,88.007
27.867224,67.771,32.414,91.493,-3.2186,2.5820,0.5318,130.989,15.818,91.146
27.883891,70.758,31.089,92.502,-2.4648,2.4267,0.5997,147.134,19.373,92.226
27.900558,73.864,29.765,93.424,-1.5941,2.2576,1.0369,158.126,20.663,89.829
27.917225,77.033,28.471,94.232,-1.0638,1.7720,1.4561,166.321,20.837,85.479
27.933892,80.344,27.291,94.964,-0.8142,0.9801,1.0891,177.854,23.562,76.632
27.950559,83.856,26.243,95.655,-0.7715,0.3896,0.3126,191.834,27.359,67.017
27.967226,87.535,25.331,96.337,-0.3721,0.0022,0.2220,202.670,31.999,56.996
27.983893,91.185,24.576,96.986,0.5756,-0.2841,0.6210,202.312,34.088,45.316
28.000560,94.806,24.027,97.560,1.2836,-0.9532,0.3886,202.819,32.411,30.904
28.017227,98.554,23.696,98.164,1.3537,-1.6626,-0.3118,209.983,34.536,15.523
28.033894,102.622,23.566,98.838,1.3284,-2.3572,-0.8171,227.684,37.154,0.555
28.050561,107.052,23.595,99.593,1.3156,-2.6250,-0.9497,247.430,38.963,-12.611
28.067228,111.874,23.800,100.457,1.0843,-3.0663,-1.1655,268.302,39.933,-27.701
28.083895,116.855,24.125,101.376,0.9083,-3.0643,-0.9826,276.257,37.163,-38.737
28.100562,122.010,24.576,102.325,0.9109,-3.0982,-1.0136,285.685,31.167,-49.255
28.117229,127.225,25.148,103.322,1.2740,-2.7304,-0.6927,287.555,24.450,-59.232
28.133896,132.405,25.847,104.365,1.4160,-2.7887,-0.7729,283.712,15.778,-68.508
28.150563,137.750,26.647,105.498,0.2836,-3.0064,-0.4866,290.482,8.362,-77.127
28.167230,143.243,27.424,106.766,0.2911,-3.0541,-0.4072,294.837,6.431,-81.943
28.183897,148.416,28.116,108.203,0.9995,-2.6995,-0.0803,270.056,7.801,-86.450
28.200564,153.134,28.706,109.711,1.3456,-2.0729,0.6480,239.927,7.305,-86.712
28.217231,157.360,29.279,111.245,2.1484,-1.8418,0.5105,208.805,1.851,-87.457
28.233898,160.877,29.783,112.820,2.5130,-1.2563,1.1620,164.343,0.466,-87.487
28.250565,163.394,30.302,114.259,3.6530,-0.9075,0.6930,107.723,-7.313,-80.593
28.267232,164.697,30.871,115.625,3.7638,-1.2405,0.1024,36.397,-14.007,-77.144
28.283899,165.681,31.250,116.803,2.4694,-1.7435,0.8916,22.586,-7.049,-64.277
28.300566,166.007,31.142,117.471,3.9269,0.7004,4.5953,-1.256,14.149,-31.629
28.317233,165.873,30.976,117.813,4.1304,0.1313,2.9467,-18.636,13.463,-14.581
28.333900,165.613,30.751,117.720,1.3594,-0.5353,1.0963,-12.700,11.432,8.020
28.350567,165.379,30.575,117.437,0.3256,-0.8722,0.3039,-5.342,6.078,16.786
28.367234,165.359,30.500,117.184,-1.8883,-1.5541,-0.4973,6.594,0.611,13.827
28.383901,165.666,30.405,116.994,-1.7066,-1.3283,-0.4571,24.206,2.575,10.965
28.400568,165.984,30.425,116.893,-0.3047,-0.9747,-0.3083,22.126,-2.873,4.825
28.417235,166.534,30.545,116.848,0.5904,-0.2945,0.0011,34.351,-7.995,0.603
28.433902,167.105,30.684,116.824,1.0245,0.0972,0.0878,35.072,-8.892,-0.605
28.450569,167.504,30.845,116.823,1.1132,-0.0194,-0.5260,23.969,-9.840,-2.030
28.467236,167.765,31.047,116.890,0.7779,-0.3559,-0.9067,13.617,-11.538,-5.927
28.483903,168.046,31.267,117.035,0.3861,-0.7798,-0.9029,12.361,-11.777,-9.980
28.500570,168.412,31.491,117.248,-0.3968,-0.9752,-0.6205,15.363,-11.344,-13.371
28.517237,168.947,31.695,117.445,-0.5557,-0.3524,0.1525,25.902,-10.427,-12.235
28.533904,169.525,31.874,117.603,-0.3264,0.4270,0.6794,29.753,-9.480,-9.839
28.550571,169.985,32.091,117.712,-0.3065,0.5933,0.6210,24.181,-12.271,-7.705
28.567238,170.307,32.328,117.787,-0.7217,0.3048,0.2984,16.916,-13.758,-6.119
28.583905,170.608,32.539,117.826,-0.6964,-0.1218,-0.1368,16.839,-12.564,-4.016
28.600572,170.945,32.726,117.860,-0.3414,-0.4958,-0.4344,19.125,-11.257,-3.425
28.617239,171.356,32.903,117.907,0.3579,-0.6842,-0.6833,23.105,-10.551,-3.927
28.633906,171.684,33.052,117.978,0.8517,-0.6565,-0.7746,17.401,-8.772,-4.761
28.650573,171.759,33.157,118.094,0.7981,-0.7490,-0.6128,0.696,-5.801,-6.640
28.667240,171.661,33.226,118.243,0.3548,-0.8003,-0.5306,-10.752,-3.407,-7.935
28.683907,171.472,33.291,118.387,-0.0177,-0.7254,-0.2333,-16.063,-3.206,-7.672
28.700574,171.251,33.364,118.505,-0.5224,-0.7254,0.0710,-17.120,-3.853,-6.425
28.717241,171.039,33.467,118.584,-0.7589,-0.6972,0.2398,-15.302,-5.868,-4.750
28.733908,170.898,33.602,118.597,-0.7978,-0.7665,0.2692,-8.890,-8.312,-1.856
28.750575,170.879,33.729,118.534,-0.5866,-0.7126,0.0729,0.944,-8.416,2.011
28.767242,170.844,33.856,118.442,-0.2498,-0.7797,-0.2247,1.003,-8.614,3.417
28.783909,170.809,33.973,118.343,-0.2328,-0.9669,-0.4090,1.185,-8.096,3.875
28.800576,170.774,34.072,118.256,0.0364,-0.6991,-0.3050,0.791,-6.930,3.421
28.817243,170.762,34.166,118.195,0.3804,-0.1002,0.0391,1.384,-6.445,2.212
28.833910,170.701,34.240,118.146,0.2682,0.4434,0.0941,-2.056,-5.158,1.769
28.850577,170.609,34.296,118.091,0.0973,0.4605,0.1661,-3.643,-4.104,2.274
28.867244,170.465,34.351,118.042,-0.1850,0.1051,0.1188,-7.009,-4.079,1.944
28.883911,170.278,34.415,118.003,-0.3299,-0.1960,0.2280,-9.897,-4.471,1.375
28.900578,170.209,34.487,117.955,-0.3520,-0.1976,0.1987,-2.519,-5.039,1.732
28.917245,170.195,34.554,117.914,-0.0918,-0.0478,0.0970,0.520,-4.671,1.401
28.933912,170.165,34.606,117.887,-0.0574,0.0666,0.0139,-0.878,-3.696,0.879
28.950579,170.103,34.651,117.868,0.0223,0.0158,0.1224,-3.061,-3.207,0.605
28.967246,170.039,34.693,117.840,-0.0965,-0.1314,0.0772,-2.916,-3.125,0.995
28.983913,169.975,34.725,117.816,-0.1547,-0.2551,0.0782,-3.006,-2.514,0.941
29.000580,169.928,34.745,117.793,-0.1223,-0.2677,0.0143,-2.047,-1.750,1.001
29.017247,169.878,34.764,117.779,-0.1051,-0.2397,0.0056,-2.520,-1.651,0.603
29.033914,169.832,34.778,117.775,-0.0433,-0.0165,0.0942,-2.695,-1.201,0.138
29.050581,169.804,34.787,117.770,-0.3297,0.1144,0.1576,-1.497,-0.991,0.247
29.067248,169.798,34.796,117.762,-0.2845,0.0800,0.1424,-0.113,-1.032,0.430
29.083915,169.811,34.811,117.745,-0.2802,0.1189,0.2119,1.375,-1.380,0.774
29.100582,169.886,34.825,117.717,-0.1773,0.0773,0.1746,5.423,-1.489,1.297
29.117249,169.928,34.837,117.678,-0.0737,-0.0682,0.0808,3.852,-1.437,1.887
29.133916,169.930,34.849,117.634,-0.0200,-0.2562,-0.0226,1.553,-1.508,2.084
29.150583,169.918,34.861,117.596,-0.1808,-0.2964,-0.0160,0.568,-1.450,1.822
29.167250,169.898,34.864,117.569,-0.1107,-0.1288,0.0281,-0.305,-0.822,1.370
29.183917,169.875,34.858,117.552,-0.0810,0.0082,0.0719,-0.797,-0.160,0.990
29.200584,169.815,34.847,117.546,-0.0669,0.0039,0.0385,-3.439,0.163,0.497
29.217251,169.747,34.839,117.545,-0.0656,-0.0944,0.1114,-4.095,0.049,0.253
29.233918,169.710,34.840,117.539,-0.1778,-0.0916,0.1946,-2.006,-0.474,0.397
29.250585,169.692,34.847,117.528,-0.1417,-0.0171,0.2055,-0.813,-0.909,0.517
29.267252,169.664,34.856,117.521,-0.1593,-0.0345,0.0906,-1.413,-1.043,0.342
29.283919,169.635,34.864,117.523,-0.1237,-0.1210,0.0043,-1.888,-0.862,-0.095
29.300586,169.624,34.865,117.530,-0.1672,-0.1832,0.0251,-0.959,-0.420,-0.252
29.317253,169.607,34.862,117.548,-0.0708,-0.1791,0.0446,-1.636,-0.035,-0.706
29.333920,169.604,34.862,117.566,-0.1496,-0.1700,0.0870,-0.839,-0.294,-0.781
29.350587,169.616,34.861,117.573,-0.1374,-0.0540,0.1159,0.416,-0.275,-0.249
29.367254,169.624,34.864,117.591,-0.1270,-0.0960,0.0807,-0.188,-0.403,-0.793
29.383921,169.623,34.868,117.608,-0.1430,-0.0490,0.1032,-0.642,-0.498,-0.752
29.400588,169.623,34.870,117.626,-0.1372,0.0033,0.1749,-0.701,-0.417,-0.825
29.417255,169.649,34.876,117.647,-0.1138,-0.0008,0.1474,0.806,-0.551,-0.995
29.433922,169.664,34.881,117.673,-0.1698,-0.1246,0.0866,-0.034,-0.480,-1.193
29.450589,169.689,34.889,117.697,-0.1317,-0.0906,0.0479,0.596,-0.720,-1.157
29.467256,169.725,34.899,117.713,-0.1804,-0.0466,0.1318,1.549,-0.856,-0.812
29.483923,169.739,34.910,117.729,-0.1742,-0.1369,0.0281,0.234,-0.881,-0.803
29.500590,169.756,34.910,117.741,-0.1796,-0.1857,0.0373,0.539,-0.358,-0.498
29.517257,169.766,34.906,117.746,-0.0881,-0.0713,0.0904,0.350,-0.138,-0.102
29.533924,169.767,34.901,117.750,-0.1688,-0.0033,0.0786,-0.068,-0.091,-0.018
29.550591,169.775,34.891,117.759,-0.1771,-0.0451,0.0581,0.092,0.270,-0.239
29.567258,169.781,34.883,117.781,-0.1028,-0.1330,0.0920,-0.467,0.240,-0.923
29.583925,169.777,34.878,117.809,-0.1122,-0.0124,0.1390,-1.286,0.116,-1.227
29.600592,169.773,34.874,117.829,-0.1197,-0.0063,0.0718,-1.002,-0.029,-0.823
29.617259,169.752,34.868,117.840,-0.0836,-0.1660,0.0546,-1.740,0.019,-0.396
29.633926,169.722,34.863,117.841,-0.1025,-0.2951,0.0539,-1.870,-0.137,0.107
29.650593,169.710,34.857,117.841,-0.2197,-0.3439,0.1108,-0.755,-0.073,0.173
29.667260,169.705,34.845,117.844,-0.1690,-0.1809,-0.0071,-0.529,0.300,0.028
29.683927,169.680,34.829,117.861,-0.1298,-0.0359,0.0202,-2.168,0.716,-0.525
29.700594,169.664,34.811,117.883,-0.0945,0.1083,0.1532,-1.787,0.790,-0.813
29.717261,169.658,34.795,117.911,-0.1428,0.0685,0.1665,-1.436,0.784,-1.101
29.733928,169.654,34.777,117.939,-0.0960,-0.0384,0.1156,-1.234,0.884,-1.078
29.750595,169.664,34.762,117.963,-0.1118,-0.1271,0.1222,-0.317,0.658,-0.932
29.767262,169.686,34.750,117.983,-0.1678,-0.2343,0.0518,0.573,0.480,-0.739
29.783929,169.689,34.738,118.007,-0.0738,-0.2670,-0.0253,-0.752,0.475,-0.981
29.800596,169.672,34.726,118.040,-0.1495,-0.1727,0.0644,-2.232,0.549,-1.375
29.817263,169.673,34.709,118.070,-0.3033,-0.1334,0.1220,-1.046,0.863,-1.178
29.833930,169.703,34.693,118.097,-0.2002,-0.0823,0.1324,0.745,0.740,-1.090
29.850597,169.739,34.682,118.121,-0.1383,-0.0216,0.1136,1.232,0.435,-0.966
29.867264,169.766,34.673,118.147,-0.0339,-0.0263,0.0399,0.627,0.307,-1.082
29.883931,169.786,34.664,118.176,-0.0658,-0.0137,0.1168,0.135,0.377,-1.224
29.900598,169.804,34.655,118.207,-0.0957,-0.0466,0.0679,-0.102,0.378,-1.338
29.917265,169.806,34.644,118.244,-0.0662,-0.1162,0.0300,-1.249,0.524,-1.607
29.933932,169.796,34.634,118.277,-0.1319,-0.1415,0.0635,-1.848,0.436,-1.435
29.950599,169.776,34.623,118.301,-0.2387,-0.2151,0.0461,-2.115,0.400,-0.986
29.967266,169.759,34.612,118.316,-0.1826,-0.2292,0.0620,-1.622,0.375,-0.540
29.983933,169.747,34.606,118.328,-0.2298,-0.1605,0.1053,-1.288,0.037,-0.450
30.000600,169.756,34.598,118.348,-0.0861,-0.0538,0.1205,-0.229,0.208,-0.783
30.017267,169.773,34.592,118.378,-0.0728,-0.0804,0.0878,-0.113,0.173,-1.320
30.033934,169.792,34.587,118.417,-0.0842,-0.0902,0.1223,-0.330,0.158,-1.800
30.050601,169.809,34.585,118.455,-0.0855,0.0027,0.1603,-0.372,0.047,-1.728
30.067268,169.827,34.579,118.491,-0.1084,-0.0507,0.0931,-0.283,0.244,-1.636
30.083935,169.855,34.574,118.528,-0.1502,-0.1399,0.0884,0.307,0.125,-1.718
30.100602,169.882,34.572,118.564,-0.1775,-0.2091,0.0391,0.295,0.034,-1.614
30.117269,169.918,34.574,118.593,-0.1518,-0.1363,0.0951,1.003,-0.332,-1.403
30.133936,169.940,34.575,118.619,-0.1884,-0.1415,0.0747,0.298,-0.262,-1.223
30.150603,169.965,34.573,118.643,-0.1625,-0.1438,0.0861,0.570,-0.141,-1.052
30.167270,169.992,34.568,118.665,-0.1432,-0.2038,0.0381,0.718,0.058,-0.984
30.183937,170.010,34.563,118.688,-0.0903,-0.1333,0.0585,0.193,0.058,-0.993
30.200604,170.022,34.554,118.710,-0.1225,-0.0562,0.1014,-0.158,0.289,-0.890
30.217271,170.032,34.544,118.729,-0.1986,-0.1353,0.0354,-0.188,0.277,-0.770
30.233938,170.047,34.538,118.749,-0.0791,-0.0909,0.1268,0.062,0.124,-0.872
30.250605,170.068,34.534,118.774,-0.0908,-0.0116,0.1827,0.273,0.004,-1.136
30.267272,170.063,34.531,118.805,-0.0954,-0.1086,0.0685,-1.478,-0.001,-1.393
30.283939,170.056,34.524,118.838,-0.1050,-0.1473,0.0277,-1.735,0.265,-1.508
30.300606,170.055,34.517,118.866,-0.1220,-0.0485,0.1074,-1.130,0.207,-1.236
30.317273,170.061,34.507,118.882,-0.2607,-0.0950,0.1350,-0.338,0.290,-0.622
30.333940,170.079,34.495,118.894,-0.2388,-0.1983,0.0378,0.515,0.374,-0.372
30.350607,170.084,34.483,118.904,-0.1399,-0.2181,0.0387,-0.224,0.352,-0.349
30.367274,170.077,34.470,118.914,-0.1276,-0.1523,0.0949,-0.890,0.363,-0.273
30.383941,170.063,34.462,118.916,-0.0954,-0.0995,0.1178,-1.112,0.067,-0.002
30.400608,170.058,34.456,118.919,-0.2271,-0.2325,0.0602,-0.494,-0.081,-0.004
30.417275,170.064,34.450,118.923,-0.0192,-0.1793,0.0503,-0.022,-0.044,-0.125
30.433942,170.059,34.442,118.934,-0.1042,-0.1232,0.0752,-0.830,0.138,-0.404
30.450609,170.058,34.430,118.949,-0.0848,-0.0994,0.1166,-0.690,0.396,-0.531
30.467276,170.057,34.424,118.964,-0.1238,-0.1353,0.0920,-0.760,0.079,-0.629
30.483943,170.057,34.415,118.974,-0.2347,-0.1851,0.0006,-0.522,0.139,-0.384
30.500610,170.045,34.404,118.987,-0.0919,-0.2067,0.0549,-1.289,0.302,-0.440
30.517277,170.042,34.390,118.994,-0.1873,-0.0956,0.0947,-0.604,0.500,-0.148
30.533944,170.031,34.375,119.003,-0.1092,-0.0501,0.0976,-1.149,0.513,-0.243
30.550611,170.007,34.363,119.010,-0.1103,-0.0442,0.1145,-1.882,0.319,-0.216
30.567278,169.976,34.352,119.014,-0.0985,-0.0736,0.0723,-2.183,0.227,-0.040
30.583945,169.944,34.339,119.016,-0.1754,-0.1850,0.0483,-2.176,0.376,0.105
30.600612,169.907,34.324,119.011,-0.1749,-0.2700,0.0279,-2.250,0.410,0.429
30.617279,169.869,34.310,118.996,-0.1865,-0.2062,0.1454,-1.931,0.244,0.889
30.633946,169.836,34.301,118.975,-0.1542,-0.1775,0.1109,-1.476,-0.100,1.167
30.650613,169.806,34.296,118.961,-0.1202,-0.2043,0.0982,-1.512,-0.277,0.757
30.667280,169.786,34.288,118.946,-0.1476,-0.0815,0.0779,-0.903,-0.058,0.835
30.683947,169.764,34.271,118.938,-0.0316,-0.0476,0.0441,-1.270,0.492,0.639
30.700614,169.736,34.258,118.938,-0.0682,-0.0686,0.1168,-1.893,0.303,0.124
30.717281,169.708,34.245,118.934,-0.0878,-0.1106,0.1086,-1.727,0.286,0.392
30.733948,169.673,34.235,118.921,-0.0768,-0.2544,0.0493,-1.835,0.061,0.768
30.750615,169.645,34.222,118.903,-0.1553,-0.2894,0.0740,-1.288,0.190,1.022
30.767282,169.636,34.216,118.889,-0.1899,-0.2786,0.0872,-0.292,-0.205,0.796
30.783949,169.611,34.208,118.881,-0.1697,-0.1198,0.0722,-1.433,-0.048,0.490
30.800616,169.595,34.197,118.878,-0.0608,0.0135,0.1071,-1.092,0.210,0.255
30.817283,169.572,34.185,118.881,-0.0920,-0.0678,0.0644,-1.658,0.311,0.017
30.833950,169.560,34.171,118.881,-0.1801,-0.1808,0.0761,-0.983,0.392,0.174
30.850617,169.587,34.162,118.876,-0.1448,-0.1692,0.1328,1.610,0.056,0.367
30.867284,169.649,34.158,118.870,-0.0967,-0.1342,0.1661,3.648,-0.273,0.314
30.883951,169.762,34.154,118.874,-0.2451,-0.2559,0.1135,6.447,-0.122,-0.109
30.900618,169.879,34.143,118.882,-0.1930,-0.3044,-0.0009,6.543,0.276,-0.289
30.917285,169.981,34.137,118.891,-0.0689,-0.1390,0.0868,5.548,0.020,-0.361
30.933952,170.076,34.131,118.894,-0.1469,-0.0843,0.1590,5.395,-0.071,-0.071
30.950619,170.177,34.127,118.900,-0.0868,-0.1077,0.1191,5.652,-0.095,-0.233
30.967286,170.277,34.125,118.894,-0.1055,-0.1587,0.0800,5.938,-0.386,0.338
30.983953,170.384,34.130,118.873,-0.0799,-0.1556,0.1140,6.858,-0.863,0.957
31.000620,170.476,34.134,118.856,-0.1420,-0.1486,0.0719,5.887,-0.844,0.772
31.017287,170.521,34.144,118.840,-0.0601,-0.1016,0.1005,3.001,-1.145,0.688
31.033954,170.549,34.158,118.826,-0.1475,-0.0735,0.1090,1.926,-1.327,0.588
31.050621,170.572,34.173,118.809,-0.1271,-0.0345,0.1265,1.695,-1.468,0.662
31.067288,170.580,34.189,118.786,-0.1138,-0.0582,0.0757,1.013,-1.554,0.962
31.083955,170.573,34.202,118.759,-0.0928,-0.0845,0.0407,0.247,-1.414,1.226
31.100622,170.570,34.210,118.728,-0.1278,-0.1242,0.0641,0.663,-1.126,1.459
31.117289,170.549,34.213,118.694,-0.1325,-0.2194,0.0151,-0.381,-0.915,1.613
31.133956,170.500,34.214,118.650,-0.1502,-0.2846,-0.0005,-1.697,-0.794,2.140
31.150623,170.440,34.214,118.601,-0.1138,-0.3115,0.0141,-2.213,-0.841,2.383
31.167290,170.361,34.219,118.554,-0.0509,-0.2771,0.0593,-3.427,-1.098,2.204
31.183957,170.282,34.226,118.518,-0.0607,-0.1802,0.0998,-3.761,-1.105,1.704
31.200624,170.208,34.233,118.485,-0.1416,-0.1773,0.0981,-3.599,-1.138,1.513
31.217291,170.144,34.243,118.457,-0.0510,-0.1321,0.1305,-3.124,-1.230,1.267
31.233958,170.102,34.256,118.433,-0.0542,-0.1693,0.1132,-2.039,-1.393,1.003
31.250625,170.063,34.273,118.415,-0.0543,-0.2160,0.0628,-2.008,-1.533,0.657
31.267292,170.040,34.289,118.400,-0.1702,-0.1929,0.0757,-1.114,-1.466,0.567
31.283959,170.023,34.300,118.386,-0.1577,-0.1734,0.0528,-0.799,-1.167,0.541
31.300626,169.987,34.311,118.376,-0.0831,-0.1448,0.0971,-2.131,-1.169,0.359
31.317293,169.961,34.322,118.359,-0.1416,-0.1053,0.1038,-1.237,-1.176,0.726
31.333960,169.930,34.340,118.331,-0.1357,-0.1919,0.1291,-1.191,-1.693,1.087
31.350627,169.923,34.360,118.300,-0.1417,-0.2451,0.1050,0.346,-1.873,1.272
31.367294,169.918,34.375,118.272,-0.0742,-0.1698,0.0335,0.404,-1.537,1.219
31.383961,169.899,34.383,118.248,-0.0501,-0.0944,0.0264,-0.652,-1.052,1.054
31.400628,169.874,34.390,118.230,-0.1034,-0.0754,0.0965,-1.182,-0.946,0.729
31.417295,169.845,34.397,118.218,-0.0877,-0.0539,0.1140,-1.626,-0.959,0.459
31.433962,169.836,34.404,118.213,-0.1598,-0.1359,0.1471,-0.315,-0.942,0.578
31.450629,169.829,34.411,118.198,-0.1305,-0.2294,0.0825,-0.148,-0.963,0.703
31.467296,169.830,34.414,118.181,-0.0434,-0.2303,0.0432,0.387,-0.749,0.770
31.483963,169.815,34.411,118.171,-0.0451,-0.2417,-0.0116,-0.370,-0.457,1.098
31.500630,169.779,34.403,118.146,-0.1387,-0.2580,0.0136,-1.828,-0.100,0.993
31.517297,169.754,34.395,118.136,-0.1473,-0.2094,0.1083,-1.238,-0.076,0.803
31.533964,169.740,34.389,118.118,-0.1677,-0.1408,0.1393,-0.462,-0.206,0.936
31.550631,169.730,34.386,118.112,-0.0567,-0.1343,0.0875,-0.549,-0.292,0.466
31.567298,169.719,34.380,118.104,-0.0165,-0.1072,0.0713,-0.778,-0.115,0.356
31.583965,169.698,34.370,118.100,-0.0122,-0.1746,0.0477,-1.383,0.150,0.284
31.600632,169.665,34.359,118.098,-0.0830,-0.1748,0.0545,-2.113,0.237,0.276
31.617299,169.641,34.347,118.083,-0.1470,-0.1688,0.0586,-1.615,0.371,0.353
31.633966,169.610,34.332,118.073,-0.1651,-0.2173,0.0561,-1.849,0.384,0.593
31.650633,169.590,34.319,118.045,-0.1921,-0.2416,0.0995,-1.022,0.345,0.856
31.667300,169.568,34.303,118.028,-0.0974,-0.1999,0.0733,-1.065,0.414,0.968
31.683967,169.536,34.286,118.017,-0.0621,-0.1754,0.0357,-1.849,0.531,0.674
31.700634,169.491,34.269,118.010,-0.0018,-0.1365,0.0238,-2.806,0.572,0.429
31.717301,169.439,34.252,118.006,-0.0570,-0.1710,0.0495,-3.457,0.632,0.176
31.733968,169.396,34.240,118.011,-0.1155,-0.2660,0.1391,-3.136,0.415,-0.295
31.750635,169.397,34.229,118.046,-0.1513,-0.2726,0.1748,-0.862,0.365,-0.894
31.767302,169.433,34.216,118.082,0.0072,-0.1270,0.1112,0.650,0.739,-1.660
31.783969,169.488,34.203,118.134,-0.0598,-0.0190,0.1597,1.280,0.811,-2.413
31.800636,169.526,34.193,118.170,-0.1006,-0.0538,0.0999,0.385,0.709,-2.132
31.817303,169.528,34.178,118.200,-0.1227,-0.0468,0.0673,-1.386,0.851,-1.602
31.833970,169.520,34.159,118.215,-0.0841,-0.0850,0.0614,-1.515,0.956,-0.777
31.850637,169.514,34.142,118.220,-0.1811,-0.2778,0.0608,-0.717,0.658,-0.005
31.867304,169.497,34.134,118.208,-0.0898,-0.2450,0.1085,-1.181,0.069,0.304
31.883971,169.485,34.127,118.218,-0.1771,-0.1296,0.1523,-0.609,-0.187,0.520
31.900638,169.473,34.128,118.205,-0.1740,-0.2237,0.1063,-0.599,-0.514,0.566
31.917305,169.475,34.134,118.185,-0.0561,-0.2094,0.0618,0.129,-0.778,0.412
31.933972,169.474,34.141,118.192,0.0475,-0.1803,0.0881,-0.169,-0.899,0.045
31.950639,169.443,34.147,118.189,0.0281,-0.1550,0.0583,-2.309,-0.638,-0.187
31.967306,169.411,34.154,118.195,-0.0148,-0.1894,0.0306,-2.305,-0.817,-0.278
31.983973,169.388,34.161,118.196,-0.1751,-0.1670,0.1354,-1.876,-0.684,-0.334
32.000640,169.404,34.168,118.204,-0.1541,-0.1631,0.1330,0.401,-0.701,-0.491
32.017307,169.408,34.175,118.212,-0.1196,-0.1729,0.0660,-0.374,-0.703,-0.614
32.033974,169.415,34.180,118.211,-0.1401,-0.1875,0.0472,-0.186,-0.555,-0.390
32.050641,169.421,34.182,118.212,-0.1106,-0.2441,0.0415,-0.015,-0.446,-0.135
32.067308,169.429,34.178,118.239,-0.0289,-0.2497,0.0653,0.296,-0.325,-0.083
32.083975,169.434,34.178,118.228,-0.0412,-0.2112,0.0608,-0.106,-0.266,-0.091
32.100642,169.437,34.176,118.229,-0.0589,-0.1725,0.0686,-0.175,-0.225,-0.077
32.117309,169.433,34.168,118.278,-0.0773,-0.1499,0.1081,-0.152,-0.211,0.117
32.133976,169.431,34.162,118.332,-0.1070,-0.2699,0.0629,-0.253,-0.348,-0.214
32.150643,169.435,34.166,118.332,-0.1218,-0.2288,0.1333,-0.372,-0.446,-0.484
32.167310,169.487,34.172,118.291,-0.1756,-0.1376,0.1728,2.084,-0.261,-0.609
32.183977,169.530,34.177,118.276,-0.0678,-0.0626,0.1402,1.804,-0.452,-0.471
32.200644,169.560,34.180,118.284,0.0269,-0.1279,0.0606,1.072,-0.360,-0.664
32.217311,169.581,34.182,118.308,-0.0163,-0.1391,0.0165,0.493,-0.450,-0.779
32.233978,169.599,34.181,118.302,-0.0439,-0.1325,0.0600,0.214,-0.036,-0.617
32.250645,169.589,34.178,118.316,-0.1063,-0.2222,0.0922,-1.355,-0.061,-0.691
32.267312,169.587,34.177,118.317,-0.1023,-0.2616,0.1029,-0.630,-0.237,-0.285
32.283979,169.599,34.179,118.323,-0.1418,-0.1653,0.1173,0.503,-0.535,0.044
32.300646,169.623,34.182,118.304,-0.0695,-0.1971,0.0482,1.278,-0.500,0.276
32.317313,169.623,34.179,118.330,-0.0268,-0.2655,0.0708,-0.180,-0.372,-0.115
32.333980,169.610,34.179,118.346,-0.0662,-0.3139,0.0289,-1.449,-0.256,-0.600
32.350647,169.602,34.180,118.353,-0.0606,-0.1834,0.0767,-1.401,-0.195,-0.854
32.367314,169.602,34.177,118.400,-0.0551,-0.0081,0.1591,-0.738,-0.219,-0.862
32.383981,169.606,34.185,118.419,-0.1105,0.0024,0.2142,-0.445,-0.736,-0.728
32.400648,169.627,34.194,118.439,-0.1180,-0.1524,0.1436,0.617,-0.864,-0.737
32.417315,169.642,34.207,118.462,-0.0610,-0.2627,0.0922,0.205,-1.056,-0.844
32.433982,169.667,34.219,118.464,-0.0687,-0.3071,0.0136,0.630,-0.888,-0.808
32.450649,169.679,34.226,118.472,-0.0730,-0.2768,-0.0010,-0.013,-0.634,-0.684
32.467316,169.682,34.226,118.488,-0.0884,-0.1946,0.0287,-0.266,-0.321,-0.335
32.483983,169.679,34.223,118.500,-0.1999,-0.2111,0.0961,-0.456,-0.263,-0.100
32.500650,169.678,34.224,118.483,-0.1323,-0.2387,0.0867,-0.396,-0.309,0.107
32.517317,169.667,34.228,118.459,-0.0833,-0.1677,0.0886,-0.829,-0.561,0.295
32.533984,169.652,34.230,118.442,0.0012,-0.0925,0.0562,-0.992,-0.432,0.390
32.550651,169.636,34.230,118.439,-0.0798,-0.2075,0.0716,-0.952,-0.465,0.373
32.567318,169.623,34.227,118.426,-0.0618,-0.1874,0.0852,-0.804,-0.248,0.446
32.583985,169.591,34.219,118.478,-0.0471,-0.1973,0.0732,-1.605,-0.330,0.360
32.600652,169.556,34.218,118.465,-0.0637,-0.2039,0.0336,-2.129,-0.323,0.386
32.617319,169.518,34.217,118.412,-0.0534,-0.2318,0.0581,-2.383,-0.164,0.729
32.633986,169.466,34.217,118.368,-0.0063,-0.1520,0.1288,-2.840,-0.361,1.110
32.650653,169.409,34.215,118.357,0.0194,-0.0576,0.1177,-2.689,-0.630,1.294
32.667320,169.351,34.214,118.357,-0.1218,-0.0859,0.0854,-2.759,-0.687,1.197
32.683987,169.293,34.213,118.310,-0.0935,-0.0680,0.1016,-2.864,-0.475,1.509
32.700654,169.246,34.205,118.257,-0.1967,-0.2104,0.0928,-1.846,-0.155,2.068
32.717321,169.196,34.186,118.222,-0.1523,-0.3621,0.0334,-1.441,0.192,2.686
32.733988,169.147,34.168,118.167,-0.0927,-0.3988,0.0027,-1.610,0.322,2.584
32.750655,169.111,34.146,118.129,-0.0727,-0.4089,0.0303,-0.931,0.493,2.413
32.767322,169.091,34.125,118.076,-0.0687,-0.3577,0.0473,-0.294,0.631,2.130
32.783989,169.078,34.104,118.036,-0.0325,-0.2070,0.1327,-0.404,0.777,1.426
32.800656,169.047,34.081,118.028,0.0790,-0.1561,0.1182,-1.657,0.869,0.911
32.817323,169.019,34.063,118.028,0.0123,-0.2195,0.0812,-2.023,0.755,0.156
32.833990,169.005,34.049,118.002,-0.0095,-0.1210,0.1314,-1.487,0.732,-0.005
32.850657,168.975,34.038,118.026,-0.0658,-0.0668,0.1153,-2.330,0.315,-0.336
32.867324,168.948,34.030,118.007,-0.0506,-0.0556,0.0834,-2.271,0.340,-0.162
32.883991,168.930,34.016,118.018,-0.1308,-0.1300,0.0711,-1.452,0.516,-0.065
32.900658,168.923,34.007,117.966,-0.0888,-0.2208,0.0618,-1.058,0.559,0.260
32.917325,168.890,33.990,117.972,-0.1441,-0.2324,0.0813,-2.014,0.521,0.412
32.933992,168.877,33.976,117.950,-0.1810,-0.2035,0.0930,-0.661,0.472,0.830
32.950659,168.860,33.964,117.928,-0.0755,-0.2065,0.0661,-0.536,0.138,1.269
32.967326,168.847,33.952,117.912,-0.0258,-0.1849,0.0606,-0.200,0.054,1.327
32.983993,168.829,33.944,117.896,0.0136,-0.1416,0.0997,-0.948,0.062,0.744
33.000660,168.795,33.935,117.903,-0.0383,-0.1501,0.0876,-1.956,-0.031,0.505
33.017327,168.760,33.936,117.878,-0.0929,-0.2662,0.0791,-2.425,-0.255,0.201
33.033994,168.738,33.933,117.905,-0.1037,-0.3036,0.1064,-1.159,-0.451,0.335
33.050661,168.724,33.942,117.879,-0.1380,-0.2888,0.1122,-0.728,-0.941,0.641
33.067328,168.717,33.949,117.881,-0.0046,-0.1573,0.1008,0.313,-1.192,1.061
33.083995,168.707,33.956,117.837,-0.0221,-0.1029,0.0564,0.019,-0.897,1.426
33.100662,168.685,33.952,117.774,-0.0505,-0.1682,0.0158,-1.197,0.003,1.154
33.117329,168.631,33.928,117.761,-0.0076,-0.2572,-0.0617,-3.143,0.959,0.914
33.133996,168.552,33.894,117.756,0.0720,-0.3299,0.0259,-4.743,1.602,0.734
33.150663,168.481,33.856,117.744,-0.0500,-0.3793,0.0307,-4.403,1.894,0.776
33.167330,168.424,33.818,117.709,-0.0743,-0.3314,0.0721,-3.645,2.042,0.940
33.183997,168.366,33.779,117.706,-0.0167,-0.2270,0.1025,-3.794,2.010,0.492
33.200664,168.324,33.741,117.715,-0.0033,-0.1864,0.0965,-2.861,1.905,0.294
33.217331,168.307,33.713,117.715,-0.0470,-0.1989,0.1642,-1.916,1.645,-0.375
33.233998,168.321,33.692,117.686,-0.0501,-0.0079,0.1908,-0.371,1.424,-0.466
33.250665,168.306,33.660,117.717,-0.0348,-0.0060,0.0599,-1.548,1.599,-0.320
33.267332,168.280,33.628,117.716,-0.0719,-0.1051,0.0249,-2.443,1.824,-0.273
33.283999,168.257,33.589,117.760,-0.1066,-0.0910,0.1291,-1.805,1.839,-0.128
33.300666,168.249,33.555,117.772,-0.1422,-0.1323,0.1144,-1.035,1.739,0.002
33.317333,168.244,33.528,117.756,-0.0131,-0.1098,0.1048,-1.163,1.608,-0.143
33.334000,168.242,33.494,117.809,-0.0377,-0.0198,0.1762,-0.216,1.356,0.127
33.350667,168.266,33.467,117.806,-0.0513,-0.1355,0.0993,1.138,1.301,0.370
33.367334,168.302,33.437,117.800,-0.0688,-0.3063,0.0583,1.849,1.463,0.423
33.384001,168.335,33.406,117.826,-0.0032,-0.4231,-0.0068,1.752,1.360,0.160
33.400668,168.368,33.385,117.828,0.0256,-0.3424,0.0849,1.536,0.999,0.058
33.417335,168.421,33.367,117.861,-0.0242,-0.2608,0.1055,3.048,0.538,0.049
33.434002,168.506,33.370,117.839,-0.1181,-0.2367,0.1501,4.390,-0.197,-0.238
33.450669,168.606,33.371,117.829,-0.1074,-0.2048,0.1518,5.402,-0.204,-0.303
33.467336,168.718,33.372,117.837,-0.0541,-0.1440,0.1592,6.175,-0.251,-0.355
33.484003,168.842,33.364,117.881,-0.1101,-0.1677,0.0591,7.067,-0.034,-0.434
33.500670,168.949,33.357,117.893,0.0507,-0.1614,0.0113,5.759,0.193,-0.455
33.517337,169.019,33.346,117.886,-0.0415,-0.2564,0.0398,3.577,0.528,-0.203
33.534004,169.062,33.331,117.902,-0.0271,-0.2836,0.0481,2.011,0.613,-0.297
33.550671,169.062,33.317,117.943,-0.0033,-0.2888,0.0229,-0.828,0.577,-0.884
33.567338,169.066,33.312,117.972,-0.0106,-0.1984,0.1231,-1.261,0.394,-1.595
33.584005,169.097,33.316,117.991,-0.0820,-0.0125,0.2268,0.159,-0.017,-1.910
33.600672,169.145,33.327,118.030,-0.0700,0.1338,0.2812,1.385,-0.611,-1.963
33.617339,169.203,33.332,118.100,-0.0838,0.0298,0.1381,2.371,-0.602,-1.687
33.634006,169.247,33.344,118.117,-0.0424,-0.2723,0.0266,1.427,-0.660,-1.443
33.650673,169.289,33.351,118.145,-0.0294,-0.4250,-0.0122,1.200,-0.434,-1.529
33.667340,169.303,33.358,118.183,-0.0334,-0.3629,0.0388,-0.352,-0.469,-1.554
33.684007,169.325,33.366,118.185,-0.1916,-0.3672,0.0246,0.044,-0.384,-1.279
33.700674,169.340,33.375,118.166,-0.1677,-0.3330,0.0442,-0.366,-0.292,-0.979
33.717341,169.352,33.370,118.195,-0.1005,-0.2792,0.0913,0.154,-0.034,-0.579
33.734008,169.366,33.368,118.197,0.0385,-0.1726,0.0754,0.238,-0.049,-0.361
33.750675,169.371,33.366,118.194,0.0227,-0.2483,0.0003,-0.656,0.096,-0.650
33.767342,169.357,33.359,118.216,0.1503,-0.1489,0.0712,-1.849,0.328,-0.987
33.784009,169.349,33.350,118.226,-0.0299,-0.0577,0.1193,-1.568,0.496,-0.941
33.800676,169.344,33.345,118.239,-0.0577,-0.0905,0.1184,-1.695,0.462,-1.378
33.817343,169.344,33.327,118.294,-0.1017,-0.1204,0.0957,-1.100,0.792,-1.275
33.834010,169.336,33.316,118.324,0.0031,-0.1895,0.0740,-1.647,0.601,-1.188
33.850677,169.331,33.312,118.316,-0.0447,-0.2729,0.1182,-1.373,0.370,-0.833
33.867344,169.346,33.306,118.332,-0.1488,-0.3923,0.0746,0.392,0.059,-0.296
33.884011,169.366,33.303,118.341,-0.0323,-0.3866,0.0325,0.595,-0.031,-0.408
33.900678,169.377,33.303,118.345,0.0066,-0.2112,0.0949,-0.227,-0.085,-0.713
33.917345,169.407,33.309,118.362,-0.0335,-0.1274,0.1425,0.915,-0.419,-0.920
33.934012,169.426,33.314,118.378,-0.0734,-0.1508,0.0854,0.226,-0.391,-0.966
33.950679,169.449,33.319,118.383,-0.0623,-0.1156,0.1514,0.445,-0.335,-0.867
33.967346,169.479,33.324,118.387,-0.0224,-0.0923,0.1355,1.023,-0.415,-0.658
33.984013,169.501,33.328,118.378,-0.0621,-0.1631,0.0571,0.563,-0.287,-0.415
34.000680,169.518,33.332,118.349,-0.1269,-0.3116,0.0116,0.368,-0.164,-0.114
34.017347,169.534,33.330,118.352,-0.0125,-0.3237,0.0949,0.613,-0.155,-0.092
34.034014,169.542,33.331,118.343,-0.0173,-0.1903,0.0965,0.106,-0.270,0.045
34.050681,169.544,33.326,118.386,-0.0643,-0.1554,0.0981,0.146,-0.326,0.076
34.067348,169.558,33.325,118.396,-0.0894,-0.1763,0.0537,0.715,-0.339,0.114
34.084015,169.563,33.326,118.396,-0.0014,-0.1513,0.1082,0.114,-0.392,0.131
34.100682,169.575,33.329,118.390,-0.0164,-0.1933,0.0622,0.441,-0.425,0.047
34.117349,169.578,33.327,118.381,-0.0463,-0.1968,0.0556,-0.209,-0.042,0.043
34.134016,169.578,33.322,118.372,-0.0488,-0.1938,0.1026,-0.226,0.011,0.306
34.150683,169.578,33.325,118.366,-0.0641,-0.2127,0.1589,-0.057,-0.553,0.300
34.167350,169.583,33.333,118.362,-0.0405,-0.2484,0.0928,0.361,-0.841,0.403
34.184017,169.584,33.338,118.379,-0.0264,-0.2068,0.1046,0.273,-0.903,0.436
34.200684,169.595,33.346,118.373,0.0090,-0.2047,0.0602,0.794,-0.895,0.442
34.217351,169.594,33.353,118.356,-0.0552,-0.2280,0.0281,-0.336,-0.587,0.197
34.234018,169.582,33.353,118.351,-0.0438,-0.2012,0.0433,-0.846,-0.318,0.304
34.250685,169.572,33.353,118.384,-0.0869,-0.1929,0.1170,-0.289,-0.718,0.406
34.267352,169.590,33.363,118.369,-0.1111,-0.2567,0.1494,1.140,-0.951,0.476
34.284019,169.611,33.377,118.334,0.0023,-0.1357,0.1174,1.347,-1.099,0.654
34.300686,169.620,33.388,118.308,-0.0122,-0.1087,0.0470,0.802,-0.967,0.845
34.317353,169.604,33.395,118.290,0.0461,-0.1747,0.0450,-0.618,-0.908,0.852
34.334020,169.588,33.399,118.276,-0.0896,-0.2298,0.1251,-0.469,-0.757,1.105
34.350687,169.574,33.407,118.244,-0.0793,-0.3017,0.0587,-0.142,-1.013,1.421
34.367354,169.557,33.416,118.227,-0.0435,-0.2949,0.0610,-0.374,-1.165,1.206
34.384021,169.541,33.426,118.221,-0.0233,-0.1964,0.0750,-0.319,-1.213,1.048
34.400688,169.525,33.435,118.230,-0.0220,-0.1910,0.1093,-0.514,-1.149,0.745
34.417355,169.536,33.449,118.239,-0.0541,-0.2252,0.1127,0.796,-1.342,0.280
34.434022,169.552,33.464,118.235,0.0974,-0.0767,0.1613,0.831,-1.211,0.144
34.450689,169.564,33.482,118.227,-0.0996,-0.0905,0.1092,0.546,-1.348,0.019
34.467356,169.578,33.501,118.218,-0.0151,-0.1516,0.0550,0.758,-1.430,0.197
34.484023,169.587,33.520,118.192,0.0033,-0.2199,0.0550,0.492,-1.304,0.343
34.500690,169.577,33.534,118.179,-0.0328,-0.3567,0.0367,-0.423,-1.261,0.585
34.517357,169.570,33.548,118.153,-0.0766,-0.3862,0.0513,-0.171,-1.148,0.807
34.534024,169.553,33.561,118.119,0.0176,-0.2963,0.0581,-0.648,-1.147,1.066
34.550691,169.537,33.570,118.104,-0.0476,-0.3008,0.0541,-0.630,-0.967,0.834
34.567358,169.533,33.580,118.100,0.0055,-0.2015,0.1044,0.106,-1.103,0.698
34.584025,169.542,33.592,118.086,-0.0894,-0.1628,0.1329,0.368,-0.967,0.154
34.600692,169.560,33.606,118.055,0.0226,-0.1348,0.0969,0.566,-0.849,-0.064
34.617359,169.583,33.617,118.051,-0.0330,-0.2201,0.1041,1.093,-0.860,0.016
34.634026,169.606,33.629,118.030,0.0689,-0.2579,0.0356,1.074,-0.846,0.067
34.650693,169.618,33.640,118.015,-0.0559,-0.2881,0.0676,0.367,-0.781,0.039
34.667360,169.631,33.650,117.994,0.0117,-0.2377,0.0646,0.509,-0.751,0.143
34.684027,169.637,33.665,117.937,-0.0648,-0.2227,0.0697,-0.431,-0.669,-0.121
34.700694,169.656,33.686,117.842,-0.0974,-0.0964,0.1487,-0.085,-0.542,-0.268
34.717361,169.675,33.699,117.819,-0.1294,-0.1610,0.0910,0.612,-0.764,-0.153
34.734028,169.696,33.709,117.792,0.0006,-0.1403,0.0567,1.101,-0.774,0.399
34.750695,169.695,33.720,117.738,0.0427,-0.1335,0.0319,-0.040,-0.710,0.863
34.767362,169.683,33.722,117.721,0.0295,-0.1596,0.0533,-0.026,-0.638,1.403
34.784029,169.677,33.721,117.680,-0.0851,-0.2392,0.0827,0.231,-0.327,1.540
34.800696,169.676,33.718,117.652,-0.0258,-0.2175,0.1487,0.705,-0.317,1.574
34.817363,169.657,33.716,117.637,-0.0496,-0.2497,0.0479,-0.694,-0.398,1.174
34.834030,169.638,33.718,117.630,-0.0253,-0.2468,0.0942,-0.706,-0.604,0.865
34.850697,169.634,33.716,117.639,-0.0723,-0.2193,0.0558,0.273,-0.559,0.921
34.867364,169.623,33.724,117.611,-0.0118,-0.2254,0.0981,-0.480,-0.770,0.802
34.884031,169.621,33.731,117.564,-0.0205,-0.1307,0.0965,-0.097,-0.518,0.890
34.900698,169.604,33.737,117.556,0.0745,-0.1009,0.0931,-0.785,-0.744,0.702
34.917365,169.581,33.735,117.571,0.0310,-0.2248,0.0335,-0.705,-0.606,1.032
34.934032,169.548,33.740,117.534,-0.0401,-0.3637,0.0453,-1.475,-0.678,1.326
34.950699,169.515,33.745,117.496,-0.0918,-0.3520,0.0846,-1.425,-0.653,1.384
34.967366,169.501,33.751,117.441,-0.1855,-0.2815,0.0736,-0.499,-0.546,1.297
34.984033,169.470,33.750,117.425,-0.0325,-0.1545,0.0290,-1.232,-0.488,1.345
35.000700,169.439,33.751,117.403,0.0696,-0.0517,0.1315,-1.415,-0.495,1.160
35.017367,169.414,33.759,117.375,0.0456,-0.1002,0.1650,-0.903,-0.940,1.259
35.034034,169.385,33.772,117.367,-0.0064,-0.2392,0.1027,-0.922,-1.428,1.267
35.050701,169.348,33.793,117.349,0.0252,-0.2692,0.0624,-1.781,-1.691,0.861
35.067368,169.298,33.809,117.367,0.0189,-0.1870,0.0736,-2.627,-1.676,0.420
35.084035,169.246,33.832,117.364,-0.0206,-0.1985,0.0851,-3.216,-1.654,0.024
35.100702,169.193,33.852,117.398,-0.0443,-0.1903,0.1292,-2.925,-1.780,0.121
35.117369,169.160,33.881,117.377,-0.0037,-0.1984,0.1467,-1.907,-1.960,0.457
35.134036,169.131,33.918,117.327,0.0404,-0.2583,0.0760,-1.994,-2.134,0.139
35.150703,169.099,33.942,117.329,-0.0481,-0.2008,0.0768,-1.792,-1.872,0.211
35.167370,169.072,33.960,117.353,-0.0790,-0.1662,0.1151,-1.344,-1.739,0.277
35.184037,169.060,33.976,117.338,-0.0684,-0.1282,0.0982,-0.416,-1.367,0.638
35.200704,169.047,33.985,117.326,-0.0268,-0.1926,0.0580,-0.308,-1.141,0.873
35.217371,169.032,33.987,117.342,-0.0009,-0.1996,0.0818,0.085,-0.998,1.349
35.234038,169.032,33.991,117.309,-0.0034,-0.1661,0.0632,0.835,-0.783,1.588
35.250705,169.019,33.986,117.327,-0.0264,-0.2794,0.0022,-0.049,-0.560,1.088
35.267372,168.997,33.984,117.331,-0.0116,-0.2442,0.0898,-1.010,-0.384,0.713
35.284039,168.986,33.984,117.321,-0.0624,-0.1861,0.1232,-0.609,-0.340,0.527
35.300706,168.987,33.982,117.321,-0.0353,-0.2112,0.0919,0.134,-0.291,0.517
35.317373,168.969,33.978,117.317,0.1236,-0.2541,0.0320,-1.091,-0.125,0.424
35.334040,168.960,33.976,117.284,0.1685,-0.2272,0.0373,-0.206,-0.192,1.076
35.350707,168.947,33.981,117.227,0.1185,-0.2361,0.0500,-0.823,-0.217,1.021
35.367374,168.935,33.974,117.241,-0.0474,-0.1413,0.1505,-0.617,-0.029,0.495
35.384041,168.928,33.963,117.298,-0.1381,-0.1098,0.1679,-0.560,-0.017,-0.240
35.400708,168.932,33.964,117.309,-0.1310,-0.2126,0.0890,-0.423,-0.133,-0.496
35.417375,168.938,33.964,117.316,-0.1155,-0.2679,0.0696,-0.110,-0.173,-0.181
35.434042,168.949,33.963,117.297,-0.0189,-0.2369,0.0701,0.871,-0.275,0.799
35.450709,168.948,33.959,117.292,0.0205,-0.2196,0.0276,0.509,-0.367,1.143
35.467376,168.928,33.955,117.275,0.1113,-0.2012,0.0396,-0.910,-0.131,0.976
35.484043,168.919,33.957,117.226,0.0809,-0.2479,0.1168,-0.979,0.051,0.476
35.500710,168.902,33.949,117.243,0.0274,-0.1938,0.1096,-1.159,0.134,0.181
35.517377,168.894,33.939,117.285,-0.0518,-0.2268,0.0974,-0.452,-0.018,0.027
35.534044,168.898,33.943,117.270,-0.1186,-0.2375,0.1086,-0.172,-0.266,0.154
35.550711,168.906,33.945,117.264,-0.1152,-0.1974,0.0893,0.484,-0.391,0.423
35.567378,168.912,33.944,117.243,0.0157,-0.1755,0.0784,0.331,-0.154,0.607
35.584045,168.926,33.941,117.225,0.0934,-0.1248,0.0931,0.764,-0.029,0.592
35.600712,168.920,33.936,117.217,0.0799,-0.2081,0.0454,-0.436,0.013,0.453
35.617379,168.901,33.932,117.211,0.0484,-0.2872,0.0482,-1.186,-0.046,0.467
35.634046,168.861,33.926,117.224,-0.0669,-0.2720,0.0481,-2.375,-0.077,0.341
35.650713,168.832,33.922,117.224,-0.1717,-0.2396,0.1059,-1.782,0.001,0.400
35.667380,168.814,33.918,117.204,-0.0287,-0.1362,0.1048,-1.139,-0.011,0.536
35.684047,168.795,33.919,117.186,0.0533,-0.1425,0.1119,-1.242,-0.289,0.427
35.700714,168.781,33.919,117.183,0.0818,-0.1806,0.1109,-0.720,-0.359,0.643
35.717381,168.781,33.918,117.179,0.1185,-0.1746,0.0803,0.234,-0.289,0.754
35.734048,168.768,33.921,117.162,0.0392,-0.2692,0.0783,-0.907,-0.315,0.462
35.750715,168.754,33.925,117.171,-0.0295,-0.3356,0.0568,-1.185,-0.436,-0.044
35.767382,168.728,33.928,117.187,-0.0176,-0.3201,0.0625,-2.016,-0.429,-0.340
35.784049,168.695,33.935,117.186,-0.1303,-0.2656,0.1312,-2.266,-0.623,-0.066
35.800716,168.697,33.945,117.166,-0.0654,-0.1489,0.1094,-0.191,-0.630,0.189
35.817383,168.707,33.951,117.160,-0.0103,-0.0739,0.0929,0.473,-0.583,0.251
35.834050,168.716,33.954,117.150,0.0569,-0.0008,0.1036,0.285,-0.308,0.178
35.850717,168.713,33.956,117.142,0.1131,-0.0653,0.0768,-0.753,-0.045,-0.038
35.867384,168.691,33.953,117.179,0.0663,-0.2658,0.0336,-1.832,0.031,-0.395
35.884051,168.668,33.949,117.207,-0.0710,-0.3629,0.0420,-2.123,0.034,-0.707
35.900718,168.664,33.952,117.205,-0.0946,-0.3798,0.1014,-1.163,-0.022,-0.653
35.917385,168.663,33.963,117.192,-0.0284,-0.2592,0.1238,-0.524,-0.700,-0.098
35.934052,168.657,33.974,117.192,-0.0204,-0.2137,0.1380,-0.176,-1.035,0.453
35.950719,168.674,33.989,117.154,0.0278,-0.1105,0.0559,0.764,-0.840,0.441
35.967386,168.686,33.995,117.157,0.1161,-0.0491,0.0612,0.290,-0.498,-0.191
35.984053,168.688,34.001,117.140,0.0428,-0.0675,0.0483,-1.038,0.008,-0.847
36.000720,168.662,34.003,117.145,0.0416,-0.1171,0.0764,-2.676,0.025,-0.922
36.017387,168.648,34.006,117.135,-0.1495,-0.3248,0.1065,-1.690,-0.036,-0.507
36.034054,168.662,34.004,117.131,-0.0726,-0.3308,0.0661,0.733,-0.117,0.348
36.050721,168.668,34.002,117.135,-0.0393,-0.2832,0.0551,0.451,-0.272,0.512
36.067388,168.678,33.999,117.127,0.0480,-0.2300,0.0464,0.508,-0.044,0.407
36.084055,168.677,34.000,117.125,0.1435,-0.1599,0.0696,-0.699,-0.042,-0.240
36.100722,168.661,33.997,117.153,0.0849,-0.1508,0.0944,-1.475,0.036,-0.372
36.117389,168.655,33.984,117.175,0.0206,-0.1360,0.1110,-0.798,0.562,-0.125
36.134056,168.651,33.975,117.168,-0.0892,-0.2174,0.0430,-0.962,0.675,-0.158
36.150723,168.644,33.957,117.176,-0.0857,-0.2848,0.0654,-0.800,0.786,0.093
36.167390,168.646,33.943,117.162,-0.0228,-0.2770,0.0662,-0.265,0.794,0.244
36.184057,168.646,33.926,117.158,0.0206,-0.2228,0.0625,-0.374,0.852,0.245
36.200724,168.620,33.905,117.182,0.1059,-0.2141,0.0747,-1.807,0.872,0.008
36.217391,168.608,33.892,117.193,0.0035,-0.1769,0.1377,-1.206,0.619,-0.060
36.234058,168.620,33.888,117.182,-0.0148,-0.1080,0.1299,0.030,0.417,-0.048
36.250725,168.629,33.882,117.194,-0.0019,-0.0869,0.1222,0.073,0.257,-0.164
36.267392,168.632,33.876,117.196,-0.0338,-0.2075,0.0251,-0.445,0.381,-0.203
36.284059,168.626,33.872,117.206,0.0913,-0.1710,0.0889,-0.829,0.124,-0.111
36.300726,168.632,33.872,117.202,-0.0358,-0.1440,0.1313,0.046,-0.182,0.085
36.317393,168.633,33.872,117.198,-0.0346,-0.1290,0.1008,-0.138,-0.189,0.199
36.334060,168.640,33.870,117.196,-0.0893,-0.1907,0.0791,0.148,0.002,0.160
36.350727,168.645,33.865,117.190,-0.0277,-0.2347,0.0630,0.300,0.025,0.561
36.367394,168.645,33.859,117.176,0.0310,-0.2987,0.0489,0.235,-0.161,0.767
36.384061,168.641,33.856,117.153,0.0700,-0.3148,0.0279,-0.193,-0.034,0.721
36.400728,168.626,33.849,117.140,0.0776,-0.1946,0.0758,-0.868,0.151,0.580
36.417395,168.611,33.841,117.130,-0.0490,-0.1073,0.1248,-1.054,0.270,0.413
36.434062,168.604,33.837,117.131,-0.0763,-0.1693,0.1265,-0.614,0.048,0.291
36.450729,168.614,33.834,117.105,-0.0402,-0.2506,0.0347,0.394,0.115,0.496
36.467396,168.602,33.828,117.087,0.0478,-0.2360,0.0230,-0.625,0.187,0.870
36.484063,168.585,33.817,117.078,0.0872,-0.1315,0.1263,-0.675,0.212,1.075
36.500730,168.566,33.815,117.058,-0.0163,-0.1433,0.1181,-0.824,-0.209,0.968
36.517397,168.571,33.811,117.050,-0.0010,-0.1961,0.1352,0.521,-0.175,0.773
36.534064,168.562,33.813,117.056,0.0590,-0.1173,0.1008,-0.644,-0.318,0.248
36.550731,168.559,33.815,117.063,0.0421,-0.0757,0.1394,-0.330,-0.396,0.228
36.567398,168.567,33.823,117.045,-0.0092,-0.1713,0.0480,0.545,-0.678,0.596
36.584065,168.568,33.821,117.075,-0.0271,-0.2953,0.0353,0.723,-0.580,1.016
36.600732,168.564,33.825,117.046,-0.0173,-0.3079,0.0351,-0.254,-0.328,0.684
36.617399,168.544,33.820,117.058,0.0111,-0.2547,0.0294,-1.274,0.105,0.388
36.634066,168.522,33.822,117.044,0.0332,-0.2378,0.0791,-1.819,-0.039,-0.050
36.650733,168.501,33.829,117.022,0.0409,-0.1730,0.1192,-1.667,-0.347,0.168
36.667400,168.494,33.837,117.016,0.0088,-0.1082,0.1516,-0.489,-0.690,0.385
36.684067,168.492,33.843,117.001,-0.0152,-0.1193,0.0616,-0.081,-0.603,0.412
36.700734,168.491,33.846,117.000,0.0203,-0.1396,0.0634,-0.380,-0.361,0.011
36.717401,168.493,33.854,116.975,-0.0399,-0.1762,0.0970,-0.572,-0.235,-0.143
36.734068,168.493,33.855,116.976,0.0237,-0.1955,0.1010,-0.392,-0.138,-0.045
36.750735,168.482,33.860,116.963,0.0394,-0.2365,0.0873,-0.589,-0.531,0.528
36.767402,168.484,33.862,116.949,-0.0069,-0.2872,0.0522,0.308,-0.551,0.719
36.784069,168.484,33.862,116.948,-0.0402,-0.1943,0.0487,0.168,-0.375,0.571
36.800736,168.473,33.858,116.955,0.0491,-0.1109,0.0606,-0.848,0.018,0.246
36.817403,168.463,33.862,116.943,0.0231,-0.1608,0.1502,-1.018,-0.264,-0.023
36.834070,168.463,33.869,116.919,0.0288,-0.1737,0.1116,-0.300,-0.437,0.205
36.850737,168.460,33.874,116.910,0.0056,-0.2029,0.0702,-0.246,-0.613,0.301
36.867404,168.468,33.879,116.899,-0.0014,-0.1818,0.0779,0.485,-0.510,0.471
36.884071,168.465,33.878,116.907,0.0217,-0.1549,0.0413,-0.160,-0.337,0.345
36.900738,168.455,33.874,116.908,0.0506,-0.1247,0.0712,-0.835,-0.051,0.067
36.917405,168.445,33.875,116.880,-0.0249,-0.1453,0.1099,-1.012,0.116,0.277
36.934072,168.435,33.875,116.879,0.0057,-0.1832,0.1425,-0.836,-0.166,0.196
36.950739,168.422,33.871,116.897,-0.0498,-0.2966,0.0559,-0.646,-0.407,0.330
36.967406,168.410,33.869,116.913,0.0036,-0.2667,0.0633,-0.672,-0.370,0.265
36.984073,168.404,33.869,116.910,0.0415,-0.1974,0.0478,-0.640,-0.179,0.125
37.000740,168.395,33.863,116.928,-0.0045,-0.1154,0.1087,-0.576,-0.112,0.163
37.017407,168.405,33.864,116.907,0.0297,-0.1313,0.1000,0.477,-0.123,0.537
37.034074,168.419,33.860,116.899,0.0416,-0.1743,0.0696,1.014,-0.187,0.672
37.050741,168.429,33.862,116.896,0.0414,-0.1452,0.0946,0.388,-0.114,0.333
37.067408,168.431,33.861,116.889,-0.0151,-0.1888,0.0972,-0.079,-0.146,0.241
37.084075,168.432,33.858,116.901,-0.0413,-0.2086,0.0554,-0.077,-0.150,0.149
37.100742,168.436,33.857,116.879,0.0081,-0.2096,0.0450,0.110,-0.020,0.479
37.117409,168.426,33.851,116.871,0.0697,-0.2159,0.0535,-0.534,-0.093,0.483
37.134076,168.422,33.848,116.869,0.0159,-0.1971,0.1166,-0.364,-0.058,0.362
37.150743,168.414,33.849,116.857,0.0256,-0.2047,0.0822,-0.655,-0.249,0.196
37.167410,168.411,33.858,116.838,0.0543,-0.1041,0.1408,-0.673,-0.444,0.029
37.184077,168.405,33.864,116.834,0.0003,-0.0921,0.0896,-0.670,-0.424,-0.023
37.200744,168.400,33.870,116.831,-0.0063,-0.1782,0.0602,-0.772,-0.324,-0.069
37.217411,168.392,33.873,116.838,0.0547,-0.1843,0.0928,-0.830,-0.353,-0.103
37.234078,168.395,33.873,116.846,-0.0413,-0.1802,0.1212,0.078,-0.338,0.217
37.250745,168.401,33.875,116.838,0.0433,-0.2206,0.0481,0.236,-0.260,0.347
37.267412,168.396,33.870,116.835,0.0054,-0.2589,0.0182,-0.294,-0.013,0.431
37.284079,168.390,33.874,116.796,0.0452,-0.2272,0.1004,-0.878,0.056,0.207
37.300746,168.394,33.878,116.794,-0.0152,-0.1262,0.1427,-0.310,-0.129,-0.121
37.317413,168.392,33.880,116.807,0.0801,-0.1651,0.1136,-0.630,-0.260,-0.381
37.334080,168.391,33.884,116.818,0.0483,-0.1664,0.0643,-0.670,-0.317,-0.443
37.350747,168.385,33.881,116.842,-0.0285,-0.1530,0.0993,-0.589,-0.316,-0.136
37.367414,168.386,33.884,116.844,-0.0420,-0.1902,0.0590,-0.353,-0.253,-0.109
37.384081,168.394,33.889,116.835,0.0215,-0.1467,0.1057,-0.090,-0.242,-0.189
37.400748,168.398,33.894,116.837,0.0095,-0.2065,0.0609,-0.088,-0.404,-0.100
37.417415,168.394,33.896,116.833,0.0382,-0.1296,0.0467,-0.696,-0.165,-0.037
37.434082,168.395,33.894,116.833,-0.0536,-0.1991,0.0879,-0.273,-0.159,-0.059
37.450749,168.401,33.896,116.829,-0.0045,-0.2289,0.0963,0.038,-0.217,0.046
37.467416,168.402,33.899,116.824,0.0500,-0.2421,0.0998,-0.078,-0.342,0.265
37.484083,168.391,33.902,116.814,0.1191,-0.2474,0.0441,-0.763,-0.349,0.296
37.500750,168.375,33.901,116.811,0.1220,-0.1538,0.0708,-1.051,-0.189,0.382
37.517417,168.354,33.901,116.826,-0.0168,-0.1739,0.0775,-1.465,-0.220,0.107
37.534084,168.337,33.899,116.839,-0.1093,-0.1449,0.1421,-1.301,-0.213,-0.053
37.550751,168.336,33.902,116.850,-0.0437,-0.0970,0.1243,-0.358,-0.383,-0.153
37.567418,168.349,33.910,116.851,0.0466,-0.0663,0.1107,0.344,-0.549,-0.144
37.584085,168.352,33.914,116.854,0.0674,-0.1721,0.0346,-0.157,-0.516,-0.173
37.600752,168.349,33.919,116.842,0.0251,-0.2940,0.0242,-0.484,-0.346,0.066
37.617419,168.343,33.925,116.817,0.0165,-0.2826,0.0666,-0.734,-0.274,0.162
37.634086,168.337,33.929,116.823,0.0548,-0.1711,0.1503,-0.818,-0.302,-0.169
37.650753,168.340,33.934,116.838,-0.0174,-0.0893,0.1807,-0.116,-0.616,-0.247
37.667420,168.366,33.948,116.839,0.0675,-0.0787,0.1121,0.796,-0.718,-0.622
37.684087,168.389,33.961,116.833,-0.0603,-0.1560,0.0623,0.563,-0.575,-0.626
37.700754,168.404,33.966,116.842,0.0012,-0.2329,0.0715,0.408,-0.479,-0.310
37.717421,168.419,33.967,116.853,-0.0304,-0.2078,0.0323,0.833,-0.475,0.119
37.734088,168.432,33.969,116.840,0.0818,-0.1606,0.0653,0.626,-0.219,0.387
37.750755,168.434,33.966,116.844,0.0528,-0.2164,0.0290,-0.040,0.004,0.174
37.767422,168.429,33.965,116.841,0.0393,-0.1765,0.1157,-0.705,-0.002,0.037
37.784089,168.418,33.957,116.869,0.0021,-0.1609,0.0837,-0.950,0.032,-0.145
37.800756,168.410,33.955,116.886,0.0436,-0.2095,0.0463,-0.949,-0.041,-0.279
37.817423,168.406,33.956,116.887,0.0610,-0.1451,0.1150,-0.797,-0.079,-0.276
37.834090,168.402,33.955,116.894,-0.0198,-0.1053,0.1290,-0.598,-0.093,-0.043
37.850757,168.411,33.952,116.895,-0.0256,-0.2023,0.0617,0.178,0.020,-0.004
37.867424,168.430,33.950,116.894,0.0388,-0.1787,0.0733,0.383,0.186,-0.443
37.884091,168.427,33.946,116.908,0.1089,-0.1615,0.0384,-0.991,0.344,-0.608
37.900758,168.405,33.937,116.920,0.0710,-0.1759,0.0522,-2.207,0.513,-0.701
37.917425,168.385,33.932,116.922,0.0240,-0.2154,0.0755,-2.114,0.455,-0.587
37.934092,168.379,33.927,116.936,0.0246,-0.1872,0.1244,-1.212,0.291,-0.656
37.950759,168.371,33.923,116.944,0.0487,-0.0657,0.1299,-1.170,0.216,-0.462
37.967426,168.344,33.921,116.941,0.0560,-0.1067,0.0820,-2.274,0.269,-0.256
37.984093,168.279,33.907,116.958,0.0265,-0.1607,-0.0087,-4.341,0.645,-0.119
38.000760,168.180,33.882,116.955,-0.0304,-0.1967,0.0370,-6.402,1.363,0.196
38.017427,168.056,33.855,116.947,0.0715,-0.1300,0.1024,-7.727,1.451,0.457
38.034094,167.902,33.826,116.941,0.0479,-0.1058,0.1395,-9.451,1.539,0.532
38.050761,167.753,33.795,116.942,0.0159,-0.2636,0.0488,-9.132,1.589,0.495
38.067428,167.633,33.764,116.951,0.0835,-0.3006,0.0156,-7.459,1.496,0.401
38.084095,167.549,33.738,116.954,0.0410,-0.2947,0.0045,-5.641,1.547,-0.030
38.100762,167.477,33.718,116.967,0.0741,-0.2843,0.0402,-5.564,1.506,-0.843
38.117429,167.421,33.689,117.011,-0.0151,-0.1337,0.1882,-4.411,1.602,-0.911
38.134096,167.389,33.671,117.031,-0.0813,-0.1030,0.2035,-2.886,1.092,-0.691
38.150763,167.387,33.658,117.051,-0.0522,-0.1339,0.1527,-0.915,0.821,-0.503
38.167430,167.389,33.650,117.062,0.0436,-0.1203,0.1272,-0.492,0.371,-0.386
38.184097,167.405,33.650,117.067,0.0204,-0.0922,0.1055,0.282,0.162,-0.313
38.200764,167.424,33.651,117.070,0.0590,-0.1266,0.0816,0.464,0.107,-0.319
38.217431,167.430,33.649,117.066,0.0283,-0.1994,0.0363,-0.323,0.233,-0.364
38.234098,167.434,33.648,117.073,-0.0039,-0.1829,0.0829,-0.364,0.035,-0.290
38.250765,167.447,33.653,117.071,0.0199,-0.1007,0.1417,0.341,-0.279,-0.190
38.267432,167.469,33.661,117.066,-0.0694,-0.1204,0.1481,0.919,-0.492,-0.088
38.284099,167.490,33.665,117.055,0.0205,-0.1686,0.0388,1.050,-0.335,0.265
38.300766,167.506,33.668,117.041,0.0666,-0.2784,0.0124,0.559,-0.174,0.043
38.317433,167.508,33.668,117.051,0.1541,-0.1384,0.1627,-0.305,-0.113,-0.156
38.334100,167.514,33.672,117.060,0.0045,-0.1178,0.1091,-0.218,-0.263,-0.401
38.350767,167.507,33.678,117.084,0.1294,-0.1420,0.0427,-1.386,-0.207,-0.990
38.367434,167.504,33.692,117.088,-0.0148,-0.1625,0.1116,-1.356,-0.366,-1.135
38.384101,167.512,33.702,117.111,-0.0499,-0.1026,0.1806,-0.263,-0.590,-0.771
38.400768,167.525,33.718,117.111,-0.0055,-0.1518,0.0981,0.116,-0.841,-0.565
38.417435,167.511,33.732,117.101,0.0392,-0.1633,0.0007,-1.270,-0.775,-0.092
38.434102,167.463,33.736,117.102,0.1114,-0.1085,0.0088,-3.186,-0.335,-0.034
38.450769,167.357,33.736,117.095,0.0918,-0.0629,0.0613,-6.690,-0.059,0.101
38.467436,167.218,33.727,117.074,0.0843,-0.0084,0.1531,-8.317,0.335,0.738
38.484103,167.043,33.719,117.057,0.0221,-0.1048,0.1694,-10.248,0.170,0.970
38.500770,166.897,33.712,117.040,-0.0321,-0.1957,0.1315,-8.259,-0.059,1.217
38.517437,166.764,33.705,117.027,0.0272,-0.2048,0.0231,-7.705,0.033,0.975
38.534104,166.650,33.696,117.008,0.1625,-0.2148,0.0315,-6.839,0.401,0.678
38.550771,166.534,33.682,117.010,0.0996,-0.2751,0.0153,-7.058,0.472,0.424
38.567438,166.419,33.670,117.011,-0.0067,-0.2342,0.0647,-7.332,0.672,0.067
38.584105,166.334,33.659,117.005,-0.1107,-0.2290,0.0665,-5.304,0.457,0.316
38.600772,166.258,33.646,116.989,-0.0179,-0.1300,0.1346,-4.697,0.683,0.622
38.617439,166.181,33.626,116.967,-0.0058,-0.1410,0.1032,-4.619,0.813,0.783
38.634106,166.106,33.612,116.931,0.1156,-0.1701,0.0158,-4.720,0.859,0.654
38.650773,166.034,33.591,116.914,0.1046,-0.1162,0.0044,-4.645,1.249,0.537
38.667440,165.923,33.561,116.906,0.1265,-0.0284,0.0428,-6.864,1.578,0.588
38.684107,165.824,33.520,116.902,-0.2154,-0.1208,0.0675,-5.800,2.070,1.276
38.700774,165.752,33.467,116.866,-0.2483,-0.1323,0.0388,-3.765,2.674,2.176
38.717441,165.711,33.389,116.833,-0.2374,-0.1803,0.0781,-0.902,3.582,3.709
38.734108,165.698,33.282,116.759,-0.1127,-0.3661,-0.0887,1.354,5.113,5.140
38.750775,165.682,33.147,116.693,0.3036,-0.5209,-0.1878,0.545,7.028,4.835
38.767442,165.629,32.983,116.678,0.4868,-0.5016,-0.2687,-2.685,8.985,3.514
38.784109,165.535,32.796,116.700,0.3174,-0.4859,-0.2001,-6.720,11.043,1.749
38.800776,165.387,32.600,116.748,0.2926,-0.5004,-0.1632,-10.791,11.929,0.557
38.817443,165.185,32.429,116.838,-0.0259,-0.9663,-0.1463,-15.701,11.186,-2.222
38.834110,165.080,32.295,116.944,-0.2809,-0.9293,0.2363,-10.682,9.478,-3.904
38.850777,165.082,32.192,117.038,-0.2372,-1.1144,0.3003,-4.505,7.806,-4.546
38.867444,165.175,32.133,117.182,-0.0156,-1.4613,0.1893,0.654,5.251,-6.124
38.884111,165.310,32.116,117.341,0.1580,-1.6774,-0.0950,2.669,2.961,-7.490
38.900778,165.415,32.136,117.504,0.4878,-1.5168,0.0277,0.748,0.833,-8.244
38.917445,165.545,32.185,117.607,0.6141,-1.1547,0.8010,4.171,-1.556,-5.726
38.934112,165.635,32.222,117.597,1.2955,-1.3792,1.2610,5.336,-2.309,-0.024
38.950779,165.525,32.284,117.573,1.6997,-2.1437,0.8572,-6.234,-3.974,0.273
38.967446,165.141,32.450,117.545,1.9920,-2.9908,0.4853,-22.523,-10.014,-1.068
38.984113,164.606,32.651,117.408,1.6468,-2.1353,0.4424,-28.069,-13.401,3.551
39.000780,164.331,32.815,117.267,0.2922,-1.9124,-0.1204,-12.314,-11.348,4.304
39.017447,164.021,32.837,117.089,-0.2883,-1.6002,0.6651,-13.217,-3.593,8.321
39.034114,163.571,32.829,116.939,-0.2505,-1.5617,0.6275,-22.525,-1.592,7.483
39.050781,162.674,32.673,116.618,2.0572,-0.8870,1.2709,-43.882,4.380,18.274
39.067448,161.821,32.482,116.186,2.8610,-1.1827,1.3004,-37.654,4.350,24.375
39.084115,160.850,32.297,115.569,2.2543,-2.1382,0.9795,-38.832,0.642,33.225
39.100782,159.880,32.030,114.753,1.2596,-2.6786,0.7361,-32.591,1.344,44.460
39.117449,158.545,31.594,113.679,2.8743,-2.6972,0.5936,-46.492,5.221,60.586
39.134116,156.547,31.126,112.448,3.4986,-2.7863,0.6640,-81.877,2.060,69.092
39.150783,153.918,30.662,111.078,2.4888,-3.0517,0.6429,-115.934,-3.981,75.828
39.167450,150.922,30.247,109.630,1.5814,-3.1685,0.7861,-136.130,-12.287,78.005
39.184117,147.695,29.859,108.190,1.1149,-2.8582,0.5663,-150.658,-17.848,76.364
39.200784,144.262,29.510,106.836,1.0465,-2.6349,0.1282,-166.141,-21.735,70.435
39.217451,140.733,29.223,105.610,0.5294,-2.4932,-0.3597,-176.070,-24.956,61.589
39.234118,137.202,28.972,104.522,-0.0463,-2.0850,-0.8392,-180.491,-25.683,53.164
39.250785,133.771,28.811,103.550,-0.0777,-1.8591,-0.8104,-178.025,-28.520,43.558
39.267452,130.494,28.755,102.692,-0.5890,-1.4271,-0.7255,-172.217,-30.749,33.172
39.284119,127.422,28.778,101.922,-0.8623,-1.0548,-0.2705,-162.462,-31.946,24.817
39.300786,124.544,28.836,101.224,-1.0465,-0.7389,0.1753,-152.906,-31.390,19.184
39.317453,121.689,28.927,100.583,-0.6849,-0.7451,0.1957,-153.046,-30.813,14.374
39.334120,118.616,29.097,99.920,0.0063,-0.5166,-0.1915,-165.497,-34.837,9.155
39.350787,115.482,29.341,99.196,-0.4064,-0.2196,-0.4677,-167.213,-40.094,4.820
39.367454,112.664,29.598,98.485,-1.0187,-0.0795,-0.5511,-148.461,-39.938,1.688
39.384121,110.277,29.827,97.828,-0.8269,0.0400,0.0096,-124.083,-36.625,0.351
39.400788,108.007,30.058,97.172,0.5154,-0.1552,0.5104,-116.906,-36.503,-1.253
39.417455,105.658,30.312,96.419,1.3186,-0.7284,0.5318,-118.591,-41.586,-2.601
39.434122,103.293,30.538,95.528,1.0109,-0.9559,0.4604,-115.140,-47.821,-0.953
39.450789,101.222,30.617,94.551,-0.1579,-0.5918,0.7003,-94.793,-50.109,6.782
39.467456,99.496,30.507,93.603,-0.9174,-0.4421,0.9387,-74.953,-46.830,16.009
39.484123,97.881,30.255,92.720,-0.4443,-0.2472,0.8364,-70.456,-42.747,22.576
39.500790,96.085,29.968,91.860,0.1464,-0.4251,0.3200,-82.127,-42.081,23.285
39.517457,94.149,29.678,90.988,0.0225,-0.5333,0.3110,-90.453,-43.535,22.115
39.534124,92.244,29.468,90.051,-0.6786,-0.3266,0.0506,-86.832,-48.004,16.076
39.550791,90.587,29.308,89.040,-1.7996,0.0708,-0.2120,-69.966,-52.467,11.666
39.567458,89.400,29.137,88.084,-2.6615,0.6112,-0.6889,-43.514,-50.005,11.029
39.584125,88.397,28.933,87.193,-2.2740,1.1010,-0.6114,-34.531,-46.901,12.110
39.600792,87.237,28.722,86.345,-1.3767,1.5046,-0.7749,-45.345,-45.028,11.705
39.617459,85.755,28.600,85.507,-0.4640,2.0986,-1.6300,-65.064,-44.479,5.325
39.634126,83.975,28.626,84.663,0.0091,2.5983,-2.2097,-82.800,-44.119,-4.793
39.650793,81.861,28.830,83.793,0.2837,2.7285,-2.4704,-102.004,-43.993,-17.158
39.667460,79.485,29.193,82.898,0.1174,2.7706,-2.3559,-116.727,-42.891,-28.435
39.684127,76.871,29.723,81.997,0.2694,2.7959,-2.4003,-130.452,-39.674,-40.166
39.700794,74.064,30.402,81.081,0.5193,2.6927,-2.2100,-141.102,-35.957,-50.796
39.717461,71.137,31.218,80.134,0.7026,2.2977,-1.7162,-146.742,-32.089,-60.766
39.734128,68.168,32.158,79.149,0.7914,1.9785,-1.0004,-147.262,-27.747,-69.826
39.750795,65.428,33.218,78.145,0.4872,1.3455,-1.2880,-131.996,-21.729,-77.949
39.767462,63.267,34.344,77.197,0.3882,0.8839,-1.3036,-98.213,-13.580,-80.903
39.784129,61.367,35.553,76.269,1.0023,1.4386,-0.0474,-82.232,-6.958,-84.981
39.800796,59.244,36.842,75.268,0.9122,1.8270,0.7054,-92.071,-4.008,-90.781
39.817463,57.107,38.252,74.164,0.6041,1.5517,0.1498,-87.998,-0.217,-99.126
39.834130,55.387,39.741,73.037,0.1326,1.3676,-0.3339,-60.771,5.700,-103.114
39.850797,54.282,41.290,71.947,0.1116,1.1118,-0.3921,-23.933,12.643,-104.246
39.867464,53.663,42.821,70.959,0.2162,1.5405,0.1794,2.431,18.222,-99.851
39.884131,53.530,44.335,70.112,0.2859,1.6998,0.8747,26.907,24.030,-94.631
39.900798,53.570,45.821,69.362,0.4003,1.7212,1.5641,34.118,27.212,-90.308
39.917465,53.698,47.232,68.710,0.1245,1.4210,1.6889,35.983,28.318,-83.846
39.934132,53.870,48.580,68.145,-0.0150,1.3311,1.9451,35.316,29.267,-78.438
39.950799,54.134,49.839,67.654,-0.0199,0.8483,1.6524,37.992,28.623,-72.148
39.967466,54.573,51.011,67.204,-0.3177,0.6271,1.4878,47.009,26.837,-66.982
39.984133,55.264,52.081,66.820,-0.3791,0.6524,1.2703,59.383,24.957,-60.575
40.000800,56.114,53.039,66.471,-0.1267,0.5578,1.0688,67.442,21.705,-54.436
40.017467,56.854,53.863,66.131,-0.1818,0.8287,1.1116,60.691,16.966,-47.757
40.034134,57.535,54.544,65.761,-0.4297,0.8603,0.6514,58.717,11.076,-41.210
40.050801,58.223,55.076,65.377,-0.3044,0.9141,0.3614,59.915,5.515,-33.901
40.067468,58.916,55.465,65.036,-0.0907,1.2396,0.1228,58.251,2.051,-25.844
40.084135,59.619,55.789,64.723,-0.0037,0.8616,-0.5999,57.565,0.650,-22.018
40.100802,60.287,56.084,64.481,-0.0364,0.8382,-1.0242,51.965,1.629,-19.274
40.117469,60.802,56.360,64.343,0.0506,1.1838,-0.9199,37.669,3.946,-16.593
40.134136,61.123,56.614,64.312,0.1789,1.1601,-0.8526,20.637,6.339,-13.748
40.150803,61.360,56.862,64.367,0.7746,0.8882,-0.8140,11.387,8.534,-12.112
40.167470,61.737,57.135,64.509,0.9999,0.5284,-0.7617,15.335,11.704,-12.123
40.184137,62.284,57.463,64.690,1.1227,0.4025,-0.4553,23.572,14.265,-14.590
40.200804,62.879,57.842,64.897,1.1842,0.5988,0.0215,25.111,16.174,-17.053
40.217471,63.416,58.216,65.131,1.1008,0.4979,0.3046,20.164,16.640,-16.649
40.234138,63.809,58.513,65.352,0.8960,0.1093,0.5381,12.182,13.987,-12.829
40.250805,64.070,58.684,65.480,0.6099,-0.2423,0.6817,9.005,7.945,-7.453
40.267472,64.178,58.743,65.477,0.2740,-0.6421,0.8487,6.545,1.312,-3.194
40.284139,64.102,58.734,65.387,0.1867,-0.6595,0.9733,-0.049,-2.895,-0.738
40.300806,63.907,58.738,65.294,0.0613,-0.3975,0.9716,-7.043,-2.646,-1.459
40.317473,63.547,58.804,65.244,-0.3279,-0.4325,0.5855,-19.164,0.230,-4.183
40.334140,63.084,58.920,65.250,-0.5901,-0.7775,-0.0647,-28.221,3.127,-6.041
40.350807,62.675,59.075,65.341,-0.8378,-0.4461,-0.1636,-29.314,6.606,-6.969
40.367474,62.311,59.268,65.517,-0.9600,0.0002,0.1725,-30.994,9.976,-7.687
40.384141,61.960,59.464,65.757,-1.0178,0.0230,0.2616,-33.584,11.841,-6.896
40.400808,61.626,59.666,66.042,-1.2098,0.2815,0.7594,-34.897,13.196,-6.540
40.417475,61.330,59.880,66.282,-1.2166,-0.0548,0.7097,-30.323,12.290,-7.703
40.434142,61.037,60.085,66.470,-1.1877,0.5520,1.0006,-27.522,10.723,-8.027
40.450809,60.498,60.261,66.633,-1.4600,1.1235,1.0748,-40.925,9.171,-6.726
40.467476,59.660,60.432,66.704,-1.9996,0.5747,0.1372,-54.182,6.754,-7.800
40.484143,58.715,60.622,66.758,-2.6119,0.3589,-0.6878,-59.652,6.986,-8.905
40.500810,57.863,60.865,66.902,-2.8805,0.0355,-1.1948,-58.801,11.010,-10.127
40.517477,57.047,61.171,67.154,-2.7584,-0.0304,-1.1437,-62.305,15.798,-11.530
40.534144,56.147,61.539,67.427,-2.3756,0.3340,-0.5185,-68.574,18.452,-14.063
40.550811,55.243,61.910,67.749,-2.1081,0.4040,-0.1155,-71.392,19.791,-13.140
40.567478,54.567,62.248,68.087,-1.6908,0.5627,0.2659,-58.678,19.112,-11.093
40.584145,54.025,62.528,68.401,-1.6901,0.7218,0.3284,-49.407,16.604,-8.516
40.600812,53.680,62.732,68.707,-2.1795,0.6761,0.1260,-37.186,13.692,-4.870
40.617479,53.601,62.880,69.033,-2.5192,0.5683,0.0793,-22.374,12.138,-1.817
40.634146,53.718,63.013,69.429,-2.8449,0.3352,0.0010,-14.261,13.069,-0.024
40.650813,53.840,63.166,69.890,-2.6863,0.1626,0.1338,-17.595,15.177,-0.015
40.667480,54.574,63.264,70.514,-2.1775,-0.4676,-0.3111,10.412,16.733,5.090
40.684147,55.451,63.300,71.174,-1.5688,-0.4359,0.3623,17.057,15.425,8.462
40.700814,56.423,63.275,71.806,-1.2733,-0.3153,0.0933,24.182,12.853,10.832
40.717481,57.367,63.212,72.402,-0.8532,-0.1896,0.0547,24.479,11.018,11.939
40.734148,58.248,63.143,72.939,-0.0709,-0.1523,-0.4457,23.886,9.643,11.307
40.750815,59.081,63.084,73.459,0.6197,0.0892,-0.5035,21.942,9.797,10.346
40.767482,59.849,63.027,73.941,0.9570,0.2734,-0.6628,20.074,9.114,9.663
40.784149,60.620,62.992,74.404,1.6478,0.2947,-0.8648,21.249,9.503,8.086
40.800816,61.377,62.957,74.832,1.9262,0.1644,-0.7473,22.355,8.785,7.505
40.817483,62.054,62.940,75.134,2.0892,-0.2327,-0.7100,24.221,6.381,4.852
40.834150,62.484,62.920,75.315,2.1655,0.2681,-0.3042,15.952,3.428,3.381
40.850817,62.739,62.915,75.371,2.4420,0.0324,-0.2097,12.120,0.877,0.964
40.867484,63.020,62.907,75.311,3.0598,0.0444,-0.2088,19.877,-2.014,-0.320
40.884151,63.325,62.920,75.041,3.6493,0.2053,-0.0313,32.504,-6.550,-4.008
40.900818,63.457,62.944,74.524,4.1635,0.0116,-0.3015,35.389,-12.277,-7.574
40.917485,63.401,62.988,73.665,5.3027,-0.0890,-0.8638,42.428,-20.053,-12.830
40.934152,63.160,63.019,72.418,6.0337,0.1673,-1.1733,51.990,-29.739,-16.859
40.950819,62.746,63.056,70.733,7.0258,0.3435,-1.2289,65.197,-40.020,-22.854
40.967486,61.998,63.086,68.614,8.1323,0.7130,-0.5290,68.365,-50.330,-28.265
40.984153,60.885,63.119,65.936,9.5385,-0.2227,-0.0605,76.441,-62.993,-36.515
41.000820,59.495,63.118,62.510,10.3267,-0.9813,0.2011,99.911,-80.724,-46.164
41.017487,57.844,62.957,58.346,10.5992,-0.1614,0.9678,123.621,-101.724,-50.682
41.034154,55.735,62.520,53.530,11.1264,-0.8036,1.4640,130.341,-124.989,-50.632
41.050821,53.496,61.764,48.233,12.8873,-2.1618,3.0141,146.657,-147.149,-49.121
41.067488,51.634,60.649,42.443,13.2584,-5.1214,5.1464,192.722,-173.184,-48.772
41.084155,50.280,59.089,36.287,14.3692,-7.4513,8.4125,238.318,-202.560,-44.321
41.100822,49.337,56.902,29.882,14.3910,-10.1385,11.4710,269.358,-239.733,-31.493
41.117489,48.681,54.031,23.308,11.8987,-11.9497,13.9576,285.611,-281.094,-16.963
41.134156,48.327,50.455,16.826,7.0346,-12.9967,15.6282,286.331,-319.747,2.494
41.150823,48.744,46.179,10.642,0.5406,-14.0506,17.1736,302.128,-353.900,28.420
41.167490,50.343,41.202,4.835,-6.1486,-14.1194,17.8679,336.621,-384.650,63.308
41.184157,53.114,35.505,-0.575,-11.5408,-12.2843,18.7967,367.587,-410.732,110.265
41.200824,56.072,29.256,-5.702,-15.6419,-10.8901,19.8762,342.201,-428.176,154.649
41.217491,58.733,22.743,-10.820,-20.7608,-8.6008,17.2378,294.322,-442.267,180.083
41.234158,61.598,15.905,-16.012,-24.8652,-5.3544,12.7989,275.038,-458.342,209.255
41.250825,64.926,8.831,-21.347,-27.4595,-1.6795,9.5228,268.372,-469.548,237.890
41.267492,68.011,1.495,-26.776,-29.9272,2.1939,7.5653,214.729,-472.641,273.505
41.284159,71.212,-5.698,-32.494,-30.7602,4.9677,1.2818,179.781,-471.363,284.556
41.300826,75.329,-12.663,-38.682,-28.6778,8.2319,-4.5416,188.130,-471.130,294.150
41.317493,79.921,-19.184,-45.319,-24.8803,13.1688,-7.8019,166.603,-457.874,299.467
41.334160,84.656,-25.190,-52.392,-19.4720,16.7758,-12.7190,124.126,-437.999,303.777
41.350827,90.152,-30.400,-59.795,-12.0111,17.8151,-18.5716,122.866,-407.128,293.913
41.367494,96.206,-34.656,-67.287,-4.0907,16.5933,-20.5755,121.729,-364.864,275.596
41.384161,102.542,-37.899,-74.724,3.7177,15.2172,-20.4654,116.331,-323.903,250.307
41.400828,109.078,-40.216,-81.770,11.2176,12.9092,-19.2945,125.997,-278.710,223.117
41.417495,115.082,-41.652,-87.961,15.0971,9.0349,-17.4131,116.977,-228.341,185.429
41.434162,120.056,-42.659,-93.329,16.2280,6.7894,-16.0292,82.371,-184.308,164.315
41.450829,123.853,-43.366,-97.699,16.5742,4.2764,-15.5552,49.007,-140.785,137.731
41.467496,126.189,-43.965,-101.079,14.9033,2.3479,-13.9606,0.119,-100.053,113.898
41.484163,127.131,-44.476,-103.420,12.8107,0.0073,-12.7715,-41.499,-62.852,85.019
41.500830,126.875,-44.792,-104.428,11.3031,-1.1837,-10.6424,-58.017,-23.342,41.338
41.517497,125.562,-44.807,-103.855,11.5363,-2.2785,-8.2167,-54.737,19.900,-13.435
41.534164,123.273,-44.679,-101.837,11.3668,-0.7645,-5.9658,-52.335,66.378,-54.696
41.550831,120.056,-44.489,-98.561,11.3952,1.4308,-5.1795,-55.289,112.935,-82.981
41.567498,116.217,-44.294,-94.179,11.3075,3.7654,-5.9249,-46.762,159.976,-98.680
41.584165,111.224,-43.981,-88.596,10.5791,7.4504,-7.3390,-66.545,212.375,-113.695
41.600832,105.115,-43.545,-81.886,7.9879,10.2583,-9.4322,-88.362,267.947,-115.206
41.617499,98.481,-42.670,-74.046,5.6663,10.7577,-11.6811,-76.821,325.257,-121.225
41.634166,91.675,-41.011,-65.175,2.6854,12.0802,-13.3526,-53.470,385.885,-133.743
41.650833,84.831,-38.313,-55.752,-1.1167,13.1993,-15.9967,-49.900,439.639,-147.809
41.667500,78.376,-34.337,-46.218,-6.2503,13.4583,-18.8347,-48.457,490.316,-167.795
41.684167,72.552,-29.057,-36.934,-12.9718,13.7171,-20.9306,-56.775,537.814,-186.693
41.700834,67.604,-22.461,-28.054,-21.5872,13.6196,-20.4514,-65.311,585.415,-207.502
41.717501,63.211,-14.635,-19.495,-31.4958,12.8837,-18.7982,-100.186,637.457,-223.253
41.734168,59.399,-5.649,-11.090,-44.1546,8.5471,-16.2749,-139.915,693.557,-233.376
41.750835,56.383,4.381,-2.698,-57.2988,1.2641,-8.4089,-175.484,745.480,-240.762
41.767502,53.905,15.142,5.970,-65.3809,-6.2033,2.7231,-236.996,788.481,-235.343
41.784169,52.405,25.940,15.603,-69.6390,-17.0221,15.2513,-293.407,820.148,-191.964
41.800836,53.582,36.272,27.000,-66.9493,-31.4138,34.4367,-284.159,838.434,-140.132
41.817503,58.632,45.656,41.417,-54.6951,-43.9008,54.4755,-267.099,852.721,-99.634
41.834170,68.517,52.810,60.828,-30.5715,-54.8799,73.2473,-293.678,866.813,-41.351
41.850837,83.491,56.039,85.043,3.2253,-63.2524,79.3337,-289.383,860.707,19.863
41.867504,98.981,54.314,109.503,36.1749,-60.4407,74.8280,-281.479,834.473,83.965
41.884171,109.124,48.784,128.937,61.9901,-45.5508,63.1525,-309.388,780.165,142.706
41.900838,113.049,40.903,143.057,74.2010,-28.3504,45.4236,-365.183,728.704,222.803
41.917505,112.397,31.602,153.115,77.4281,-4.4856,28.8805,-398.004,663.999,325.483
41.934172,108.226,21.255,160.252,65.1905,9.4908,24.1984,-441.749,575.540,448.572
41.950839,104.407,9.805,165.478,64.1332,6.3563,8.0594,-313.708,483.640,574.259
41.967506,101.478,-2.632,169.868,65.6350,22.3658,-6.7833,-192.569,424.197,668.281
41.984173,98.800,-15.596,173.325,59.5818,35.5199,-23.2429,-127.784,339.408,729.908
42.000840,97.317,-28.798,175.799,47.2783,33.2817,-33.0804,-32.814,247.787,765.573
42.017507,98.785,-41.875,177.310,27.7093,22.2249,-40.3485,139.979,183.543,767.370
42.034174,104.441,-54.582,177.581,12.0648,18.4879,-36.8783,349.897,164.361,745.901
42.050841,114.865,-66.495,174.896,1.0187,21.1685,-34.7276,482.523,165.858,701.087
42.067508,133.941,-77.029,163.422,-10.3612,23.5604,-31.1682,486.202,177.922,642.047
42.084175,-165.743,-82.919,109.494,-15.8164,27.3833,-27.5292,420.951,154.473,610.233
42.100842,-112.852,-77.431,61.893,-21.5099,25.8026,-26.5556,350.878,80.592,556.896
42.117509,-100.730,-69.193,53.766,-26.2273,16.4742,-21.5259,258.293,-8.461,513.331
42.134176,-96.825,-61.442,53.779,-29.1815,4.9130,-13.2016,234.435,-71.435,460.242
42.150843,-94.283,-54.565,56.000,-27.7280,-1.3738,-6.4250,265.107,-110.400,404.381
42.167510,-92.307,-48.623,59.206,-22.5288,-4.6315,-3.1920,268.938,-140.028,349.473
42.184177,-90.611,-43.673,62.766,-16.7579,-8.1029,-0.5227,255.537,-155.782,293.407
42.200844,-88.722,-39.666,66.249,-12.5453,-10.6202,2.8469,251.902,-154.937,241.552
42.217511,-86.084,-36.527,69.259,-9.3245,-10.1261,5.5959,269.466,-133.740,194.761
42.234178,-82.796,-33.994,71.670,-5.9269,-9.5329,5.1101,280.443,-103.062,162.855
42.250845,-79.776,-32.042,73.492,-3.1485,-7.9252,3.4542,240.514,-73.129,129.800
42.267512,-77.822,-30.679,74.755,-3.1070,-5.4593,2.4933,156.440,-47.869,92.882
42.284179,-76.864,-29.997,75.388,-4.9781,-2.9869,3.0827,76.480,-23.314,47.157
42.300846,-76.355,-30.007,75.373,-4.5922,-3.1877,3.8995,29.854,0.334,-0.749
42.317513,-75.668,-30.619,74.805,-2.8239,-4.1409,5.7646,23.761,19.372,-42.693
42.334180,-75.080,-31.312,73.979,-2.5344,-2.9742,3.0237,9.593,30.267,-50.947
42.350847,-74.921,-32.133,73.084,-2.3083,-1.3145,-0.3735,-18.953,31.043,-59.416
42.367514,-75.229,-33.058,72.204,-1.9156,0.2354,-1.1291,-47.168,28.361,-65.042
42.384181,-75.940,-34.012,71.356,-1.9061,0.8316,-1.1088,-70.985,26.486,-65.988
42.400848,-76.630,-34.974,70.545,-1.0079,0.4078,0.0107,-69.184,24.943,-65.624
42.417515,-76.821,-35.951,69.702,-0.2386,-0.2242,0.1835,-41.068,26.335,-66.518
42.434182,-76.715,-36.964,68.806,-0.0011,-0.1264,-0.4518,-25.763,27.850,-69.013
42.450849,-76.619,-38.007,67.887,-0.2330,0.1790,-0.3327,-28.034,27.796,-71.029
42.467516,-76.447,-39.160,66.947,-1.4789,0.0395,0.7073,-25.069,26.442,-77.484
42.484183,-76.088,-40.509,66.039,-2.0803,-0.6765,1.5250,-13.597,21.093,-88.587
42.500850,-75.426,-42.097,65.119,-1.2512,-2.2375,2.2486,3.041,16.412,-102.509
42.517517,-74.729,-43.758,64.181,-0.9005,-2.0664,1.6301,3.291,13.832,-106.951
42.534184,-74.430,-45.536,63.327,-1.3438,-1.0129,0.5540,-18.355,6.462,-112.523
42.550851,-74.837,-47.530,62.629,-2.6684,0.1598,-0.1180,-54.945,-4.299,-123.035
42.567518,-75.984,-49.840,62.180,-3.6546,0.4383,-0.3887,-89.286,-18.031,-138.628
42.584185,-77.718,-52.472,62.022,-4.0032,0.0222,-0.6726,-111.604,-30.491,-155.125
42.600852,-79.832,-55.452,62.261,-3.2345,-1.2107,-0.9940,-115.518,-43.402,-173.737
42.617519,-82.067,-58.605,62.794,-1.7200,-2.2672,-0.1891,-107.388,-47.323,-184.156
42.634186,-85.014,-61.679,63.812,-1.7552,-0.5513,-0.6324,-124.051,-51.328,-179.835
42.650853,-89.768,-64.624,65.711,-2.4345,2.9744,-2.3123,-183.670,-59.826,-174.213
42.667520,-96.853,-67.587,69.065,-2.5692,3.7894,-3.6601,-241.227,-71.480,-182.163
42.684187,-105.636,-70.542,74.291,-1.0025,0.8062,-3.2422,-234.148,-75.702,-195.634
42.700854,-116.211,-73.123,81.763,0.3019,0.4212,-2.3675,-208.485,-75.654,-194.338
42.717521,-129.310,-74.977,91.752,1.0414,2.0797,-1.7718,-209.673,-78.755,-182.243
42.734188,-145.182,-75.875,103.487,0.8654,3.7661,-1.9013,-270.837,-81.078,-166.344
42.750855,-163.055,-75.883,116.189,0.1830,4.1790,-2.2402,-333.230,-80.959,-167.254
42.767522,178.981,-75.017,129.036,-0.0595,1.5639,-1.5821,-331.604,-78.322,-184.333
42.784189,163.307,-73.478,140.333,-0.7243,-1.5600,-0.0711,-288.015,-62.888,-195.764
42.800856,150.589,-71.498,148.880,-0.0203,-0.5024,-0.1259,-273.936,-48.973,-188.327
42.817523,140.070,-69.294,155.255,-0.4202,0.2690,-0.2766,-270.898,-35.987,-180.690
42.834190,130.816,-66.994,160.446,0.0008,0.2952,-0.4100,-266.201,-17.214,-179.371
42.850857,123.100,-64.467,164.882,-1.8391,-0.5421,-2.1533,-220.327,-3.996,-186.894
42.867524,117.127,-61.663,168.448,-1.4585,1.1795,-2.9374,-167.743,-0.874,-194.139
42.884191,112.253,-58.779,171.115,0.9662,1.4703,-2.5466,-153.639,-0.363,-190.454
42.900858,108.214,-55.855,173.207,2.6161,-0.1701,-2.3958,-136.816,2.589,-188.067
42.917525,104.811,-52.913,174.956,2.6903,-0.9511,-1.4155,-119.013,8.125,-186.632
42.934192,102.055,-50.029,176.385,1.6465,-1.2657,-0.9654,-98.394,11.468,-180.706
42.950859,99.558,-47.225,177.376,3.0928,0.6177,-0.4163,-105.355,6.749,-172.641
42.967526,96.783,-44.682,177.950,6.4555,1.9099,0.5541,-141.860,1.730,-154.395
42.984193,94.488,-42.392,178.272,5.5083,1.3349,-0.4761,-124.585,0.159,-138.086
43.000860,93.303,-40.373,178.480,3.8934,0.3120,-1.0412,-62.970,0.833,-121.472
43.017527,92.968,-38.527,178.611,2.6038,-0.8546,-0.3043,-15.252,-0.297,-110.873
43.034194,92.765,-36.815,178.808,1.6416,-1.9107,1.4042,-5.157,3.907,-102.997
43.050861,92.022,-35.174,179.051,1.8820,-1.5565,3.0115,-36.127,7.418,-98.802
43.067528,90.520,-33.515,179.303,1.9261,-0.9528,2.8831,-81.823,9.971,-99.671
43.084195,89.087,-31.853,179.558,1.2310,-1.1198,0.7478,-77.871,12.949,-99.589
43.100862,88.379,-30.319,179.812,1.1048,-0.8937,-0.2035,-34.780,14.833,-91.657
43.117529,88.407,-28.998,179.994,1.5625,-0.4183,0.6533,6.933,11.438,-78.886
43.134196,88.577,-27.838,-179.895,2.3407,-0.1790,2.1609,13.166,7.403,-69.306
43.150863,88.490,-26.779,-179.830,2.0535,-0.3441,2.9552,-3.644,4.794,-63.320
43.167530,88.050,-25.765,-179.832,1.1107,-0.2875,2.5268,-26.601,1.498,-60.723
43.184197,87.278,-24.831,-179.869,-0.0587,-0.9327,1.8001,-47.450,0.030,-55.990
43.200864,86.740,-24.017,-179.839,-0.2174,-1.4969,0.7749,-31.750,3.869,-48.568
43.217531,86.525,-23.305,-179.729,0.3421,-0.6654,0.9485,-10.465,8.288,-42.195
43.234198,86.599,-22.662,-179.591,0.6164,-0.0861,0.8672,7.518,9.686,-37.911
43.250865,86.774,-22.093,-179.503,1.0550,-0.0896,1.2891,12.309,6.603,-33.686
43.267532,86.836,-21.578,-179.524,0.9727,-0.1709,1.3806,3.088,0.293,-30.829
43.284199,86.761,-21.122,-179.664,0.6100,-0.1071,0.8558,-7.771,-6.544,-27.670
43.300866,86.657,-20.716,-179.867,0.2573,-0.1257,0.1079,-10.763,-10.237,-24.810
43.317533,86.621,-20.375,179.948,-0.0142,-0.0451,-0.2409,-6.312,-9.471,-20.939
43.334200,86.686,-20.087,179.808,-0.0901,0.1110,-0.2553,0.811,-7.096,-17.602
43.350867,86.805,-19.788,179.672,-0.3030,0.1665,-0.0934,4.196,-6.912,-18.237
43.367534,86.797,-19.488,179.465,0.0720,0.1101,0.1060,-4.865,-10.898,-18.554
43.384201,86.663,-19.170,179.196,0.0973,0.2262,-0.2993,-13.558,-14.397,-19.791
43.400868,86.506,-18.838,178.890,-0.0978,-0.0188,-0.7361,-15.637,-16.444,-20.791
43.417535,86.438,-18.516,178.579,-0.2641,-0.2407,-0.6830,-10.195,-16.694,-20.300
43.434202,86.513,-18.208,178.249,-0.4168,-0.3487,-0.7189,-1.921,-17.877,-19.502
43.450869,86.770,-17.928,177.888,-0.3158,-0.6280,-0.6041,8.488,-19.838,-17.869
43.467536,87.007,-17.682,177.476,-0.2484,-0.6432,-0.4811,6.435,-22.961,-15.926
43.484203,87.068,-17.459,177.026,-0.3996,-0.3686,-0.3832,-4.644,-25.295,-14.583
43.500870,87.047,-17.217,176.551,-0.3424,-0.1874,-0.9496,-9.988,-26.664,-15.804
43.517537,87.156,-16.919,176.068,-0.2926,-0.1569,-1.8570,-2.142,-27.045,-19.190
43.534204,87.568,-16.605,175.565,0.1067,-0.2730,-2.1358,15.808,-28.231,-20.046
43.550871,88.218,-16.257,175.015,0.5811,-0.2051,-2.0002,29.497,-31.142,-21.908
43.567538,88.906,-15.841,174.437,0.9098,-0.2399,-1.3179,31.511,-32.927,-25.691
43.584205,89.521,-15.266,173.848,0.9996,-0.2929,-0.7259,27.192,-33.814,-34.862
43.600872,89.923,-14.528,173.249,1.3055,-0.5204,-0.6179,14.700,-34.793,-44.372
43.617539,90.252,-13.656,172.646,1.0704,-0.7956,-1.0642,10.730,-35.446,-52.176
43.634206,90.635,-12.701,172.050,0.5902,-0.5946,-1.2037,14.619,-35.485,-56.914
43.650873,91.077,-11.668,171.482,0.3384,-0.3273,-1.2946,19.125,-34.534,-61.362
43.667540,91.564,-10.545,170.889,0.4683,0.0178,-0.8053,22.142,-36.692,-66.413
43.684207,91.945,-9.333,170.216,0.5693,-0.1633,0.4601,15.704,-42.248,-71.364
43.700874,91.978,-8.056,169.477,0.5931,-0.7170,0.7993,-4.925,-46.634,-74.995
43.717541,91.913,-6.715,168.713,0.1550,-0.7076,-0.4970,-10.023,-48.439,-78.717
43.734208,92.028,-5.346,167.965,0.1627,-0.1832,-0.7846,1.992,-47.676,-80.448
43.750875,92.170,-3.977,167.194,0.5963,0.6965,-0.0091,4.555,-49.360,-80.257
43.767542,92.164,-2.557,166.379,0.6199,1.3093,0.5441,-3.349,-52.255,-83.169
43.784209,92.045,-1.004,165.499,0.7475,1.3918,0.2338,-8.955,-56.404,-91.068
43.800876,91.830,0.684,164.508,0.8770,1.1725,0.0692,-13.282,-63.133,-99.094
43.817543,91.616,2.417,163.411,0.7313,0.4023,0.0884,-11.238,-69.113,-101.803
43.834210,91.347,4.144,162.234,0.5405,0.1281,0.1930,-12.223,-73.419,-101.645
43.850877,90.983,5.861,161.014,0.4612,0.4720,0.3133,-15.620,-75.299,-101.390
43.867544,90.440,7.618,159.756,0.5232,0.8533,0.4304,-23.895,-76.501,-104.332
43.884211,89.769,9.452,158.462,0.5952,0.8746,-0.0124,-28.917,-77.275,-109.797
43.900878,89.048,11.309,157.147,0.0602,0.1367,0.0861,-29.160,-76.690,-112.111
43.917545,88.280,13.109,155.847,-0.1884,-0.1050,0.4466,-29.741,-73.981,-109.612
43.934212,87.402,14.856,154.571,-0.3084,-0.1531,0.4694,-34.307,-70.529,-107.403
43.950879,86.353,16.586,153.335,-0.2459,-0.1754,0.0613,-42.993,-65.919,-107.417
43.967546,85.292,18.335,152.146,-0.4395,-0.6787,-0.2448,-42.423,-60.480,-109.464
43.984213,84.471,20.131,151.050,-0.4362,-1.0976,-0.7111,-27.756,-52.459,-112.763
44.000880,83.797,21.992,150.054,-0.7484,-1.1155,-0.6863,-19.103,-44.355,-116.672
44.017547,83.224,23.961,149.134,-0.7072,-0.5197,-0.6797,-12.965,-37.433,-122.998
44.034214,82.374,26.073,148.157,-0.3901,0.4132,0.3677,-26.439,-37.050,-132.265
44.050881,80.913,28.285,147.021,0.0200,0.6915,1.5732,-56.683,-40.973,-140.017
44.067548,79.056,30.555,145.720,0.2912,0.3258,1.9297,-73.177,-43.531,-145.838
44.084215,77.215,32.823,144.288,0.5661,-0.1988,2.1178,-65.479,-43.849,-148.092
44.100882,75.690,35.078,142.718,1.0057,-0.3939,1.9059,-39.005,-44.567,-149.686
44.117549,74.379,37.259,140.985,0.6534,-0.0392,2.4550,-17.443,-47.569,-148.009
44.134216,73.159,39.304,139.090,0.1097,0.2118,3.1675,-2.955,-51.650,-142.611
44.150883,71.875,41.189,137.037,-0.4512,0.4813,3.4064,2.384,-55.959,-136.004
44.167550,70.333,42.874,134.833,-0.6444,0.8978,3.1251,-4.087,-60.493,-127.300
44.184217,68.694,44.367,132.505,-0.3353,1.1000,2.2752,-2.124,-63.604,-119.178
44.200884,67.176,45.680,130.083,0.0979,1.1007,1.5508,11.603,-65.855,-111.507
44.217551,65.819,46.797,127.567,0.2341,1.1979,1.7204,27.416,-69.267,-102.967
44.234218,64.538,47.714,124.933,0.1837,1.3302,2.2156,39.105,-74.518,-94.865
44.250885,63.311,48.426,122.161,0.1689,1.1944,2.1676,49.981,-81.262,-87.142
44.267552,62.146,48.919,119.277,-0.1154,0.8808,2.0536,59.900,-88.235,-78.579
44.284219,61.049,49.176,116.459,-0.9679,0.6785,1.9755,61.750,-90.390,-66.210
44.300886,59.979,49.238,113.848,-1.2629,0.7935,1.5685,54.275,-87.471,-53.535
44.317553,58.779,49.138,111.476,-1.1139,1.0037,1.0826,35.616,-83.338,-42.180
44.334220,57.563,48.912,109.313,-0.7930,0.8184,0.3058,24.882,-79.677,-33.309
44.350887,56.553,48.590,107.340,-0.5043,0.4945,-0.2247,28.241,-76.199,-26.212
44.367554,55.850,48.194,105.533,-0.3802,0.2015,-0.3033,38.779,-73.279,-20.277
44.384221,55.451,47.742,103.874,-0.3119,0.2829,0.0416,49.811,-70.527,-15.197
44.400888,55.349,47.249,102.355,-0.2929,0.1720,0.1683,60.933,-67.722,-10.619
44.417555,55.502,46.703,101.015,-0.6669,0.0580,0.3278,67.822,-63.964,-4.145
44.434222,55.939,46.099,99.952,-1.1037,0.1162,0.4437,72.293,-57.019,5.211
44.450889,56.576,45.449,99.181,-0.8458,0.1658,0.5030,71.201,-48.694,14.483
44.467556,57.389,44.738,98.709,-0.9625,0.0024,0.5188,68.645,-40.251,24.884
44.484223,58.321,44.001,98.472,-0.8940,0.0757,0.9214,65.717,-32.378,32.034
44.500890,59.259,43.277,98.398,-0.8072,0.2726,1.4166,59.171,-25.498,35.463
44.517557,59.992,42.559,98.344,-0.4559,0.6547,1.8713,46.003,-24.074,35.952
44.534224,60.442,41.868,98.196,-0.2165,0.7500,1.5249,32.849,-26.581,32.659
44.550891,61.125,41.195,97.904,0.4802,0.1796,0.4512,52.399,-31.411,28.867
44.567558,62.484,40.488,97.399,1.1225,0.0002,-0.1475,101.173,-40.509,26.527
44.584225,64.371,39.694,96.574,1.1093,0.4788,-0.0501,144.920,-55.413,25.634
44.600892,66.302,38.896,95.363,1.3441,1.1850,-0.0460,161.706,-71.346,20.015
44.617559,67.959,38.097,93.825,1.4082,1.7892,-0.4566,156.725,-85.426,16.081
44.634226,69.134,37.339,92.036,1.2823,2.2073,-0.2433,136.021,-95.890,11.187
44.650893,69.869,36.609,90.002,0.9321,1.6767,-0.8298,117.339,-106.874,6.867
44.667560,70.735,35.884,87.825,0.9241,1.3381,-0.7272,129.066,-114.093,5.316
44.684227,72.012,35.122,85.529,1.6628,1.1994,-0.1008,156.475,-121.110,7.404
44.700894,73.476,34.320,83.134,2.3254,1.3175,1.5985,169.520,-127.307,10.826
44.717561,74.814,33.481,80.635,2.6034,0.9370,2.0622,163.828,-133.708,14.347
44.734228,76.115,32.617,78.032,1.9862,0.5250,1.4503,163.059,-139.954,17.192
44.750895,77.498,31.720,75.450,1.8589,-0.1918,0.4610,165.361,-140.183,22.346
44.767562,78.825,30.741,72.894,1.4044,-0.7003,-0.0379,159.010,-140.654,30.430
44.784229,80.103,29.741,70.413,1.0341,-0.9277,0.0693,151.511,-137.611,35.318
44.800896,81.129,28.746,67.990,0.4981,-1.4209,-0.2015,132.479,-135.130,38.073
44.817563,81.862,27.726,65.647,-0.1245,-1.4670,-0.8733,110.421,-131.782,42.088
44.834230,82.514,26.768,63.469,-0.0625,-1.5427,-1.2820,98.803,-123.173,41.020
44.850897,82.941,25.864,61.412,-0.4126,-1.8537,-1.3428,80.259,-116.836,39.652
44.867564,83.030,25.004,59.437,-0.8676,-1.9181,-1.3488,56.127,-112.772,38.054
44.884231,82.755,24.294,57.552,-1.3657,-1.8630,-1.2726,30.511,-107.477,29.467
44.900898,82.021,23.701,55.804,-1.5463,-1.8058,-1.2281,-1.461,-99.952,22.518
44.917565,80.959,23.255,54.184,-1.6507,-2.1699,-1.1841,-25.105,-92.351,13.194
44.934232,79.717,22.812,52.725,-1.6655,-2.2547,-0.7814,-40.423,-84.137,12.648
44.950899,78.613,22.356,51.470,-1.3833,-2.4372,-0.7181,-37.468,-73.624,13.840
44.967566,77.461,21.874,50.453,-1.7422,-2.0225,-0.0950,-46.260,-61.558,16.601
44.984233,76.230,21.520,49.884,-4.8511,-1.2908,-1.5152,-61.364,-35.945,13.502
45.000900,75.686,21.337,49.664,-5.0648,-3.0442,-3.5002,-27.937,-14.884,7.727
45.017567,75.735,21.194,49.601,-2.8646,-4.4707,-2.0917,4.143,-5.787,7.578
45.034234,75.634,21.123,49.454,-1.1977,-4.4098,0.1587,-3.053,-9.299,2.229
45.050901,74.969,21.027,49.105,0.9832,-3.9994,2.6756,-32.550,-20.586,0.804
45.067568,74.261,20.883,48.598,0.1437,-2.5280,3.5110,-31.679,-29.919,1.042
45.084235,74.368,20.730,47.922,0.6905,-2.3943,2.2730,20.669,-39.254,-1.143
45.100902,74.702,20.476,47.171,1.9305,-2.0852,3.2886,35.814,-44.946,3.695
45.117569,74.258,19.801,46.199,1.3467,-1.4755,5.0685,-6.613,-63.835,24.624
45.134236,73.109,18.661,44.958,1.6940,-1.9772,5.8609,-44.460,-86.903,46.103
45.150903,71.780,17.072,43.355,3.5726,-4.0574,7.1574,-50.239,-116.192,63.558
45.167570,70.693,15.317,41.597,2.2532,-2.0107,5.4476,-35.762,-130.014,67.356
45.184237,69.360,13.814,40.070,-1.9071,2.8733,-2.4947,-56.855,-114.315,54.776
45.200904,68.548,12.540,39.189,-4.1646,4.9902,-10.0871,-36.633,-75.678,53.069
45.217571,68.593,11.682,38.997,-4.6918,4.4351,-9.7961,5.132,-29.546,44.066
45.234238,68.338,11.350,39.248,-4.4989,3.1312,-8.1952,-18.380,6.125,24.160
45.250905,67.948,11.325,39.740,-3.6461,1.0930,-6.1032,-29.296,26.060,12.380
45.267572,67.655,11.541,40.281,-2.6369,-0.6567,-3.4718,-24.147,34.048,0.292
45.284239,67.347,11.927,40.740,-1.7770,-1.6815,-2.4140,-24.285,33.425,-10.822
45.300906,67.035,12.473,41.064,-1.6556,-1.8800,-2.1330,-22.930,29.910,-22.584
45.317573,66.751,13.129,41.259,-2.1059,-1.3971,-2.0376,-19.847,25.633,-31.423
45.334240,66.812,13.976,41.500,-2.8934,0.0999,-2.2962,0.137,32.596,-40.828
45.350907,67.464,14.969,41.866,-3.5448,1.6625,-1.9076,33.432,42.375,-46.256
45.367574,68.739,16.029,42.485,-4.4869,2.9081,-1.4149,66.341,56.601,-45.317
45.384241,70.344,17.096,43.418,-5.1372,4.0547,0.6160,80.064,72.247,-40.911
45.400908,72.686,18.114,44.688,-5.6113,4.5775,0.4254,117.157,87.834,-34.507
45.417575,75.805,19.164,46.412,-5.9547,4.8445,-0.8363,153.630,111.018,-33.729
45.434242,79.555,20.207,48.528,-5.6809,4.4027,-0.5767,181.736,129.693,-35.266
45.450909,83.393,21.252,50.894,-4.5721,3.9157,0.3560,179.475,140.134,-42.010
45.467576,87.069,22.254,53.524,-4.4586,4.7011,0.9449,161.441,150.547,-47.404
45.484243,91.382,23.112,56.505,-5.4797,4.9906,0.2494,189.065,165.196,-48.945
45.500910,97.080,23.584,59.550,-5.7509,4.7063,0.5772,268.656,164.675,-40.320
45.517577,104.013,23.684,62.579,-3.8802,4.0375,1.7850,342.214,161.994,-36.129
45.534244,110.572,23.590,65.511,-0.4980,3.5631,4.5165,322.113,155.005,-42.281
45.550911,116.144,23.498,68.310,1.5120,1.7654,4.3452,266.286,142.911,-55.723
45.567578,120.635,23.509,71.169,1.4741,0.7627,1.7999,200.157,137.448,-75.168
45.584245,124.628,23.484,73.936,0.8366,-0.3692,-0.1013,172.505,128.321,-80.642
45.600912,128.457,23.391,76.550,1.8204,-0.7066,-0.5504,166.523,118.299,-80.989
45.617579,132.018,23.309,79.076,3.9491,-1.2653,0.7654,152.748,108.722,-85.997
45.634246,135.467,23.270,81.425,4.2442,-2.2029,1.1833,150.431,94.537,-87.632
45.650913,139.084,23.260,83.716,2.7800,-2.3987,0.0097,162.009,85.463,-92.193
45.667580,142.723,23.212,85.948,2.2045,-2.5764,-0.7959,164.793,79.282,-93.516
45.684247,145.960,23.209,88.130,3.4386,-2.9350,-0.6686,141.999,69.697,-97.461
45.700914,148.522,23.369,90.176,4.6308,-3.2973,-0.0176,104.541,52.396,-99.879
45.717581,150.841,23.721,92.141,4.1410,-3.8829,0.0270,91.491,35.846,-103.799
45.734248,153.077,24.201,94.044,3.4967,-4.0443,0.0540,87.257,23.145,-105.446
45.750915,155.486,24.647,95.826,2.5605,-4.1453,0.0495,99.844,17.729,-99.129
45.767582,158.091,25.005,97.477,1.9038,-4.0813,0.5177,114.232,15.346,-90.954
45.784249,160.758,25.327,99.046,1.5125,-3.8435,0.6158,119.550,11.509,-86.374
45.800916,163.199,25.647,100.517,2.0451,-3.1235,0.9235,107.967,6.140,-81.545
45.817583,165.465,25.946,101.920,2.2253,-2.8396,0.6300,98.871,2.944,-77.668
45.834250,167.547,26.286,103.207,2.5058,-2.7016,0.3692,90.519,-3.810,-72.000
45.850917,169.427,26.624,104.458,1.9819,-2.4802,0.6718,78.983,-6.634,-69.732
45.867584,170.911,26.912,105.707,1.6267,-2.4195,1.1500,54.851,-5.735,-68.738
45.884251,172.199,27.049,106.815,0.9439,-1.8880,1.4089,46.668,0.462,-59.716
45.900918,173.397,27.137,107.749,2.3293,-1.8751,0.8497,45.958,0.946,-50.026
45.917585,174.474,27.099,108.709,1.3224,-0.7950,1.7836,38.003,7.646,-50.635
45.934252,175.301,27.094,109.425,1.4365,-0.8112,1.5757,29.642,3.638,-37.984
45.950919,175.651,27.069,109.939,2.6838,-0.2213,1.7260,6.559,3.629,-27.134
45.967586,175.392,27.086,110.489,2.0878,-0.6773,2.1701,-30.898,1.304,-29.298
45.984253,175.169,27.005,110.928,0.5118,-0.5337,1.8198,-25.691,6.756,-22.899
46.000920,174.803,27.102,111.221,1.4438,-1.2833,-0.9289,-30.340,-4.411,-16.051
46.017587,174.447,27.232,111.518,0.5960,-1.9611,-0.8245,-29.850,-6.247,-16.464
46.034254,174.704,27.278,111.763,0.6197,-1.1729,-0.2526,8.381,-1.473,-13.192
46.050921,174.672,27.376,112.054,1.1691,-1.3542,-1.0488,-10.275,-4.357,-15.903
46.067588,173.776,27.678,112.346,1.9471,-1.7186,-2.1392,-62.190,-16.409,-17.225
46.084255,172.233,28.201,112.724,0.4184,-1.7649,-0.9800,-103.588,-28.608,-23.664
46.100922,170.250,28.566,112.999,0.6868,0.6478,2.4618,-127.143,-19.300,-17.562
46.117589,169.840,28.673,112.889,-0.5987,-0.5255,2.3221,-21.777,-7.236,4.630
46.134256,168.424,29.152,112.933,1.9292,0.6034,0.8199,-86.529,-27.634,-7.555
46.150923,167.380,29.672,112.978,-2.2551,-1.1134,0.5282,-64.291,-29.950,-8.749
46.167590,166.897,30.082,113.054,-0.2801,0.4737,1.3461,-31.657,-22.977,-9.258
46.184257,166.456,30.445,113.196,0.7541,0.2328,0.0875,-31.057,-19.349,-12.041
46.200924,166.181,30.772,113.372,0.7461,0.1778,-0.5073,-22.207,-16.828,-13.359
46.217591,166.154,30.994,113.560,1.2566,0.5582,-0.7378,-7.765,-10.510,-12.444
46.234258,166.019,31.124,113.791,0.9005,0.1345,-0.7842,-15.538,-4.614,-13.309
46.250925,165.855,31.179,114.045,0.1928,-0.4297,-0.2997,-18.035,0.049,-13.322
46.267592,165.716,31.237,114.294,0.0270,-0.7709,0.0455,-16.382,-0.139,-13.152
46.284259,165.578,31.297,114.477,-0.9051,-0.6986,0.3606,-14.360,-1.027,-9.883
46.300926,165.491,31.321,114.578,-0.8896,-0.3030,0.6073,-8.665,-0.016,-5.234
46.317593,165.339,31.372,114.598,-0.7026,-0.5400,0.0949,-10.071,-2.607,-1.646
46.334260,165.242,31.423,114.575,-0.7161,-0.7826,-0.1930,-5.486,-3.119,0.485
46.350927,165.146,31.459,114.522,-0.1116,-0.7104,-0.1713,-4.451,-2.681,2.226
46.367594,165.053,31.481,114.460,0.1404,-0.6864,-0.1385,-3.991,-2.006,2.839
46.384261,164.992,31.482,114.404,0.3788,-0.0286,0.0939,-2.244,-0.673,2.897
46.400928,164.892,31.463,114.352,0.3224,0.2919,0.1234,-4.720,0.532,3.037
46.417595,164.800,31.442,114.296,-0.0481,0.1832,0.4530,-4.128,0.603,3.195
46.434262,164.769,31.445,114.247,-0.2298,-0.3327,0.3403,-0.655,-0.734,2.550
46.450929,164.762,31.479,114.210,-0.0275,-0.4784,0.1703,0.319,-2.394,1.380
46.467596,164.796,31.535,114.176,0.0320,-0.0342,0.2178,2.812,-3.565,0.964
46.484263,164.883,31.595,114.151,0.1427,0.1576,0.1941,5.640,-3.703,0.437
46.500930,164.956,31.647,114.133,0.1554,0.1492,0.0828,4.584,-3.139,0.230
46.517597,165.037,31.690,114.127,0.1251,0.0154,0.1472,4.691,-2.480,-0.249
46.534264,165.080,31.717,114.136,0.1070,-0.0704,0.0022,1.960,-1.328,-0.739
46.550931,165.097,31.732,114.158,0.0301,-0.3801,-0.1405,-0.009,-0.488,-1.174
46.567598,165.108,31.727,114.177,0.0628,-0.3003,0.0184,-0.311,0.647,-0.742
46.584265,165.042,31.716,114.178,0.1617,-0.0082,0.1591,-4.335,0.748,0.229
46.600932,165.022,31.701,114.157,-0.1509,-0.0510,0.0993,-0.876,0.726,1.424
46.617599,164.983,31.692,114.127,0.1276,-0.1823,0.0585,-1.752,0.203,1.742
46.634266,164.902,31.696,114.112,-0.0300,-0.2749,0.0235,-4.715,-0.328,0.813
46.650933,164.838,31.699,114.117,0.0695,-0.1492,0.0631,-4.382,0.019,-0.159
46.667600,164.745,31.703,114.146,0.3569,0.0691,0.1235,-6.852,0.287,-1.356
46.684267,164.696,31.691,114.175,0.0003,0.1358,0.2077,-4.152,1.161,-1.091
46.700934,164.675,31.678,114.203,0.3129,0.0881,0.1939,-2.507,1.214,-1.061
46.717601,164.657,31.670,114.230,-0.1224,-0.1344,0.1174,-2.222,0.971,-1.047
46.734268,164.670,31.675,114.272,0.0776,-0.3205,0.1577,-0.893,0.373,-2.015
46.750935,164.745,31.688,114.340,0.0703,-0.1578,0.2195,2.007,0.243,-3.428
46.767602,164.860,31.703,114.429,0.1495,-0.0606,0.1379,3.792,0.436,-4.486
46.784269,165.012,31.722,114.543,0.0127,-0.2341,-0.0182,5.177,0.474,-5.764
46.800936,165.189,31.736,114.656,0.1477,0.0348,0.1590,6.725,0.792,-5.670
46.817603,165.337,31.739,114.753,0.1009,0.2375,0.1828,5.505,1.174,-4.699
46.834270,165.431,31.732,114.837,0.0620,0.1423,0.1017,2.616,1.555,-3.921
46.850937,165.465,31.723,114.916,0.2236,0.0719,0.0570,-0.761,1.661,-3.651
46.867604,165.491,31.710,114.995,0.3535,-0.0543,0.0483,-1.249,1.850,-3.573
46.884271,165.467,31.710,115.108,0.3871,-0.2545,0.0572,-5.353,1.539,-5.494
46.900938,165.396,31.731,115.254,0.1820,-0.1237,0.2659,-9.155,0.703,-7.391
46.917605,165.387,31.760,115.375,-0.2189,0.1232,0.2804,-4.700,-0.022,-6.298
46.934272,165.429,31.794,115.469,-0.4090,0.0512,0.1905,-0.790,-0.695,-5.037
46.950939,165.513,31.828,115.528,-0.2832,0.0480,0.1512,2.832,-1.086,-3.307
46.967606,165.597,31.865,115.563,-0.3077,-0.1553,0.0447,3.649,-1.652,-2.123
46.984273,165.689,31.889,115.577,-0.0181,-0.0138,0.0800,4.758,-1.151,-0.959
47.000940,165.754,31.906,115.582,0.2380,-0.0874,-0.0618,3.407,-0.861,-0.348
47.017607,165.796,31.913,115.604,0.1423,-0.2560,-0.0852,1.521,-0.072,-1.068
47.034274,165.808,31.918,115.646,0.1429,-0.3135,-0.0256,-0.979,0.292,-2.029
47.050941,165.798,31.922,115.682,0.0575,-0.0491,0.1086,-2.054,0.292,-1.724
47.067608,165.794,31.925,115.694,-0.0262,0.0182,0.0921,-0.936,0.072,-0.535
47.084275,165.786,31.934,115.699,-0.0545,-0.0557,0.1667,-0.948,-0.396,-0.228
47.100942,165.788,31.950,115.686,-0.1726,-0.0209,0.2234,0.208,-1.056,0.511
47.117609,165.813,31.968,115.682,0.0018,-0.0942,0.0284,1.307,-1.018,0.068
47.134276,165.833,31.986,115.683,0.0893,-0.0059,0.0944,0.837,-0.963,-0.197
47.150943,165.847,31.997,115.689,0.0986,-0.0276,0.0841,0.269,-0.496,-0.361
47.167610,165.840,32.010,115.691,0.0009,-0.1953,0.0568,-0.769,-0.677,-0.155
47.184277,165.838,32.025,115.687,0.0528,-0.2184,0.0391,-0.337,-0.864,0.082
47.200944,165.807,32.041,115.681,-0.0441,-0.0574,0.1079,-2.012,-0.940,0.176
47.217611,165.831,32.053,115.659,-0.1198,0.0778,0.2344,1.886,-0.920,1.043
47.234278,165.875,32.060,115.621,-0.0879,0.0225,0.1067,3.466,-0.831,1.875
47.250945,165.932,32.065,115.596,0.0266,-0.2770,-0.0434,3.935,-0.586,1.282
47.267612,165.961,32.073,115.586,0.2036,-0.2427,0.0129,1.730,-0.507,0.475
47.284279,165.978,32.073,115.578,0.3459,0.0223,0.0940,0.928,-0.091,0.521
47.300946,165.976,32.069,115.575,0.0923,0.0072,0.0383,-0.270,0.264,0.351
47.317613,165.970,32.062,115.571,0.0222,-0.0391,0.1295,-0.589,0.407,0.396
47.334280,165.962,32.060,115.568,-0.0279,-0.0819,0.1580,-0.722,0.165,0.289
47.350947,165.972,32.060,115.569,0.0251,-0.0929,0.1229,0.283,0.050,0.056
47.367614,165.996,32.067,115.580,0.0801,-0.1282,0.0985,0.792,-0.275,-0.505
47.384281,166.021,32.083,115.604,0.2151,0.0408,0.1738,0.445,-0.587,-1.309
47.400948,166.065,32.100,115.633,0.1668,0.2269,0.1823,1.378,-0.574,-1.601
47.417615,166.114,32.112,115.664,0.0107,0.1437,0.1561,1.603,-0.242,-1.577
47.434282,166.166,32.119,115.683,0.0169,0.0890,0.1456,2.248,-0.153,-0.890
47.450949,166.224,32.125,115.683,-0.0924,-0.1580,0.0848,3.194,-0.323,-0.026
47.467616,166.279,32.134,115.672,-0.0679,-0.3533,-0.0096,3.349,-0.623,0.537
47.484283,166.312,32.148,115.654,0.0419,-0.2004,0.0888,2.247,-1.018,0.813
47.500950,166.339,32.166,115.641,-0.0283,-0.0821,0.1178,1.719,-1.148,0.500
47.517617,166.370,32.185,115.638,0.1520,0.0213,0.1571,1.629,-1.105,-0.034
47.534284,166.408,32.203,115.655,0.0418,-0.1009,0.0739,1.484,-0.875,-0.987
47.550951,166.432,32.222,115.687,0.3233,-0.0406,0.0592,0.116,-0.666,-1.734
47.567618,166.437,32.238,115.725,0.1827,0.0724,0.0968,-1.238,-0.439,-1.993
47.584285,166.463,32.245,115.759,0.0804,0.1944,0.1552,0.200,-0.021,-1.675
47.600952,166.491,32.246,115.798,-0.0106,0.0640,0.0526,0.084,0.451,-1.858
47.617619,166.509,32.245,115.845,-0.0584,-0.1502,0.0326,-0.690,0.614,-2.178
47.634286,166.524,32.242,115.878,-0.1266,-0.1266,0.1277,-0.422,0.579,-1.488
47.650953,166.518,32.244,115.897,-0.0445,-0.1235,0.1297,-1.262,0.128,-0.857
47.667620,166.516,32.245,115.900,0.0649,-0.0779,0.1200,-0.513,0.040,-0.087
47.684287,166.511,32.241,115.895,0.0707,-0.0787,-0.0139,-0.422,0.149,0.418
47.700954,166.481,32.237,115.898,0.0735,-0.1989,-0.0284,-2.244,0.316,0.011
47.717621,166.444,32.230,115.901,0.0617,0.0236,0.1198,-2.577,0.430,0.074
47.734288,166.398,32.220,115.896,-0.0048,0.1007,0.1407,-2.887,0.561,0.456
47.750955,166.384,32.211,115.894,0.0452,-0.0552,0.0822,-1.069,0.481,0.326
47.767622,166.364,32.210,115.908,0.0990,-0.1604,0.1035,-1.932,0.243,-0.588
47.784289,166.362,32.218,115.930,0.0789,0.0347,0.2895,-1.144,-0.182,-1.088
47.800956,166.406,32.231,115.951,-0.1276,-0.0440,0.1999,1.737,-0.519,-1.095
47.817623,166.471,32.251,115.970,0.0649,0.0051,0.1952,2.958,-0.915,-1.120
47.834290,166.550,32.265,115.983,0.0186,-0.0194,0.0646,4.017,-0.654,-0.765
47.850957,166.601,32.273,116.011,0.1692,-0.1512,-0.1039,1.903,-0.195,-1.376
47.867624,166.599,32.281,116.068,0.3866,-0.0584,0.0666,-2.249,0.215,-2.851
47.884291,166.602,32.291,116.133,0.0481,0.1223,0.1755,-2.121,0.203,-3.210
47.900958,166.613,32.301,116.190,-0.0280,0.0769,0.1289,-1.454,0.062,-2.880
47.917625,166.628,32.307,116.242,-0.0543,0.0441,0.1052,-1.062,0.264,-2.545
47.934292,166.659,32.316,116.294,0.0621,-0.0203,0.1009,-0.063,0.084,-2.587
47.950959,166.695,32.327,116.345,-0.0640,0.0081,0.1469,0.200,-0.075,-2.603
47.967626,166.742,32.338,116.391,-0.0005,0.0199,0.1298,1.116,-0.122,-2.310
47.984293,166.785,32.348,116.426,0.0132,-0.0263,0.0779,1.162,-0.161,-1.801
48.000960,166.824,32.358,116.449,0.0179,-0.1799,0.0111,1.296,-0.361,-1.169
48.017627,166.834,32.364,116.462,0.0164,-0.1303,0.0562,-0.108,-0.214,-0.632
48.034294,166.864,32.368,116.461,-0.0465,-0.0111,0.1227,1.593,-0.295,0.090
48.050961,166.898,32.374,116.465,0.1060,-0.0270,0.0331,1.611,-0.309,-0.193
48.067628,166.909,32.375,116.483,0.0736,0.0543,0.0652,-0.175,0.142,-0.808
48.084295,166.917,32.368,116.503,0.0565,0.1658,0.1245,-0.458,0.595,-0.826
48.100962,166.937,32.357,116.525,0.0469,0.0609,0.1078,0.212,0.906,-0.826
48.117629,166.946,32.347,116.546,-0.0221,-0.1141,0.1262,-0.343,0.796,-0.800
48.134296,166.981,32.337,116.559,-0.0466,-0.2065,0.1003,1.357,0.674,-0.439
48.150963,167.016,32.334,116.572,0.0811,-0.1435,0.1267,1.407,0.302,-0.513
48.167630,167.050,32.333,116.592,0.1312,-0.0041,0.1140,1.147,0.245,-0.895
48.184297,167.079,32.325,116.618,0.0079,0.0015,0.0710,0.663,0.754,-1.052
48.200964,167.097,32.321,116.659,0.0655,-0.0533,0.0664,-0.547,0.624,-1.925
48.217631,167.118,32.321,116.704,0.0221,0.0483,0.1414,-0.434,0.504,-2.117
48.234298,167.165,32.317,116.744,0.0311,0.1198,0.1819,1.273,0.614,-1.866
48.250965,167.220,32.313,116.784,0.0704,0.0637,0.0986,1.786,0.687,-1.812
48.267632,167.260,32.307,116.819,-0.0146,-0.0271,0.0744,0.988,0.668,-1.560
48.284299,167.299,32.301,116.849,0.1176,0.0184,0.1405,1.086,0.634,-1.354
48.300966,167.331,32.302,116.886,0.0162,-0.1449,0.0334,0.496,0.298,-1.769
48.317633,167.356,32.312,116.929,-0.0369,-0.2347,0.0893,-0.145,-0.156,-2.130
48.334300,167.403,32.324,116.956,-0.1355,-0.0249,0.2244,1.696,-0.405,-1.421
48.350967,167.473,32.336,116.976,-0.0074,-0.0049,0.0952,3.279,-0.535,-1.056
48.367634,167.530,32.344,117.000,0.2544,0.0171,0.0154,2.381,-0.302,-1.238
48.384301,167.557,32.350,117.027,0.0452,-0.0418,0.0302,0.488,-0.065,-1.316
48.400968,167.569,32.351,117.060,0.0806,0.0024,0.0562,-0.564,0.233,-1.586
48.417635,167.588,32.358,117.096,0.0565,0.0712,0.1439,-0.254,-0.086,-1.756
48.434302,167.611,32.370,117.126,-0.0850,0.0840,0.1621,0.145,-0.426,-1.554
48.450969,167.644,32.377,117.150,-0.1047,0.0095,0.1121,0.943,-0.203,-1.214
48.467636,167.681,32.391,117.166,0.0250,-0.1202,0.1443,1.444,-0.737,-0.905
48.484303,167.726,32.407,117.174,0.0188,-0.1190,0.0552,2.170,-0.870,-0.488
48.500970,167.749,32.420,117.178,0.0633,-0.1470,-0.0358,0.975,-0.815,-0.317
48.517637,167.754,32.431,117.182,-0.0021,-0.1045,0.0596,-0.067,-0.645,-0.228
48.534304,167.754,32.444,117.190,0.1768,0.0600,0.1336,-0.492,-0.726,-0.507
48.550971,167.772,32.460,117.208,0.1299,0.0615,0.1505,0.232,-0.844,-0.995
48.567638,167.787,32.478,117.236,0.0179,0.0536,0.1121,-0.245,-0.791,-1.564
48.584305,167.806,32.498,117.265,-0.0665,0.0929,0.1665,-0.081,-0.970,-1.624
48.600972,167.829,32.522,117.286,-0.0923,0.1106,0.1089,0.499,-1.267,-1.222
48.617639,167.861,32.541,117.298,-0.0306,0.0581,0.1079,1.252,-1.069,-0.755
48.634306,167.897,32.551,117.289,-0.0050,-0.0156,0.0908,2.195,-0.764,0.387
48.650973,167.910,32.558,117.265,0.1545,-0.1725,0.0034,1.310,-0.724,1.139
48.667640,167.902,32.560,117.230,0.0638,-0.2152,-0.0400,0.371,-0.556,1.786
48.684307,167.863,32.559,117.196,-0.0156,-0.1298,0.0130,-1.457,-0.366,1.792
48.700974,167.815,32.557,117.172,-0.0297,-0.0601,0.0975,-2.380,-0.233,1.290
48.717641,167.775,32.555,117.155,-0.0303,0.0000,0.1532,-2.044,-0.120,0.968
48.734308,167.764,32.555,117.134,-0.0411,0.0471,0.1976,-0.312,-0.329,1.061
48.750975,167.768,32.556,117.102,0.0565,0.0025,0.0844,1.094,-0.514,1.689
48.767642,167.759,32.559,117.069,0.1562,0.0149,0.0404,0.246,-0.565,1.642
48.784309,167.730,32.557,117.043,0.0238,0.0700,0.0683,-1.142,-0.276,1.386
48.800976,167.697,32.558,117.023,0.0645,0.1446,0.1719,-1.606,-0.367,1.028
48.817643,167.672,32.561,117.001,-0.0407,0.0761,0.1350,-0.990,-0.471,1.159
48.834310,167.644,32.564,116.967,-0.0366,-0.1183,0.0728,-0.880,-0.679,1.689
48.850977,167.600,32.569,116.923,-0.0159,-0.2804,0.0045,-1.387,-0.830,2.227
48.867644,167.562,32.574,116.862,0.0058,-0.1539,0.0987,-0.592,-1.064,2.980
48.884311,167.519,32.576,116.794,0.0383,0.0013,0.0459,-0.644,-0.933,3.407
48.900978,167.456,32.571,116.731,0.0975,0.0916,0.0750,-1.979,-0.501,3.251
48.917645,167.396,32.562,116.680,-0.0234,0.0317,0.0675,-2.205,-0.115,2.722
48.934312,167.331,32.557,116.633,0.1155,0.1383,0.1904,-2.652,-0.325,2.447
48.950979,167.266,32.560,116.580,0.0184,0.1158,0.1843,-2.401,-0.859,2.650
48.967646,167.206,32.558,116.524,0.0494,-0.0269,0.0607,-2.024,-0.622,2.863
48.984313,167.144,32.564,116.469,0.0092,-0.1748,0.0651,-2.178,-1.066,2.732
49.000980,167.085,32.571,116.402,-0.0408,-0.0519,0.0879,-1.634,-1.266,3.246
49.017647,167.039,32.580,116.328,0.0030,0.0357,0.1466,-0.616,-1.490,3.600
49.034314,167.006,32.589,116.248,-0.0137,0.0421,0.1246,0.374,-1.547,3.919
49.050981,166.966,32.595,116.160,-0.0673,-0.0126,0.0374,0.205,-1.450,4.292
49.067648,166.904,32.604,116.065,-0.0585,-0.0717,0.0296,-0.835,-1.742,4.663
49.084315,166.838,32.608,115.950,0.0244,0.0504,0.1179,-0.535,-1.656,5.672
49.100982,166.778,32.612,115.820,-0.0455,-0.0214,0.1250,0.404,-1.849,6.396
49.117649,166.732,32.623,115.707,0.0249,-0.1730,0.0738,0.669,-2.079,5.508
49.134316,166.692,32.637,115.600,0.2173,0.0534,0.1354,0.753,-2.161,5.098
49.150983,166.658,32.653,115.497,0.0556,0.0794,0.1346,1.083,-2.245,4.942
49.167650,166.629,32.672,115.385,0.0086,-0.0927,0.1043,1.670,-2.534,5.286
49.184317,166.603,32.692,115.269,-0.0908,-0.1503,0.0474,1.950,-2.646,5.487
49.200984,166.577,32.710,115.143,-0.1783,0.0354,0.0880,2.314,-2.618,6.024
49.217651,166.567,32.720,115.002,0.0088,0.2202,0.1441,3.717,-2.381,6.870
49.234318,166.552,32.730,114.847,0.2118,0.1211,0.1163,3.905,-2.486,7.552
49.250985,166.524,32.746,114.694,0.0277,-0.2260,-0.0211,3.053,-2.887,7.355
49.267652,166.501,32.770,114.553,0.0900,-0.2187,0.1405,2.925,-3.147,6.618
49.284319,166.488,32.798,114.439,0.2028,-0.0099,0.1140,2.737,-3.120,5.304
49.300986,166.437,32.821,114.336,0.1902,0.1846,0.0153,0.052,-2.673,4.764
49.317653,166.350,32.848,114.251,0.1187,0.1344,0.0697,-2.655,-2.707,3.865
49.334320,166.339,32.872,114.163,0.0477,0.2653,0.2500,2.001,-2.569,4.053
49.350987,166.341,32.902,114.070,-0.2022,0.1065,0.2491,2.887,-2.962,4.175
49.367654,166.378,32.933,113.973,-0.0290,-0.0738,0.1491,5.142,-3.142,4.374
49.384321,166.407,32.974,113.874,0.0307,-0.2161,0.0456,4.766,-3.678,4.343
49.400988,166.416,33.023,113.783,0.0203,-0.2017,0.0536,3.302,-4.064,3.831
49.417655,166.435,33.066,113.697,0.1016,-0.0453,0.0479,3.737,-3.614,3.635
49.434322,166.456,33.087,113.616,0.0734,0.0734,0.0551,3.687,-2.362,3.746
49.450989,166.484,33.101,113.535,0.0298,0.0340,0.0246,4.097,-1.889,3.833
49.467656,166.494,33.110,113.448,-0.0754,-0.0665,0.0422,3.244,-1.666,4.168
49.484323,166.501,33.121,113.357,-0.0950,-0.1225,0.0968,3.200,-1.830,4.383
49.500990,166.526,33.138,113.264,0.0741,-0.0448,0.1286,4.307,-2.232,4.360
49.517657,166.538,33.159,113.177,0.1589,0.0530,0.1390,3.336,-2.403,4.000
49.534324,166.519,33.186,113.101,0.2325,0.0779,0.0795,1.183,-2.594,3.419
49.550991,166.503,33.213,113.031,0.1065,0.0619,0.1651,1.120,-2.529,3.115
49.567658,166.496,33.246,112.969,0.0468,0.1559,0.1760,1.386,-2.796,2.604
49.584325,166.516,33.281,112.912,-0.2198,0.0589,0.1384,2.868,-2.798,2.346
49.600992,166.554,33.314,112.855,0.0716,-0.0015,0.1379,3.949,-2.734,2.389
49.617659,166.597,33.346,112.796,-0.0086,-0.0405,0.0949,4.293,-2.737,2.492
49.634326,166.637,33.379,112.733,0.0518,-0.1225,0.0564,4.247,-2.800,2.631
49.650993,166.659,33.413,112.664,0.0514,-0.1066,-0.0096,3.338,-2.878,2.955
49.667660,166.666,33.446,112.591,0.0723,-0.0461,0.0238,2.676,-2.950,3.173
49.684327,166.654,33.482,112.505,-0.0204,0.0956,0.1447,1.910,-3.236,3.776
49.700994,166.642,33.520,112.404,-0.1188,0.0905,0.1420,2.444,-3.514,4.486
49.717661,166.650,33.551,112.291,0.0083,0.1007,0.1170,3.983,-3.300,5.093
49.734328,166.648,33.582,112.177,0.1543,-0.0111,0.0477,3.468,-3.267,5.229
49.750995,166.628,33.612,112.068,0.1198,-0.0096,0.0221,2.231,-3.138,4.974
49.767662,166.596,33.631,111.959,0.0257,0.0719,0.0073,1.508,-2.538,5.076
49.784329,166.552,33.632,111.838,0.0474,0.0961,0.0340,1.178,-1.596,5.925
49.800996,166.490,33.622,111.710,0.1658,-0.0223,0.0541,0.297,-1.099,6.380
49.817663,166.392,33.617,111.582,-0.0029,-0.1752,0.0077,-1.819,-1.369,6.385
49.834330,166.283,33.613,111.449,0.0562,-0.1013,0.0713,-2.315,-1.459,6.565
49.850997,166.174,33.610,111.314,-0.0512,0.0238,0.1270,-2.289,-1.590,6.630
49.867664,166.101,33.603,111.171,-0.0239,0.1441,0.1850,0.186,-1.452,7.133
49.884331,166.008,33.592,111.028,0.0909,0.1143,0.0846,-1.067,-1.230,7.143
49.900998,165.904,33.569,110.897,0.2757,-0.0021,0.0282,-2.123,-0.432,6.741
49.917665,165.770,33.545,110.793,0.0743,-0.1514,-0.0492,-4.739,-0.022,5.458
49.934332,165.649,33.519,110.710,0.1702,0.0329,0.1180,-4.749,0.332,4.454
49.950999,165.550,33.491,110.634,0.0876,0.1652,0.1719,-3.614,0.532,4.162
49.967666,165.438,33.464,110.558,0.1715,0.1175,0.1861,-4.408,0.476,4.138
49.984333,165.329,33.444,110.476,-0.0449,-0.0404,0.0927,-4.028,-0.034,4.331
50.001000,165.246,33.422,110.394,-0.0350,-0.0869,0.0938,-2.481,0.065,4.373
50.017667,165.177,33.395,110.312,-0.0594,-0.0404,0.0337,-1.597,0.342,4.417
50.034334,165.106,33.357,110.237,0.1594,0.0346,0.0641,-2.016,1.116,4.269
50.051001,164.989,33.307,110.180,0.1604,-0.0023,-0.0252,-5.319,1.976,3.588
50.067668,164.834,33.249,110.131,0.2144,0.0386,0.0171,-7.887,2.580,3.332
50.084335,164.683,33.181,110.071,0.0622,0.0519,-0.0118,-7.243,2.935,4.052
50.101002,164.516,33.107,109.991,0.0965,-0.0028,0.0464,-7.622,3.041,5.114
50.117669,164.337,33.026,109.884,-0.0121,-0.0603,0.0732,-7.441,3.128,6.507
50.134336,164.073,32.942,109.748,0.1452,0.0317,-0.1269,-11.553,2.802,8.045
50.151003,163.651,32.853,109.570,0.3925,0.0256,-0.2669,-19.765,2.471,10.123
50.167670,163.062,32.742,109.336,0.0787,-0.0070,-0.2242,-27.917,2.835,13.258
50.184337,162.279,32.598,109.046,0.0348,-0.0842,-0.1857,-37.761,3.717,16.635
50.201004,161.276,32.424,108.719,-0.0737,-0.5624,-0.3381,-49.832,4.561,19.032
50.217671,160.237,32.203,108.415,0.0856,-0.8049,-0.1588,-52.765,7.305,18.991
50.234338,159.230,31.948,108.174,0.2640,-0.5847,-0.0427,-52.905,9.973,16.850
50.251005,158.339,31.657,107.977,-0.2665,-0.2174,0.0269,-47.445,12.499,15.735
50.267672,157.527,31.349,107.835,-0.1237,-0.0025,0.2223,-44.484,14.216,13.722
50.284339,156.730,31.066,107.756,0.2198,-0.1727,0.3962,-45.539,13.949,10.445
50.301006,156.110,30.839,107.767,-0.1455,-0.4062,0.4924,-37.769,12.541,4.949
50.317673,155.719,30.670,107.834,-0.0481,-0.4042,0.5657,-25.694,10.533,1.068
50.334340,155.471,30.564,107.962,0.2927,-0.4341,0.5440,-19.028,8.370,-3.337
50.351007,155.391,30.513,108.159,0.0282,-0.4895,0.3312,-11.007,6.912,-7.899
50.367674,155.509,30.494,108.415,0.2133,-0.4189,0.1590,-0.855,6.399,-11.452
50.384341,155.701,30.495,108.734,0.3570,-0.5316,-0.1864,1.582,6.630,-15.018
50.401008,155.923,30.502,109.082,0.7960,-1.0635,-0.2067,2.471,6.889,-16.500
50.417675,156.215,30.549,109.450,1.1667,-2.0205,-0.7822,6.125,4.969,-18.431
50.434342,156.484,30.657,109.776,1.3069,-2.6338,-0.5956,5.966,0.762,-17.949
50.451009,156.848,30.844,110.038,1.1889,-3.3264,-0.7461,13.584,-5.023,-16.809
50.467676,157.297,31.081,110.267,0.1766,-3.9430,-1.0179,19.642,-8.499,-16.295
50.484343,157.832,31.364,110.476,0.2817,-4.2327,-0.7932,25.418,-11.623,-16.284
50.501010,158.330,31.775,110.728,1.3067,-4.5453,-1.1472,21.678,-18.010,-21.048
50.517677,158.530,32.295,111.104,1.5407,-4.4103,-2.1047,-0.257,-21.825,-29.166
50.534344,158.311,32.717,111.586,1.9526,-3.1790,-1.7464,-28.992,-14.476,-31.885
50.551011,157.443,32.952,112.041,3.4706,-1.9735,0.0108,-67.142,-4.205,-26.405
50.567678,155.841,33.190,112.431,4.0287,-2.0122,1.0724,-109.209,-5.126,-23.535
50.584345,153.860,33.453,112.700,2.7367,-2.1006,1.2636,-127.995,-8.331,-18.807
50.601012,152.008,33.689,112.803,2.3926,-2.0405,1.5001,-114.772,-9.979,-10.891
50.617679,150.135,33.907,112.787,2.6384,-1.8067,1.3399,-112.108,-11.507,-5.432
50.634346,148.123,34.114,112.640,2.1626,-2.1063,0.8415,-116.035,-14.121,0.063
50.651013,146.128,34.359,112.432,2.1714,-2.4447,0.4754,-112.950,-17.617,0.891
50.667680,144.139,34.708,112.224,2.4037,-2.3959,0.4635,-112.480,-22.676,-3.257
50.684347,142.135,35.186,112.052,1.8106,-2.2147,0.2014,-114.527,-27.660,-10.201
50.701014,140.134,35.777,111.897,1.7523,-1.6808,0.3089,-114.942,-31.944,-16.099
50.717681,137.910,36.518,111.731,1.7418,-1.2947,0.1637,-127.802,-38.459,-22.746
50.734348,135.483,37.392,111.526,1.2673,-1.1858,-0.0956,-138.476,-44.466,-28.495
50.751015,133.051,38.356,111.333,0.6415,-1.0041,0.1718,-139.031,-46.495,-34.687
50.767682,130.642,39.344,111.219,0.3171,-0.8674,0.5434,-140.469,-43.126,-40.204
50.784349,128.250,40.357,111.193,0.7795,-0.7333,0.4386,-142.726,-39.164,-45.751
50.801016,125.712,41.437,111.229,1.5983,-0.4037,0.4620,-153.946,-37.311,-52.307
50.817683,123.019,42.587,111.259,0.9737,-0.2368,0.3771,-163.023,-37.450,-57.236
50.834350,120.612,43.679,111.388,-0.4517,-0.6173,0.1256,-149.923,-29.423,-58.149
50.851017,118.479,44.675,111.588,-0.1660,-0.4072,0.5398,-136.629,-21.647,-55.709
50.867684,116.359,45.578,111.847,0.3707,0.1206,1.6397,-138.533,-14.872,-52.585
50.884351,114.093,46.379,112.136,0.8137,0.3056,2.1932,-148.691,-9.306,-48.047
50.901018,111.645,47.096,112.350,1.4721,0.4895,2.0927,-156.449,-8.389,-42.498
50.917685,109.418,47.786,112.524,1.2745,0.1781,1.3478,-141.558,-7.652,-40.658
50.934352,107.562,48.427,112.582,0.9703,0.2840,0.7797,-114.203,-9.771,-36.589
50.951019,106.189,49.010,112.524,0.0136,0.9860,0.2046,-80.071,-12.134,-32.212
50.967686,105.282,49.521,112.433,-0.3797,1.6875,-0.0389,-50.496,-11.568,-27.984
50.984353,104.591,49.999,112.330,0.0941,2.7874,0.3110,-36.982,-11.065,-26.085
51.001020,103.947,50.575,112.196,0.4033,3.0881,0.6678,-32.731,-13.317,-31.660
51.017687,103.129,51.248,111.988,-0.1249,3.0061,0.9193,-39.597,-16.954,-36.915
51.034354,102.224,51.908,111.735,-0.7560,3.3765,1.3335,-42.591,-17.741,-36.010
51.051021,101.089,52.565,111.451,-0.6059,3.7214,1.5029,-54.849,-18.081,-36.077
51.067688,99.721,53.274,111.070,-0.3151,3.1238,0.7305,-63.991,-21.152,-38.855
51.084355,98.331,54.039,110.538,-0.0734,2.4731,0.3531,-57.851,-25.771,-41.980
51.101022,97.077,54.819,109.866,-0.1477,2.2650,0.4174,-42.631,-29.440,-42.875
51.117689,96.104,55.532,109.148,-1.0880,2.7590,0.1962,-23.122,-29.279,-39.282
51.134356,95.068,56.196,108.329,-0.9468,2.8859,0.2996,-21.615,-31.252,-36.627
51.151023,93.915,56.864,107.369,-0.4392,2.4533,0.1519,-21.279,-34.757,-37.186
51.167690,92.643,57.526,106.172,0.0663,1.8148,0.0429,-16.047,-41.073,-37.105
51.184357,91.553,58.140,104.779,-0.0222,1.4454,-0.0771,5.270,-45.778,-34.924
51.201024,90.656,58.610,103.338,-1.0011,2.1055,0.1386,19.654,-45.830,-27.097
51.217691,89.557,58.951,101.919,-0.7731,2.8233,0.3410,6.781,-44.143,-20.131
51.234358,88.059,59.259,100.400,-0.2793,1.9956,-0.4337,-11.724,-46.370,-19.287
51.251025,86.346,59.515,98.708,-0.5740,1.2471,-0.7065,-15.506,-50.886,-17.689
51.267692,84.745,59.709,96.885,-0.9825,0.9097,-0.4382,-1.776,-54.243,-15.761
51.284359,83.326,59.883,94.924,-1.0787,0.8511,-0.4777,16.474,-57.766,-16.391
51.301026,81.990,59.994,92.888,-1.8394,1.4840,-0.3265,25.484,-59.847,-14.274
51.317693,80.553,59.992,90.871,-2.4208,1.6547,-0.2602,18.477,-59.857,-8.970
51.334360,78.763,59.904,88.853,-2.8150,1.3639,-0.3621,-2.665,-60.641,-5.656
51.351027,76.849,59.749,86.882,-3.5528,0.9150,-0.3184,-12.691,-60.133,-3.387
51.367694,75.075,59.540,85.049,-4.1188,0.7074,-0.3172,-11.688,-57.049,-1.271
51.384361,73.496,59.286,83.504,-4.8655,1.2640,-0.3210,-15.076,-49.641,1.920
51.401028,72.106,59.060,82.268,-4.7291,1.1488,-0.7341,-19.858,-40.476,1.754
51.417695,70.766,58.868,81.344,-4.6921,0.9948,-0.9156,-33.026,-30.967,1.809
51.434362,69.622,58.710,80.673,-4.8461,0.7444,-0.9111,-34.446,-23.089,1.879
51.451029,68.865,58.596,80.241,-4.8210,0.7236,-0.5521,-23.436,-15.307,1.550
51.467696,68.390,58.527,80.051,-4.4019,0.5850,-0.3791,-19.037,-7.331,1.668
51.484363,68.115,58.491,80.093,-3.9817,0.3014,-0.2945,-18.819,0.055,2.467
51.501030,68.069,58.500,80.319,-3.1165,-0.0929,-0.4659,-14.623,6.409,2.099
51.517697,68.001,58.641,80.737,-3.3924,0.0103,-0.6542,-25.692,14.922,-3.047
51.534364,67.769,58.979,81.457,-3.6579,-0.5890,-1.7701,-51.199,27.964,-10.434
51.551031,68.233,59.405,82.468,-2.1118,-1.6137,-2.4422,-24.575,37.948,-12.115
51.567698,69.504,59.833,83.617,-0.7096,-0.8059,-0.9621,16.506,41.315,-11.422
51.584365,71.131,60.197,84.875,0.5154,-0.4485,-0.1210,31.910,42.425,-7.885
51.601032,72.727,60.458,86.106,2.2294,-0.1080,0.5789,31.354,39.150,-3.572
51.617699,74.186,60.651,87.398,2.5500,0.5404,1.1720,19.713,39.399,-0.302
51.634366,75.450,60.860,88.652,2.7901,0.4351,0.8251,9.929,38.356,-2.512
51.651033,76.512,61.050,89.813,2.4700,0.8126,0.4421,2.582,35.163,-2.860
51.667700,77.453,61.160,90.875,2.1902,0.6793,-0.0195,0.362,31.141,0.444
51.684367,78.234,61.207,91.843,2.1753,0.5294,-0.4228,-4.235,27.592,3.102
51.701034,78.919,61.248,92.732,2.5259,0.1172,-0.9877,-5.864,25.307,2.667
51.717701,79.731,61.311,93.562,2.9010,-0.0882,-1.4769,4.840,23.903,0.658
51.734368,80.608,61.421,94.262,3.3505,0.2323,-1.3345,15.535,20.666,-3.077
51.751035,81.498,61.569,94.811,4.0717,0.7681,-1.1846,24.249,16.658,-6.351
51.767702,82.315,61.727,95.123,4.9173,1.7609,-1.1833,32.331,9.891,-8.137
51.784369,82.664,61.874,95.131,6.0589,2.4340,-1.1157,20.430,1.157,-8.786
51.801036,82.646,62.072,94.774,6.9622,1.8906,-1.6795,17.698,-8.609,-13.055
51.817703,82.483,62.326,93.920,7.5707,1.9984,-1.5580,35.463,-21.847,-18.269
51.834370,82.014,62.570,92.514,8.3364,2.6206,-0.6643,46.559,-36.736,-19.827
51.851037,81.082,62.753,90.436,9.6633,2.4205,0.2319,54.867,-55.017,-19.382
51.867704,79.593,62.860,87.553,11.4074,1.7773,0.5946,64.548,-76.786,-19.685
51.884371,77.520,62.849,83.778,12.4121,1.0275,0.2640,77.247,-101.264,-19.929
51.901038,74.842,62.680,79.052,13.3991,-0.4584,-0.0097,91.571,-128.194,-21.306
51.917705,71.739,62.323,73.429,13.9992,-2.4012,0.4489,113.222,-154.969,-24.447
51.934372,68.373,61.723,67.097,14.5933,-3.9004,2.7865,133.716,-179.338,-27.103
51.951039,64.582,60.784,60.114,15.0190,-5.6343,6.1550,140.134,-206.599,-29.050
51.967706,60.518,59.317,52.583,13.9008,-8.1639,9.0361,148.031,-239.976,-26.194
51.984373,56.806,57.181,44.788,11.1286,-10.6986,10.7951,175.289,-275.929,-18.916
52.001040,53.718,54.341,37.116,8.3353,-10.6569,13.3317,195.608,-308.891,-8.003
52.017707,51.544,50.837,29.884,5.1814,-10.0361,15.4046,214.591,-335.980,6.557
52.034374,49.578,46.729,23.176,1.2038,-9.1754,18.3425,185.167,-360.251,21.299
52.051041,47.712,42.126,17.010,-4.5708,-11.3144,18.2043,147.330,-379.676,32.191
52.067708,46.830,36.980,11.347,-10.4201,-13.4196,18.4313,163.773,-400.850,48.466
52.084375,47.662,31.289,6.068,-15.6694,-13.9822,16.2860,227.835,-423.390,72.265
52.101042,49.754,25.098,1.162,-18.6983,-9.9948,16.0669,264.713,-439.229,107.414
52.117709,51.853,18.735,-3.608,-21.7729,-7.0232,14.2269,232.936,-446.337,127.648
52.134376,53.958,12.300,-8.465,-25.1688,-5.3440,10.7518,204.449,-456.207,138.174
52.151043,56.694,5.546,-13.532,-27.8595,-1.6411,8.0301,211.494,-477.102,161.984
52.167710,59.702,-1.679,-18.815,-30.0499,4.1388,7.1425,191.336,-497.440,201.051
52.184377,63.182,-9.133,-24.448,-30.6425,5.1493,0.6293,177.032,-509.276,231.562
52.201044,67.729,-16.550,-30.548,-28.5907,6.2764,-6.5617,191.430,-509.648,256.201
52.217711,73.484,-23.622,-37.296,-24.2413,10.1723,-10.4377,206.095,-499.924,273.520
52.234378,79.801,-30.137,-44.747,-19.4303,13.9635,-11.9701,176.659,-478.789,287.802
52.251045,86.403,-35.892,-52.954,-15.8252,16.1030,-13.6499,127.576,-451.974,292.732
52.267712,93.793,-40.686,-62.028,-11.4085,16.9997,-17.4147,105.737,-427.541,287.980
52.284379,102.825,-44.317,-71.898,-4.8692,16.1149,-21.1061,141.381,-401.296,278.402
52.301046,113.508,-46.803,-82.256,1.1257,15.0195,-21.6494,196.753,-367.759,277.321
52.317713,124.050,-48.275,-92.737,5.1865,15.8614,-19.3734,168.100,-330.308,281.992
52.334380,133.493,-48.774,-102.632,12.3956,12.6885,-16.7615,121.439,-288.492,269.920
52.351047,141.792,-48.655,-111.295,18.9504,6.1660,-12.3511,107.201,-236.850,249.168
52.367714,149.232,-48.255,-118.657,18.7884,0.8131,-9.6501,115.619,-186.162,228.436
52.384381,155.131,-47.712,-124.439,16.5184,-3.2019,-7.6383,96.061,-137.595,190.710
52.401048,158.603,-47.160,-128.439,14.5860,-4.3663,-5.5588,31.511,-94.513,136.738
52.417715,160.125,-46.834,-130.990,14.2612,-3.4955,-3.6680,-20.675,-55.436,91.198
52.434382,160.393,-46.779,-132.077,13.5237,-2.6187,-2.6769,-31.588,-18.361,41.207
52.451049,159.974,-46.984,-131.860,12.6022,-0.2215,-2.2718,-15.859,14.398,-3.906
52.467716,158.901,-47.534,-130.440,11.9896,1.2587,-2.1534,-1.988,51.138,-42.305
52.484383,157.055,-48.474,-127.685,11.2000,1.8237,-2.4655,11.839,93.676,-81.191
52.501050,154.118,-49.783,-123.707,10.3931,3.3234,-2.9729,4.034,136.040,-109.563
52.517717,149.505,-51.225,-118.287,9.5023,4.7737,-3.8835,-26.044,173.933,-141.260
52.534384,143.255,-52.620,-111.436,8.8073,5.0911,-5.3606,-51.650,209.984,-164.573
52.551051,135.831,-53.821,-103.056,8.4842,5.8372,-7.4575,-42.770,250.050,-182.135
52.567718,127.306,-54.493,-93.048,7.3207,7.9907,-10.1928,-24.774,289.669,-202.867
52.584385,117.901,-54.276,-81.578,5.6251,10.2893,-13.2568,-4.692,330.399,-226.444
52.601052,108.031,-52.806,-69.043,3.1781,12.0285,-15.8583,12.982,376.868,-254.796
52.617719,98.202,-49.828,-56.300,-0.5962,13.5384,-18.3451,7.616,424.671,-281.259
52.634386,89.048,-45.261,-44.182,-5.9729,15.4083,-21.3959,-12.159,472.288,-303.013
52.651053,81.117,-39.074,-32.970,-13.6216,16.8142,-24.8268,-23.590,528.343,-325.537
52.667720,74.592,-31.250,-22.722,-23.4615,16.1872,-26.7880,-36.610,589.991,-351.547
52.684387,69.169,-22.000,-13.238,-35.7033,14.2646,-25.2197,-69.695,655.805,-367.624
52.701054,64.799,-11.666,-4.125,-49.2213,8.3803,-21.6649,-103.346,723.858,-364.379
52.717721,61.810,-0.386,4.965,-63.5808,-0.8784,-12.6134,-121.936,788.178,-359.140
52.734388,60.248,11.589,14.458,-75.7005,-10.9403,0.0833,-149.809,843.245,-351.817
52.751055,61.350,23.577,25.146,-82.5675,-25.8902,16.9167,-129.265,883.383,-326.815
52.767722,65.055,34.619,38.058,-78.2216,-43.1985,43.0106,-157.359,900.924,-282.542
52.784389,71.555,43.860,54.498,-61.1939,-61.0278,64.7318,-238.104,911.609,-228.028
52.801056,83.110,50.045,75.406,-26.4623,-73.4487,82.3159,-229.280,912.172,-169.066
52.817723,96.990,51.829,99.778,13.1622,-69.6166,90.8930,-309.038,915.994,-105.189
52.834390,109.444,48.695,123.289,47.9871,-63.7476,82.5678,-343.550,915.454,-25.195
52.851057,117.577,40.771,141.968,73.0059,-46.7532,66.1003,-305.973,915.749,114.320
52.867724,121.108,32.285,156.313,90.9151,-23.1477,46.5607,-302.205,850.837,102.270
52.884391,121.393,22.871,167.166,87.2452,-5.1937,27.0108,-284.941,785.885,181.765
52.901058,118.701,13.235,175.916,78.7879,12.6264,13.7672,-323.943,721.472,249.396
52.917725,114.617,3.662,-176.591,72.7994,22.7326,-8.3859,-310.472,655.246,312.991
52.934392,110.836,-5.575,-169.874,59.0060,36.3432,-29.1585,-219.530,585.804,354.896
52.951059,107.149,-14.071,-164.254,38.7741,44.2900,-30.6286,-163.260,480.024,373.507
52.967726,102.818,-22.352,-160.163,28.7972,39.7585,-21.8866,-182.761,353.641,419.569
52.984393,98.654,-31.059,-157.273,23.8730,31.7196,-25.8086,-171.469,249.406,484.460
53.001060,95.626,-39.970,-154.961,12.0881,28.3524,-32.3701,-100.832,178.371,516.551
53.017727,94.642,-48.761,-152.648,-3.0374,26.4221,-34.2491,38.016,145.878,516.531
53.034394,95.383,-57.548,-150.186,-10.4426,24.1961,-30.8320,162.521,134.125,517.502
53.051061,96.434,-66.067,-147.541,-11.8951,20.6870,-24.3889,202.734,127.008,500.817
53.067728,97.022,-74.097,-145.038,-10.4933,16.4176,-18.9935,176.333,107.041,472.596
53.084395,98.750,-81.512,-144.361,-12.8196,11.2017,-16.8550,143.027,69.270,439.679
53.101062,121.721,-88.055,-164.611,-21.0909,6.4466,-14.8893,165.925,30.239,400.878
53.117729,-101.217,-85.435,61.555,-25.9023,4.2085,-10.6972,196.564,3.003,364.758
53.134396,-94.327,-79.993,58.429,-24.0483,0.7837,-6.0428,226.781,-20.859,326.831
53.151063,-92.818,-75.150,61.241,-19.0474,-3.2737,-3.1780,255.077,-54.651,287.868
53.167730,-92.525,-70.879,65.112,-14.4433,-4.6132,-1.1535,239.474,-80.019,252.911
53.184397,-93.342,-67.166,68.942,-12.8044,-5.6773,0.3948,165.348,-93.868,218.314
53.201064,-94.775,-64.121,72.280,-12.1824,-7.4459,2.9222,96.239,-95.599,176.464
53.217731,-95.968,-61.679,74.997,-10.0234,-8.8172,4.8037,73.296,-87.941,139.008
53.234398,-96.327,-59.682,77.006,-6.0013,-9.7180,5.0934,83.329,-71.828,112.947
53.251065,-96.039,-57.938,78.453,-3.3521,-7.5245,3.2308,91.267,-56.262,99.302
53.267732,-95.832,-56.384,79.361,-2.4613,-4.7075,2.0787,57.985,-39.323,89.788
53.284399,-95.962,-55.175,79.940,-1.9836,-3.6820,1.9787,20.675,-27.183,70.208
53.301066,-96.218,-54.537,80.360,-1.8776,-4.5396,2.7743,4.976,-18.779,36.654
53.317733,-96.444,-54.420,80.700,-1.9842,-5.0129,3.2355,2.767,-12.859,5.745
53.334400,-96.662,-54.619,80.868,-1.4117,-4.4961,2.4245,-5.142,-4.727,-12.411
53.351067,-97.038,-55.002,80.938,-1.1185,-2.8816,1.4529,-19.376,0.051,-23.078
53.367734,-97.724,-55.531,80.943,-1.2700,-1.3456,0.7821,-41.176,3.616,-31.404
53.384401,-98.713,-56.231,80.922,-1.0009,-0.4331,0.3380,-60.686,6.410,-41.408
53.401068,-99.728,-57.079,80.806,-0.0557,-0.2936,0.4122,-66.920,11.629,-49.525
53.417735,-100.627,-57.981,80.680,0.2510,-0.7678,0.7522,-60.597,13.261,-52.495
53.434402,-101.420,-58.859,80.600,-0.2264,-0.6297,0.8680,-51.901,12.237,-51.133
53.451069,-102.037,-59.679,80.555,-0.2963,-0.5421,0.5979,-39.572,11.066,-47.867
53.467736,-102.386,-60.464,80.525,-0.1089,0.2140,-0.0435,-22.768,10.530,-45.750
53.484403,-102.849,-61.210,80.568,0.2209,1.2047,-1.2304,-25.773,8.263,-43.887
53.501070,-103.614,-61.939,80.716,0.6843,0.9387,-1.0798,-38.343,5.602,-43.484
53.517737,-104.668,-62.620,80.967,0.8667,0.4003,-0.5544,-50.119,2.875,-41.267
53.534404,-105.835,-63.253,81.229,0.5578,0.2172,0.1157,-56.290,2.822,-38.458
53.551071,-106.744,-63.839,81.378,0.1821,0.0654,0.5336,-46.792,5.747,-34.792
53.567738,-107.333,-64.422,81.430,0.1281,0.0887,0.4353,-32.729,8.655,-33.824
53.584405,-107.680,-65.012,81.408,0.2367,0.0378,0.2879,-22.222,10.892,-33.538
53.601072,-107.999,-65.613,81.347,0.2382,0.3549,-0.0888,-22.725,12.218,-33.793
53.617739,-108.581,-66.234,81.353,-0.1529,0.5907,-0.2466,-34.883,11.267,-35.344
53.634406,-109.571,-66.877,81.568,-0.8575,0.5223,-0.3747,-47.753,7.462,-38.055
53.651073,-111.028,-67.512,82.143,-1.1082,0.1853,-0.2556,-55.862,0.389,-40.305
53.667740,-112.844,-68.103,83.142,-1.3918,-0.5257,-0.1849,-53.733,-8.055,-41.272
53.684407,-114.942,-68.683,84.525,-1.5053,-0.8734,0.2822,-48.939,-14.121,-44.183
53.701074,-116.968,-69.281,85.950,-1.3928,-1.0088,0.5853,-41.999,-12.158,-45.603
53.717741,-118.850,-69.905,87.334,-1.4441,-0.4867,0.1864,-35.303,-8.364,-46.582
53.734408,-120.943,-70.546,88.849,-1.7037,0.0719,-0.5913,-40.265,-7.779,-48.632
53.751075,-123.382,-71.160,90.634,-1.3506,-0.3774,-0.7707,-45.375,-10.447,-49.823
53.767742,-126.254,-71.748,92.795,-1.5716,-0.6145,-0.7310,-49.631,-14.006,-52.449
53.784409,-130.009,-72.273,95.572,-2.9361,-0.1186,-0.4569,-67.068,-21.306,-56.532
53.801076,-135.094,-72.679,99.098,-4.2078,1.0681,-0.5249,-103.564,-30.768,-60.969
53.817743,-141.024,-72.964,103.146,-3.7713,0.3271,-0.5836,-123.999,-35.533,-64.736
53.834410,-146.770,-73.226,107.274,-2.7019,-1.3426,-0.2031,-107.935,-30.072,-67.412
53.851077,-152.422,-73.476,111.508,-2.2713,-1.1125,-0.1799,-96.014,-24.201,-70.323
53.867744,-158.274,-73.668,115.819,-2.2416,-0.1971,-0.3398,-103.253,-20.367,-71.271
53.884411,-164.648,-73.733,120.405,-2.2329,0.8542,-0.7557,-118.582,-21.189,-74.425
53.901078,-171.535,-73.606,125.276,-1.6719,0.6132,-0.9431,-132.891,-24.711,-78.830
53.917745,-178.608,-73.299,130.260,-1.7746,0.1019,-1.2934,-137.989,-25.995,-83.253
53.934412,174.292,-72.758,135.177,-1.4835,0.4229,-1.6198,-143.979,-29.464,-87.264
53.951079,167.506,-71.985,139.716,-1.0813,0.2519,-1.8219,-147.871,-33.039,-88.761
53.967746,161.321,-71.014,143.813,-0.8243,-0.1760,-1.8880,-138.155,-35.486,-90.795
53.984413,155.936,-69.920,147.415,-0.5554,-0.5054,-1.7544,-119.650,-35.090,-91.205
54.001080,151.202,-68.754,150.577,-0.4036,-0.1236,-1.7398,-106.751,-33.160,-91.099
54.017747,146.645,-67.484,153.363,-0.4925,0.9688,-1.8662,-118.481,-33.370,-92.688
54.034414,142.096,-66.076,155.855,-1.2272,1.7618,-1.9790,-135.771,-34.660,-97.162
54.051081,137.734,-64.520,158.095,-1.4739,1.3932,-1.9009,-139.802,-35.550,-103.089
54.067748,133.789,-62.883,160.150,-1.1906,0.5840,-1.7372,-126.337,-32.537,-107.683
54.084415,130.128,-61.191,162.018,-0.9520,1.1927,-1.5618,-120.895,-29.116,-110.642
54.101082,126.206,-59.500,163.617,-0.1776,2.1135,-1.1277,-152.085,-25.690,-109.171
54.117749,122.027,-57.759,165.043,-1.0983,2.7862,-1.3346,-177.947,-22.030,-111.466
54.134416,117.939,-55.865,166.253,-1.5670,3.5214,-1.4583,-184.673,-22.709,-118.368
54.151083,114.129,-53.753,167.280,-1.9256,2.7147,-1.5450,-178.396,-24.024,-129.524
54.167750,110.732,-51.503,168.146,-1.8879,1.9147,-1.3666,-162.761,-22.697,-136.843
54.184417,107.645,-49.204,168.865,-1.2122,2.5248,-0.8282,-152.159,-19.661,-139.396
54.201084,104.685,-46.887,169.419,-0.5920,3.2900,-1.0212,-153.028,-17.707,-139.816
54.217751,101.857,-44.527,169.835,0.0344,3.4812,-1.1796,-151.976,-15.865,-141.867
54.234418,99.318,-42.070,170.128,0.3262,2.8549,-1.3868,-140.397,-14.847,-147.346
54.251085,97.299,-39.530,170.378,-0.0085,2.1881,-1.9085,-111.491,-11.131,-152.523
54.267752,95.895,-36.942,170.587,0.2025,2.5027,-2.5318,-76.608,-8.354,-155.453
54.284419,94.797,-34.340,170.670,1.7543,3.6418,-2.2732,-63.119,-10.851,-155.888
54.301086,93.740,-31.695,170.575,3.4249,3.5251,-1.4994,-66.651,-16.923,-157.986
54.317753,92.634,-28.978,170.412,3.7420,2.1713,-1.1040,-71.395,-17.836,-162.328
54.334420,91.727,-26.209,170.199,3.2368,1.3989,-0.9917,-60.458,-17.983,-165.684
54.351087,91.060,-23.383,169.903,3.5357,1.5256,-0.2891,-47.553,-20.557,-169.112
54.367754,90.589,-20.544,169.531,3.7796,1.3851,-0.2818,-36.682,-23.488,-170.070
54.384421,90.380,-17.731,169.153,3.6448,0.9187,-0.5647,-20.029,-23.192,-168.573
54.401088,90.361,-14.956,168.795,3.7723,0.7105,0.1362,-7.298,-21.997,-166.403
54.417755,90.339,-12.203,168.425,4.1350,0.7072,1.3902,-6.551,-22.860,-164.981
54.434422,90.320,-9.490,168.037,4.1415,0.3180,1.9958,-5.601,-24.103,-162.664
54.451089,90.254,-6.854,167.625,3.9283,-0.0570,2.3916,-7.524,-25.536,-157.972
54.467756,90.071,-4.315,167.198,3.5577,-0.6343,2.4021,-13.555,-26.248,-152.195
54.484423,89.944,-1.884,166.771,2.9291,-1.1280,1.8288,-9.044,-25.873,-145.807
54.501090,89.986,0.421,166.377,2.4759,-1.3879,1.5991,2.165,-23.827,-138.236
54.517757,90.225,2.571,166.025,2.2707,-1.4734,1.5239,14.829,-21.558,-128.841
54.534424,90.732,4.554,165.695,2.4269,-1.7948,1.6183,31.585,-21.043,-118.687
54.551091,91.423,6.448,165.369,1.6430,-1.5105,1.4830,43.303,-21.838,-113.184
54.567758,92.153,8.264,165.088,2.8789,-1.7442,2.2435,45.839,-20.340,-108.258
54.584425,92.717,10.010,164.779,1.5572,-1.5655,2.0660,36.753,-22.976,-103.732
54.601092,93.157,11.678,164.529,0.8155,-1.0854,2.6568,29.096,-20.055,-99.084
54.617759,93.465,13.200,164.301,1.0030,-1.0544,1.8921,21.336,-18.791,-90.254
54.634426,93.948,14.466,164.005,0.9812,-1.2924,1.3070,33.155,-22.366,-74.489
54.651093,94.680,15.542,163.632,0.2608,-1.3722,1.3385,49.606,-26.625,-62.650
54.667760,95.482,16.392,163.239,0.0130,-1.0758,1.0774,54.511,-27.296,-48.647
54.684427,96.327,17.104,162.910,1.4719,-1.1795,1.1552,56.241,-23.414,-40.399
54.701094,97.079,17.797,162.554,0.6615,-0.6745,2.1184,51.440,-25.274,-38.752
54.717761,97.703,18.516,162.136,0.9855,-1.0916,1.2044,45.118,-29.360,-39.516
54.734428,98.387,19.200,161.767,-0.3702,-0.7185,-0.4218,48.062,-26.659,-37.564
54.751095,98.918,19.809,161.363,1.2744,1.7064,-0.5496,39.822,-28.320,-32.550
54.767762,99.408,20.604,160.835,0.9375,1.2706,-0.7877,40.215,-37.127,-42.150
54.784429,100.527,21.402,160.270,1.5605,0.0319,-0.6175,79.200,-39.642,-41.522
54.801096,102.317,22.190,159.623,2.1591,-1.4803,-1.3475,121.687,-44.839,-39.039
54.817763,105.104,22.746,158.904,1.2214,-2.4910,-1.9862,183.570,-46.846,-22.835
54.834430,108.741,23.163,158.057,1.3127,-1.6750,-1.5325,237.927,-52.203,-10.107
54.851097,112.790,23.510,157.058,1.9829,-0.4677,-0.7425,266.554,-59.022,0.238
54.867764,116.421,23.809,155.771,3.5398,0.9152,0.3013,248.699,-71.906,13.301
54.884431,119.153,24.102,154.072,4.9402,0.8731,-0.0911,205.205,-90.773,28.020
54.901098,121.257,24.431,151.963,5.6578,-0.5569,-1.6452,178.133,-109.712,41.200
54.917765,123.069,24.857,149.451,5.7578,-1.8785,-2.3825,171.413,-129.647,51.439
54.934432,124.809,25.463,146.636,4.7990,-2.5646,-1.8868,176.133,-147.213,55.437
54.951099,126.432,26.154,143.694,2.8127,-2.6239,-0.5267,174.137,-153.321,59.057
54.967766,127.508,26.889,140.612,2.9949,-1.7415,0.1313,147.095,-158.734,64.490
54.984433,128.099,27.830,137.383,4.1919,-0.9520,0.2557,124.428,-170.558,61.020
55.001100,128.653,28.964,133.978,5.2865,-2.0057,0.5367,130.403,-183.104,58.446
55.017767,129.254,29.958,130.378,3.5865,-4.1624,2.0202,142.276,-183.658,72.091
55.034434,129.290,30.743,126.629,1.2761,-2.9630,3.0586,115.770,-179.999,86.572
55.051101,128.424,31.329,122.807,1.2315,-0.6230,3.4735,66.292,-174.970,96.054
55.067768,126.610,31.783,118.998,1.5489,-0.1715,3.8183,10.823,-170.917,97.133
55.084435,124.205,32.135,115.031,1.1344,-0.4749,3.9877,-18.246,-176.700,99.978
55.101102,121.505,32.364,110.997,-0.1088,-0.7319,3.2711,-32.721,-179.335,99.662
55.117769,118.822,32.430,106.959,-1.0424,-0.7891,3.0289,-31.062,-178.744,99.460
55.134436,116.538,32.260,102.974,-2.3011,-0.8452,3.0905,-8.997,-174.099,102.969
55.151103,114.685,31.841,99.142,-2.6196,-0.7738,3.5081,10.980,-164.795,107.040
55.167770,112.850,31.292,95.544,-2.7195,-0.2035,3.7668,2.958,-154.990,104.360
55.184437,110.424,30.672,92.150,-3.0446,-0.1351,3.1749,-40.613,-148.555,99.003
55.201104,107.178,30.062,88.874,-3.0391,-0.3323,2.4018,-95.289,-148.759,89.400
55.217771,103.253,29.463,85.699,-3.3739,-0.5467,2.0430,-140.863,-150.152,78.213
55.234438,99.052,28.774,82.685,-3.9264,-0.4560,1.6983,-164.002,-147.054,71.219
55.251105,95.030,28.027,79.906,-4.0945,-0.5032,1.3130,-161.922,-140.153,62.530
55.267772,91.157,27.247,77.332,-3.4354,-0.7361,0.3434,-160.720,-134.192,54.221
55.284439,87.348,26.433,74.980,-2.5695,-1.1790,-0.0929,-164.766,-126.661,47.309
55.301106,83.549,25.682,72.814,-2.0600,-1.2759,0.1871,-170.846,-120.054,35.800
55.317773,79.534,25.032,70.795,-1.9418,-1.1468,-0.0715,-189.039,-114.123,22.653
55.334440,75.560,24.410,68.916,-2.0409,-1.1405,-0.3877,-191.346,-108.208,14.528
55.351107,72.294,23.755,67.238,-2.1081,-1.4207,-0.4596,-154.878,-99.332,12.495
55.367774,70.600,23.243,65.523,-2.0232,-2.7757,-2.4200,-60.651,-99.388,-0.730
55.384441,70.116,22.986,64.048,-4.5799,-1.0093,-3.2803,5.636,-82.045,-12.657
55.401108,69.819,22.857,62.953,-4.0352,-3.2154,-1.2365,7.721,-59.666,-13.250
55.417775,70.191,22.577,62.009,-4.6931,-4.2576,1.4927,44.092,-55.028,-1.854
55.434442,71.153,22.143,61.354,-6.1399,-0.6778,3.3304,72.580,-43.105,12.807
55.451109,72.167,21.617,60.773,-5.3317,1.7805,1.8596,73.710,-40.855,20.088
55.467776,72.568,20.073,59.698,4.6577,0.1640,12.6698,46.830,-85.739,70.322
55.484443,73.400,18.410,57.472,5.9254,-2.6142,12.2511,93.802,-150.018,58.731
55.501110,72.347,16.625,54.929,0.3193,2.7338,-0.1023,-17.330,-170.762,59.756
55.517777,71.943,15.160,52.821,-4.3433,6.3855,-10.2897,10.350,-142.916,46.600
55.534444,71.675,14.186,51.628,-8.5245,7.1027,-14.6176,1.917,-84.277,34.096
55.551111,72.731,13.671,51.119,-8.8994,3.8382,-11.7126,70.504,-37.897,20.562
55.567778,74.532,13.525,50.681,-5.5333,-0.4385,-5.1664,114.005,-27.270,1.421
55.584445,76.329,13.631,50.116,-2.8652,-1.1953,-1.2307,115.501,-30.595,-14.207
55.601112,77.775,13.847,49.392,-2.4616,-0.1281,0.8047,96.795,-38.547,-21.853
55.617779,79.377,14.112,48.851,-3.7674,2.3868,0.0150,103.622,-28.007,-21.512
55.634446,82.013,14.388,48.803,-4.9327,5.0042,-1.4157,158.512,-0.404,-16.534
55.651113,85.947,14.691,49.365,-5.2602,6.0164,-2.4045,227.203,34.058,-14.429
55.667780,90.563,14.985,50.502,-4.5591,5.2533,-1.6920,259.009,66.107,-15.330
55.684447,95.353,15.413,51.914,-3.4476,2.5150,-2.0333,264.713,79.968,-29.656
55.701114,99.617,16.010,53.461,-2.0417,0.1504,-1.8596,230.133,83.599,-46.853
55.717781,103.379,16.761,55.260,-2.2788,0.0131,-0.2747,194.719,92.150,-64.593
55.734448,106.919,17.631,57.379,-2.6888,1.4059,-0.5417,174.177,103.263,-81.842
55.751115,110.383,18.549,59.742,-3.8957,2.5928,-1.4008,163.240,109.718,-95.012
55.767782,113.968,19.500,62.330,-3.4278,2.1871,-1.7964,163.780,114.029,-107.959
55.784449,116.695,20.478,65.061,-0.6134,1.3896,-0.0034,106.934,113.687,-118.692
55.801116,118.724,21.532,67.758,0.2488,0.7158,0.6339,63.071,103.854,-125.971
55.817783,121.441,22.633,70.524,-0.9763,0.0974,-1.9001,99.928,99.536,-133.980
55.834450,125.745,23.615,73.493,-1.3747,-0.1333,-2.2933,187.585,103.437,-139.494
55.851117,130.512,24.556,76.523,1.5742,-0.6263,-0.2527,211.087,95.275,-146.669
55.867784,134.256,25.577,79.450,5.0146,-1.5107,1.4983,149.555,75.735,-152.248
55.884451,136.955,26.831,82.415,4.3944,-2.0680,1.3238,82.713,57.439,-166.478
55.901118,140.068,28.115,85.453,0.8010,-1.9550,0.6861,102.106,48.963,-171.952
55.917785,144.498,29.172,88.602,-0.6144,-2.5458,1.1454,174.607,50.906,-169.754
55.934452,149.803,30.038,91.840,1.5404,-3.4503,1.7623,221.764,47.529,-169.892
55.951119,154.799,30.785,95.070,4.7340,-3.1332,3.2280,201.042,37.618,-168.571
55.967786,159.467,31.447,98.218,6.8080,-3.2854,4.5465,181.963,25.905,-164.163
55.984453,163.217,32.064,101.221,7.2628,-3.2629,4.7110,129.667,13.613,-156.835
56.001120,165.850,32.534,103.978,6.4055,-3.0237,3.8208,69.208,9.819,-142.065
56.017787,167.976,32.816,106.523,5.3379,-3.5030,2.6391,44.754,12.413,-128.853
56.034454,169.652,32.955,108.747,4.5170,-3.6904,1.9145,27.746,13.392,-111.388
56.051121,171.105,33.017,110.523,4.1590,-2.8932,1.6422,28.876,11.125,-88.628
56.067788,171.403,32.869,111.945,5.1474,-0.1952,3.9607,-28.834,19.568,-69.319
56.084455,169.788,32.715,112.879,5.0662,-0.4710,4.3898,-127.513,16.745,-44.880
56.101122,168.750,32.346,112.988,2.3751,-1.0167,4.6589,-66.037,22.730,-1.235
56.117789,168.064,31.994,112.397,4.2868,-0.3522,2.1942,-22.542,14.647,33.707
56.134456,166.752,32.124,111.904,-1.0240,-3.3095,-1.6516,-63.188,-13.095,22.836
56.151123,166.424,32.254,111.410,-2.7370,-3.8428,-1.8692,-4.076,-13.375,22.648
56.167790,166.705,32.448,111.138,0.5204,-2.6133,-2.3093,25.334,-14.463,10.821
56.184457,167.205,32.671,111.091,0.3025,-2.3234,-1.7843,31.273,-13.517,-0.623
56.201124,167.998,32.825,111.193,0.7503,-1.2873,-1.3322,43.989,-7.864,-6.957
56.217791,168.442,32.883,111.365,1.2006,-0.2524,-0.9336,20.789,-1.547,-9.099
56.234458,168.613,32.872,111.598,0.7350,-0.4077,-0.8478,2.417,3.092,-11.310
56.251125,168.771,32.838,111.865,-0.3032,-0.3676,-0.2215,0.514,4.766,-12.753
56.267792,168.944,32.774,112.177,-0.3741,-0.4528,0.6412,0.025,6.902,-14.596
56.284459,169.033,32.706,112.489,-0.1839,-0.7975,0.7559,-5.101,7.115,-14.617
56.301126,169.037,32.669,112.764,-0.2647,-0.8609,0.2757,-8.903,4.945,-13.116
56.317793,169.020,32.643,112.990,-0.4860,-0.8623,-0.0328,-8.646,3.819,-10.837
56.334460,168.981,32.620,113.182,-0.1181,-0.5877,-0.0960,-8.798,3.335,-9.180
56.351127,168.976,32.571,113.344,-0.3575,-0.0766,-0.0739,-5.799,4.600,-7.360
56.367794,168.996,32.477,113.489,0.3221,-0.0641,-0.3573,-3.769,7.052,-6.032
56.384461,168.900,32.354,113.666,0.4799,-0.0165,-0.5121,-11.795,9.104,-7.323
56.401128,168.815,32.200,113.821,0.2238,-0.2192,-0.4852,-10.357,10.710,-5.839
56.417795,168.885,32.071,113.955,-0.1641,-0.4253,-0.0186,-0.322,9.041,-5.090
56.434462,169.076,31.968,114.051,-0.3153,-0.4597,0.3281,8.100,7.152,-3.525
56.451129,169.223,31.897,114.075,-0.3809,-0.2024,0.5042,7.767,4.524,-0.298
56.467796,169.378,31.801,114.002,-0.1626,0.1317,0.1845,11.305,5.103,4.826
56.484463,169.492,31.709,113.850,-0.1748,-0.3460,-0.0968,11.313,4.150,8.709
56.501130,169.603,31.615,113.651,-0.0702,-0.7938,-0.3909,12.681,3.788,11.135
56.517797,169.648,31.536,113.470,0.3657,-0.8588,-0.5333,8.069,3.122,10.010
56.534464,169.702,31.486,113.314,0.0786,-0.4741,-0.0809,7.840,1.680,8.483
56.551131,169.835,31.454,113.170,-0.1969,0.1159,0.4431,12.161,0.734,7.707
56.567798,169.995,31.429,113.051,-0.0648,0.3356,0.8254,13.053,0.550,6.326
56.584465,170.194,31.420,112.962,0.2568,0.5127,0.7042,14.432,-0.109,4.714
56.601132,170.363,31.431,112.921,0.5039,0.3363,0.3838,11.128,-0.889,2.032
56.617799,170.507,31.464,112.936,0.4797,0.1118,0.3263,7.887,-1.650,-1.019
56.634466,170.688,31.502,112.991,0.5507,0.2291,0.2254,8.814,-1.699,-3.081
56.651133,170.832,31.539,113.085,0.3641,0.0898,0.1513,5.428,-1.263,-4.996
56.667800,170.997,31.569,113.188,-0.0568,-0.1680,0.0934,6.377,-0.803,-5.444
56.684467,171.155,31.593,113.309,0.0586,-0.3214,0.0262,5.419,-0.389,-6.267
56.701134,171.204,31.628,113.453,0.3309,-0.4329,-0.1558,-1.905,-0.780,-7.529
56.717801,171.220,31.656,113.607,-0.0038,-0.2129,0.0585,-4.140,-0.328,-7.955
56.734468,171.277,31.681,113.755,-0.0462,-0.0591,0.2153,-1.549,-0.204,-7.627
56.751135,171.351,31.704,113.896,0.0459,0.1393,0.2432,-0.273,-0.166,-7.254
56.767802,171.444,31.735,114.032,-0.1262,-0.0427,0.1066,1.037,-0.642,-7.053
56.784469,171.539,31.768,114.185,0.1170,-0.1009,0.0466,0.573,-0.693,-7.968
56.801136,171.638,31.790,114.343,0.1445,0.0778,0.1893,0.654,-0.009,-8.079
56.817803,171.711,31.801,114.494,-0.0387,0.0614,0.0987,-0.659,0.593,-7.640
56.834470,171.785,31.815,114.631,0.0382,-0.2024,0.0588,-0.165,0.314,-6.975
56.851137,171.881,31.844,114.773,-0.2155,-0.4938,-0.0025,0.934,-0.551,-7.349
56.867804,172.039,31.872,114.913,-0.1555,-0.2661,0.0732,4.794,-0.550,-7.223
56.884471,172.185,31.892,115.043,-0.0319,0.0098,0.1335,4.340,-0.153,-6.652
56.901138,172.306,31.911,115.153,0.1116,0.0516,0.1163,3.475,-0.241,-5.602
56.917805,172.386,31.927,115.235,-0.0250,-0.0736,0.0802,1.931,-0.295,-4.205
56.934472,172.463,31.938,115.297,-0.0212,-0.2542,-0.0299,2.345,-0.101,-3.153
56.951139,172.532,31.946,115.359,0.0478,-0.2077,-0.0375,1.881,0.054,-3.150
56.967806,172.615,31.942,115.412,-0.0722,-0.0129,0.1246,3.008,0.677,-2.561
56.984473,172.696,31.931,115.459,0.0693,0.0041,0.0857,3.059,1.066,-2.221
57.001140,172.742,31.926,115.515,0.1310,-0.2553,0.0548,0.741,0.807,-2.689
57.017807,172.781,31.919,115.576,0.1583,-0.1949,0.0598,0.093,0.945,-2.985
57.034474,172.801,31.911,115.638,0.0209,-0.1294,0.0620,-1.099,0.968,-3.006
57.051141,172.793,31.902,115.701,0.2454,-0.0194,0.1130,-2.769,1.050,-3.054
57.067808,172.748,31.900,115.767,0.0745,-0.2080,-0.0023,-5.038,0.653,-3.216
57.084475,172.685,31.906,115.833,0.1057,-0.2275,0.0354,-6.203,0.209,-3.336
57.101142,172.647,31.921,115.885,-0.0373,0.0386,0.2154,-4.256,-0.438,-2.694
57.117809,172.621,31.939,115.917,-0.0404,0.1711,0.2916,-2.827,-0.743,-1.669
57.134476,172.601,31.955,115.927,-0.1613,0.0625,0.1365,-1.811,-0.763,-0.545
57.151143,172.598,31.973,115.936,-0.2088,-0.1511,0.0561,-0.784,-0.892,-0.528
57.167810,172.650,31.999,115.940,-0.1188,-0.1102,0.1882,2.733,-1.433,-0.311
57.184477,172.723,32.032,115.949,0.0440,-0.0733,0.1144,3.756,-1.816,-0.661
57.201144,172.781,32.070,115.977,0.2416,0.0240,0.1443,2.326,-1.967,-1.641
57.217811,172.839,32.106,116.000,0.0556,0.0033,0.1376,2.432,-1.868,-1.361
57.234478,172.878,32.140,116.017,-0.0080,-0.1779,-0.1002,1.527,-1.793,-1.011
57.251145,172.896,32.179,116.036,-0.0991,-0.1564,0.0806,0.159,-2.135,-1.175
57.267812,172.919,32.220,116.048,-0.0502,-0.0575,0.1698,0.737,-2.273,-0.852
57.284479,172.971,32.264,116.053,-0.0180,0.0818,0.1827,2.605,-2.460,-0.507
57.301146,173.037,32.302,116.043,-0.0445,-0.0251,0.1143,3.980,-2.237,0.282
57.317813,173.106,32.339,116.025,0.0193,-0.1724,0.0515,4.440,-2.216,0.723
57.334480,173.173,32.375,116.008,0.0697,-0.2676,0.0291,4.315,-2.175,0.669
57.351147,173.227,32.403,115.996,0.0427,-0.0890,0.0080,3.319,-1.622,0.483
57.367814,173.254,32.426,115.985,0.0975,-0.0648,0.0115,1.691,-1.318,0.464
57.384481,173.260,32.439,115.973,0.1256,0.0361,0.1000,0.449,-0.760,0.580
57.401148,173.261,32.452,115.972,0.0856,-0.0101,0.1251,-0.202,-0.678,0.043
57.417815,173.278,32.464,115.975,0.0215,-0.0626,0.0770,0.637,-0.637,-0.169
57.434482,173.288,32.479,115.973,-0.0318,-0.1012,0.0711,0.345,-0.832,0.049
57.451149,173.274,32.488,115.961,0.0022,-0.1386,0.0529,-0.752,-0.512,0.585
57.467816,173.253,32.498,115.945,0.0963,-0.1595,0.0498,-1.002,-0.573,0.817
57.484483,173.214,32.511,115.929,0.0853,-0.1096,0.1024,-2.151,-0.816,0.787
57.501150,173.181,32.525,115.914,0.0296,-0.0402,0.1495,-1.800,-0.830,0.699
57.517817,173.175,32.536,115.897,-0.0413,-0.0883,0.0697,-0.074,-0.644,0.880
57.534484,173.173,32.541,115.879,-0.0184,-0.1078,-0.0101,0.184,-0.311,0.912
57.551151,173.182,32.545,115.870,-0.0253,-0.1413,0.0343,0.541,-0.200,0.504
57.567818,173.182,32.550,115.860,0.0704,-0.0566,0.1066,0.012,-0.315,0.525
57.584485,173.184,32.559,115.843,0.0600,0.0178,0.2035,0.387,-0.507,0.892
57.601152,173.191,32.567,115.815,0.0363,0.0277,0.1229,1.037,-0.576,1.403
57.617819,173.199,32.577,115.788,0.0189,-0.1199,0.0784,1.033,-0.675,1.319
57.634486,173.221,32.586,115.770,-0.0082,-0.1085,0.0736,1.613,-0.607,0.936
57.651153,173.255,32.594,115.763,0.0491,-0.1376,0.0284,2.007,-0.406,0.343
57.667820,173.262,32.604,115.768,0.2205,0.0147,0.1861,-0.025,-0.501,-0.251
57.684487,173.281,32.616,115.782,0.0442,0.1056,0.2235,0.356,-0.533,-0.698
57.701154,173.320,32.624,115.797,0.0442,0.0279,0.1346,1.597,-0.336,-0.762
57.717821,173.371,32.633,115.823,0.0647,-0.2066,-0.0113,1.932,-0.317,-1.288
57.734488,173.432,32.644,115.865,0.0856,-0.1665,0.0717,1.992,-0.306,-2.141
57.751155,173.496,32.651,115.913,0.0727,0.0457,0.1179,1.988,-0.076,-2.406
57.767822,173.565,32.656,115.950,0.0046,0.0732,0.1778,2.682,-0.037,-1.819
57.784489,173.630,32.662,115.977,-0.0096,-0.1028,0.0758,2.761,-0.170,-1.305
57.801156,173.675,32.672,116.022,0.0325,-0.2846,-0.0246,0.940,-0.237,-2.264
57.817823,173.734,32.679,116.089,0.1799,-0.0559,0.1046,1.090,0.018,-3.334
57.834490,173.781,32.679,116.158,0.0561,0.1142,0.1065,0.304,0.460,-3.445
57.851157,173.834,32.673,116.222,-0.0527,0.0665,0.1762,0.812,0.751,-3.086
57.867824,173.926,32.665,116.268,-0.0753,0.0128,0.1639,3.747,0.768,-2.219
57.884491,174.019,32.661,116.314,-0.0297,-0.1679,-0.0261,3.800,0.571,-2.225
57.901158,174.109,32.649,116.358,0.0721,-0.0220,0.0723,3.721,0.964,-2.080
57.917825,174.187,32.633,116.395,-0.0805,0.0596,0.0983,3.185,1.232,-1.697
57.934492,174.242,32.614,116.424,0.1643,-0.0049,0.0708,2.107,1.309,-1.260
57.951159,174.280,32.593,116.437,-0.0096,0.0477,0.0940,1.587,1.404,-0.480
57.967826,174.340,32.561,116.424,-0.1213,-0.0455,0.0843,3.742,1.843,0.904
57.984493,174.378,32.525,116.403,0.0715,-0.1966,-0.0481,2.678,2.112,1.344
58.001160,174.395,32.484,116.380,0.0265,-0.1866,-0.0216,1.424,2.404,1.440
58.017827,174.400,32.435,116.355,-0.0143,-0.1205,0.0281,0.884,2.832,1.619
58.034494,174.408,32.383,116.326,0.0587,-0.1314,0.0088,1.092,3.022,1.836
58.051161,174.405,32.330,116.299,0.0970,-0.1115,0.0994,0.443,3.062,1.716
58.067828,174.397,32.281,116.275,0.0571,0.0079,0.1505,-0.040,2.870,1.540
58.084495,174.383,32.239,116.253,0.1225,0.0581,0.1894,-0.408,2.414,1.407
58.101162,174.381,32.198,116.238,0.0858,0.0433,0.0896,0.116,2.406,1.100
58.117829,174.387,32.157,116.234,0.0917,-0.0328,0.1120,0.178,2.450,0.469
58.134496,174.403,32.122,116.246,0.0487,-0.0522,0.1226,0.315,2.208,-0.324
58.151163,174.423,32.092,116.260,0.0345,-0.0133,0.2003,0.490,1.910,-0.470
58.167830,174.435,32.067,116.276,0.0355,-0.0922,0.0924,-0.079,1.618,-0.620
58.184497,174.436,32.042,116.294,0.0863,-0.0995,0.0574,-0.784,1.603,-0.689
58.201164,174.451,32.014,116.307,-0.0226,0.0129,0.0944,0.204,1.788,-0.451
58.217831,174.466,31.981,116.312,0.0069,-0.0282,0.0724,0.500,1.992,-0.024
58.234498,174.468,31.955,116.321,0.0702,-0.0809,0.0600,-0.427,1.661,-0.219
58.251165,174.459,31.927,116.328,0.0960,0.0107,0.0901,-1.034,1.681,-0.155
58.267832,174.449,31.896,116.340,0.0304,0.0299,0.0904,-1.246,1.933,-0.366
58.284499,174.431,31.866,116.348,0.0217,0.0315,0.1094,-1.628,1.908,-0.205
58.301166,174.407,31.839,116.363,0.0556,-0.1281,0.0278,-2.194,1.702,-0.546
58.317833,174.390,31.812,116.381,0.0015,-0.0779,0.0989,-1.854,1.722,-0.684
58.334500,174.384,31.780,116.401,0.1297,0.0041,0.1254,-1.250,1.988,-0.775
58.351167,174.367,31.752,116.424,0.0517,-0.0365,0.1222,-1.999,1.831,-0.947
58.367834,174.358,31.725,116.458,0.0618,-0.1933,0.0439,-1.893,1.784,-1.505
58.384501,174.334,31.706,116.498,0.0632,-0.1528,0.0882,-2.992,1.375,-1.863
58.401168,174.325,31.690,116.538,-0.0681,-0.0471,0.1013,-2.061,1.199,-1.896
58.417835,174.310,31.675,116.575,0.0264,0.0394,0.0852,-2.349,1.073,-1.762
58.434502,174.288,31.662,116.609,0.0691,0.0221,0.1520,-2.655,0.937,-1.556
58.451169,174.281,31.652,116.623,0.0624,0.0828,0.2235,-1.126,0.703,-0.632
58.467836,174.294,31.644,116.630,0.0455,-0.0132,0.0936,0.329,0.544,-0.221
58.484503,174.289,31.633,116.638,0.0522,-0.0290,0.0537,-0.824,0.707,-0.284
58.501170,174.277,31.615,116.649,-0.0599,0.0197,0.0556,-1.377,1.096,-0.445
58.517837,174.258,31.592,116.664,-0.0617,-0.0032,0.0903,-1.799,1.475,-0.521
58.534504,174.252,31.567,116.674,0.0736,0.0010,0.1178,-0.974,1.515,-0.312
58.551171,174.242,31.544,116.676,0.0109,-0.0262,0.0721,-0.963,1.405,0.056
58.567838,174.248,31.522,116.675,0.0576,0.0274,0.1172,0.131,1.303,0.232
58.584505,174.238,31.498,116.673,0.0352,0.0938,0.1145,-0.741,1.453,0.345
58.601172,174.197,31.470,116.668,-0.0207,0.0923,0.0675,-2.557,1.617,0.479
58.617839,174.152,31.436,116.663,0.0098,-0.0349,0.0598,-2.853,2.004,0.488
58.634506,174.112,31.402,116.657,0.0337,-0.1673,0.0770,-2.448,1.953,0.559
58.651173,174.071,31.374,116.646,0.0424,-0.0684,0.0838,-2.376,1.622,0.808
58.667840,174.035,31.349,116.622,-0.0872,-0.0240,0.1295,-1.688,1.337,1.412
58.684507,174.019,31.330,116.590,-0.1102,-0.0337,0.0915,-0.180,0.990,1.835
58.701174,174.012,31.310,116.556,0.0405,-0.0188,0.1021,0.321,0.969,1.887
58.717841,173.992,31.286,116.523,0.1215,-0.0223,0.0415,-0.390,1.250,1.894
58.734508,173.946,31.260,116.498,0.1630,0.0005,0.0702,-2.269,1.406,1.500
58.751175,173.878,31.234,116.482,0.0636,-0.0325,0.0537,-3.812,1.440,1.034
58.767842,173.802,31.214,116.472,0.0437,0.0102,0.1650,-4.531,1.097,0.700
58.784509,173.770,31.203,116.458,-0.1379,0.0125,0.2061,-1.729,0.540,0.836
58.801176,173.756,31.196,116.441,0.0294,-0.0298,0.0730,-0.567,0.299,0.977
58.817843,173.749,31.189,116.418,0.0301,-0.0525,0.0336,0.052,0.281,1.267
58.834510,173.717,31.179,116.395,0.0856,-0.0491,0.0388,-1.452,0.451,1.282
58.851177,173.669,31.168,116.379,0.0793,-0.0151,0.1049,-2.653,0.509,0.947
58.867844,173.621,31.162,116.368,-0.0527,-0.0560,0.0964,-2.784,0.275,0.671
58.884511,173.589,31.161,116.354,-0.0683,0.0029,0.1623,-1.719,-0.039,0.758
58.901178,173.579,31.159,116.332,-0.0115,0.0602,0.1204,-0.191,-0.047,1.210
58.917845,173.571,31.156,116.301,0.0028,0.0010,0.0933,0.195,0.001,1.643
58.934512,173.571,31.151,116.264,0.0117,-0.0554,0.0519,0.908,-0.001,1.960
58.951179,173.565,31.146,116.239,0.0844,-0.0360,0.0181,0.177,0.136,1.403
58.967846,173.526,31.135,116.225,0.1115,0.0683,0.0296,-2.130,0.539,0.819
58.984513,173.469,31.120,116.209,0.0377,0.1148,0.1059,-3.217,0.743,0.962
59.001180,173.412,31.106,116.190,0.0038,-0.0153,0.1455,-3.029,0.690,1.134
59.017847,173.382,31.093,116.162,-0.0453,-0.1522,0.1123,-1.224,0.595,1.549
59.034514,173.357,31.085,116.126,0.0500,-0.1829,0.0658,-0.661,0.220,1.948
59.051181,173.321,31.080,116.090,0.0693,-0.0899,0.0402,-1.259,0.023,1.949
59.067848,173.293,31.074,116.060,-0.0142,0.0062,0.0869,-0.992,0.128,1.647
59.084515,173.285,31.065,116.045,0.0050,0.0531,0.0932,-0.253,0.401,0.864
59.101182,173.265,31.051,116.054,0.1384,0.0872,0.0940,-1.723,0.844,-0.281
59.117849,173.220,31.040,116.070,0.0644,0.0966,0.1381,-3.436,0.723,-0.705
59.134516,173.200,31.033,116.077,-0.0380,0.0016,0.1572,-1.716,0.408,-0.274
59.151183,173.193,31.030,116.070,-0.0507,-0.0678,0.1459,-0.412,0.068,0.437
59.167850,173.199,31.030,116.057,0.0030,-0.1466,0.0557,0.535,-0.146,0.724
59.184517,173.193,31.026,116.040,-0.0043,-0.1102,0.0535,-0.098,0.075,0.973
59.201184,173.180,31.017,116.021,0.0305,-0.0211,0.0287,-0.459,0.384,1.075
59.217851,173.154,31.003,116.011,0.0866,0.0362,0.0428,-1.481,0.721,0.668
59.234518,173.120,30.989,116.006,0.0361,-0.0029,0.1103,-2.114,0.726,0.414
59.251185,173.084,30.978,116.000,-0.0437,0.0201,0.1147,-2.239,0.559,0.439
59.267852,173.066,30.967,115.994,0.0043,0.0449,0.1450,-1.148,0.527,0.451
59.284519,173.052,30.961,115.985,0.0086,0.0498,0.1105,-0.811,0.254,0.540
59.301186,173.062,30.952,115.968,-0.0605,-0.0050,0.1141,0.901,0.378,0.986
59.317853,173.072,30.940,115.954,0.1294,-0.0528,0.0370,0.759,0.559,0.842
59.334520,173.058,30.925,115.950,0.0140,-0.0929,0.0073,-0.948,0.775,0.382
59.351187,173.013,30.909,115.945,-0.0424,-0.0960,0.0275,-2.753,0.905,0.420
59.367854,172.981,30.894,115.929,-0.1435,-0.0605,0.1264,-1.689,0.714,1.011
59.384521,172.964,30.884,115.909,0.0258,0.0561,0.1228,-0.656,0.396,1.148
59.401188,172.958,30.873,115.884,0.0265,0.1261,0.1164,0.149,0.416,1.404
59.417855,172.943,30.864,115.857,0.0650,0.0385,0.1155,-0.308,0.272,1.499
59.434522,172.935,30.857,115.835,0.0708,-0.0534,0.1289,-0.038,0.205,1.218
59.451189,172.938,30.853,115.819,-0.0287,-0.0335,0.0892,0.456,0.098,0.919
59.467856,172.936,30.848,115.806,0.0097,-0.0144,0.0823,0.018,0.097,0.734
59.484523,172.928,30.845,115.800,0.0358,-0.0529,0.0630,-0.486,0.048,0.417
59.501190,172.901,30.846,115.789,0.0425,0.0376,0.1170,-1.601,-0.178,0.566
59.517857,172.894,30.846,115.774,-0.0424,0.0349,0.1889,-0.164,-0.188,0.828
59.534524,172.897,30.848,115.758,0.0709,-0.0180,0.0423,0.438,-0.316,0.862
59.551191,172.903,30.849,115.753,0.0457,-0.0672,0.0264,0.298,-0.169,0.320
59.567858,172.886,30.848,115.754,0.0773,-0.0000,0.0396,-1.284,-0.022,0.014
59.584525,172.850,30.846,115.752,-0.0514,0.0633,0.1376,-2.351,0.057,0.157
59.601192,172.837,30.846,115.747,-0.0380,-0.0094,0.1418,-0.852,-0.164,0.317
59.617859,172.825,30.847,115.738,0.0418,0.0697,0.0978,-0.709,-0.194,0.491
59.634526,172.806,30.843,115.730,0.0569,0.0536,0.0663,-1.099,0.107,0.518
59.651193,172.771,30.839,115.721,0.0196,0.0305,0.0978,-2.074,0.086,0.557
59.667860,172.746,30.839,115.711,-0.0046,-0.1489,0.0673,-1.467,-0.157,0.536
59.684527,172.745,30.845,115.718,0.0874,-0.2417,0.0961,-0.461,-0.407,-0.314
59.701194,172.756,30.856,115.739,0.0660,-0.1405,0.0594,-0.264,-0.619,-1.134
59.717861,172.753,30.863,115.770,0.1374,0.0928,0.0476,-1.390,-0.300,-1.595
59.734528,172.732,30.863,115.800,-0.0390,0.1446,0.0244,-2.351,0.106,-1.441
59.751195,172.715,30.858,115.810,-0.1502,0.1212,0.0903,-1.596,0.281,-0.435
59.767862,172.709,30.849,115.805,-0.1971,0.1074,0.1776,-0.432,0.396,0.373
59.784529,172.697,30.839,115.782,-0.0219,0.1480,0.0781,-0.247,0.336,1.286
59.801196,172.686,30.829,115.756,0.0076,0.0586,0.1286,-0.120,0.306,1.466
59.817863,172.685,30.823,115.734,0.0320,-0.0455,0.1053,0.382,0.158,1.268
59.834530,172.677,30.822,115.726,0.1149,-0.1513,0.0874,-0.465,-0.128,0.465
59.851197,172.667,30.827,115.730,0.0553,-0.0963,0.0984,-0.963,-0.395,-0.197
59.867864,172.659,30.836,115.731,0.0053,-0.0625,0.1255,-0.729,-0.629,-0.084
59.884531,172.669,30.846,115.728,-0.0472,-0.0898,0.0631,0.500,-0.727,0.171
59.901198,172.670,30.860,115.726,0.0635,-0.0840,0.0590,-0.126,-0.910,0.047
59.917865,172.664,30.870,115.726,0.0024,0.0129,0.0890,-0.639,-0.745,-0.055
59.934532,172.659,30.877,115.728,0.0391,0.0701,0.0909,-0.548,-0.481,-0.069
59.951199,172.656,30.878,115.737,0.0224,0.0041,0.0523,-0.726,-0.139,-0.408
59.967866,172.640,30.879,115.747,0.0986,0.0622,0.0887,-1.486,-0.086,-0.501
59.984533,172.627,30.876,115.750,-0.0615,0.0627,0.1038,-1.116,0.077,-0.094
60.001200,172.624,30.875,115.745,0.0165,0.0444,0.1195,-0.284,-0.085,0.308
60.017867,172.624,30.874,115.739,-0.0719,-0.0464,0.0431,-0.048,-0.062,0.374
60.034534,172.616,30.872,115.738,0.0345,-0.0840,0.0458,-0.652,-0.010,0.143
60.051201,172.588,30.869,115.743,0.0041,-0.0041,0.0858,-2.068,0.094,-0.174
60.067868,172.572,30.869,115.738,-0.0938,0.0335,0.1484,-1.125,-0.123,0.233
60.084535,172.570,30.868,115.734,0.0637,-0.0179,0.0594,-0.152,-0.138,0.299
60.101202,172.562,30.868,115.733,0.0819,0.0084,0.0513,-0.722,-0.123,0.114
60.117869,172.552,30.863,115.737,0.0982,0.0553,0.0757,-0.943,0.254,-0.135
60.134536,172.544,30.858,115.755,0.0915,0.0811,0.1347,-1.279,0.282,-0.826
60.151203,172.531,30.850,115.769,-0.0557,0.0716,0.1362,-1.461,0.431,-0.597
60.167870,172.534,30.840,115.781,-0.0777,-0.1415,0.1218,-0.365,0.529,-0.438
60.184537,172.558,30.831,115.791,0.0379,-0.2719,0.0335,0.877,0.523,-0.384
60.201204,172.554,30.822,115.799,-0.0244,-0.1871,-0.0444,-0.739,0.429,-0.320
60.217871,172.540,30.816,115.801,-0.0361,0.0388,0.0775,-1.155,0.279,-0.046
60.234538,172.546,30.816,115.787,-0.0992,0.2080,0.2016,0.537,-0.188,0.676
60.251205,172.536,30.824,115.761,-0.0389,0.2480,0.2449,-0.057,-0.760,1.326
60.267872,172.519,30.842,115.725,0.0095,0.2135,0.1935,-0.145,-1.465,1.734
60.284539,172.511,30.871,115.691,-0.1014,0.1284,0.1883,0.520,-2.121,1.833
60.301206,172.521,30.915,115.646,-0.1034,-0.0482,0.1414,1.824,-3.077,2.130
60.317873,172.532,30.976,115.592,0.0243,-0.0851,0.1355,2.102,-4.134,2.395
60.334540,172.531,31.050,115.527,-0.0216,-0.1460,0.0736,1.671,-4.974,2.729
60.351207,172.533,31.136,115.448,-0.0632,-0.0359,0.1853,2.306,-5.752,3.293
60.367874,172.547,31.228,115.358,-0.0809,-0.0173,0.0923,3.283,-6.206,3.796
60.384541,172.554,31.318,115.271,-0.0353,-0.0118,0.0792,2.910,-6.064,3.791
60.401208,172.586,31.398,115.190,-0.0109,0.0047,0.0628,4.571,-5.512,4.064
60.417875,172.634,31.463,115.115,0.1099,0.0192,0.0638,5.158,-4.525,3.610
60.434542,172.685,31.507,115.021,0.1362,-0.1905,-0.1144,5.815,-3.401,4.586
60.451209,172.649,31.530,114.923,0.2111,-0.3640,-0.3473,0.791,-2.159,5.011
60.467876,172.540,31.536,114.805,0.0152,-0.1593,-0.2762,-3.124,-1.277,5.925
60.484543,172.397,31.532,114.670,-0.0022,0.1502,0.1125,-4.788,-0.727,6.561
60.501210,172.229,31.529,114.537,-0.0441,0.2171,0.2410,-6.085,-0.923,6.924
60.517877,172.099,31.546,114.386,-0.2548,0.1273,0.3500,-3.302,-2.147,7.519
60.534544,172.014,31.588,114.230,-0.1853,0.0334,0.2636,-0.167,-3.867,8.054
60.551211,172.003,31.661,114.075,-0.0811,-0.0157,0.2743,4.183,-5.614,7.572
60.567878,172.032,31.762,113.934,0.0374,0.1288,0.2717,6.228,-7.262,6.828
60.584545,172.082,31.884,113.792,0.1049,0.2323,0.2968,6.956,-8.271,5.729
60.601212,172.134,32.005,113.664,0.1492,0.3610,0.1939,6.804,-8.206,5.261
60.617879,172.143,32.120,113.563,0.1284,0.1566,0.0139,4.254,-7.879,5.290
60.634546,172.135,32.231,113.430,-0.0679,-0.0943,0.0501,3.531,-7.652,5.818
60.651213,172.107,32.344,113.286,0.0049,-0.3418,-0.0786,2.681,-7.864,6.327
60.667880,172.051,32.462,113.122,0.0154,-0.3484,-0.0192,1.022,-8.142,6.337
60.684547,171.996,32.580,112.964,-0.1120,-0.1331,0.1171,1.565,-8.233,6.943
60.701214,171.953,32.693,112.784,-0.1235,0.1720,0.1472,3.042,-8.145,8.124
60.717881,171.922,32.796,112.579,-0.1892,0.1980,0.1318,4.267,-7.664,8.987
60.734548,171.905,32.892,112.386,0.0297,0.2363,0.1063,5.138,-7.244,9.120
60.751215,171.852,32.974,112.206,0.2067,0.1951,0.0582,2.579,-6.342,8.501
60.767882,171.752,33.049,112.072,0.3694,0.0763,-0.0398,-1.074,-5.808,7.226
60.784549,171.633,33.119,111.948,0.2342,-0.0573,0.0322,-3.126,-5.272,5.801
60.801216,171.523,33.189,111.851,0.1537,-0.1344,0.0452,-3.677,-4.992,4.283
60.817883,171.402,33.261,111.741,0.0007,-0.1052,0.1332,-4.961,-4.958,3.216
60.834550,171.312,33.333,111.651,-0.0246,0.0610,0.1970,-2.934,-5.012,3.431
60.851217,171.243,33.407,111.558,-0.1378,-0.0102,0.0842,-1.408,-5.168,3.856
60.867884,171.184,33.477,111.458,-0.0354,-0.0210,0.0916,-0.313,-5.164,4.553
60.884551,171.108,33.545,111.346,-0.0041,0.0100,0.0401,-1.103,-5.014,4.901
60.901218,171.046,33.601,111.215,-0.0877,-0.0641,0.0233,0.063,-4.412,5.484
60.917885,170.986,33.644,111.104,0.0981,-0.0334,-0.0031,-0.081,-3.569,5.273
60.934552,170.913,33.679,111.006,0.0962,-0.0952,0.0214,-1.299,-3.006,4.616
60.951219,170.802,33.713,110.923,0.1844,-0.1106,0.0470,-4.009,-2.880,3.924
60.967886,170.605,33.745,110.875,0.2742,-0.0095,0.0560,-9.712,-2.672,3.166
60.984553,170.359,33.776,110.795,0.0795,0.0462,0.0559,-12.479,-2.576,3.470
61.001220,170.091,33.808,110.734,0.0199,0.1241,0.1158,-13.657,-2.755,3.599
61.017887,169.766,33.848,110.669,0.4205,0.2448,0.1409,-17.556,-3.109,2.817
61.034554,169.138,33.919,110.621,0.6952,0.4200,0.1696,-36.513,-4.687,1.243
61.051221,168.131,34.025,110.621,0.6383,0.4806,0.3116,-59.677,-6.730,0.187
61.067888,167.208,34.132,110.587,-0.5397,0.0887,0.3869,-54.323,-6.858,0.457
61.084555,166.593,34.218,110.559,-0.1990,0.0553,0.1681,-36.094,-5.528,0.313
61.101222,166.120,34.294,110.543,-0.1499,-0.0927,0.1635,-27.760,-4.878,0.112
61.117889,165.798,34.361,110.514,-0.2082,-0.1500,-0.0329,-18.807,-4.315,0.122
61.134556,165.625,34.416,110.502,-0.3235,-0.3174,-0.1179,-10.121,-3.539,-0.066
61.151223,165.650,34.453,110.497,-0.2905,-0.3054,-0.0882,1.709,-2.470,0.035
61.167890,165.754,34.480,110.486,-0.2614,-0.2121,0.0181,6.335,-1.890,0.105
61.184557,165.919,34.505,110.464,-0.1274,-0.0746,0.0769,10.362,-1.860,0.716
61.201224,166.037,34.532,110.423,0.0133,0.0845,0.0302,8.293,-2.196,1.648
61.217891,166.160,34.555,110.364,-0.1119,0.0263,0.0115,9.116,-2.218,2.480
61.234558,166.279,34.576,110.295,0.1983,0.1346,0.1350,9.242,-2.214,3.077
61.251225,166.356,34.591,110.220,0.0700,0.1437,0.1493,6.970,-1.915,3.445
61.267892,166.427,34.606,110.149,0.1343,0.0112,0.1433,6.460,-1.854,3.263
61.284559,166.474,34.630,110.078,0.0630,-0.0329,0.1306,5.027,-2.367,3.112
61.301226,166.525,34.661,110.020,-0.0488,-0.0870,0.1016,4.780,-2.667,2.370
61.317893,166.583,34.695,109.977,0.0143,-0.0579,0.0639,4.759,-2.646,1.648
61.334560,166.647,34.727,109.935,0.1344,0.1011,0.1250,4.918,-2.430,1.458
61.351227,166.721,34.753,109.894,0.0676,0.1659,0.0853,5.632,-2.162,1.622
61.367894,166.808,34.775,109.855,0.1268,-0.0101,0.0235,6.437,-1.970,1.785
61.384561,166.842,34.800,109.819,0.1914,-0.0596,-0.0379,3.005,-1.984,1.374
61.401228,166.870,34.822,109.791,0.0289,0.0395,0.0725,2.564,-1.826,1.307
61.417895,166.883,34.843,109.759,-0.1643,0.0449,0.1379,1.805,-1.787,1.428
61.434562,166.931,34.861,109.714,-0.0826,-0.0224,0.1104,4.048,-1.682,1.812
61.451229,166.953,34.884,109.670,0.1512,-0.0745,0.0253,2.336,-1.888,1.440
61.467896,166.940,34.906,109.629,0.2940,-0.0241,0.0639,0.174,-1.862,1.381
61.484563,166.882,34.935,109.579,-0.0536,0.1820,0.2539,-2.128,-2.372,1.884
61.501230,166.881,34.959,109.517,-0.1354,0.0724,0.1758,1.965,-2.266,2.800
61.517897,166.907,34.986,109.441,-0.0732,-0.0040,0.0632,3.832,-2.549,3.191
61.534564,166.931,35.012,109.371,-0.0578,-0.0042,0.0842,4.052,-2.675,3.608
61.551231,166.964,35.036,109.283,-0.1499,-0.0645,0.0223,4.964,-2.607,4.134
61.567898,166.988,35.056,109.193,0.1390,-0.0378,0.0244,4.673,-2.460,4.560
61.584565,166.978,35.075,109.100,0.1083,0.0343,0.0537,2.607,-2.383,4.559
61.601232,166.936,35.090,108.994,0.1515,0.0984,0.0503,0.857,-2.247,4.839
61.617899,166.860,35.109,108.888,0.0456,0.0420,0.0832,-1.036,-2.439,4.934
61.634566,166.789,35.124,108.764,-0.0795,0.0194,0.1174,-0.305,-2.447,5.634
61.651233,166.748,35.139,108.627,-0.0618,-0.0147,0.0916,1.675,-2.447,5.885
61.667900,166.706,35.149,108.503,0.1845,0.0484,0.0738,1.493,-2.113,5.765
61.684567,166.635,35.164,108.407,0.1731,-0.0116,0.1067,-0.982,-2.188,4.633
61.701234,166.590,35.179,108.319,0.0261,0.1206,0.1298,0.078,-2.051,3.992
61.717901,166.564,35.189,108.247,0.0474,0.2058,0.1521,0.993,-1.652,3.676
61.734568,166.531,35.194,108.165,0.0994,0.0104,0.0595,0.364,-1.304,3.507
61.751235,166.484,35.194,108.100,0.1349,-0.1609,0.0314,-0.874,-0.949,3.079
61.767902,166.394,35.194,108.055,0.1783,-0.1097,-0.0016,-3.755,-0.762,2.532
61.784569,166.284,35.190,108.007,0.0526,0.0031,-0.0013,-4.874,-0.617,2.791
61.801236,166.147,35.182,107.942,0.0721,0.0071,0.0680,-6.102,-0.540,3.357
61.817903,166.024,35.175,107.854,-0.1319,-0.0470,0.1265,-4.634,-0.729,4.195
61.834570,165.909,35.168,107.748,0.0066,0.0069,0.1190,-3.630,-0.985,4.936
61.851237,165.807,35.165,107.637,-0.2151,-0.0702,0.0627,-2.475,-1.300,5.414
61.867904,165.736,35.160,107.522,0.1096,0.0017,0.0972,-0.649,-1.234,5.448
61.884571,165.629,35.163,107.429,0.0703,-0.1011,0.0372,-3.244,-1.573,4.615
61.901238,165.537,35.179,107.342,0.0440,-0.1874,0.0943,-2.869,-2.123,3.762
61.917905,165.495,35.212,107.256,0.0068,-0.0848,0.2052,0.114,-3.070,3.461
61.934572,165.496,35.257,107.162,-0.1069,0.0330,0.2871,3.122,-3.929,3.832
61.951239,165.540,35.313,107.076,-0.1242,0.2286,0.2153,6.029,-4.769,4.152
61.967906,165.603,35.369,106.964,-0.0785,0.3754,0.1607,7.453,-4.806,4.484
61.984573,165.667,35.413,106.847,0.0427,0.3860,0.0894,7.623,-4.153,4.860
62.001240,165.678,35.446,106.737,0.1918,0.2369,-0.0477,4.103,-3.337,4.523
62.017907,165.643,35.464,106.652,0.2927,0.1391,-0.0290,0.931,-2.343,4.154
62.034574,165.608,35.474,106.590,0.0909,-0.0509,0.0127,0.430,-1.807,3.641
62.051241,165.604,35.487,106.487,0.0157,-0.1748,0.0284,2.206,-1.778,3.435
62.067908,165.595,35.511,106.423,0.1291,-0.1178,0.1294,1.919,-2.560,3.344
62.084575,165.581,35.546,106.334,-0.1335,-0.0050,0.1960,2.444,-3.429,4.210
62.101242,165.582,35.595,106.246,-0.1450,0.0244,0.2232,3.244,-4.301,3.933
62.117909,165.616,35.660,106.135,-0.1354,-0.0729,0.1409,4.892,-4.916,3.207
62.134576,165.696,35.735,106.077,0.0215,-0.2432,0.0852,6.744,-5.295,1.829
62.151243,165.831,35.817,106.050,0.0535,-0.2746,-0.0134,8.841,-5.334,0.125
62.167910,166.000,35.915,106.061,0.2119,-0.3184,-0.0781,9.645,-5.779,-1.794
62.184577,166.228,36.032,106.105,0.2533,-0.3012,-0.1700,11.846,-6.466,-3.802
62.201244,166.493,36.167,106.161,0.2770,-0.2273,-0.1386,13.780,-7.401,-4.419
62.217911,166.747,36.297,106.240,0.4568,-0.0385,0.0906,12.645,-7.048,-4.911
62.234578,166.923,36.409,106.312,0.1496,0.2473,0.3068,7.745,-5.883,-4.953
62.251245,167.063,36.514,106.388,-0.1317,0.2926,0.3482,5.588,-5.539,-4.807
62.267912,167.211,36.623,106.444,-0.1786,0.4507,0.3169,6.533,-5.939,-4.189
62.284579,167.391,36.717,106.489,-0.1382,0.5811,0.2770,9.065,-5.229,-3.202
62.301246,167.590,36.798,106.531,0.0207,0.6002,0.2688,10.310,-4.512,-2.923
62.317913,167.768,36.870,106.587,0.1636,0.3368,0.0801,8.422,-3.832,-3.542
62.334580,167.887,36.924,106.652,0.2614,0.3004,0.1130,4.599,-2.738,-3.654
62.351247,167.973,36.973,106.719,0.1734,0.1543,0.0721,2.660,-2.412,-3.594
62.367914,168.022,37.022,106.776,-0.0200,-0.2565,-0.1401,0.709,-2.542,-3.222
62.384581,168.056,37.094,106.819,0.1206,-0.7072,-0.0912,0.169,-3.962,-2.995
62.401248,168.112,37.203,106.841,-0.0896,-0.8195,-0.0009,2.332,-6.316,-2.396
62.417915,168.230,37.349,106.844,-0.6074,-0.5330,0.0977,6.694,-8.748,-1.980
62.434582,168.401,37.514,106.825,-0.7722,-0.2954,0.1705,10.784,-10.057,-1.048
62.451249,168.590,37.674,106.759,-0.0819,-0.0940,0.0439,13.497,-10.178,1.174
62.467916,168.694,37.821,106.683,0.4601,-0.2563,-0.0383,8.849,-9.558,1.896
62.484583,168.644,37.949,106.634,0.5399,-0.5495,-0.1910,-1.405,-8.189,0.836
62.501250,168.450,38.037,106.606,0.6237,-0.6611,-0.3053,-10.802,-5.602,0.322
62.517917,168.200,38.080,106.615,0.4901,-0.5446,-0.3691,-15.548,-2.605,-0.922
62.534584,167.985,38.079,106.671,0.1142,-0.0957,-0.3180,-15.130,0.444,-2.510
62.551251,167.716,38.043,106.749,0.4489,0.1724,0.0321,-19.245,2.694,-3.120
62.567918,167.323,37.971,106.882,0.3295,0.2667,0.5591,-28.684,5.434,-5.105
62.584585,166.755,37.824,106.993,0.6529,0.3385,1.0039,-38.391,9.606,-3.122
62.601252,165.832,37.663,107.172,1.2818,-0.7686,0.7355,-62.108,11.244,-5.883
62.617919,164.569,37.523,107.472,1.0342,-1.6858,0.0658,-86.991,11.598,-11.620
62.634586,163.193,37.410,107.878,0.6136,-2.5631,-0.8549,-97.562,11.762,-16.670
62.651253,161.903,37.229,108.355,0.9359,-3.4043,-1.5845,-94.936,17.021,-18.385
62.667920,160.617,37.002,108.972,1.4055,-3.3155,-1.2129,-99.722,22.299,-23.533
62.684587,158.665,36.857,109.627,2.0049,-3.1868,-0.6297,-140.919,19.070,-26.361
62.701254,156.078,36.867,110.219,2.9604,-3.4042,-0.9076,-176.773,10.329,-26.427
62.717921,153.130,36.948,110.608,3.3039,-2.6729,-0.6689,-191.108,3.637,-18.878
62.734588,150.459,37.029,110.753,3.5097,-2.8775,0.1661,-165.727,-0.947,-8.358
62.751255,148.062,37.118,110.790,2.5795,-2.9132,0.4847,-145.422,-3.602,-4.155
62.767922,145.736,37.261,110.768,2.0965,-2.9314,0.3569,-138.967,-7.648,-3.678
62.784589,143.418,37.521,110.718,2.6244,-2.3519,0.3238,-137.458,-13.976,-6.978
62.801256,141.029,37.927,110.638,2.8868,-1.8666,0.2481,-140.638,-21.416,-11.834
62.817923,138.609,38.437,110.463,2.9198,-1.6407,0.2534,-138.894,-28.509,-13.241
62.834590,136.062,39.068,110.172,3.2838,-1.3352,0.4389,-142.154,-36.867,-15.506
62.851257,133.251,39.858,109.786,3.0298,-1.2432,0.3214,-154.106,-45.856,-20.950
62.867924,130.054,40.797,109.262,2.9667,-1.1398,0.3352,-171.642,-55.085,-25.957
62.884591,126.518,41.859,108.601,2.6562,-0.8114,0.4838,-186.142,-62.662,-31.336
62.901258,122.927,42.984,107.834,1.9556,-0.4804,0.5211,-184.590,-66.108,-35.872
62.917925,119.401,44.077,107.060,1.9525,-0.1250,0.4125,-179.762,-62.507,-38.449
62.934592,115.845,45.168,106.284,2.5668,0.1463,0.5455,-180.806,-59.478,-42.348
62.951259,112.108,46.335,105.468,2.4852,-0.2332,0.5472,-189.264,-59.430,-49.744
62.967926,108.405,47.501,104.614,1.1694,-1.0339,0.0089,-184.916,-56.803,-53.187
62.984593,104.860,48.593,103.775,1.6961,-0.8657,0.1205,-175.416,-50.763,-52.800
63.001260,101.386,49.664,102.997,2.2293,0.0080,0.4106,-173.293,-44.100,-55.256
63.017927,98.155,50.766,102.247,2.2773,-0.4479,0.1423,-159.433,-39.395,-59.871
63.034594,95.210,51.856,101.481,2.0815,-0.5085,-0.0721,-140.943,-35.924,-61.182
63.051261,92.399,52.926,100.595,2.0212,-0.0252,0.4115,-126.708,-36.398,-61.456
63.067928,89.837,53.941,99.549,1.1058,-0.1769,0.5114,-103.456,-38.339,-59.695
63.084595,87.679,54.831,98.426,0.6696,0.1807,0.7433,-74.825,-37.857,-53.780
63.101262,85.710,55.600,97.219,0.5729,0.8213,0.9993,-58.856,-38.371,-47.992
63.117929,83.813,56.267,95.960,0.3311,0.9331,0.7554,-51.348,-38.306,-43.223
63.134596,81.859,56.826,94.642,0.1221,1.2230,0.9522,-51.406,-38.850,-38.291
63.151263,79.883,57.289,93.268,-0.1277,0.9954,0.8903,-49.476,-39.667,-34.081
63.167930,78.076,57.658,91.885,-0.6860,0.9530,0.8863,-38.640,-39.375,-29.785
63.184597,76.572,57.943,90.578,-1.0940,1.1513,0.9736,-23.993,-36.837,-25.432
63.201264,75.212,58.197,89.338,-1.1761,1.4662,0.7567,-18.575,-34.291,-23.966
63.217931,73.999,58.447,88.164,-1.5535,1.6970,0.1612,-12.955,-31.543,-23.844
63.234598,72.912,58.695,87.077,-2.1772,2.2284,-0.3420,-9.748,-28.215,-23.562
63.251265,71.767,58.965,86.088,-2.6084,2.4440,-0.2285,-18.001,-24.218,-24.428
63.267932,70.610,59.272,85.225,-2.9675,2.5455,0.4960,-25.152,-19.126,-25.637
63.284599,69.625,59.632,84.498,-3.3987,2.7390,0.9329,-21.665,-13.409,-27.578
63.301266,68.956,60.004,83.876,-3.5009,2.1362,0.4219,-7.991,-9.598,-27.234
63.317933,68.620,60.298,83.333,-3.5752,2.0800,0.3215,7.908,-8.711,-22.005
63.334600,68.372,60.505,82.896,-3.9739,2.4896,0.6359,7.773,-7.466,-16.112
63.351267,67.995,60.667,82.509,-3.8170,2.3838,0.6689,-2.516,-7.004,-13.010
63.367934,67.512,60.781,82.128,-3.5880,1.8856,0.3792,-9.233,-7.795,-10.392
63.384601,67.017,60.814,81.736,-3.4966,1.5194,0.5580,-9.306,-9.885,-6.127
63.401268,66.692,60.750,81.381,-3.5326,1.3102,0.6228,-1.073,-11.146,-0.415
63.417935,66.571,60.613,81.109,-3.5800,1.2785,0.4632,6.785,-10.715,4.517
63.434602,66.540,60.412,80.962,-3.2484,1.1795,0.3659,5.621,-8.902,9.434
63.451269,66.594,60.167,80.908,-2.5517,0.9413,0.2579,5.858,-7.452,12.934
63.467936,66.641,59.881,80.891,-2.4324,0.9988,0.2554,3.541,-7.463,15.657
63.484603,66.734,59.562,80.946,-2.2500,0.7840,0.0048,2.521,-6.218,18.298
63.501270,66.913,59.257,81.022,-1.9281,0.4395,-0.4262,6.607,-5.278,17.831
63.517937,67.046,58.975,81.039,-1.9869,0.4771,-0.4932,6.953,-6.329,15.793
63.534604,67.083,58.718,80.975,-2.0445,0.4378,-0.8166,5.246,-8.054,13.471
63.551271,67.150,58.468,80.890,-2.0697,0.6161,-1.0071,8.199,-8.533,12.859
63.567938,67.174,58.257,80.773,-1.8164,0.6504,-0.8770,7.148,-8.541,10.288
63.584605,67.142,58.090,80.661,-1.8903,0.2614,-1.1808,3.568,-7.399,7.909
63.601272,67.121,57.949,80.569,-1.7415,0.1607,-1.2035,3.205,-6.262,6.664
63.617939,67.122,57.826,80.482,-1.7506,0.2827,-0.9406,4.255,-5.683,5.730
63.634606,67.183,57.714,80.374,-1.7028,0.2523,-0.9483,8.911,-6.082,4.888
63.651273,67.320,57.621,80.259,-1.4610,0.0271,-0.8359,13.802,-5.865,3.707
63.667940,67.490,57.543,80.112,-1.4369,-0.0926,-0.6560,17.392,-6.470,2.552
63.684607,67.677,57.501,79.949,-1.4694,0.0943,-0.5020,19.236,-6.124,0.332
63.701274,67.818,57.464,79.779,-1.6220,0.3217,-0.4091,16.739,-6.224,0.016
63.717941,67.912,57.426,79.627,-1.5586,0.5367,-0.4167,13.117,-5.742,0.294
63.734608,67.992,57.400,79.476,-1.3232,0.1738,-0.5754,12.138,-5.452,-0.378
63.751275,68.109,57.377,79.324,-1.3852,0.1666,-0.6347,14.456,-5.392,-0.590
63.767942,68.290,57.357,79.179,-1.3144,0.3426,-0.4258,17.936,-5.179,-0.586
63.784609,68.457,57.333,79.028,-1.0704,0.4463,-0.0756,17.322,-5.431,-0.454
63.801276,68.612,57.309,78.874,-0.8999,0.1927,-0.0120,16.818,-5.526,-0.516
63.817943,68.803,57.263,78.716,-0.6877,0.1387,-0.0047,19.127,-6.139,0.710
63.834610,68.989,57.194,78.569,-0.6543,0.3502,0.2506,18.343,-6.339,2.121
63.851277,69.093,57.110,78.484,-0.6049,0.4581,0.3245,10.269,-4.768,3.775
63.867944,69.017,57.051,78.431,-0.4306,0.3380,0.0569,-2.171,-3.266,2.659
63.884611,68.927,57.022,78.426,-0.5289,0.1334,-0.2892,-5.482,-1.129,1.546
63.901278,68.970,57.039,78.465,-0.1722,0.0322,-0.3682,0.406,1.149,-0.486
63.917945,69.158,57.094,78.515,0.0754,0.1315,-0.2203,8.484,2.327,-2.530
63.934612,69.373,57.142,78.598,0.1014,0.3421,0.0330,8.397,3.175,-1.741
63.951279,69.502,57.178,78.723,0.2655,0.6483,0.3250,1.212,4.155,-0.570
63.967946,69.570,57.217,78.864,0.4090,0.3773,0.0443,-3.343,4.753,-0.642
63.984613,69.678,57.243,79.015,0.5971,0.2311,-0.1077,-1.377,4.754,0.264
64.001280,69.866,57.250,79.168,0.7619,0.2760,0.0900,3.279,4.452,1.303
64.017947,70.064,57.239,79.375,0.9397,0.3013,0.4072,1.150,5.720,2.887
64.034614,70.209,57.258,79.611,1.2234,-0.0787,0.3026,-3.468,7.225,1.563
64.051281,70.402,57.298,79.856,1.3916,-0.2169,0.0679,-1.076,7.949,0.395
64.067948,70.585,57.332,80.038,1.5152,0.0180,0.1936,1.590,5.902,0.037
64.084615,70.692,57.341,80.164,1.6427,0.2268,0.1825,-0.190,3.684,0.838
64.101282,70.737,57.324,80.236,1.6492,0.1558,-0.1291,-1.180,1.548,1.711
64.117949,70.740,57.289,80.272,1.5833,0.2773,-0.2276,-1.888,0.120,2.324
64.134616,70.696,57.259,80.286,1.3926,0.3139,-0.4428,-3.561,-0.484,1.833
64.151283,70.644,57.243,80.286,1.4236,0.2988,-0.4683,-3.330,-0.603,0.904
64.167950,70.560,57.238,80.290,1.3673,0.3759,-0.3447,-5.494,-0.266,0.327
64.184617,70.482,57.236,80.327,1.3777,0.3764,-0.0498,-6.720,0.826,0.504
64.201284,70.451,57.253,80.378,1.4827,0.1666,0.0248,-4.679,1.617,-0.408
64.217951,70.416,57.272,80.415,1.5355,0.1490,0.0495,-4.153,1.263,-0.700
64.234618,70.394,57.285,80.434,1.4477,0.1839,-0.0267,-2.510,0.615,-0.525
64.251285,70.327,57.293,80.422,1.6327,0.0698,0.0994,-3.560,-0.450,-0.632
64.267952,70.206,57.296,80.370,1.6821,0.2945,0.2396,-4.834,-1.783,-0.704
64.284619,70.011,57.286,80.251,1.4558,0.2112,0.3268,-5.906,-4.030,-0.763
64.301286,69.853,57.267,80.075,1.0958,0.0090,0.1829,-0.743,-5.960,-0.924
64.317953,69.692,57.236,79.849,0.9547,0.1068,0.3403,1.542,-7.721,-0.815
64.334620,69.486,57.186,79.582,0.9947,0.0613,0.2578,0.928,-9.376,-0.229
64.351287,69.267,57.125,79.289,0.8002,0.0960,-0.0383,1.465,-10.414,0.094
64.367954,69.084,57.065,78.978,0.5960,-0.0344,-0.3067,4.542,-10.944,-0.280
64.384621,68.982,57.010,78.664,0.4495,-0.0413,-0.4057,9.509,-10.920,-0.588
64.401288,68.961,56.962,78.340,0.4668,0.0486,-0.5238,14.893,-11.122,-1.099
64.417955,68.959,56.901,78.003,0.6200,0.2510,-0.4359,16.653,-11.783,-0.579
64.434622,68.875,56.848,77.637,0.6583,0.2833,-0.1218,13.147,-12.516,-1.347
64.451289,68.743,56.801,77.241,0.6869,0.2267,-0.1031,11.825,-13.326,-2.091
64.467956,68.616,56.753,76.798,1.0663,0.2772,0.0554,14.494,-14.807,-2.597
64.484623,68.427,56.681,76.292,1.3819,0.3776,0.0828,13.894,-17.249,-2.113
64.501290,68.152,56.629,75.685,1.6121,0.3476,-0.2141,13.756,-19.900,-4.509
64.517957,67.784,56.581,74.957,1.7156,0.1918,-0.5384,14.281,-23.529,-6.391
64.534624,67.507,56.555,74.119,2.1271,-0.1536,-0.6608,25.120,-26.347,-9.079
64.551291,67.388,56.546,73.177,2.6053,-0.3086,-0.6049,39.907,-29.113,-11.457
64.567958,67.286,56.566,72.104,3.1471,0.0178,-0.0736,47.452,-32.398,-14.780
64.584625,66.967,56.599,70.889,3.5775,0.1130,0.2401,41.611,-36.322,-17.479
64.601292,66.677,56.675,69.450,4.5161,-0.7514,-0.1790,54.588,-41.937,-22.906
64.617959,66.641,56.751,67.731,5.2057,-1.0934,-0.5507,83.933,-50.208,-26.615
64.634626,66.842,56.783,65.741,5.4233,-0.6944,-0.5000,111.851,-59.430,-27.601
64.651293,66.737,56.739,63.514,5.2553,-0.5381,0.0621,105.395,-68.346,-26.456
64.667960,65.974,56.629,61.060,4.9399,-0.5352,0.9524,77.122,-76.664,-26.433
64.684627,64.629,56.409,58.331,4.0270,-0.9685,1.4345,55.833,-87.549,-25.794
64.701294,63.263,56.071,55.348,3.0271,-2.1994,1.2174,66.710,-98.147,-25.498
64.717961,62.076,55.580,52.177,2.5755,-2.1308,1.7362,86.175,-108.375,-22.971
64.734628,61.000,54.962,48.846,2.9830,-2.3445,2.1466,99.622,-117.660,-21.698
64.751295,60.165,54.186,45.334,3.7902,-2.7121,2.3971,121.558,-129.118,-19.485
64.767962,59.676,53.211,41.631,4.8573,-2.8699,3.3997,149.646,-142.947,-15.419
64.784629,59.394,51.970,37.771,4.9388,-2.7482,4.4099,166.947,-158.834,-7.216
64.801296,59.384,50.458,33.776,4.0422,-3.1909,4.4698,186.170,-175.186,1.471
64.817963,59.822,48.668,29.844,3.2276,-3.0234,4.5799,205.765,-186.086,15.069
64.834630,60.401,46.640,25.980,3.1153,-2.9993,6.0483,206.021,-195.786,27.481
64.851297,60.908,44.415,22.175,2.5268,-3.8246,6.6339,193.220,-204.549,37.815
64.867964,61.303,42.035,18.376,0.6390,-4.3881,6.4321,179.731,-214.160,44.519
64.884631,62.012,39.413,14.689,-0.7286,-5.0328,6.9158,186.787,-221.969,58.640
64.901298,63.217,36.580,11.044,-2.3443,-6.3243,7.2217,206.848,-230.932,71.357
64.917965,64.659,33.530,7.436,-3.4423,-6.7366,8.2583,210.740,-239.317,86.330
64.934632,65.912,30.345,3.852,-4.1235,-6.8590,8.6651,188.877,-245.398,97.024
64.951299,67.152,26.924,0.225,-6.3411,-6.9626,7.2677,178.593,-256.642,111.941
64.967966,69.128,23.144,-3.498,-9.0586,-6.2755,5.7175,213.002,-272.040,134.918
64.984633,72.070,18.996,-7.350,-11.2141,-4.8197,6.4350,259.532,-285.923,162.847
65.001300,75.325,14.445,-11.335,-12.8329,-2.6730,7.6299,264.018,-296.253,197.606
65.017967,78.050,9.647,-15.456,-14.6410,-2.1333,7.4161,215.075,-301.517,224.187
65.034634,80.159,4.642,-19.800,-15.6961,0.3626,5.6525,158.968,-310.618,245.779
65.051301,82.249,-0.553,-24.408,-15.9819,2.4945,2.3264,135.354,-320.680,265.561
65.067968,84.792,-5.853,-29.331,-16.0592,3.7908,0.7672,136.051,-329.050,282.497
65.084635,87.953,-11.171,-34.585,-15.8832,5.9114,-0.3614,143.044,-331.491,298.578
65.101302,91.517,-16.382,-40.144,-14.7259,7.9680,-2.4552,134.366,-325.644,311.009
65.117969,95.563,-21.427,-46.051,-12.5240,9.4086,-4.7810,127.848,-316.300,322.677
65.134636,100.252,-26.187,-52.347,-10.0699,10.4847,-6.6551,128.669,-303.522,330.326
65.151303,105.830,-30.528,-58.993,-6.7985,10.2275,-9.2676,145.065,-283.544,332.908
65.167970,112.142,-34.399,-65.826,-3.6989,9.6724,-9.8199,158.386,-252.079,332.190
65.184637,119.171,-37.690,-72.708,0.3858,9.1881,-10.1343,178.469,-216.048,322.676
65.201304,126.220,-40.301,-79.603,3.0129,7.5184,-9.7447,162.395,-186.481,305.700
65.217971,132.796,-42.280,-86.432,3.9071,6.6959,-9.9963,123.942,-162.478,287.715
65.234638,138.922,-43.619,-92.814,6.8790,5.7190,-10.6976,106.489,-137.999,257.381
65.251305,144.271,-44.406,-98.379,9.9223,2.9108,-10.3357,88.766,-112.574,217.892
65.267972,148.817,-44.863,-103.042,10.9663,0.7055,-8.4120,76.100,-87.205,181.564
65.284639,152.702,-45.138,-106.761,10.5624,-0.3935,-7.2999,75.210,-62.955,146.070
65.301306,155.634,-45.318,-109.501,9.3885,-0.6563,-7.1658,59.087,-40.938,109.227
65.317973,157.273,-45.429,-111.134,9.3053,-0.9035,-6.9215,28.439,-21.652,66.022
65.334640,157.534,-45.516,-111.545,10.6024,-1.2058,-5.2210,-2.118,-1.994,18.212
65.351307,156.787,-45.665,-110.799,10.5350,-0.3084,-4.0487,-13.081,20.256,-25.216
65.367974,155.331,-45.881,-108.892,9.9018,1.1800,-4.0134,-5.615,44.081,-67.539
65.384641,153.236,-46.158,-105.787,10.1323,2.6031,-4.4256,8.124,71.031,-109.226
65.401308,150.354,-46.417,-101.482,9.5982,4.3221,-4.9173,13.482,97.924,-149.828
65.417975,146.530,-46.588,-96.022,8.1335,6.0324,-6.0620,7.976,126.709,-186.662
65.434642,141.470,-46.570,-89.410,6.2495,7.5407,-7.0256,-15.639,159.367,-221.088
65.451309,135.289,-46.192,-81.686,5.0241,9.0512,-8.5065,-35.525,195.337,-253.837
65.467976,128.283,-45.288,-72.955,3.7247,10.7128,-11.1071,-45.216,236.414,-283.770
65.484643,120.606,-43.559,-63.390,1.1402,11.8835,-13.1655,-58.814,279.298,-316.906
65.501310,112.534,-40.779,-53.386,-2.0939,12.5400,-14.6025,-81.113,323.336,-347.478
65.517977,104.576,-36.751,-43.256,-5.4799,12.8179,-16.6335,-96.440,372.424,-379.045
65.534644,97.126,-31.374,-33.323,-11.2176,13.7090,-18.3746,-112.630,424.223,-408.740
65.551311,90.428,-24.681,-23.838,-19.8323,14.6919,-19.4127,-133.829,474.896,-432.668
65.567978,84.920,-16.589,-14.595,-29.5836,13.7333,-19.5163,-134.393,538.354,-462.719
65.584645,80.182,-7.106,-5.255,-41.6440,10.3328,-15.3588,-168.526,617.689,-491.536
65.601312,76.583,3.439,4.389,-54.4921,2.1485,-8.1616,-196.995,693.991,-501.436
65.617979,73.785,14.560,14.741,-63.2900,-6.8391,7.8989,-264.869,763.641,-486.006
65.634646,73.465,25.665,26.269,-67.1399,-19.1424,18.2561,-257.983,810.536,-453.339
65.651313,77.401,35.590,39.854,-63.4765,-35.6406,36.5697,-181.788,827.395,-396.316
65.667980,84.845,43.220,56.326,-45.0540,-48.7841,57.5276,-184.415,823.085,-330.304
65.684647,95.078,47.718,75.519,-15.6735,-57.6343,67.9698,-211.105,805.062,-265.649
65.701314,106.222,48.486,95.833,11.2258,-56.1488,68.9158,-242.616,788.304,-194.151
65.717981,115.030,45.542,114.194,32.5442,-48.4487,64.2800,-280.724,762.257,-100.058
65.734648,119.732,39.787,129.317,46.6741,-39.2106,53.1256,-335.189,749.050,-1.801
65.751315,121.505,32.287,141.538,60.7860,-30.3472,36.6114,-326.837,738.151,83.764
65.767982,121.050,23.756,151.540,67.3114,-12.7936,21.9057,-310.456,717.935,161.246
65.784649,119.239,14.706,159.676,65.0300,-2.2150,9.2538,-270.218,671.156,237.249
65.801316,114.797,4.618,164.981,70.7295,-0.7287,-1.5344,-320.038,554.914,396.443
65.817983,111.961,-5.398,171.540,60.0386,21.0728,-10.7897,-167.600,600.157,394.949
65.834650,108.476,-15.130,176.806,49.2685,29.0878,-25.2060,-152.786,494.036,440.354
65.851317,104.667,-24.759,-178.733,44.1498,32.3688,-25.1871,-136.972,406.469,482.126
65.867984,102.629,-34.052,-175.423,25.4771,26.8045,-37.3564,-24.738,300.137,501.367
65.884651,103.613,-42.839,-172.559,7.4740,26.9979,-35.0278,165.530,251.123,483.447
65.901318,105.842,-50.987,-170.190,-3.2848,26.4267,-27.6363,237.134,218.465,448.702
65.917985,108.616,-58.781,-169.055,-4.5862,24.3479,-18.5564,221.787,176.156,435.708
65.934652,112.675,-65.951,-169.150,-10.8131,19.5025,-17.0011,237.978,149.325,404.129
65.951319,117.275,-72.422,-170.590,-15.9274,18.0307,-16.5014,194.714,136.132,365.480
65.967986,124.966,-78.061,-175.909,-18.4661,12.7270,-14.6344,152.174,105.075,331.904
65.984653,145.221,-82.564,166.697,-16.9773,4.9585,-11.3541,185.247,65.556,313.013
66.001320,-166.284,-84.228,121.865,-13.2901,2.8732,-8.3372,235.244,35.560,313.915
66.017987,-127.312,-81.797,86.932,-13.6196,0.7865,-5.4921,256.211,20.931,286.797
66.034654,-110.225,-78.295,74.213,-16.0811,-0.6395,-2.9205,272.792,14.801,246.803
66.051321,-101.611,-74.725,69.993,-15.2988,0.6759,-2.4230,270.241,-2.054,222.387
66.067988,-96.494,-71.193,68.833,-11.7332,0.2286,-1.1509,240.102,-13.358,212.772
66.084655,-93.574,-67.687,69.294,-10.0745,-0.3726,-0.7417,200.825,-28.330,209.006
66.101322,-91.869,-64.448,70.471,-8.9960,-2.4449,0.3559,166.612,-38.051,192.947
66.117989,-90.330,-61.516,71.735,-7.7918,-4.4678,1.3101,159.590,-38.015,175.418
66.134656,-88.573,-58.874,72.982,-6.2825,-4.9503,2.2273,170.100,-35.893,159.096
66.151323,-86.624,-56.443,74.108,-4.5739,-4.8646,2.2928,173.736,-30.211,147.392
66.167990,-84.492,-54.277,75.045,-3.5049,-4.8773,2.0421,173.974,-22.043,132.167
66.184657,-82.412,-52.480,75.807,-2.9516,-4.6089,2.2329,161.165,-15.009,110.357
66.201324,-80.595,-51.124,76.485,-2.0227,-4.2745,2.5809,140.795,-13.093,84.333
66.217991,-78.976,-50.278,77.082,-1.3725,-4.4902,3.1163,124.566,-13.538,54.052
66.234658,-77.520,-49.788,77.550,-0.4584,-4.2870,3.7882,108.624,-11.900,32.551
66.251325,-76.082,-49.525,77.781,0.4105,-3.6995,3.8717,96.603,-5.382,17.478
66.267992,-74.594,-49.510,77.729,0.3850,-3.2673,2.9822,86.723,1.950,0.437
66.284659,-73.445,-49.699,77.535,-0.8098,-1.5491,1.1002,59.789,3.911,-12.916
66.301326,-72.917,-50.167,77.266,-1.7008,-0.8087,-0.5143,19.108,1.583,-29.834
66.317993,-73.088,-50.953,77.011,-1.9052,-0.5967,-0.9514,-22.329,-4.706,-47.893
66.334660,-73.774,-51.962,76.758,-1.9943,-0.8875,-0.6657,-53.221,-8.479,-60.692
66.351327,-74.383,-53.154,76.412,-0.9318,-1.7594,-0.4353,-53.282,-7.689,-72.164
66.367994,-74.621,-54.493,75.975,0.0568,-2.2890,0.0961,-35.654,-6.816,-81.511
66.384661,-74.674,-55.869,75.459,-0.7383,-1.2057,-0.2562,-28.839,-5.064,-84.258
66.401328,-74.921,-57.293,74.991,-1.6663,-0.0180,-1.0497,-38.493,-7.707,-86.465
66.417995,-75.517,-58.879,74.656,-1.3490,0.3478,-1.4671,-53.080,-14.247,-94.699
66.434662,-76.563,-60.620,74.492,-0.3787,-0.0170,-1.2834,-71.440,-20.648,-102.493
66.451329,-78.020,-62.373,74.524,0.1460,-0.1229,-0.9068,-85.977,-24.277,-102.347
66.467996,-79.921,-64.040,74.773,0.4607,0.5532,-1.1107,-100.961,-25.998,-96.885
66.484663,-82.047,-65.648,75.136,0.9718,0.4674,-0.9779,-108.092,-24.498,-93.783
66.501330,-84.186,-67.263,75.477,0.8377,0.5828,-0.8187,-109.774,-19.964,-95.189
66.517997,-87.005,-68.882,76.090,-0.3886,1.8180,-1.2245,-135.218,-21.391,-95.744
66.534664,-90.675,-70.562,77.266,-0.3948,1.7041,-1.2265,-154.176,-26.744,-100.216
66.551331,-94.659,-72.315,79.132,-0.2089,-0.2936,-0.3753,-133.124,-30.942,-106.674
66.567998,-99.074,-73.986,81.616,0.1936,-0.0177,-0.1453,-122.481,-31.128,-104.623
66.584665,-104.878,-75.512,84.880,0.5556,1.5557,-0.7585,-159.445,-31.647,-100.164
66.601332,-111.897,-76.965,88.899,0.9161,1.1596,-0.8022,-187.113,-27.173,-100.749
66.617999,-120.027,-78.386,94.078,0.9191,0.4867,-0.6664,-184.377,-22.560,-105.560
66.634666,-129.124,-79.691,100.725,1.2373,-0.6538,-0.3481,-154.439,-18.280,-107.312
66.651333,-139.719,-80.795,109.334,0.7012,-1.2369,-0.0606,-126.847,-16.440,-108.346
66.668000,-152.117,-81.559,119.595,0.2981,-0.0882,0.0001,-135.645,-15.282,-103.623
66.684667,-166.326,-81.916,131.003,0.5805,1.5569,-0.2449,-175.257,-15.106,-99.350
66.701334,178.252,-81.851,143.208,0.9123,1.2472,-0.1303,-200.480,-14.821,-102.190
66.718001,163.820,-81.375,154.712,1.1215,-0.3383,0.2634,-183.255,-12.613,-103.651
66.734668,151.921,-80.638,164.207,1.1623,-0.8061,0.4664,-151.426,-7.521,-98.942
66.751335,142.627,-79.753,171.454,1.0024,-0.3240,0.6513,-129.305,-4.772,-90.834
66.768002,135.296,-78.829,176.849,0.6050,0.3415,0.6594,-121.997,-2.532,-81.674
66.784669,129.286,-77.934,-178.909,0.3241,0.7206,0.5669,-111.477,1.627,-74.081
66.801336,124.393,-77.004,-175.481,-0.0328,1.1498,0.2610,-92.985,2.071,-71.313
66.818003,120.680,-76.061,-172.887,0.0119,1.2537,0.2671,-71.684,-0.093,-67.110
66.834670,117.973,-75.178,-170.929,0.4202,0.8576,0.3509,-48.776,-0.727,-60.410
66.851337,115.976,-74.398,-169.483,0.8742,0.7230,0.6830,-36.289,-1.135,-51.937
66.868004,114.289,-73.720,-168.448,0.9582,0.7881,0.7751,-41.773,-2.058,-43.985
66.884671,112.691,-73.102,-167.672,0.9542,0.8028,0.7430,-51.395,-2.793,-39.232
66.901338,111.220,-72.534,-166.987,0.8932,0.1208,0.5509,-49.229,-1.689,-36.042
66.918005,109.922,-72.018,-166.313,0.6729,-0.1151,0.3349,-39.555,0.434,-33.225
66.934672,108.835,-71.527,-165.739,0.4066,-0.1244,0.1912,-32.739,0.168,-31.261
66.951339,107.957,-71.050,-165.283,0.1879,-0.4188,0.1703,-26.953,-0.906,-29.869
66.968006,107.323,-70.598,-164.937,0.2963,-0.6536,0.2525,-18.625,-1.940,-27.826
66.984673,106.826,-70.149,-164.642,0.5555,-0.4303,0.1778,-13.348,-2.424,-27.397
67.001340,106.438,-69.683,-164.421,0.5369,-0.1700,0.0262,-11.055,-3.847,-28.033
67.018007,106.156,-69.199,-164.258,0.3645,-0.2501,0.1426,-7.974,-5.053,-28.732
67.034674,105.948,-68.722,-164.087,0.4602,-0.5737,0.2314,-3.092,-4.574,-28.403
67.051341,105.657,-68.276,-163.861,0.7009,-0.4731,0.3850,-5.034,-2.707,-27.036
67.068008,105.210,-67.858,-163.621,0.7686,-0.1732,0.3881,-13.731,-1.695,-25.493
67.084675,104.739,-67.434,-163.413,0.1193,-0.2052,0.3030,-16.888,-2.184,-25.738
67.101342,104.333,-67.028,-163.257,-0.1674,-0.3693,0.5020,-15.961,-2.797,-24.401
67.118009,104.066,-66.658,-163.132,-0.2045,-0.7447,0.5764,-9.353,-2.788,-22.121
67.134676,103.947,-66.325,-163.042,0.0063,-0.6526,0.6317,-2.382,-2.931,-19.836
67.151343,103.885,-66.025,-162.981,0.0798,-0.5407,0.7583,-0.562,-3.081,-17.711
67.168010,103.740,-65.762,-162.912,0.1637,-0.3997,0.8914,-5.117,-2.315,-15.644
67.184677,103.482,-65.526,-162.811,0.0190,-0.2410,0.8433,-10.157,-1.092,-14.301
67.201344,103.139,-65.314,-162.686,-0.0937,-0.2827,0.6586,-13.981,-0.083,-12.994
67.218011,102.804,-65.136,-162.549,-0.0272,-0.3352,0.5312,-12.927,0.758,-11.101
67.234678,102.541,-64.987,-162.414,0.0307,-0.3445,0.4457,-8.608,1.206,-9.353
67.251345,102.315,-64.858,-162.290,-0.0483,-0.0777,0.4399,-7.039,1.215,-8.170
67.268012,102.124,-64.749,-162.173,0.0471,0.0298,0.4963,-5.298,1.346,-6.960
67.284679,102.008,-64.654,-162.093,0.1219,0.0021,0.4131,-2.878,0.636,-5.877
67.301346,101.935,-64.586,-162.081,0.3682,0.0463,0.4778,-3.878,-0.720,-3.970
67.318013,101.918,-64.536,-162.129,0.1431,-0.0882,0.3803,-3.830,-2.034,-2.643
67.334680,101.924,-64.500,-162.230,-0.1069,-0.0418,0.3848,-5.365,-3.186,-1.473
67.351347,101.940,-64.474,-162.364,-0.2961,-0.1228,0.3876,-6.467,-3.877,-0.714
67.368014,102.003,-64.454,-162.515,-0.5061,-0.3929,0.1846,-4.656,-4.262,-0.268
67.384681,102.094,-64.437,-162.717,-0.6203,-0.3593,0.1364,-5.653,-5.519,0.170
67.401348,102.219,-64.415,-162.984,-0.6788,-0.5006,0.2099,-7.193,-7.228,0.258
67.418015,102.373,-64.380,-163.263,-0.6519,-0.6565,0.2288,-6.098,-7.711,-0.457
67.434682,102.516,-64.326,-163.539,-0.6610,-0.6381,0.0984,-6.520,-7.862,-1.536
67.451349,102.616,-64.260,-163.798,-0.6444,-0.5447,0.0584,-8.249,-7.653,-2.362
67.468016,102.680,-64.181,-164.054,-0.5902,-0.4143,-0.0146,-10.210,-7.741,-3.102
67.484683,102.708,-64.089,-164.304,-0.5204,-0.2109,-0.1250,-11.986,-7.777,-3.874
67.501350,102.744,-63.981,-164.569,-0.5494,0.0316,-0.3857,-12.367,-8.413,-4.738
67.518017,102.791,-63.862,-164.891,-0.4931,0.2506,-0.4995,-14.780,-10.053,-5.026
67.534684,102.843,-63.741,-165.272,-0.4333,0.3348,-0.6151,-17.599,-11.620,-4.736
67.551351,102.893,-63.613,-165.710,-0.4614,0.4458,-0.6685,-20.711,-13.256,-4.856
67.568018,102.949,-63.453,-166.208,-0.7574,0.4644,-0.8305,-23.641,-15.323,-6.313
67.584685,102.969,-63.256,-166.767,-1.0586,0.6367,-0.8967,-29.020,-17.531,-8.095
67.601352,103.018,-63.008,-167.420,-1.2957,0.6389,-0.8805,-32.211,-20.789,-10.481
67.618019,103.187,-62.699,-168.219,-1.3668,0.6316,-0.9310,-32.719,-25.719,-13.051
67.634686,103.420,-62.351,-169.192,-1.4162,0.7902,-1.0026,-38.007,-31.215,-14.064
67.651353,103.639,-61.988,-170.292,-1.7997,0.8442,-0.9487,-45.440,-35.270,-13.913
67.668020,103.799,-61.621,-171.466,-2.0352,1.0114,-1.0504,-52.693,-37.791,-13.464
67.684687,103.815,-61.239,-172.680,-1.9599,1.3376,-1.0791,-63.237,-39.531,-13.936
67.701354,103.700,-60.824,-173.930,-1.9427,1.3991,-1.1824,-72.712,-41.445,-15.532
67.718021,103.498,-60.372,-175.205,-1.8827,1.3395,-1.2234,-79.011,-43.118,-17.472
67.734688,103.116,-59.888,-176.468,-1.7505,1.5494,-1.1528,-88.835,-43.670,-19.562
67.751355,102.511,-59.366,-177.689,-1.6694,1.8359,-0.9735,-99.686,-43.312,-22.345
67.768022,101.754,-58.781,-178.830,-1.6400,1.7373,-0.8418,-104.361,-42.044,-26.900
67.784689,100.891,-58.122,-179.917,-1.3261,1.7400,-0.9711,-107.557,-41.498,-32.096
67.801356,99.920,-57.372,178.998,-0.9341,2.0016,-0.8882,-113.475,-42.587,-38.029
67.818023,98.854,-56.522,177.900,-0.7740,2.3526,-0.5356,-119.445,-44.070,-44.459
67.834690,97.747,-55.557,176.750,-0.2970,2.6273,-0.3445,-123.826,-46.792,-51.765
67.851357,96.660,-54.475,175.499,0.2499,2.6553,-0.2798,-126.879,-51.145,-59.033
67.868024,95.696,-53.308,174.089,0.7056,2.3996,-0.1945,-126.385,-57.397,-64.259
67.884691,94.890,-52.127,172.499,1.3897,2.0280,-0.1173,-124.454,-64.415,-65.301
67.901358,94.247,-50.945,170.758,1.9174,1.7784,-0.0865,-120.503,-70.718,-65.536
67.918025,93.714,-49.760,168.904,2.2624,1.6426,0.0527,-117.789,-76.058,-66.034
67.934692,93.307,-48.547,166.980,2.4349,1.3071,0.2025,-111.922,-80.158,-68.043
67.951359,93.028,-47.286,165.020,2.6916,0.8791,0.6392,-104.205,-83.198,-71.180
67.968026,92.889,-45.963,163.073,2.5922,0.2689,1.0260,-93.384,-84.543,-75.144
67.984693,92.781,-44.600,161.179,2.5917,0.1257,1.3416,-87.360,-84.218,-77.690
68.001360,92.552,-43.213,159.317,2.4722,0.2945,1.2570,-91.365,-84.580,-79.386
68.018027,92.276,-41.827,157.479,1.9345,0.0443,0.8633,-91.204,-85.045,-79.633
68.034694,92.094,-40.462,155.657,1.4702,-0.2778,0.7202,-83.019,-85.708,-78.666
68.051361,92.046,-39.097,153.811,1.0902,-0.4397,0.7154,-73.875,-88.337,-78.739
68.068028,92.062,-37.734,151.943,1.0012,-0.4075,0.5750,-68.766,-90.995,-78.540
68.084695,92.068,-36.360,150.072,1.1522,-0.2651,0.6584,-67.437,-92.825,-79.162
68.101362,92.041,-34.926,148.217,1.2727,-0.1855,0.5850,-66.573,-93.730,-82.645
68.118029,91.917,-33.451,146.419,1.2327,-0.1916,0.5740,-68.213,-92.564,-85.361
68.134696,91.709,-31.958,144.704,1.1370,-0.3310,0.4061,-68.156,-89.674,-86.738
68.151363,91.487,-30.489,143.075,1.0087,-0.5074,0.3634,-64.083,-86.297,-85.757
68.168030,91.230,-29.065,141.525,0.9138,-0.5175,0.2849,-61.699,-82.990,-83.444
68.184697,90.894,-27.697,140.057,0.8879,-0.3524,0.1658,-62.172,-79.283,-80.573
68.201364,90.475,-26.373,138.678,0.9244,-0.2378,0.0768,-62.815,-74.922,-78.504
68.218031,90.094,-25.079,137.384,0.9302,-0.1103,-0.1608,-56.647,-70.601,-77.258
68.234698,89.785,-23.827,136.159,1.0691,-0.1142,-0.0645,-49.072,-67.128,-75.135
68.251365,89.586,-22.623,134.984,1.1881,-0.2419,-0.2037,-39.853,-64.625,-72.513
68.268032,89.575,-21.480,133.829,1.2248,-0.5727,-0.3571,-26.796,-64.030,-68.994
68.284699,89.752,-20.403,132.676,1.1171,-0.8245,-0.1826,-14.145,-64.464,-64.944
68.301366,90.050,-19.371,131.528,0.8477,-0.6998,-0.0763,-5.666,-64.937,-61.981
68.318033,90.401,-18.361,130.427,0.3503,-0.6302,-0.1376,-0.365,-62.988,-60.292
68.334700,90.769,-17.334,129.417,0.0908,-0.4744,0.0499,3.454,-58.548,-60.920
68.351367,91.039,-16.268,128.517,0.0327,-0.1806,0.2723,0.481,-52.952,-63.061
68.368034,91.162,-15.145,127.736,0.1949,0.0787,0.5157,-5.371,-46.685,-66.470
68.384701,91.156,-13.946,127.063,0.3662,0.1775,0.7230,-10.571,-40.750,-71.049
68.401368,91.100,-12.692,126.476,0.2617,0.1243,0.6579,-11.572,-35.989,-74.495
68.418035,91.031,-11.443,125.948,-0.0262,0.0020,0.6707,-10.818,-32.594,-74.271
68.434702,90.989,-10.270,125.464,-0.4028,-0.0761,0.4267,-8.057,-29.993,-69.785
68.451369,91.029,-9.214,124.997,-0.6495,-0.0507,0.0245,-2.446,-29.009,-62.813
68.468036,91.104,-8.273,124.516,-0.7360,0.2199,-0.1195,0.034,-29.759,-55.882
68.484703,91.184,-7.421,124.012,-0.9238,0.4810,-0.3243,0.610,-31.210,-50.423
68.501370,91.313,-6.625,123.508,-1.1759,0.6122,-0.4679,3.941,-31.304,-47.074
68.518037,91.506,-5.854,123.010,-1.1694,0.5671,-0.3434,8.206,-31.060,-45.468
68.534704,91.768,-5.099,122.514,-0.9523,0.3449,-0.1365,12.777,-31.121,-44.368
68.551371,92.110,-4.352,121.993,-0.6836,-0.0896,0.0510,17.860,-32.883,-43.716
68.568038,92.536,-3.582,121.426,-0.5871,-0.4270,-0.3091,23.090,-36.002,-44.800
68.584705,92.967,-2.801,120.795,-0.7262,-0.4665,-0.5203,23.680,-40.253,-44.933
68.601372,93.475,-2.026,120.103,-0.9669,-0.5221,-0.8634,28.565,-44.257,-44.126
68.618039,94.025,-1.266,119.344,-1.1403,-0.3821,-0.9865,31.595,-48.615,-42.461
68.634706,94.602,-0.525,118.521,-1.1529,-0.3418,-1.0469,33.703,-52.837,-40.596
68.651373,95.221,0.179,117.641,-1.2175,-0.3858,-1.0731,36.835,-56.410,-37.569
68.668040,95.972,0.832,116.734,-1.3102,-0.5015,-1.1324,45.379,-58.204,-33.664
68.684707,96.801,1.457,115.814,-1.4032,-0.3308,-1.3164,50.645,-59.286,-31.162
68.701374,97.656,2.068,114.892,-1.2548,0.0585,-1.3124,52.875,-59.647,-29.409
68.718041,98.536,2.717,113.981,-1.0387,0.1789,-1.4142,54.848,-59.783,-30.820
68.734708,99.246,3.433,113.072,-0.9067,0.2440,-0.9668,45.382,-60.689,-34.039
68.751375,99.922,4.138,112.182,-0.9376,0.1189,-0.3616,43.869,-59.847,-32.840
68.768042,100.624,4.876,111.303,-0.8447,0.0119,-0.5255,46.014,-59.841,-34.179
68.784709,101.232,5.633,110.402,-0.5924,0.1281,-0.5473,41.225,-61.711,-34.444
68.801376,101.747,6.456,109.490,-0.6872,0.1088,-0.9321,36.490,-63.454,-37.560
68.818043,102.255,7.343,108.572,-1.6831,-0.0188,-1.1271,36.842,-64.784,-40.676
68.834710,103.164,8.234,107.736,-2.3003,-0.2659,-1.0038,61.130,-60.450,-41.213
68.851377,104.813,9.130,107.048,-2.5125,-0.5964,-0.8440,104.893,-52.895,-42.341
68.868044,106.976,10.065,106.494,-1.4697,-0.4564,-0.4495,135.028,-47.172,-45.003
68.884711,109.222,11.061,105.967,-0.4928,-0.3382,0.1532,140.315,-48.351,-47.117
68.901378,111.423,12.081,105.387,-0.0497,-0.4784,0.3763,138.733,-53.558,-45.592
68.918045,113.790,13.182,104.771,-0.6659,-0.7022,0.6843,149.779,-58.960,-47.098
68.934712,116.472,14.239,104.198,-1.6355,-0.6715,1.1281,168.766,-57.455,-43.226
68.951379,119.700,15.120,103.769,-1.8181,-0.7681,2.0070,199.877,-47.128,-34.881
68.968046,123.058,15.895,103.453,-0.7268,-0.6005,2.3660,206.252,-40.135,-30.180
68.984713,125.953,16.661,103.254,-0.2540,-0.6353,1.7174,176.706,-35.769,-31.319
69.001380,128.313,17.428,103.073,-0.6843,-0.6339,1.1288,144.426,-36.348,-30.373
69.018047,130.690,18.206,102.993,-1.8587,-0.5673,0.8248,143.795,-33.505,-33.078
69.034714,133.669,18.906,103.100,-2.6689,-0.7032,0.8813,176.310,-23.989,-35.126
69.051381,137.247,19.518,103.376,-2.0229,-0.9141,1.6544,208.893,-15.531,-36.827
69.068048,141.137,20.112,103.870,-1.0451,-1.1763,1.6906,222.948,-9.078,-44.279
69.084715,144.799,20.790,104.504,-0.3189,-1.4004,1.0409,206.007,-11.281,-52.885
69.101382,148.135,21.584,105.206,-0.3975,-1.3926,1.1972,184.529,-18.346,-58.964
69.118049,151.383,22.406,105.986,-0.8199,-1.4358,1.8770,176.984,-21.057,-62.164
69.134716,154.576,23.204,106.924,-0.7283,-1.8231,2.6081,169.373,-19.382,-67.846
69.151383,157.750,23.947,108.031,0.1211,-1.9169,2.9058,163.441,-16.397,-73.545
69.168050,160.749,24.695,109.231,0.7045,-1.9835,2.6320,149.833,-19.008,-77.115
69.184717,163.366,25.464,110.509,0.7151,-2.1185,2.1850,124.083,-22.712,-80.107
69.201384,165.530,26.187,111.743,0.6896,-2.1096,1.7499,97.168,-24.181,-75.688
69.218051,167.293,26.824,112.958,0.7488,-2.2711,1.7353,72.882,-21.982,-72.195
69.234718,168.820,27.337,114.108,0.9663,-2.3290,1.7185,59.746,-17.582,-66.314
69.251385,170.091,27.751,115.233,1.3840,-2.4378,1.5547,44.614,-13.652,-63.237
69.268052,170.885,28.139,116.293,2.2908,-2.4263,1.1270,17.453,-13.783,-59.057
69.284719,170.696,28.591,117.237,3.0700,-2.0898,0.6726,-38.697,-18.948,-53.357
69.301386,169.390,29.176,118.030,2.4057,-2.1945,0.8362,-101.723,-27.412,-46.963
69.318053,167.296,29.793,118.562,2.0003,-1.7492,0.7567,-141.755,-30.697,-34.539
69.334720,164.390,30.445,118.943,1.7211,-2.0227,-0.1843,-186.226,-33.157,-28.547
69.351387,160.844,31.023,119.023,1.7661,-1.9171,-0.1546,-215.610,-31.929,-14.159
69.368054,157.497,31.582,119.058,1.1842,-3.4999,-1.8425,-202.293,-30.690,-13.392
69.384721,154.827,31.643,118.936,0.1482,-2.8470,-0.1552,-156.774,-5.881,4.404
69.401388,154.479,30.957,117.798,3.9243,-1.2503,3.8241,14.185,12.264,70.576
69.418055,154.953,30.675,116.999,4.9566,-1.0537,-0.5930,52.648,-2.251,44.701
69.434722,153.366,30.486,116.261,-1.2138,-1.5549,-1.7843,-73.084,-6.288,39.424
69.451389,153.603,30.168,115.844,-4.3764,-2.2132,-0.8924,26.486,7.552,28.078
69.468056,154.273,29.846,115.573,0.5236,0.9119,0.9852,47.922,11.292,21.368
69.484723,154.409,29.589,115.342,0.9268,1.0184,0.8399,14.632,8.792,17.781
69.501390,154.732,29.411,115.042,0.4003,0.9589,0.1750,27.907,2.962,18.958
69.518057,155.148,29.328,114.648,1.0568,0.8072,0.0712,36.169,-4.097,20.980
69.534724,155.533,29.280,114.188,0.2288,0.0165,0.2488,36.275,-7.309,23.262
69.551391,155.954,29.234,113.704,-0.1437,-0.6367,0.1045,39.066,-7.836,24.431
69.568058,156.220,29.202,113.212,-0.0030,-1.1175,-0.1952,30.017,-8.567,24.540
69.584725,156.340,29.195,112.681,-0.2760,-1.0434,0.0086,22.406,-10.680,25.818
69.601392,156.408,29.211,112.132,-0.5728,-0.9029,-0.0572,19.778,-12.267,26.171
69.618059,156.444,29.255,111.615,-0.5579,-0.5068,0.0544,16.950,-13.137,23.962
69.634726,156.473,29.335,111.133,-0.2358,-0.3729,0.3330,15.501,-14.339,21.393
69.651393,156.577,29.475,110.685,-0.0541,-0.1089,0.3638,19.098,-16.915,18.353
69.668060,156.745,29.648,110.281,-0.1715,0.1060,0.4486,21.691,-17.751,15.425
69.684727,156.932,29.864,109.946,0.0818,0.3515,0.2398,20.840,-18.640,11.183
69.701394,157.117,30.121,109.681,0.2389,0.5527,0.4249,18.656,-19.424,6.868
69.718061,157.360,30.427,109.476,0.4281,0.5186,0.4509,20.427,-20.942,2.832
69.734728,157.644,30.790,109.333,0.1698,0.4381,0.3812,21.089,-22.847,-1.295
69.751395,157.946,31.211,109.239,-0.1127,0.4193,0.3563,20.667,-25.064,-4.897
69.768062,158.355,31.672,109.161,-0.0767,0.3864,0.5256,26.606,-27.063,-6.411
69.784729,158.841,32.173,109.108,-0.0911,0.0076,0.4969,30.515,-28.881,-8.261
69.801396,159.402,32.706,109.107,-0.1215,-0.6129,0.2360,33.389,-29.777,-11.155
69.818063,159.956,33.277,109.203,0.2910,-0.9957,-0.3137,29.751,-30.335,-16.250
69.834730,160.426,33.889,109.398,0.2902,-1.0555,-0.3772,21.394,-31.128,-21.430
69.851397,160.910,34.507,109.633,0.1729,-0.5561,-0.0261,20.760,-30.990,-23.098
69.868064,161.387,35.098,109.850,0.0169,0.3818,0.1987,20.855,-29.973,-21.381
69.884731,161.860,35.648,110.083,0.2277,0.5258,0.2114,19.896,-27.582,-21.077
69.901398,162.235,36.181,110.344,0.4937,0.3760,-0.0346,12.997,-26.393,-21.752
69.918065,162.522,36.681,110.629,-0.1306,0.0856,0.0899,6.710,-24.304,-22.001
69.934732,162.911,37.119,110.913,-0.3230,0.2485,0.2831,12.803,-20.934,-20.635
69.951399,163.371,37.519,111.183,-0.1681,0.1605,0.1053,17.405,-19.123,-19.121
69.968066,163.783,37.901,111.403,-0.0566,-0.0325,0.0681,16.291,-18.920,-16.346
69.984733,164.229,38.265,111.567,-0.1351,-0.2960,-0.0667,20.345,-18.797,-13.292
70.001400,164.626,38.613,111.694,0.0402,-0.4021,-0.0393,18.739,-18.370,-11.207
70.018067,165.025,38.923,111.819,0.0389,-0.4033,0.0158,18.880,-16.335,-10.313
70.034734,165.449,39.211,111.975,-0.1130,-0.3055,0.0217,19.219,-14.731,-11.273
70.051401,165.911,39.480,112.182,-0.0035,-0.1301,0.0450,19.477,-13.192,-13.147
70.068068,166.381,39.740,112.457,0.2373,0.0385,0.0453,17.358,-11.987,-15.888
70.084735,166.802,39.981,112.801,0.4463,0.1001,0.1011,11.625,-10.231,-18.621
70.101402,167.181,40.205,113.195,0.3763,0.0882,-0.0379,7.169,-8.948,-20.478
70.118069,167.550,40.422,113.612,0.2370,0.1427,0.0595,5.631,-8.439,-21.321
70.134736,167.946,40.648,114.025,0.1555,0.0197,0.2431,7.286,-9.132,-21.131
70.151403,168.360,40.900,114.412,-0.2631,-0.1989,0.1523,9.369,-11.091,-20.136
70.168070,168.830,41.187,114.775,-0.3518,-0.3754,0.1113,13.502,-13.520,-19.382
70.184737,169.326,41.514,115.132,-0.3564,-0.3622,0.2088,15.309,-16.151,-19.327
70.201404,169.906,41.871,115.450,-0.6388,-0.0110,0.3936,21.727,-18.346,-17.729
70.218071,170.538,42.242,115.723,-0.3258,0.0682,0.2366,26.557,-19.792,-15.588
70.234738,171.118,42.624,115.939,-0.0947,0.0929,0.0910,25.686,-21.002,-12.938
70.251405,171.687,42.994,116.118,0.0900,0.0754,-0.0362,26.490,-20.696,-10.970
70.268072,172.190,43.364,116.280,0.1991,-0.0425,-0.2075,23.133,-20.921,-10.001
70.284739,172.677,43.722,116.413,0.2759,0.0479,0.0593,23.379,-20.396,-8.399
70.301406,173.102,44.063,116.505,0.1132,0.1470,-0.0946,21.323,-19.734,-6.303
70.318073,173.537,44.389,116.545,-0.0861,-0.2523,0.0486,24.010,-19.178,-3.866
70.334740,173.948,44.704,116.518,-0.2050,-0.5910,-0.0583,25.474,-18.797,-0.740
70.351407,174.261,45.017,116.440,-0.0241,-0.9136,-0.2824,21.724,-18.927,1.488
70.368074,174.496,45.325,116.309,-0.0531,-0.3980,-0.3246,19.310,-18.859,3.874
70.384741,174.682,45.609,116.151,0.2466,0.2033,0.0394,17.548,-17.475,5.154
70.401408,174.760,45.868,115.956,0.1685,0.4372,0.1731,12.702,-16.140,6.853
70.418075,174.795,46.094,115.722,-0.2761,0.0859,0.1126,11.817,-14.300,8.628
70.434742,174.711,46.316,115.460,-0.2399,-0.3560,-0.2192,5.963,-14.184,9.738
70.451409,174.522,46.531,115.232,0.2824,-0.2782,-0.0294,-1.778,-13.617,8.329
70.468076,174.268,46.748,115.031,0.2955,-0.0880,-0.0091,-6.849,-13.659,7.125
70.484743,174.000,46.960,114.861,0.0996,-0.1192,0.1381,-8.969,-13.298,5.771
70.501410,173.754,47.160,114.714,0.1187,0.3333,0.4606,-8.692,-12.464,4.847
70.518077,173.607,47.341,114.540,-0.1303,0.3044,0.2120,-1.492,-11.512,5.961
70.534744,173.424,47.544,114.362,-0.1267,-0.2949,-0.0722,-3.491,-12.820,5.957
70.551411,173.211,47.766,114.125,0.0561,0.3007,0.1211,-2.629,-14.253,8.098
70.568078,172.920,47.982,113.821,-0.0600,0.8756,0.0358,-4.261,-14.279,10.740
70.584745,172.475,48.163,113.449,-0.2068,0.4670,0.1102,-10.418,-12.605,13.538
70.601412,171.971,48.310,112.984,-0.4347,0.3170,0.1000,-9.767,-11.201,17.375
70.618079,171.491,48.451,112.453,-0.2635,-0.0702,-0.0248,-5.333,-11.319,19.872
70.634746,170.964,48.598,111.879,-0.1830,-0.3204,-0.0312,-6.142,-12.160,21.358
70.651413,170.327,48.749,111.286,-0.1895,-0.0675,0.0536,-11.868,-12.674,21.829
70.668080,169.698,48.875,110.648,-0.3058,0.2068,0.0807,-9.203,-11.805,23.693
70.684747,169.104,48.984,109.969,0.0033,0.3688,0.0647,-5.277,-11.270,25.274
70.701414,168.460,49.084,109.223,-0.3397,-0.0242,0.0019,-5.195,-11.552,27.753
70.718081,167.871,49.193,108.447,-0.5545,-0.1669,-0.0132,-0.422,-12.632,28.625
70.734748,167.279,49.317,107.611,0.2773,-0.1550,0.2504,2.135,-14.240,30.545
70.751415,166.684,49.438,106.714,-0.1365,-0.6433,0.0236,4.848,-14.966,32.653
70.768082,166.182,49.567,105.767,-0.4061,-0.9790,-0.1111,12.735,-16.112,34.197
70.784749,165.823,49.735,104.786,-0.5832,-1.0022,0.0071,23.012,-18.949,34.721
70.801416,165.706,49.916,103.759,-0.3662,-0.8236,0.3059,39.701,-20.259,36.026
70.818083,165.688,50.099,102.675,-0.6827,-0.4776,-0.0039,48.479,-20.895,37.979
70.834750,165.741,50.259,101.491,-0.0663,0.2764,0.1783,57.371,-20.410,41.888
70.851417,165.686,50.376,100.241,-0.0726,0.0687,0.0660,54.087,-18.575,44.860
70.868084,165.643,50.495,98.918,-0.9600,-0.1055,-0.3374,58.259,-19.349,47.364
70.884751,165.881,50.583,97.537,-0.8141,0.1747,0.4757,77.977,-17.987,49.922
70.901418,165.907,50.629,96.060,0.4220,0.5976,0.2602,69.737,-16.328,54.058
70.918085,165.749,50.652,94.578,-0.5380,-0.2672,-0.6713,58.958,-15.084,54.496
70.934752,165.777,50.603,93.043,-0.5030,-0.0231,0.1089,72.513,-11.455,57.484
70.951419,165.450,50.525,91.505,0.4340,-0.0974,0.0072,51.319,-9.935,58.126
70.968086,164.979,50.297,89.908,0.9520,0.4464,0.4823,45.319,-2.311,62.676
70.984753,164.261,49.923,88.282,0.0779,0.0734,-0.4023,31.467,5.105,66.427
71.001420,163.635,49.484,86.767,-1.0196,-1.0735,-1.7328,31.437,9.128,63.884
71.018087,163.407,48.952,85.423,-1.1709,-0.8767,-0.3829,47.115,15.752,59.713
71.034754,163.366,48.228,84.116,-0.1490,-0.0428,0.8069,56.101,26.866,62.279
71.051421,163.113,47.340,82.767,1.5274,0.1907,0.2336,44.477,35.402,67.573
71.068088,162.502,46.405,81.426,1.3185,0.2726,-1.3553,21.746,37.466,69.271
71.084755,162.175,45.342,80.099,0.0398,0.4196,-0.5535,37.265,44.033,72.273
71.101422,162.094,44.159,78.861,-0.0046,0.2171,0.5992,47.198,51.398,72.080
71.118089,162.127,42.916,77.795,-0.1305,-0.1738,0.4831,45.771,56.819,67.118
71.134756,162.395,41.676,76.934,-0.1821,-0.6205,-0.9281,50.646,59.323,59.188
71.151423,162.954,40.476,76.256,-0.6609,-1.0960,-1.5265,60.016,59.683,50.803
71.168090,163.878,39.247,75.669,-0.6168,-0.0863,-0.0749,77.780,63.020,47.063
71.184757,165.146,37.926,75.078,0.1859,0.9013,1.1078,97.920,69.083,47.964
71.201424,166.313,36.504,74.439,1.2189,1.4547,1.1010,92.974,75.259,50.679
71.218091,167.218,35.026,73.733,1.1648,1.3964,0.3080,78.848,78.523,53.850
71.234758,167.973,33.566,72.964,0.8186,0.4316,-0.4376,71.060,77.396,56.082
71.251425,168.581,32.170,72.191,-0.3717,-0.3719,-0.9960,61.425,74.143,55.216
71.268092,169.255,30.841,71.397,-0.7981,-0.7442,-1.0650,65.155,70.483,55.222
71.284759,170.047,29.530,70.559,-0.8703,-0.5649,-0.3372,72.576,69.601,56.933
71.301426,170.955,28.145,69.656,-0.7361,0.1770,0.4161,80.427,74.171,60.583
71.318093,171.942,26.641,68.696,0.3458,0.6238,0.9504,85.504,81.688,64.036
71.334760,172.726,25.014,67.688,0.9249,0.6897,0.5922,73.170,89.460,66.985
71.351427,173.460,23.257,66.620,0.1923,0.9542,-0.3538,70.077,97.666,70.775
71.368094,174.242,21.354,65.498,-0.1368,0.3616,-0.7971,72.286,106.845,74.210
71.384761,174.999,19.339,64.306,-0.1298,0.0071,-0.9108,70.091,114.082,78.099
71.401428,175.775,17.214,63.044,-0.1000,0.2857,-0.3651,70.120,121.264,81.985
71.418095,176.553,14.950,61.808,0.3351,0.6332,0.4609,67.021,130.772,80.208
71.434762,177.107,12.578,60.679,0.9514,0.1570,1.1028,49.169,138.439,73.609
71.451429,177.507,10.161,59.629,0.5384,0.1475,1.0325,36.297,141.936,68.487
71.468096,177.802,7.811,58.669,-0.2645,-0.4593,0.2341,26.509,138.511,62.670
71.484763,177.972,5.645,57.751,-0.5157,-0.4485,-0.0408,16.538,127.786,59.488
71.501430,178.138,3.666,56.838,-0.2114,-0.1604,0.7094,14.241,116.798,58.649
71.518097,178.321,1.849,55.917,0.2448,0.2818,1.2444,13.540,107.229,58.571
71.534764,178.464,0.118,54.951,0.4123,0.9236,1.4118,9.402,102.138,60.851
71.551431,178.610,-1.553,54.001,0.3726,0.9300,1.5159,7.910,98.693,59.597
71.568098,178.670,-3.127,53.131,0.1894,0.4978,1.4612,1.362,93.114,54.428
71.584765,178.608,-4.595,52.359,0.4486,0.1493,1.2101,-6.990,86.876,48.341
71.601432,178.440,-5.976,51.706,0.8130,-0.1673,0.9558,-13.776,81.729,41.169
71.618099,178.210,-7.279,51.141,0.9919,-0.2251,0.4871,-17.869,77.077,35.992
71.634766,177.983,-8.527,50.645,0.7097,-0.6575,-0.1752,-17.804,73.753,31.972
71.651433,177.801,-9.738,50.147,0.5424,-0.9355,-0.5907,-15.766,71.455,32.261
71.668100,177.734,-10.901,49.605,0.6137,-1.2568,-0.6079,-9.887,68.354,34.695
71.684767,177.882,-12.004,49.059,0.5207,-1.3086,-0.4544,2.303,64.860,34.689
71.701434,178.068,-13.064,48.531,0.6187,-1.3586,-0.4773,4.167,62.383,33.257
71.718101,178.132,-14.079,48.114,0.4176,-1.2902,-0.8829,-2.024,59.937,26.385
71.734768,178.273,-15.063,47.827,0.0173,-0.9115,-0.6503,4.130,58.457,18.545
71.751435,178.574,-16.023,47.668,-0.0811,-0.7802,-0.0131,15.426,57.213,10.881
71.768102,178.880,-16.909,47.664,0.0881,-0.8358,0.6635,18.306,53.131,1.434
71.784769,179.001,-17.764,47.830,0.2513,-0.8594,1.1863,10.196,51.373,-8.430
71.801436,178.903,-18.544,48.208,0.1208,-0.7093,1.2013,1.212,47.165,-20.646
71.818103,178.592,-19.258,48.772,-0.0427,-0.3086,0.9544,-7.693,43.441,-30.966
71.834770,178.192,-19.895,49.456,-0.0393,0.0186,0.5924,-10.260,39.302,-37.522
71.851437,177.841,-20.461,50.169,-0.0002,0.2017,0.7340,-6.271,35.245,-38.847
71.868104,177.480,-21.008,50.857,0.2991,0.3363,0.6605,-7.040,34.323,-37.152
71.884771,177.090,-21.490,51.480,0.4169,0.4688,0.3986,-9.867,30.523,-33.342
71.901438,176.741,-21.942,51.993,0.4894,0.5678,0.4126,-9.568,28.557,-27.010
71.918105,176.531,-22.351,52.375,0.2928,0.9201,0.3867,-3.979,25.663,-19.644
71.934772,176.524,-22.687,52.592,0.1553,1.0446,0.5748,4.500,20.827,-10.682
71.951439,176.677,-22.981,52.640,0.1982,0.8227,0.8689,10.299,17.674,-1.478
71.968106,176.924,-23.223,52.581,0.2731,0.7080,0.8787,13.407,14.211,4.132
71.984773,177.168,-23.395,52.451,0.2104,0.7288,0.5848,11.476,9.824,7.781
72.001440,177.379,-23.523,52.326,0.1233,0.4776,0.5988,9.626,7.259,7.371
72.018107,177.611,-23.626,52.269,0.1617,0.1576,0.6559,12.501,5.912,3.494
72.034774,177.915,-23.756,52.257,0.1058,0.0662,0.7513,17.872,7.631,1.072
72.051441,178.184,-23.895,52.292,0.3581,-0.2810,0.4082,16.986,8.315,-1.561
72.068108,178.288,-24.020,52.438,0.6599,-0.5180,-0.0679,9.737,7.582,-7.687
72.084775,178.125,-24.175,52.606,1.0545,-0.5695,0.0228,-5.763,9.460,-8.776
72.101442,177.900,-24.360,52.787,0.8429,-0.0382,-0.2974,-9.028,11.315,-9.399
72.118109,177.644,-24.563,52.922,0.9888,-0.0060,-0.4665,-12.024,12.376,-6.805
72.134776,177.301,-24.764,53.046,1.3722,-0.3580,-0.6424,-17.491,12.180,-6.101
72.151443,177.151,-24.868,53.106,1.2037,-0.0603,-0.7278,-7.519,6.249,-2.820
72.168110,177.175,-24.817,53.114,1.0482,0.4131,-1.0954,1.644,-3.160,-0.500
72.184777,177.120,-24.647,53.107,1.0761,0.8513,-1.4397,-3.501,-10.408,0.039
72.201444,176.654,-24.363,53.129,1.0955,0.8112,-1.4795,-27.405,-17.083,-2.021
72.218111,175.953,-23.978,53.200,0.2727,1.2679,-1.6871,-40.275,-22.988,-5.241
72.234778,175.078,-23.509,53.332,0.0877,1.5100,-1.5956,-49.355,-27.705,-9.297
72.251445,174.104,-22.999,53.548,0.2865,1.0016,-1.1439,-53.323,-29.562,-14.633
72.268112,172.939,-22.458,53.822,0.2266,0.4676,-1.0510,-63.579,-30.803,-18.612
72.284779,171.540,-21.867,54.087,0.1515,0.2642,-1.3969,-77.960,-33.332,-19.217
72.301446,169.638,-21.149,54.426,0.1785,0.1613,-1.9541,-106.683,-39.649,-25.598
72.318113,166.950,-20.193,54.838,0.5876,-0.3170,-2.2527,-152.591,-51.722,-34.201
72.334780,163.481,-18.991,55.322,0.4374,-0.7004,-1.0361,-198.367,-62.983,-44.774
72.351447,159.270,-17.686,55.723,0.4002,-1.3073,0.3563,-245.115,-67.163,-46.554
72.368114,154.640,-16.322,56.015,0.5626,-2.1522,1.3279,-272.666,-69.015,-47.348
72.384781,149.953,-14.846,56.295,0.0109,-2.2324,1.6851,-276.666,-71.113,-55.456
72.401448,145.533,-13.381,56.554,-1.0606,-0.9161,1.4568,-261.330,-66.463,-59.532
72.418115,141.068,-11.971,56.743,-0.2541,-0.9934,1.3113,-265.390,-61.432,-59.385
72.434782,136.176,-10.723,56.882,-0.2314,-1.5142,1.8182,-291.844,-50.948,-55.525
72.451449,131.372,-9.655,56.907,-1.5759,-1.2703,0.7544,-287.913,-43.434,-47.188
72.468116,127.105,-8.756,56.911,-0.9576,-1.3030,0.6752,-255.952,-34.067,-41.809
72.484783,123.018,-8.102,56.935,-0.1212,-1.9347,2.5894,-244.985,-21.480,-32.769
72.501450,120.690,-7.818,57.120,-3.5012,0.8611,-0.2646,-138.083,0.260,-20.152
72.518117,120.125,-7.695,57.469,-2.4321,0.4002,0.9498,-31.133,14.062,-16.650
72.534784,118.631,-7.520,57.710,-0.4200,-0.8017,3.3191,-87.751,7.224,-16.021
72.551451,116.613,-7.231,57.932,-1.2349,1.5983,-0.0120,-119.392,3.571,-21.294
72.568118,115.451,-6.993,58.163,-0.2480,1.5818,-1.5707,-68.098,6.008,-18.701
72.584785,114.714,-6.756,58.305,0.9732,-0.4003,-0.4238,-43.259,1.490,-16.237
72.601452,113.876,-6.466,58.265,0.5232,-0.9292,0.4803,-50.617,-9.403,-14.737
72.618119,113.377,-6.179,58.118,-0.8231,-0.3761,0.2161,-30.962,-15.063,-12.060
72.634786,113.431,-6.038,57.940,-0.8579,-0.5421,0.7227,1.995,-13.211,-3.345
72.651453,113.726,-6.019,57.690,0.0480,-0.9569,1.5607,16.077,-14.234,5.070
72.668120,114.261,-6.084,57.400,-0.5387,0.0401,0.8076,30.174,-14.348,10.813
72.684787,114.991,-6.222,57.123,-0.5449,0.0964,0.8460,41.923,-11.627,14.628
72.701454,115.473,-6.373,56.885,-0.7574,0.0276,0.6953,27.325,-9.051,14.422
72.718121,115.607,-6.493,56.689,-0.8471,0.1305,0.3825,6.586,-7.529,11.745
72.734788,115.519,-6.568,56.548,-0.7288,0.2197,-0.0757,-6.325,-5.745,7.907
72.751455,115.328,-6.608,56.474,-0.3671,-0.0913,0.0019,-12.060,-3.065,4.241
72.768122,115.124,-6.639,56.420,-0.4567,0.0022,-0.0188,-12.721,-2.212,3.269
72.784789,115.075,-6.703,56.385,-0.1929,0.1846,-0.0612,-3.326,-0.356,4.584
72.801456,115.187,-6.799,56.344,0.0249,0.3471,-0.3375,6.337,0.148,6.443
72.818123,115.518,-6.925,56.298,-0.0122,0.6613,-0.5596,19.395,0.673,8.193
72.834790,116.131,-7.086,56.264,-0.0684,1.1657,-0.7194,36.373,2.306,9.764
72.851457,116.931,-7.264,56.226,-0.1202,1.2840,-0.1030,47.605,2.623,10.752
72.868124,117.695,-7.427,56.198,-0.0686,1.3943,0.5124,45.449,2.872,9.630
72.884791,118.376,-7.585,56.227,-0.2260,1.9183,0.6413,40.928,5.862,7.699
72.901458,118.920,-7.758,56.342,-0.1710,1.8849,0.8725,33.411,10.835,5.981
72.918125,119.277,-7.938,56.521,0.3120,1.8406,0.5939,22.704,14.434,4.376
72.934792,119.555,-8.117,56.730,0.6446,1.5677,0.2519,18.248,15.905,3.415
72.951459,119.831,-8.313,56.909,1.2336,1.2289,0.1432,17.888,14.877,5.026
72.968126,120.250,-8.524,57.074,1.1680,0.9908,0.1209,26.410,14.665,6.177
72.984793,120.938,-8.827,57.212,1.1860,0.7386,0.3078,42.346,16.109,11.565
73.001460,121.809,-9.238,57.278,1.5970,-0.0379,1.0928,52.681,16.000,19.051
73.018127,122.783,-9.702,57.280,1.7093,-0.3599,1.0902,58.279,14.733,23.564
73.034794,123.765,-10.183,57.216,1.4971,-0.3204,0.7000,58.126,12.464,26.220
73.051461,124.672,-10.676,57.095,1.3256,-0.2819,0.6808,52.933,10.496,28.521
73.068128,125.662,-11.234,56.954,0.9687,0.1267,0.3424,57.674,12.264,32.206
73.084795,127.159,-11.804,56.777,0.1494,0.8276,-0.3663,87.565,11.720,33.777
73.101462,129.200,-12.360,56.521,0.4195,1.0985,-0.4660,119.104,8.572,35.563
73.118129,131.494,-12.926,56.094,1.0129,1.1277,0.3637,131.910,2.708,42.097
73.134796,134.148,-13.557,55.560,0.7830,1.3254,0.7732,151.786,2.541,49.007
73.151463,136.903,-14.197,54.906,1.1276,1.0451,0.8602,155.738,0.427,54.097
73.168130,139.545,-14.780,54.135,1.2882,0.6115,0.8720,146.780,-4.025,56.757
73.184797,142.080,-15.290,53.330,0.7004,0.6793,0.4091,139.446,-6.110,55.513
73.201464,144.599,-15.770,52.511,0.3240,0.7759,0.2465,137.822,-5.473,55.199
73.218131,146.741,-16.226,51.616,0.7810,0.2624,-0.1091,113.605,-6.875,58.084
73.234798,147.634,-16.508,50.628,1.8931,-1.2181,0.0010,36.718,-16.912,56.981
73.251465,147.235,-16.496,49.643,1.3447,-1.4150,-0.6055,-40.817,-31.450,47.391
73.268132,146.110,-16.196,48.711,-0.0210,0.0771,-1.5792,-83.318,-44.855,35.012
73.284799,144.756,-15.782,47.837,-0.3295,0.8343,-1.6192,-95.818,-49.412,27.390
73.301466,143.551,-15.349,47.016,-0.3965,0.3673,-1.2196,-85.618,-49.158,23.278
73.318133,142.938,-14.925,46.217,-0.6790,-0.2885,-0.9372,-49.437,-48.406,21.866
73.334800,143.270,-14.510,45.453,-1.1090,-0.4359,-1.2399,8.152,-46.876,20.484
73.351467,144.502,-14.081,44.730,-1.1180,-0.2412,-1.2823,63.082,-45.902,18.803
73.368134,146.411,-13.670,44.067,-1.0980,0.0169,-1.0388,104.885,-42.499,17.847
73.384801,148.694,-13.335,43.470,-1.0013,-0.1449,-0.3763,128.409,-35.954,18.639
73.401468,151.327,-13.124,42.932,-1.1343,-0.1601,0.1417,150.466,-26.917,20.893
73.418135,154.284,-13.052,42.411,-1.2584,-0.4287,0.2799,170.194,-18.081,25.122
73.434802,157.396,-13.040,41.908,-0.9862,-0.6452,0.3492,179.744,-12.909,26.554
73.451469,160.437,-12.957,41.446,-0.9946,-0.7252,-0.0110,176.037,-14.646,23.497
73.468136,163.141,-12.783,41.059,-0.9432,-0.2537,-0.1889,156.896,-17.234,18.258
73.484803,165.312,-12.558,40.710,-0.9802,-0.1104,0.1245,125.517,-18.748,15.824
73.501470,167.077,-12.331,40.376,-0.8518,-0.1390,0.4396,101.371,-18.145,15.801
73.518137,168.526,-12.105,40.098,-0.7822,-0.4216,0.6001,83.238,-16.916,13.206
73.534804,169.782,-11.910,39.830,-0.7618,-0.5384,0.7076,71.763,-14.654,13.325
73.551471,170.970,-11.719,39.601,-0.8314,-0.6413,0.5523,68.260,-13.810,11.457
73.568138,171.941,-11.514,39.429,-0.7207,-0.3476,0.4356,56.001,-13.853,8.332
73.584805,172.597,-11.346,39.283,-0.5052,-0.3662,0.6185,37.441,-11.379,7.219
73.601472,173.005,-11.227,39.170,-0.4932,-0.6565,0.8501,22.898,-8.097,5.809
73.618139,173.137,-11.147,39.127,-0.3475,-0.5839,0.7887,7.216,-5.241,2.059
73.634806,173.055,-11.097,39.145,-0.2656,-0.3659,0.6622,-4.872,-2.999,-1.356
73.651473,172.930,-11.076,39.176,-0.1519,-0.1702,0.4156,-7.375,-1.249,-1.898
73.668140,172.718,-11.102,39.236,0.0715,-0.1316,0.1659,-12.202,1.850,-3.205
73.684807,172.545,-11.146,39.295,-0.0248,-0.0668,0.1431,-9.875,2.893,-3.036
73.701474,172.376,-11.195,39.355,0.0759,0.0857,-0.0211,-9.647,3.190,-3.080
73.718141,172.264,-11.244,39.405,0.0792,0.1167,-0.1054,-6.359,3.142,-2.403
73.734808,172.168,-11.297,39.455,0.1351,0.0877,-0.0862,-5.332,3.392,-2.390
73.751475,172.068,-11.338,39.456,0.1080,-0.0442,0.0922,-6.211,2.285,0.313
73.768142,171.943,-11.385,39.456,0.0508,-0.2283,0.1372,-7.679,2.631,0.519
73.784809,171.749,-11.400,39.462,-0.0046,-0.1856,0.1668,-11.780,0.753,-0.147
73.801476,171.573,-11.427,39.459,-0.1406,-0.0485,0.2698,-10.793,1.420,0.471
73.818143,171.483,-11.483,39.451,-0.2042,-0.1215,0.3636,-5.678,3.045,1.013
73.834810,171.393,-11.536,39.435,-0.0803,-0.2042,0.2382,-5.756,2.851,1.498
73.851477,171.335,-11.571,39.390,-0.1199,-0.0915,0.3265,-4.259,1.519,2.984
73.868144,171.369,-11.594,39.303,-0.1613,0.1847,0.1667,0.807,0.426,5.370
73.884811,171.371,-11.604,39.174,-0.0159,0.2135,-0.0571,-1.587,-0.689,7.597
73.901478,171.417,-11.596,39.028,-0.0453,0.4851,-0.1284,0.802,-1.932,8.506
73.918145,171.551,-11.577,38.865,0.0054,0.4933,0.0326,5.873,-2.690,9.310
73.934812,171.738,-11.540,38.663,0.0942,0.2555,0.1352,8.594,-4.097,11.490
73.951479,171.958,-11.470,38.424,0.0356,0.3059,0.2983,10.109,-6.304,13.346
73.968146,172.149,-11.377,38.181,-0.0728,0.3638,0.3262,8.397,-7.687,13.487
73.984813,172.233,-11.288,37.943,0.0453,0.3131,0.2780,1.975,-7.397,13.322
74.001480,172.281,-11.224,37.698,0.2023,0.1442,0.3032,-0.234,-6.025,14.156
74.018147,172.394,-11.156,37.461,0.2104,0.0703,0.3018,3.734,-6.064,13.566
74.034814,172.533,-11.071,37.183,0.2225,-0.0535,0.3190,5.033,-7.353,15.160
74.051481,172.728,-10.982,36.892,0.0556,0.0409,0.3886,8.144,-7.644,16.225
74.068148,172.924,-10.917,36.601,0.0055,0.0263,0.4299,8.221,-6.189,16.566
74.084815,173.101,-10.864,36.318,-0.0380,-0.0227,0.4038,7.248,-5.368,16.239
74.101482,173.248,-10.835,36.065,-0.1276,-0.1287,0.2840,5.729,-3.721,14.656
74.118149,173.348,-10.817,35.850,-0.2177,-0.1233,0.1072,3.379,-2.732,12.555
74.134816,173.384,-10.821,35.654,-0.1698,-0.2509,0.0247,-0.250,-1.283,11.537
74.151483,173.374,-10.840,35.482,0.0179,-0.2549,-0.0699,-2.783,-0.191,10.254
74.168150,173.317,-10.872,35.340,-0.0053,-0.1638,-0.1198,-5.220,0.755,8.582
74.184817,173.236,-10.913,35.211,0.1647,-0.1621,-0.1382,-6.498,1.373,7.865
74.201484,173.152,-10.950,35.093,0.2607,-0.2703,-0.0606,-6.626,1.211,7.210
74.218151,173.089,-10.994,34.980,0.2551,-0.0984,0.0395,-5.204,1.647,6.949
74.234818,173.041,-11.048,34.865,0.3456,-0.0911,0.0001,-4.421,2.197,7.137
74.251485,173.002,-11.085,34.752,0.3180,-0.0180,0.0669,-3.828,1.238,6.995
74.268152,172.980,-11.121,34.632,0.1674,0.0781,0.1912,-2.912,1.116,7.306
74.284819,172.980,-11.168,34.505,0.0667,0.0544,0.3647,-1.660,1.682,7.805
74.301486,172.987,-11.230,34.385,0.1385,-0.0757,0.4463,-1.183,2.654,7.511
74.318153,172.972,-11.300,34.290,0.1057,-0.0350,0.4421,-2.203,3.249,6.150
74.334820,172.910,-11.371,34.221,0.0276,0.0910,0.2873,-4.697,3.592,4.623
74.351487,172.779,-11.440,34.168,-0.0082,0.1965,0.1367,-8.712,3.505,3.698
74.368154,172.605,-11.508,34.150,-0.0681,0.1606,0.0184,-10.873,3.730,1.634
74.384821,172.357,-11.590,34.182,-0.1077,0.0251,-0.0144,-14.657,4.896,-1.118
74.401488,172.008,-11.696,34.264,-0.1394,0.0086,0.0736,-20.166,6.784,-3.839
74.418155,171.648,-11.809,34.372,-0.1387,0.0451,0.0281,-20.484,7.395,-5.280
74.434822,171.345,-11.911,34.471,-0.0214,0.1029,-0.0056,-17.151,6.714,-4.729
74.451489,171.113,-11.998,34.545,0.0532,0.0525,0.0050,-13.183,5.657,-3.446
74.468156,170.885,-12.064,34.603,0.0657,0.0454,0.0912,-13.172,4.259,-2.649
74.484823,170.601,-12.115,34.667,0.0479,0.0165,0.1199,-16.456,3.414,-3.175
74.501490,170.282,-12.156,34.791,0.0813,-0.0518,0.3295,-18.319,2.945,-4.039
74.518157,169.973,-12.192,34.893,0.0204,-0.0018,0.3124,-17.742,2.726,-4.187
74.534824,169.690,-12.210,34.956,-0.0708,0.0780,0.2202,-16.369,1.536,-3.390
74.551491,169.467,-12.220,35.010,-0.2335,0.1747,0.2130,-12.905,0.927,-2.926
74.568158,169.319,-12.205,35.052,-0.4636,0.1078,0.4401,-8.571,-0.626,-2.483
74.584825,169.216,-12.166,35.071,-0.4088,-0.0309,0.5982,-6.088,-2.240,-1.494
74.601492,168.955,-12.125,35.100,0.0652,-0.1516,0.3809,-15.540,-2.278,-2.031
74.618159,168.496,-12.086,35.188,0.2250,-0.1821,0.0307,-26.662,-1.493,-5.359
74.634826,168.008,-12.025,35.328,0.1572,0.0539,-0.1787,-27.711,-2.131,-8.701
74.651493,167.547,-11.953,35.483,0.2868,0.1001,-0.2830,-25.936,-2.450,-9.740
74.668160,167.195,-11.889,35.659,0.2381,0.2176,-0.1970,-19.206,-1.753,-10.769
74.684827,167.020,-11.814,35.831,0.0960,0.3518,-0.1046,-8.573,-2.324,-10.734
74.701494,166.932,-11.732,36.000,0.2309,0.1961,0.0355,-3.428,-2.735,-10.701
74.718161,166.853,-11.629,36.122,0.3544,0.0418,0.0565,-3.465,-4.641,-8.260
74.734828,166.803,-11.512,36.217,0.2944,-0.0056,-0.0232,-2.068,-5.742,-6.854
74.751495,166.846,-11.397,36.302,-0.0048,0.0971,0.1063,3.373,-5.840,-6.291
74.768162,167.003,-11.288,36.380,-0.0559,0.0513,0.1724,10.083,-5.547,-5.841
74.784829,167.195,-11.186,36.457,-0.0372,-0.0218,0.1240,12.255,-5.157,-5.699
74.801496,167.329,-11.084,36.518,0.1020,-0.0692,0.1457,8.541,-5.364,-4.803
74.818163,167.434,-10.983,36.553,0.1558,-0.1724,0.3389,6.495,-5.683,-3.256
74.834830,167.558,-10.890,36.576,0.1280,-0.1328,0.3701,7.476,-5.345,-2.400
74.851497,167.680,-10.795,36.573,0.0697,-0.1324,0.1865,7.090,-5.810,-0.994
74.868164,167.782,-10.675,36.553,0.1007,-0.1156,-0.0911,5.670,-7.470,-0.302
74.884831,167.892,-10.543,36.508,0.1694,-0.0372,-0.1287,5.879,-8.493,0.996
74.901498,168.107,-10.395,36.452,0.2205,0.1566,-0.2725,12.080,-9.625,1.504
74.918165,168.405,-10.230,36.362,-0.0181,0.7000,-0.0294,16.677,-11.054,3.573
74.934832,168.805,-10.095,36.186,0.1833,0.1499,0.5640,21.838,-10.287,9.096
74.951499,168.987,-9.964,36.109,0.7400,-0.4680,0.4890,8.618,-10.546,10.911
74.968166,168.990,-9.853,35.890,0.5354,-0.4086,0.4927,-2.247,-9.172,11.273
74.984833,169.028,-9.819,35.764,-0.0306,0.5292,0.5653,0.688,-3.832,7.938
75.001500,168.974,-9.872,35.723,0.1970,0.5384,0.7268,-3.889,2.440,3.018
75.018167,168.701,-9.935,35.683,0.7299,-0.0781,0.5060,-16.957,2.993,3.151
75.034834,168.044,-9.955,35.766,0.8679,-0.4958,0.3329,-38.797,1.990,-4.532
75.051501,167.109,-9.896,35.912,0.4546,-0.0235,0.0140,-55.143,-2.439,-6.843
75.068168,166.484,-9.900,36.008,-0.2442,0.5140,0.8454,-36.689,1.297,-5.328
75.084835,166.650,-9.940,36.004,0.5956,-0.3516,-0.0916,9.752,2.060,0.892
75.101502,166.888,-9.916,36.076,0.0445,0.1531,-0.6300,14.741,-0.778,-3.912
75.118169,167.062,-9.886,36.135,-0.0453,0.5794,-0.1999,11.016,-0.969,-4.703
75.134836,167.162,-9.924,36.234,0.0179,0.8194,0.2555,6.942,3.469,-5.869
75.151503,167.363,-9.945,36.255,-0.3327,-0.1962,0.6240,12.195,1.453,-1.571
75.168170,167.360,-9.800,36.321,-0.4638,-0.4915,-0.5660,0.414,-7.737,-6.294
75.184837,166.996,-9.495,36.430,-1.1713,0.5203,-1.6079,-20.953,-16.630,-10.317
75.201504,166.504,-9.074,36.472,-1.4570,-0.6344,-0.2907,-29.287,-24.224,-8.138
75.218171,166.221,-8.766,36.532,-2.2259,0.3216,1.5674,-16.672,-17.356,-7.765
75.234838,166.087,-8.647,36.565,-0.9468,0.2038,1.9750,-7.964,-6.623,-3.488
75.251505,165.822,-8.672,36.577,-0.4603,0.0111,1.1339,-15.990,1.391,-0.240
75.268172,165.269,-8.733,36.583,0.0618,-0.0005,-0.0209,-33.213,3.742,-0.379
75.284839,164.436,-8.865,36.584,-0.1038,0.8916,0.2212,-50.034,7.856,0.790
75.301506,164.189,-9.098,36.599,0.1823,0.4929,0.8398,-14.954,13.379,3.316
75.318173,164.558,-9.330,36.595,0.8701,-0.7535,0.1491,21.869,13.127,4.096
75.334840,164.849,-9.494,36.544,0.4371,-1.3647,-0.3296,16.731,8.537,5.571
75.351507,165.143,-9.645,36.448,-0.0283,-0.7239,-0.3464,16.488,7.057,7.880
75.368174,165.781,-9.788,36.358,-0.3946,-0.3042,-0.6466,37.121,6.801,7.400
75.384841,166.568,-9.912,36.240,-0.3354,-0.4955,-0.5969,45.806,5.343,8.612
75.401508,167.449,-9.993,36.141,-0.1882,-0.5981,-0.6187,51.609,3.257,6.878
75.418175,168.257,-9.975,36.062,0.0437,-0.7342,-0.5998,47.462,-2.209,4.438
75.434842,168.585,-9.918,36.105,0.2170,-0.6459,0.2175,19.931,-3.051,-3.069
75.451509,168.742,-9.844,36.153,-0.2366,0.9221,1.3198,9.661,-4.054,-3.181
75.468176,168.603,-9.832,36.093,0.5716,0.9362,1.3834,-9.156,-1.482,3.059
75.484843,168.487,-9.771,36.049,1.0092,0.7078,0.7322,-7.570,-4.295,1.880
75.501510,168.178,-9.758,36.118,0.3377,1.2842,0.4474,-18.111,-0.185,-3.910
75.518177,167.890,-9.817,36.183,0.3659,1.5593,0.6568,-16.813,4.047,-2.981
75.534844,167.786,-9.901,36.287,0.6506,0.5054,0.2477,-5.364,6.013,-4.915
75.551511,167.667,-9.963,36.395,0.4559,-0.0819,-0.3393,-6.292,4.770,-5.326
75.568178,167.521,-9.937,36.443,0.1714,-0.5025,-1.0271,-8.529,-1.250,-2.484
75.584845,167.577,-9.886,36.515,-0.3264,0.0613,-0.8168,3.920,-2.215,-5.181
75.601512,167.947,-9.753,36.696,-0.3749,0.8041,-1.5051,23.850,-5.718,-12.213
75.618179,168.154,-9.561,36.874,-0.2989,0.2565,-1.0384,14.003,-9.292,-12.647
75.634846,168.322,-9.286,37.017,-0.5551,-0.5519,0.8535,10.961,-15.137,-9.430
75.651513,168.548,-9.055,37.160,-0.6421,0.0196,0.5742,14.399,-12.515,-9.176
75.668180,168.414,-8.858,37.126,0.2533,-2.3358,1.9473,-8.595,-12.226,-0.288
75.684847,168.200,-8.891,37.087,-0.1532,-0.0790,2.5027,-13.356,1.298,2.711
75.701514,168.179,-9.056,37.046,0.6765,0.3078,1.0958,-1.881,8.964,4.593
75.718181,168.177,-9.267,37.010,0.1368,0.2935,-0.3719,-0.670,11.752,4.750
75.734848,168.291,-9.432,37.001,-0.0516,0.2421,-0.8934,6.479,9.284,2.981
75.751515,168.494,-9.522,37.001,-0.2396,-0.0274,-0.8361,11.948,5.080,1.122
75.768182,168.884,-9.549,37.005,-0.3267,-0.0692,-0.2806,23.257,1.413,0.128
75.784849,169.402,-9.525,36.973,-0.5036,-0.0491,0.0499,30.540,-1.952,1.678
75.801516,169.860,-9.555,36.932,-0.1724,0.1945,0.3951,26.802,1.132,2.823
75.818183,170.200,-9.592,36.858,-0.2660,-0.5380,0.7550,19.437,1.185,4.922
75.834850,170.429,-9.635,36.819,-0.1607,-0.3540,0.6314,13.093,1.898,2.932
75.851517,170.546,-9.734,36.788,-0.1607,-0.1143,0.5573,6.501,5.345,3.036
75.868184,170.587,-9.863,36.781,0.0132,-0.1809,0.5046,2.035,7.251,2.593
75.884851,170.555,-10.012,36.768,0.0416,-0.0684,0.5443,-2.327,8.482,2.361
75.901518,170.437,-10.176,36.761,0.0026,0.1719,0.4148,-7.348,9.473,1.955
75.918185,170.196,-10.301,36.726,0.1751,-0.1973,0.0297,-14.951,6.909,3.091
75.934852,169.759,-10.380,36.720,0.0586,-0.0788,-0.2510,-26.539,4.385,1.218
75.951519,169.188,-10.423,36.686,0.2172,0.0263,-0.3746,-34.781,2.045,2.380
75.968186,168.817,-10.482,36.690,-0.1851,0.6352,-0.0237,-22.503,3.280,0.704
75.984853,168.766,-10.582,36.675,-0.2447,0.6209,0.0186,-3.455,5.487,2.196
76.001520,168.809,-10.692,36.655,0.0646,0.2467,-0.0904,2.164,6.056,2.510
76.018187,168.748,-10.762,36.628,0.2225,-0.0263,-0.1587,-4.186,3.618,2.473
76.034854,168.513,-10.768,36.567,0.5463,-0.4591,-0.1995,-15.003,-0.582,3.703
76.051521,168.309,-10.743,36.521,0.1732,-0.0912,-0.0371,-12.996,-2.226,2.511
76.068188,168.252,-10.721,36.476,-0.0177,0.4301,0.0899,-4.160,-2.044,2.469
76.084855,168.299,-10.705,36.412,0.0293,0.5349,0.1684,1.889,-1.931,3.620
76.101522,168.394,-10.696,36.321,0.0881,0.3837,0.2573,4.435,-1.858,5.473
76.118189,168.555,-10.704,36.211,0.1874,0.1134,0.0447,8.103,-1.164,6.886
76.134856,168.686,-10.664,36.108,0.3293,-0.2908,-0.1414,6.501,-3.746,5.482
76.151523,168.717,-10.613,36.060,0.0584,0.0980,-0.0776,1.065,-3.836,2.792
76.168190,168.762,-10.570,36.026,-0.0294,0.1559,0.1185,1.899,-3.459,2.811
76.184857,168.807,-10.540,36.022,0.0998,0.1163,0.3484,2.334,-2.129,0.394
76.201524,168.833,-10.526,36.041,0.2421,0.1252,0.4442,1.517,-0.880,-0.886
76.218191,168.867,-10.540,36.070,0.2346,0.0854,0.5901,2.119,0.982,-1.438
76.234858,168.868,-10.576,36.096,0.1996,-0.0627,0.3127,0.118,2.182,-1.007
76.251525,168.836,-10.609,36.127,-0.1169,-0.0492,0.0249,-1.797,2.049,-1.298
76.268192,168.807,-10.626,36.158,-0.1968,-0.0480,-0.0910,-1.591,1.156,-1.550
76.284859,168.803,-10.623,36.197,-0.1093,-0.0546,0.1059,-0.038,0.045,-2.261
76.301526,168.844,-10.608,36.217,-0.0663,-0.0235,0.2826,2.436,-0.868,-1.209
76.318193,168.930,-10.583,36.223,0.1272,0.0205,0.2793,5.066,-1.605,-0.688
76.334860,168.937,-10.542,36.241,0.3338,0.0672,0.1530,0.380,-2.410,-1.368
76.351527,168.892,-10.513,36.255,0.2502,0.2215,0.0944,-2.767,-1.778,-1.064
76.368194,168.836,-10.493,36.267,-0.0186,0.2988,0.0540,-3.435,-1.242,-0.886
76.384861,168.790,-10.487,36.269,-0.2480,0.2152,0.0423,-3.002,-0.586,-0.007
76.401528,168.777,-10.488,36.273,-0.4071,0.0560,0.2106,-0.983,-0.146,0.185
76.418195,168.785,-10.502,36.269,-0.3784,0.0753,0.2310,0.218,0.536,0.450
76.434862,168.735,-10.520,36.279,-0.0145,-0.0476,0.1202,-3.127,1.013,-0.455
76.451529,168.642,-10.532,36.314,0.2838,0.0376,0.2007,-5.436,0.850,-1.674
76.468196,168.576,-10.549,36.341,0.4646,0.1302,0.3758,-3.868,1.111,-1.298
76.484863,168.595,-10.586,36.383,0.1822,0.2566,0.3025,1.223,2.275,-1.245
76.501530,168.693,-10.617,36.453,-0.3980,0.2245,-0.0531,6.265,2.127,-2.248
76.518197,168.706,-10.629,36.519,-0.6081,0.1643,-0.2546,1.245,1.227,-3.399
76.534864,168.584,-10.614,36.617,-0.3703,0.1967,-0.1107,-6.464,0.042,-5.740
76.551531,168.402,-10.621,36.760,0.0567,0.2484,0.1663,-9.602,1.886,-8.214
76.568198,168.335,-10.648,36.881,0.3081,0.0959,0.3914,-2.825,2.917,-7.069
76.584865,168.369,-10.684,36.981,0.4861,-0.1313,0.1824,2.889,3.067,-5.196
76.601532,168.352,-10.705,37.042,0.3971,-0.3537,0.1278,-0.507,1.779,-3.247
76.618199,168.317,-10.692,37.079,0.2532,-0.2619,0.0352,-1.959,-0.563,-2.223
76.634866,168.271,-10.656,37.118,0.0940,-0.2440,-0.0760,-2.504,-1.843,-2.660
76.651533,168.279,-10.600,37.149,-0.0689,-0.2343,-0.2157,0.578,-3.131,-2.369
76.668200,168.346,-10.516,37.159,-0.1579,-0.1921,-0.1319,3.886,-5.062,-1.542
76.684867,168.411,-10.406,37.177,-0.3084,0.0975,-0.0110,3.920,-6.489,-2.264
76.701534,168.452,-10.266,37.211,-0.2485,0.4218,0.1184,2.582,-8.011,-3.599
76.718201,168.446,-10.126,37.261,-0.0107,0.5276,0.1222,-0.080,-7.896,-4.465
76.734868,168.463,-10.016,37.350,0.0539,0.5515,0.2301,1.724,-5.603,-6.373
76.751535,168.527,-9.937,37.458,0.0207,0.3271,0.3711,4.764,-3.585,-7.208
76.768202,168.571,-9.871,37.575,-0.1319,0.0344,0.3228,3.690,-2.598,-7.949
76.784869,168.590,-9.822,37.711,-0.2662,-0.1316,0.4236,2.281,-1.577,-8.209
76.801536,168.616,-9.787,37.860,-0.1455,0.0414,0.4924,2.801,-0.592,-8.798
76.818203,168.645,-9.794,38.022,-0.0631,0.1595,0.4094,3.197,2.101,-9.217
76.834870,168.623,-9.819,38.159,0.2101,-0.0932,0.2222,-0.188,2.826,-7.546
76.851537,168.643,-9.846,38.288,0.1363,-0.1795,0.1423,2.323,2.887,-7.082
76.868204,168.668,-9.860,38.419,0.0200,-0.1069,0.0987,2.597,2.154,-7.381
76.884871,168.689,-9.886,38.521,-0.0312,-0.0810,0.2212,2.076,2.504,-5.508
76.901538,168.751,-9.930,38.589,0.0507,-0.0734,0.3050,4.189,3.133,-3.358
76.918205,168.825,-9.979,38.640,0.2096,-0.2076,0.2658,4.731,3.283,-2.305
76.934872,168.832,-10.015,38.677,0.2398,-0.1842,0.0572,0.606,2.319,-1.649
76.951539,168.856,-10.039,38.693,0.1496,-0.0495,-0.0378,1.384,1.385,-0.581
76.968206,168.879,-10.048,38.690,0.1532,-0.0121,-0.1026,1.118,0.241,0.350
76.984873,168.893,-10.041,38.670,0.1300,-0.0735,-0.0109,0.424,-0.856,1.172
77.001540,168.939,-10.024,38.641,0.0452,0.0501,0.0306,2.192,-1.542,1.581
77.018207,169.010,-9.991,38.609,-0.0077,0.0344,-0.0109,3.718,-2.504,1.532
77.034874,169.059,-9.958,38.589,0.0459,0.0810,0.0449,2.517,-2.409,0.861
77.051541,169.131,-9.931,38.575,0.0263,0.1712,0.1417,3.970,-1.985,0.596
77.068208,169.287,-9.897,38.568,-0.0733,0.2628,0.1108,9.047,-2.265,0.097
77.084875,169.479,-9.863,38.581,-0.1278,0.3669,-0.0827,11.416,-2.056,-1.070
77.101542,169.660,-9.829,38.600,0.0007,0.1321,0.0204,10.870,-2.082,-1.371
77.118209,169.831,-9.780,38.628,-0.0264,0.0626,0.1055,10.313,-2.776,-2.066
77.134876,169.819,-9.716,38.660,0.1369,-0.1711,0.1275,-0.629,-3.659,-2.506
77.151543,169.720,-9.636,38.695,0.2061,-0.2573,0.1216,-5.817,-4.591,-2.818
77.168210,169.674,-9.538,38.745,0.2147,0.0069,-0.0350,-2.499,-5.464,-3.917
77.184877,169.563,-9.449,38.755,0.1462,0.4781,0.0703,-6.754,-5.354,-1.450
77.201544,169.339,-9.386,38.684,0.5936,-0.2056,0.1861,-14.388,-4.704,3.515
77.218211,169.060,-9.302,38.600,0.5353,-0.3513,-0.1548,-17.771,-6.165,4.017
77.234878,168.807,-9.237,38.502,0.5232,-0.1423,0.1770,-16.322,-5.163,5.014
77.251545,168.782,-9.214,38.446,0.4084,-0.1169,0.4470,-2.290,-2.185,3.083
77.268212,168.681,-9.083,38.315,0.4055,-0.5395,0.2486,-7.479,-9.385,5.863
77.284879,168.476,-8.888,38.217,0.5068,-0.2109,0.6337,-13.396,-12.907,3.516
77.301546,168.092,-8.728,38.146,0.2108,0.2511,0.1405,-24.105,-10.770,3.649
77.318213,167.881,-8.507,38.007,-0.3855,0.3045,-0.6659,-14.073,-14.927,5.284
77.334880,167.892,-8.141,37.883,-0.5776,0.3151,-0.8226,-0.625,-23.214,2.693
77.351547,168.436,-7.385,37.797,-1.2790,0.6626,0.8721,31.669,-45.855,-3.649
77.368214,169.235,-6.458,37.934,-0.5502,0.0153,0.9857,48.681,-53.310,-18.325
77.384881,169.383,-6.127,38.196,-0.5045,-0.0991,1.0190,10.328,-16.791,-18.986
77.401548,169.113,-6.341,38.424,-0.1819,-0.0293,0.7476,-14.899,14.930,-10.911
77.418215,168.350,-6.820,38.636,0.1997,0.1339,0.3115,-44.545,30.440,-6.691
77.434882,167.396,-7.295,38.774,0.6162,0.0829,0.1422,-56.450,29.336,-1.967
77.451549,166.884,-7.532,38.859,-0.7521,-0.0986,0.1199,-30.286,14.801,-1.679
77.468216,166.933,-7.607,38.865,-0.3244,-0.4450,-0.2270,2.801,4.296,0.451
77.484883,167.176,-7.692,38.908,-0.2285,0.1374,-0.1019,14.677,5.360,-1.269
77.501550,167.527,-7.794,39.007,-0.6009,0.2103,0.4174,21.675,7.014,-4.344
77.518217,167.985,-7.994,39.044,-0.4696,0.1491,0.5650,27.529,12.040,0.324
77.534884,168.577,-8.246,38.981,-0.4214,0.1665,0.4878,34.798,13.822,6.749
77.551551,169.102,-8.461,38.951,-0.5862,0.3944,0.1021,31.016,12.228,3.795
77.568218,169.363,-8.589,38.849,-0.1938,0.0004,-0.0216,14.644,6.432,6.548
77.584885,169.484,-8.683,38.891,0.4150,-0.3647,-0.3020,7.395,5.751,-1.334
77.601552,169.634,-8.723,38.892,0.0522,-0.0296,-0.5012,8.821,2.175,0.433
77.618219,169.828,-8.741,38.806,0.3710,-0.0807,-0.1586,10.575,-0.067,5.301
77.634886,169.843,-8.785,38.701,1.0716,-0.1353,0.2932,-0.269,1.344,6.650
77.651553,169.844,-8.832,38.697,0.2979,-0.0273,0.4281,-0.310,2.341,1.526
77.668220,169.675,-8.844,38.620,0.4329,0.4146,-0.1714,-11.059,-0.312,4.593
77.684887,169.675,-8.872,38.490,0.6344,-0.1570,0.1543,-1.415,0.057,7.972
77.701554,170.089,-8.838,38.464,0.0558,-0.0449,-0.1701,24.396,-2.451,1.240
77.718221,170.460,-8.826,38.403,-0.0682,-0.0084,0.0720,21.480,-1.562,3.504
77.734888,170.752,-8.861,38.439,-0.3269,0.2105,0.8322,17.591,2.212,-1.674
77.751555,170.562,-8.907,38.368,-0.0946,0.0231,0.8482,-12.272,1.797,4.626
77.768222,170.247,-8.997,38.298,0.2692,-0.3141,0.3444,-19.756,4.426,5.097
77.784889,169.749,-9.052,38.372,0.0970,0.1583,-0.3266,-29.385,3.792,-3.701
77.801556,169.339,-9.051,38.488,-0.5030,0.6758,-0.1897,-23.764,0.985,-6.688
77.818223,169.281,-9.033,38.643,-0.2395,0.4604,-0.0396,-2.229,0.386,-9.078
77.834890,169.267,-9.028,38.738,-0.0198,0.0508,0.2090,-0.214,0.569,-5.480
77.851557,169.286,-9.037,38.785,0.1135,-0.1401,0.2241,1.377,0.766,-2.502
77.868224,169.374,-9.034,38.812,0.2134,-0.2506,-0.0344,5.285,-0.059,-1.553
77.884891,169.498,-8.989,38.816,0.2450,-0.2083,-0.2075,7.293,-2.850,-0.622
77.901558,169.748,-8.958,38.819,0.1524,-0.0757,0.0274,14.783,-2.005,-0.453
77.918225,170.223,-8.989,38.826,-0.1041,-0.0618,0.8100,28.316,1.692,-0.024
77.934892,170.730,-9.015,38.787,0.0708,-0.1319,0.5722,29.856,0.943,2.652
77.951559,171.229,-9.078,38.732,-0.1300,0.0221,0.3284,29.165,2.969,3.850
77.968226,171.425,-9.171,38.593,-0.0457,0.0123,0.2373,10.255,4.074,9.064
77.984893,171.561,-9.324,38.396,-0.0735,-0.0445,0.4676,6.051,7.143,12.966
78.001560,171.787,-9.533,38.254,-0.1028,-0.2084,0.6043,11.913,10.990,10.248
78.018227,172.002,-9.723,38.236,0.2247,0.0121,0.4422,12.517,10.877,2.688
78.034894,172.067,-9.876,38.192,-0.1419,0.4086,-0.2820,3.218,8.509,3.973
78.051561,172.080,-9.985,38.139,0.0699,0.0844,-0.4808,-0.017,5.841,4.153
78.068228,172.133,-10.057,38.091,0.3724,-0.0876,-0.3885,2.442,3.664,3.485
78.084895,172.236,-10.093,38.089,0.0967,0.3591,-0.0011,6.000,1.990,0.158
78.101562,172.373,-10.133,38.083,-0.1623,0.4491,0.2178,7.910,2.070,0.755
78.118229,172.595,-10.175,38.088,-0.2522,0.3777,0.2400,13.195,2.319,0.118
78.134896,172.760,-10.196,38.100,-0.1356,0.0699,0.0076,9.850,1.187,-0.912
78.151563,172.795,-10.195,38.128,-0.0696,-0.1282,0.0904,2.132,-0.062,-1.454
78.168230,172.760,-10.207,38.162,0.0785,-0.1309,0.2762,-1.988,0.729,-1.790
78.184897,172.699,-10.255,38.190,0.0695,0.0006,0.1804,-3.592,2.875,-1.222
78.201564,172.628,-10.321,38.216,0.0460,0.0726,0.1168,-4.182,3.902,-0.941
78.218231,172.499,-10.395,38.224,0.1437,-0.1472,0.2755,-7.867,4.233,0.215
78.234898,172.273,-10.446,38.217,0.3263,-0.2708,0.1690,-13.856,2.741,0.853
78.251565,171.861,-10.455,38.206,0.3391,-0.4995,0.3056,-25.073,0.256,0.788
78.268232,171.311,-10.456,38.212,-0.0343,0.0730,0.6229,-33.195,-0.165,-0.204
78.284899,170.911,-10.498,38.218,-0.4323,0.6367,0.3260,-24.141,2.382,0.100
78.301566,170.852,-10.560,38.237,-0.4242,0.5185,-0.1293,-3.591,3.556,-0.301
78.318233,170.892,-10.567,38.271,-0.0652,0.0102,-0.3775,2.569,0.498,-1.778
78.334900,170.934,-10.505,38.328,-0.1234,0.0239,-0.4097,2.910,-3.314,-3.830
78.351567,170.989,-10.412,38.397,0.0315,0.0446,0.0208,3.799,-5.145,-4.703
78.368234,171.007,-10.250,38.442,0.0896,-0.0324,0.1302,1.378,-9.355,-4.144
78.384901,170.997,-10.045,38.480,0.2506,-0.2044,0.1595,-0.438,-12.011,-4.064
78.401568,171.040,-9.904,38.514,0.0956,0.0177,0.3688,2.684,-8.318,-3.194
78.418235,171.173,-9.836,38.522,0.1077,0.0417,0.5505,7.837,-4.123,-1.036
78.434902,171.261,-9.814,38.496,0.2018,-0.2096,0.2488,4.812,-1.735,1.189
78.451569,171.287,-9.806,38.472,0.1470,-0.1441,0.0676,1.124,-0.924,1.416
78.468236,171.304,-9.800,38.432,0.0009,0.0802,0.0379,0.382,-0.934,2.344
78.484903,171.309,-9.774,38.385,0.0243,0.0552,-0.0962,-0.450,-2.186,2.593
78.501570,171.296,-9.724,38.360,-0.0856,0.2763,-0.1726,-1.231,-3.376,1.078
78.518237,171.267,-9.671,38.342,-0.0683,0.3388,0.0427,-2.154,-3.541,0.637
78.534904,171.286,-9.627,38.328,-0.0397,0.2121,0.1577,0.809,-2.965,0.501
78.551571,171.359,-9.578,38.329,-0.0941,0.1619,0.3483,4.153,-3.131,-0.389
78.568238,171.420,-9.542,38.342,-0.0995,0.1046,0.2647,3.525,-2.236,-1.002
78.584905,171.415,-9.509,38.359,-0.0203,-0.0624,0.1410,-0.327,-2.023,-1.218
78.601572,171.414,-9.476,38.377,-0.0659,-0.0032,0.2640,-0.090,-2.007,-1.416
78.618239,171.402,-9.460,38.398,0.0294,0.0087,0.2442,-0.740,-0.985,-1.298
78.634906,171.375,-9.455,38.406,0.1493,-0.1181,0.2357,-1.781,-0.436,-0.477
78.651573,171.393,-9.454,38.402,0.1433,-0.0163,0.1389,0.792,-0.325,0.349
78.668240,171.451,-9.452,38.395,0.1784,0.0237,-0.0380,3.204,-0.377,0.446
78.684907,171.490,-9.431,38.386,0.1693,0.0724,-0.1382,2.010,-1.579,0.423
78.701574,171.487,-9.394,38.371,0.1817,-0.0045,0.0359,-0.504,-2.520,0.548
78.718241,171.476,-9.355,38.339,0.0531,-0.0780,0.2472,-1.248,-2.812,1.617
78.734908,171.511,-9.298,38.275,-0.1008,-0.0275,0.3720,1.256,-4.186,3.334
78.751575,171.589,-9.251,38.211,-0.0924,-0.0588,0.3248,3.865,-3.556,3.402
78.768242,171.621,-9.221,38.164,-0.1077,0.0426,0.1662,1.220,-2.398,2.527
78.784909,171.596,-9.197,38.147,-0.1060,0.0811,0.2095,-1.891,-1.770,0.903
78.801576,171.539,-9.172,38.153,-0.1312,0.0904,0.2115,-3.587,-1.698,-0.520
78.818243,171.417,-9.129,38.169,-0.0275,0.0256,0.0469,-7.382,-2.589,-1.259
78.834910,171.322,-9.088,38.187,-0.0436,0.1320,0.1283,-5.724,-2.523,-1.339
78.851577,171.304,-9.065,38.212,0.0494,0.1836,0.2326,-1.053,-1.344,-1.652
78.868244,171.326,-9.056,38.214,0.0877,0.0868,0.2004,1.078,-0.712,-0.184
78.884911,171.372,-9.020,38.183,0.1223,-0.0637,0.1874,2.225,-2.639,1.583
78.901578,171.418,-8.965,38.140,0.0871,-0.1779,0.1862,2.170,-3.878,2.091
78.918245,171.392,-8.933,38.107,0.0148,-0.1492,0.2432,-2.100,-2.398,1.683
78.934912,171.337,-8.933,38.094,-0.1523,-0.0732,0.2817,-3.637,-0.311,0.851
78.951579,171.309,-8.948,38.067,-0.1598,0.1773,0.2800,-2.154,0.417,1.806
78.968246,171.308,-8.990,38.052,-0.0723,0.1347,0.1873,-0.439,2.103,1.394
78.984913,171.256,-9.038,38.053,0.0415,0.0813,0.1572,-3.337,2.665,0.590
79.001580,171.172,-9.091,38.077,0.0095,0.3177,0.2048,-5.023,3.112,-0.885
79.018247,171.106,-9.153,38.124,-0.0530,0.3966,0.1244,-3.799,3.889,-2.030
79.034914,171.041,-9.207,38.189,-0.0867,0.2694,-0.0126,-3.456,3.563,-3.278
79.051581,170.953,-9.249,38.263,-0.0481,0.1620,-0.0340,-4.833,2.986,-3.858
79.068248,170.881,-9.286,38.324,-0.0602,-0.0311,-0.0149,-3.936,2.526,-3.128
79.084915,170.748,-9.302,38.397,0.0354,-0.0692,0.0348,-7.532,1.407,-3.999
79.101582,170.545,-9.305,38.499,0.0643,0.0045,0.1376,-11.434,0.932,-5.859
79.118249,170.321,-9.292,38.610,0.0848,-0.0055,0.1419,-12.604,0.102,-6.496
79.134916,170.101,-9.273,38.717,0.1051,-0.0763,0.1044,-12.359,-0.303,-6.314
79.151583,169.852,-9.238,38.809,0.1523,-0.0154,0.0559,-14.299,-1.323,-5.657
79.168250,169.589,-9.192,38.870,0.1852,0.0271,0.0774,-15.415,-2.275,-4.002
79.184917,169.373,-9.152,38.890,0.1334,-0.0130,0.0228,-12.990,-2.369,-1.501
79.201584,169.267,-9.119,38.886,0.0182,-0.0982,0.0027,-6.607,-2.241,-0.106
79.218251,169.345,-9.088,38.883,-0.1660,-0.0596,0.1772,4.407,-2.069,-0.063
79.234918,169.484,-9.065,38.872,0.0068,-0.1372,0.2243,8.013,-1.703,0.479
79.251585,169.559,-9.031,38.856,0.1637,-0.2432,0.2734,4.134,-2.354,0.600
79.268252,169.586,-8.978,38.835,0.1596,-0.1698,0.1748,1.158,-3.616,0.710
79.284919,169.566,-8.903,38.805,0.1522,-0.0678,0.0357,-1.679,-4.943,1.032
79.301586,169.553,-8.838,38.756,-0.0499,0.2723,0.1884,-1.453,-4.592,2.203
79.318253,169.659,-8.781,38.719,-0.0794,0.2965,0.2058,5.817,-3.989,1.608
79.334920,169.706,-8.726,38.693,-0.0406,0.1500,0.1197,2.347,-3.745,1.008
79.351587,169.462,-8.707,38.777,-0.2604,0.3789,0.2648,-14.151,-0.428,-4.983
79.368254,169.178,-8.702,38.819,-0.1236,0.0135,0.1618,-16.830,-0.046,-2.435
79.384921,168.653,-8.665,38.828,0.2017,-0.2294,-0.0606,-31.695,-2.331,-0.844
79.401588,167.939,-8.566,39.018,-0.3515,0.6028,0.1462,-41.364,-3.745,-12.124
79.418255,167.641,-8.472,39.245,0.1783,0.1675,-0.2203,-16.075,-2.881,-14.228
79.434922,167.605,-8.405,39.403,0.1531,0.0038,0.1839,-1.025,-2.169,-9.818
79.451589,167.686,-8.382,39.478,0.1415,-0.2744,0.5475,5.271,-0.672,-4.527
79.468256,167.768,-8.395,39.422,0.0520,-0.3497,0.6066,4.239,-0.156,3.447
79.484923,167.847,-8.436,39.282,-0.0166,-0.1403,0.2138,3.257,0.472,8.709
79.501590,167.997,-8.488,39.131,0.1113,-0.1673,0.0723,7.470,0.932,9.478
79.518257,168.206,-8.509,38.956,0.1524,-0.0654,-0.1996,10.768,-1.151,10.508
79.534924,168.286,-8.476,38.888,-0.1444,0.1511,-0.0217,3.960,-2.965,3.605
79.551591,168.038,-8.435,38.855,0.0263,0.0553,0.4376,-15.362,-3.008,1.515
79.568258,167.717,-8.412,38.838,-0.1644,0.1833,0.1978,-19.643,-1.774,0.734
79.584925,167.439,-8.409,38.917,-0.1197,0.1968,0.2734,-16.231,0.582,-4.485
79.601592,167.268,-8.418,39.072,-0.0505,0.2413,0.1486,-9.147,2.326,-8.708
79.618259,167.128,-8.434,39.184,0.0366,-0.0504,0.2902,-7.634,2.181,-6.219
79.634926,167.087,-8.457,39.204,0.0897,-0.1735,0.3869,-2.517,1.333,-0.736
79.651593,167.029,-8.516,39.211,0.3668,-0.1971,0.3073,-3.619,3.325,0.477
79.668260,166.786,-8.583,39.216,0.2465,-0.3410,0.0180,-14.816,3.779,0.778
79.684927,166.653,-8.602,39.193,0.0802,-0.2348,-0.2031,-8.408,0.569,1.736
79.701594,166.585,-8.550,39.142,-0.1407,0.3318,-0.3412,-4.729,-4.003,2.335
79.718261,166.712,-8.481,39.019,0.0626,0.2577,-0.0524,6.327,-5.901,6.126
79.734928,166.936,-8.397,38.881,0.0363,0.1062,0.1774,11.975,-7.023,6.921
79.751595,167.159,-8.309,38.732,0.0122,-0.0263,0.3387,11.884,-7.304,7.487
79.768262,167.375,-8.242,38.603,-0.0380,-0.0155,0.3440,11.574,-5.881,6.675
79.784929,167.558,-8.206,38.504,-0.1231,0.0191,0.3079,9.954,-3.582,5.313
79.801596,167.685,-8.208,38.446,-0.1527,0.0258,0.2847,6.898,-0.853,3.476
79.818263,167.790,-8.241,38.423,-0.1273,0.0245,0.2799,5.876,1.481,1.812
79.834930,167.879,-8.288,38.411,-0.0663,0.0555,0.2278,5.031,2.379,1.352
79.851597,167.926,-8.339,38.397,-0.0063,0.0181,0.1809,2.439,2.591,1.564
79.868264,167.964,-8.382,38.383,0.0500,0.0406,0.0841,1.936,2.126,1.411
79.884931,167.997,-8.418,38.356,0.0460,0.0423,0.1687,1.532,1.576,2.064
79.901598,168.046,-8.455,38.324,0.0136,0.0896,0.1884,2.443,1.545,2.415
79.918265,168.089,-8.499,38.285,0.0588,0.0300,0.1669,2.016,1.894,2.861
79.934932,168.124,-8.540,38.258,0.0809,-0.0042,0.1261,1.604,1.867,2.149
79.951599,168.128,-8.574,38.242,0.0935,-0.0039,0.0467,-0.119,1.557,1.399
79.968266,168.189,-8.557,38.241,-0.2251,0.0385,0.0300,3.422,-1.225,-0.076
79.984933,168.106,-8.500,38.302,-0.0912,-0.2106,0.1884,-4.647,-2.841,-4.184
80.001600,167.809,-8.480,38.320,-0.0878,-0.0724,0.6674,-17.882,-1.173,-1.199
80.018267,167.559,-8.493,38.306,0.0131,0.1152,0.3812,-15.345,0.465,0.789
80.034934,167.464,-8.482,38.321,0.1173,0.1938,0.0673,-5.781,-0.695,-0.952
80.051601,167.566,-8.517,38.297,-0.0072,0.5434,-0.4501,5.711,1.531,1.958
80.068268,167.670,-8.583,38.253,0.5887,-0.3356,-0.2807,5.590,3.103,3.478
80.084935,167.709,-8.591,38.224,0.1370,-0.1687,-0.1666,1.877,-0.124,1.805
80.101602,167.765,-8.562,38.224,-0.2760,0.4575,0.2555,3.225,-1.740,-1.051
80.118269,167.711,-8.514,38.227,-0.1849,0.1368,-0.0658,-3.448,-2.968,-0.725
80.134936,167.602,-8.450,38.215,-0.1827,0.0540,0.3681,-6.841,-4.135,-0.072
80.151603,167.601,-8.359,38.235,-0.1247,0.0626,0.5617,-0.124,-5.296,-2.230
80.168270,167.596,-8.335,38.260,-0.0537,0.2917,0.6678,-0.288,-1.183,-2.157
80.184937,167.605,-8.393,38.291,0.0820,0.1086,0.4705,0.566,3.533,-0.989
80.201604,167.594,-8.498,38.310,0.1703,-0.2943,0.2739,-0.670,6.187,0.377
80.218271,167.557,-8.599,38.322,0.2169,-0.4600,0.0668,-2.371,5.838,0.684
80.234938,167.504,-8.680,38.322,0.1469,-0.2509,-0.0842,-3.382,4.540,1.120
80.251605,167.493,-8.769,38.291,0.0753,0.1470,0.1479,-1.203,4.556,3.085
80.268272,167.627,-8.854,38.246,0.0583,0.0298,-0.1089,7.424,4.192,3.809
80.284939,167.706,-8.919,38.190,0.1618,0.0369,-0.0781,3.952,2.871,4.187
80.301606,167.858,-8.994,38.134,-0.0175,0.2216,0.0856,8.406,3.488,4.284
80.318273,167.975,-9.053,38.064,0.0188,-0.0471,0.0713,6.132,2.362,4.881
80.334940,168.038,-9.087,38.011,-0.1009,0.0554,0.1327,3.033,1.144,3.571
80.351607,168.105,-9.121,37.974,-0.2222,0.1733,0.2773,3.423,1.240,2.933
80.368274,168.205,-9.168,37.925,-0.1498,0.0248,0.3502,5.315,1.930,3.500
80.384941,168.333,-9.220,37.877,0.0088,-0.2259,0.2364,6.995,2.258,3.466
80.401608,168.439,-9.253,37.847,0.0098,-0.0960,0.1494,5.837,1.366,2.205
80.418275,168.487,-9.294,37.839,-0.0111,0.1062,0.1860,2.563,2.062,1.111
80.434942,168.497,-9.356,37.819,0.0946,0.1161,0.3320,0.208,3.214,2.006
80.451609,168.514,-9.439,37.785,0.0983,0.0544,0.3893,0.483,4.278,3.046
80.468276,168.519,-9.531,37.741,0.1398,-0.0681,0.2339,-0.376,4.640,3.676
80.484943,168.498,-9.624,37.693,0.1599,-0.0963,0.0196,-1.960,4.720,3.997
80.501610,168.497,-9.719,37.642,0.1557,-0.1140,0.1107,-0.796,4.719,4.144
80.518277,168.562,-9.806,37.597,-0.0068,-0.0495,0.1140,3.235,4.370,3.714
80.534944,168.607,-9.865,37.548,-0.1381,0.0916,-0.0521,1.973,2.692,3.634
80.551611,168.600,-9.898,37.494,-0.1378,0.1500,-0.1921,-1.221,1.092,3.581
80.568278,168.573,-9.903,37.448,-0.0288,0.1846,-0.2587,-2.317,-0.494,2.831
80.584945,168.535,-9.888,37.412,0.0623,0.2117,-0.1437,-2.883,-1.499,1.979
80.601612,168.515,-9.875,37.399,0.0892,0.2739,0.0236,-1.530,-1.138,0.656
80.618279,168.538,-9.873,37.370,0.1392,0.1437,0.1593,0.858,-0.659,1.742
80.634946,168.573,-9.874,37.357,0.0570,0.0217,0.2323,1.744,-0.357,0.806
80.651613,168.611,-9.857,37.356,-0.1369,0.0318,0.2764,2.011,-1.229,-0.048
80.668280,168.637,-9.858,37.354,-0.1125,-0.0913,0.2979,1.326,-0.163,0.211
80.684947,168.646,-9.870,37.354,0.0041,-0.0052,0.4091,0.341,0.454,0.199
80.701614,168.618,-9.886,37.365,0.1471,0.0739,0.2962,-1.788,0.877,-0.406
80.718281,168.574,-9.905,37.382,0.0606,0.1122,0.1475,-2.690,1.084,-0.690
80.734948,168.553,-9.924,37.397,-0.0673,0.1521,0.0472,-1.369,1.064,-0.552
80.751615,168.546,-9.940,37.407,-0.0769,0.0566,0.0342,-0.492,0.836,-0.328
80.768282,168.546,-9.953,37.419,-0.0034,-0.0261,0.1200,-0.152,0.730,-0.459
80.784949,168.551,-9.962,37.431,0.0439,-0.0659,0.1433,0.208,0.448,-0.531
80.801616,168.592,-9.969,37.442,0.0717,-0.0302,0.0966,2.393,0.310,-0.477
80.818283,168.629,-9.979,37.454,0.0678,0.0011,0.1361,2.070,0.504,-0.463
80.834950,168.606,-9.985,37.459,0.1549,-0.0345,0.1578,-1.511,0.175,-0.172
80.851617,168.586,-9.987,37.464,0.0694,-0.0216,0.1528,-1.397,-0.021,-0.191
80.868284,168.561,-9.982,37.466,0.0153,0.0045,0.1048,-1.691,-0.505,-0.122
80.884951,168.547,-9.972,37.456,-0.0219,0.0261,0.0551,-1.185,-0.920,0.534
80.901618,168.537,-9.959,37.438,0.0337,-0.0207,0.0708,-0.994,-1.191,0.983
80.918285,168.559,-9.954,37.420,0.0040,0.0189,0.1931,0.881,-0.757,1.025
80.934952,168.586,-9.953,37.406,0.0270,0.0139,0.2105,1.280,-0.419,0.907
80.951619,168.609,-9.955,37.393,0.0070,0.0182,0.2617,0.996,-0.249,0.827
80.968286,168.614,-9.957,37.385,0.0151,0.0307,0.2104,0.007,-0.210,0.553
80.984953,168.618,-9.962,37.378,-0.0028,0.0199,0.1948,-0.059,-0.029,0.530
81.001620,168.590,-9.968,37.363,0.0873,-0.0225,0.1437,-2.020,-0.041,1.015
81.018287,168.568,-9.975,37.348,0.0188,0.0462,0.1631,-1.731,0.014,1.044
81.034954,168.552,-9.984,37.330,0.0576,0.0832,0.1727,-1.335,0.097,1.229
81.051621,168.547,-9.997,37.312,0.0103,0.0969,0.1656,-0.728,0.343,1.296
81.068288,168.530,-10.010,37.303,0.0116,0.0435,0.1310,-1.375,0.402,0.747
81.084955,168.498,-10.019,37.310,-0.0180,0.0672,0.1600,-2.024,0.442,-0.236
81.101622,168.462,-10.032,37.317,-0.0243,0.0445,0.1259,-2.299,0.576,-0.194
81.118289,168.430,-10.042,37.333,-0.0121,0.0368,0.1652,-1.982,0.597,-0.715
81.134956,168.395,-10.059,37.344,0.0258,0.0020,0.1868,-2.225,0.857,-0.347
81.151623,168.365,-10.073,37.353,-0.0042,0.0792,0.1801,-1.954,0.721,-0.275
81.168290,168.341,-10.087,37.360,0.0252,0.1106,0.1540,-1.582,0.678,-0.202
81.184957,168.315,-10.101,37.365,0.0357,0.1212,0.0485,-1.741,0.706,-0.033
81.201624,168.280,-10.101,37.368,0.0553,0.0599,0.0162,-2.280,-0.207,-0.068
81.218291,168.255,-10.094,37.376,-0.0145,0.1038,0.0668,-1.617,-0.519,-0.529
81.234958,168.243,-10.098,37.384,0.0303,0.0269,0.1058,-0.851,0.064,-0.332
81.251625,168.233,-10.095,37.386,0.0476,-0.0555,0.1517,-0.843,-0.326,-0.068
81.268292,168.225,-10.091,37.385,0.0585,-0.0827,0.2081,-0.720,-0.474,0.088
81.284959,168.219,-10.091,37.379,0.0692,-0.0145,0.2028,-0.599,-0.341,0.394
81.301626,168.217,-10.083,37.368,0.0457,0.0263,0.1824,-0.500,-0.780,0.621
81.318293,168.234,-10.083,37.364,-0.0220,0.0884,0.1773,0.785,-0.280,0.325
81.334960,168.236,-10.089,37.360,-0.0031,0.0757,0.1660,-0.134,0.090,0.391
81.351627,168.240,-10.096,37.359,-0.0577,0.0665,0.1752,0.004,0.140,0.162
81.368294,168.225,-10.106,37.365,0.0159,0.0031,0.1577,-1.050,0.475,-0.149
81.384961,168.203,-10.115,37.375,0.0294,0.0241,0.1438,-1.454,0.406,-0.352
81.401628,168.188,-10.123,37.385,0.0633,0.0553,0.1362,-1.014,0.355,-0.416
81.418295,168.176,-10.126,37.391,0.0744,0.0105,0.1272,-0.929,0.064,-0.254
81.434962,168.182,-10.131,37.397,0.0324,0.0550,0.1420,0.218,0.115,-0.202
81.451629,168.185,-10.136,37.395,0.0326,0.0072,0.1449,-0.077,0.079,0.219
81.468296,168.183,-10.142,37.395,0.0130,0.0087,0.1180,-0.302,0.085,0.187
81.484963,168.162,-10.141,37.396,0.0382,0.0314,0.1008,-1.500,-0.254,-0.001
81.501630,168.152,-10.143,37.400,-0.0027,0.0831,0.1314,-0.770,-0.073,-0.142
81.518297,168.153,-10.144,37.397,0.0307,0.0021,0.1299,-0.186,-0.182,0.261
81.534964,168.165,-10.151,37.398,0.0303,-0.0115,0.1682,0.485,0.215,0.105
81.551631,168.160,-10.156,37.394,0.0308,-0.0275,0.1838,-0.562,0.016,0.358
81.568298,168.159,-10.164,37.389,-0.0023,0.0485,0.1992,-0.312,0.162,0.463
81.584965,168.159,-10.170,37.377,0.0260,0.0356,0.1737,-0.347,-0.009,0.794
81.601632,168.161,-10.173,37.375,0.0302,0.0384,0.1013,-0.121,-0.047,0.229
81.618299,168.164,-10.175,37.375,0.0319,0.0591,0.1060,-0.076,-0.145,0.134
81.634966,168.170,-10.175,37.371,0.0287,0.0825,0.0995,0.136,-0.239,0.280
81.651633,168.172,-10.171,37.360,0.0571,-0.0020,0.0567,-0.268,-0.628,0.650
81.668300,168.164,-10.159,37.358,0.0241,0.0103,0.0907,-0.708,-0.946,0.068
81.684967,168.163,-10.151,37.358,-0.0419,0.0736,0.1975,-0.270,-0.685,-0.036
81.701634,168.169,-10.149,37.354,-0.0082,0.0492,0.1900,0.115,-0.364,0.251
81.718301,168.162,-10.145,37.358,0.0880,-0.0025,0.1703,-0.606,-0.432,-0.190
81.734968,168.136,-10.142,37.366,0.0971,0.0348,0.1607,-1.706,-0.311,-0.440
81.751635,168.122,-10.141,37.373,-0.0128,0.0587,0.1890,-0.977,-0.183,-0.344
81.768302,168.121,-10.144,37.372,-0.0068,0.0105,0.1909,-0.341,-0.106,0.194
81.784969,168.124,-10.149,37.374,-0.0483,-0.0296,0.1809,-0.005,0.142,0.028
81.801636,168.130,-10.156,37.376,-0.0491,-0.0228,0.2236,0.152,0.222,0.024
81.818303,168.137,-10.171,37.378,0.0143,0.0119,0.2005,0.220,0.682,0.128
81.834970,168.127,-10.188,37.384,0.0769,0.0175,0.1359,-0.730,0.814,-0.055
81.851637,168.118,-10.199,37.389,0.0676,0.0857,0.1270,-0.706,0.515,-0.104
81.868304,168.114,-10.217,37.387,0.0979,0.0497,0.1961,-0.517,0.800,0.424
81.884971,168.107,-10.228,37.386,0.0740,0.0636,0.0762,-0.651,0.387,0.245
81.901638,168.091,-10.236,37.386,0.0496,0.0342,0.0690,-1.193,0.224,0.201
81.918305,168.077,-10.236,37.384,-0.0098,0.0347,0.0729,-1.067,-0.217,0.153
81.934972,168.065,-10.233,37.383,-0.0313,0.0271,0.0879,-0.925,-0.409,0.108
81.951639,168.050,-10.226,37.384,-0.0173,0.0313,0.0935,-1.105,-0.611,-0.049
81.968306,168.041,-10.211,37.386,0.0026,0.0585,0.0825,-0.784,-1.124,-0.250
81.984973,168.034,-10.194,37.388,0.0539,0.0187,0.1426,-0.592,-1.191,-0.278
82.001640,168.033,-10.177,37.383,0.0844,0.0127,0.2396,-0.339,-1.255,0.132
82.018307,168.043,-10.169,37.375,0.0709,-0.0245,0.2818,0.298,-0.835,0.477
82.034974,168.054,-10.170,37.364,0.0085,0.0066,0.2390,0.296,-0.258,0.700
82.051641,168.056,-10.177,37.359,-0.0448,0.0296,0.1688,-0.126,0.131,0.438
82.068308,168.042,-10.187,37.359,-0.0237,0.0615,0.1523,-1.069,0.369,0.212
82.084975,168.029,-10.199,37.371,-0.0195,0.0730,0.1219,-0.870,0.609,-0.450
82.101642,168.017,-10.209,37.384,0.0310,0.0538,0.1246,-0.778,0.512,-0.590
82.118309,168.003,-10.221,37.399,0.0839,0.0053,0.1468,-0.924,0.640,-0.672
82.134976,167.989,-10.229,37.410,0.0822,0.0030,0.1553,-0.916,0.397,-0.458
82.151643,167.983,-10.230,37.417,0.0698,0.0204,0.0916,-0.569,-0.068,-0.280
82.168310,167.968,-10.227,37.421,0.0705,0.0351,0.0736,-1.049,-0.340,-0.195
82.184977,167.956,-10.222,37.419,0.0585,0.0366,0.0512,-0.991,-0.562,0.110
82.201644,167.962,-10.214,37.421,-0.0468,0.0482,0.1023,0.199,-0.651,-0.170
82.218311,167.960,-10.204,37.418,-0.0201,0.0091,0.1182,-0.385,-0.883,0.134
82.234978,167.963,-10.196,37.416,0.0070,-0.0011,0.1954,-0.036,-0.725,0.077
82.251645,167.963,-10.189,37.415,0.0444,-0.0005,0.2194,-0.245,-0.626,0.047
82.268312,167.963,-10.187,37.416,0.0331,0.0099,0.1887,-0.225,-0.305,-0.015
82.284979,167.956,-10.189,37.415,0.0196,0.0105,0.1899,-0.632,-0.172,0.162
82.301646,167.955,-10.194,37.412,-0.0067,0.0640,0.1876,-0.316,0.029,0.288
82.318313,167.956,-10.207,37.408,0.0136,0.0736,0.1910,-0.221,0.484,0.474
82.334980,167.966,-10.222,37.403,0.0199,0.0207,0.1519,0.332,0.619,0.561
82.351647,167.966,-10.234,37.402,0.0200,0.0146,0.1357,-0.236,0.472,0.309
82.368314,167.966,-10.248,37.399,0.0014,-0.0000,0.1557,-0.254,0.569,0.381
82.384981,167.972,-10.265,37.392,0.0518,0.0061,0.1234,0.054,0.659,0.671
82.401648,167.970,-10.278,37.391,0.0664,0.0292,0.1341,-0.324,0.522,0.340
82.418315,167.967,-10.285,37.393,0.0388,0.0842,0.1479,-0.411,0.229,0.043
82.434982,167.956,-10.287,37.396,-0.0062,0.0748,0.1775,-0.842,-0.051,-0.098
82.451649,167.945,-10.293,37.401,-0.0242,0.0922,0.1426,-0.785,0.138,-0.158
82.468316,167.951,-10.302,37.407,-0.0339,0.0373,0.1234,0.171,0.418,-0.129
82.484983,167.959,-10.308,37.414,0.0086,-0.0173,0.1463,0.309,0.193,-0.303
82.501650,167.966,-10.316,37.420,0.0196,0.0206,0.1923,0.265,0.326,-0.177
82.518317,167.967,-10.322,37.423,0.0514,0.0111,0.1849,-0.128,0.168,-0.015
82.534984,167.971,-10.331,37.426,0.0685,0.0028,0.1128,0.090,0.331,0.011
82.551651,167.978,-10.338,37.428,0.0402,0.0129,0.1393,0.208,0.204,0.044
82.568318,167.979,-10.343,37.430,0.0608,0.0217,0.1351,-0.163,0.077,0.038
82.584985,167.971,-10.342,37.429,0.0396,0.0419,0.0899,-0.690,-0.307,0.115
82.601652,167.962,-10.339,37.425,0.0081,0.0399,0.0752,-0.807,-0.438,0.261
82.618319,167.947,-10.335,37.420,0.0033,0.0135,0.1144,-1.204,-0.541,0.314
82.634986,167.950,-10.328,37.415,-0.0449,0.0846,0.1641,-0.055,-0.698,0.267
82.651653,167.967,-10.325,37.408,-0.0277,0.0381,0.1876,0.717,-0.460,0.405
82.668320,167.979,-10.327,37.406,0.0213,0.0266,0.2076,0.472,-0.164,0.247
82.684987,167.969,-10.332,37.411,0.0794,0.0192,0.2170,-0.753,0.186,-0.185
82.701654,167.946,-10.336,37.421,0.0383,0.0377,0.1437,-1.485,0.114,-0.454
82.718321,167.925,-10.332,37.429,0.0256,-0.0011,0.0733,-1.392,-0.351,-0.418
82.734988,167.914,-10.326,37.437,0.0370,-0.0164,0.0935,-0.843,-0.532,-0.475
82.751655,167.905,-10.315,37.438,0.0399,-0.0385,0.1324,-0.718,-0.828,-0.132
82.768322,167.895,-10.306,37.434,0.0346,-0.0011,0.1294,-0.867,-0.787,0.191
82.784989,167.896,-10.302,37.429,-0.0127,0.0336,0.1539,-0.236,-0.571,0.327
82.801656,167.903,-10.294,37.424,0.0131,0.0335,0.1427,0.183,-0.744,0.246
82.818323,167.907,-10.288,37.424,0.0125,0.0548,0.1613,0.014,-0.550,-0.006
82.834990,167.909,-10.280,37.426,0.0264,0.0678,0.1497,-0.074,-0.707,-0.169
82.851657,167.903,-10.273,37.433,0.0490,0.0445,0.1761,-0.509,-0.551,-0.432
82.868324,167.889,-10.268,37.442,0.0128,0.0717,0.1397,-0.999,-0.371,-0.481
82.884991,167.876,-10.263,37.447,-0.0137,0.0439,0.1989,-0.905,-0.502,-0.267
82.901658,167.867,-10.257,37.449,-0.0289,0.0272,0.1866,-0.758,-0.544,-0.142
82.918325,167.855,-10.253,37.451,-0.0031,0.0323,0.1921,-0.896,-0.430,-0.096
82.934992,167.839,-10.253,37.454,0.0118,0.0160,0.1946,-1.182,-0.152,-0.104
82.951659,167.827,-10.262,37.459,0.0342,0.0281,0.1899,-0.859,0.325,-0.121
82.968326,167.815,-10.269,37.456,0.0397,-0.0072,0.1761,-1.007,0.146,0.377
82.984993,167.806,-10.273,37.449,0.0778,-0.0278,0.1431,-0.843,-0.066,0.501
83.001660,167.811,-10.277,37.441,0.0692,-0.0137,0.1530,-0.006,-0.093,0.575
83.018327,167.813,-10.284,37.432,0.0257,0.0454,0.1508,-0.192,0.072,0.668
83.034994,167.820,-10.294,37.423,-0.0174,0.0350,0.1258,0.126,0.260,0.748
83.051661,167.819,-10.300,37.422,-0.0248,0.0430,0.1223,-0.324,0.095,0.224
83.068328,167.807,-10.305,37.420,0.0003,0.0156,0.1412,-0.929,0.051,0.220
83.084995,167.799,-10.311,37.426,0.0070,0.0411,0.1681,-0.628,0.181,-0.187
83.101662,167.792,-10.318,37.428,0.0417,0.0273,0.1856,-0.647,0.196,0.030
83.118329,167.789,-10.330,37.430,0.0497,-0.0067,0.1759,-0.374,0.539,0.101
83.134996,167.794,-10.342,37.426,0.0251,-0.0051,0.1671,0.021,0.421,0.466
83.151663,167.797,-10.357,37.420,0.0267,-0.0011,0.1338,-0.053,0.571,0.580
83.168330,167.798,-10.366,37.412,0.0233,0.0405,0.1213,-0.296,0.177,0.661
83.184997,167.804,-10.374,37.405,-0.0136,0.0629,0.1046,0.086,0.154,0.558
83.201664,167.806,-10.379,37.397,-0.0071,0.0321,0.1300,-0.154,0.008,0.602
83.218331,167.798,-10.384,37.394,0.0133,0.0492,0.1562,-0.733,-0.002,0.306
83.234998,167.788,-10.390,37.393,0.0593,0.0185,0.1363,-0.876,0.138,0.245
83.251665,167.778,-10.395,37.388,0.0568,-0.0085,0.1741,-0.876,-0.035,0.385
83.268332,167.770,-10.400,37.384,0.0230,0.0320,0.1674,-0.688,0.060,0.362
83.284999,167.771,-10.407,37.379,-0.0121,0.0430,0.1549,-0.256,0.123,0.489
83.301666,167.769,-10.412,37.372,0.0192,-0.0115,0.1366,-0.383,-0.049,0.495
83.318333,167.764,-10.418,37.366,0.0134,0.0263,0.1604,-0.597,0.047,0.491
83.335000,167.766,-10.422,37.361,-0.0076,0.0551,0.1154,-0.143,-0.021,0.413
83.351667,167.768,-10.421,37.358,-0.0010,0.0414,0.1383,-0.147,-0.330,0.230
83.368334,167.770,-10.426,37.357,0.0191,0.0574,0.1155,-0.109,0.031,0.191
83.385001,167.763,-10.428,37.360,0.0325,0.0252,0.1482,-0.636,-0.036,-0.053
83.401668,167.757,-10.431,37.363,0.0656,0.0288,0.1437,-0.514,-0.064,-0.041
83.418335,167.751,-10.434,37.364,0.0724,-0.0074,0.1165,-0.562,-0.035,0.028
83.435002,167.746,-10.431,37.367,0.0359,0.0381,0.1424,-0.483,-0.361,-0.154
83.451669,167.745,-10.425,37.369,0.0013,0.0567,0.1484,-0.287,-0.532,-0.102
83.468336,167.744,-10.426,37.372,-0.0109,0.0208,0.1529,-0.270,-0.154,-0.069
83.485003,167.744,-10.428,37.373,-0.0037,0.0227,0.1558,-0.188,-0.114,0.024
83.501670,167.738,-10.426,37.374,0.0120,0.0219,0.1499,-0.582,-0.283,-0.033
83.518337,167.723,-10.421,37.376,0.0588,0.0151,0.1191,-1.077,-0.539,-0.072
83.535004,167.720,-10.415,37.381,0.0124,0.0272,0.1238,-0.379,-0.480,-0.301
83.551671,167.708,-10.410,37.387,0.0449,0.0353,0.1611,-0.834,-0.455,-0.350
83.568338,167.704,-10.405,37.388,0.0414,-0.0204,0.1564,-0.480,-0.539,-0.044
83.585005,167.707,-10.403,37.386,0.0404,-0.0089,0.1685,-0.031,-0.324,0.160
83.601672,167.730,-10.407,37.380,-0.0150,0.0197,0.1692,1.095,-0.116,0.447
83.618339,167.736,-10.408,37.375,-0.0141,0.0222,0.1560,0.075,-0.202,0.348
83.635006,167.740,-10.410,37.372,-0.0064,0.0474,0.1629,-0.039,-0.165,0.310
83.651673,167.734,-10.414,37.374,0.0235,0.0732,0.1531,-0.527,0.072,-0.015
83.668340,167.724,-10.418,37.378,0.0286,0.0422,0.1197,-0.787,0.028,-0.120
83.685007,167.707,-10.414,37.387,0.0744,0.0101,0.0860,-1.172,-0.367,-0.468
83.701674,167.692,-10.405,37.393,0.0563,0.0484,0.1217,-1.046,-0.685,-0.424
83.718341,167.696,-10.397,37.393,0.0170,0.0385,0.1714,0.026,-0.698,-0.018
83.735008,167.703,-10.391,37.389,0.0226,-0.0119,0.1562,0.165,-0.600,0.210
83.751675,167.703,-10.387,37.393,-0.0085,-0.0192,0.1943,-0.158,-0.429,-0.201
83.768342,167.693,-10.385,37.398,-0.0207,0.0067,0.2246,-0.745,-0.271,-0.240
83.785009,167.690,-10.387,37.404,0.0084,0.0379,0.1908,-0.339,-0.059,-0.237
83.801676,167.688,-10.390,37.408,0.0355,0.0270,0.1560,-0.330,-0.012,-0.119
83.818343,167.672,-10.393,37.412,0.0592,0.0327,0.1462,-1.126,0.004,-0.118
83.835010,167.663,-10.394,37.413,-0.0219,0.0615,0.1416,-0.737,-0.147,-0.017
83.851677,167.666,-10.399,37.414,0.0246,0.0527,0.1329,-0.048,0.119,0.093
83.868344,167.660,-10.402,37.416,0.0214,0.0146,0.1273,-0.559,-0.041,0.030
83.885011,167.653,-10.404,37.418,-0.0054,-0.0040,0.1727,-0.600,-0.112,-0.052
83.901678,167.647,-10.408,37.421,-0.0151,0.0050,0.1881,-0.570,0.072,-0.022
83.918345,167.640,-10.415,37.418,-0.0159,-0.0153,0.1381,-0.627,0.112,0.302
83.935012,167.641,-10.419,37.414,0.0350,-0.0209,0.1184,-0.206,-0.041,0.345
83.951679,167.644,-10.421,37.411,0.0511,0.0247,0.1389,-0.113,-0.128,0.288
83.968346,167.645,-10.423,37.408,0.0508,0.0012,0.1374,-0.178,-0.166,0.240
83.985013,167.639,-10.425,37.405,0.0737,-0.0031,0.1212,-0.594,-0.132,0.301
84.001680,167.633,-10.427,37.403,0.0369,0.0044,0.1710,-0.629,-0.141,0.200
84.018347,167.627,-10.429,37.402,0.0133,0.0227,0.1447,-0.565,-0.138,0.181
84.035014,167.624,-10.429,37.400,0.0092,0.0405,0.1429,-0.426,-0.221,0.197
84.051681,167.620,-10.431,37.401,-0.0004,0.0620,0.1619,-0.470,-0.086,0.006
84.068348,167.620,-10.435,37.405,0.0094,0.0661,0.1483,-0.133,0.015,-0.128
84.085015,167.625,-10.440,37.411,0.0153,0.0284,0.1577,0.122,0.132,-0.177
84.101682,167.625,-10.446,37.418,0.0251,0.0144,0.1683,-0.121,0.212,-0.265
84.118349,167.632,-10.453,37.415,0.0211,-0.0037,0.1410,0.154,0.181,0.355
84.135016,167.644,-10.459,37.415,0.0320,0.0057,0.1455,0.460,0.114,0.125
84.151683,167.646,-10.462,37.412,0.0309,0.0171,0.1599,-0.076,-0.084,0.279
84.168350,167.656,-10.470,37.411,0.0203,0.0338,0.1551,0.369,0.194,0.247
84.185017,167.659,-10.475,37.410,0.0191,0.0542,0.1527,-0.062,0.074,0.155
84.201684,167.667,-10.483,37.410,-0.0174,0.0661,0.1431,0.257,0.266,0.182
84.218351,167.668,-10.490,37.410,0.0012,0.0201,0.1424,-0.165,0.133,0.161
84.235018,167.672,-10.499,37.413,0.0224,0.0122,0.1516,0.048,0.331,0.020
84.251685,167.674,-10.508,37.412,0.0170,0.0041,0.1536,-0.080,0.292,0.218
84.268352,167.672,-10.514,37.412,0.0172,0.0095,0.1323,-0.365,0.172,0.160
84.285019,167.666,-10.519,37.414,0.0377,0.0167,0.1388,-0.574,0.041,0.050
84.301686,167.658,-10.522,37.414,0.0472,0.0205,0.1220,-0.685,-0.013,0.128
84.318353,167.653,-10.521,37.408,0.0521,0.0113,0.1165,-0.606,-0.365,0.382
84.335020,167.653,-10.517,37.400,0.0257,0.0105,0.1200,-0.299,-0.561,0.462
84.351687,167.652,-10.512,37.391,-0.0031,0.0216,0.1736,-0.343,-0.658,0.503
84.368354,167.655,-10.509,37.386,-0.0248,0.0395,0.1945,-0.118,-0.443,0.372
84.385021,167.654,-10.514,37.383,-0.0219,0.0212,0.2058,-0.280,0.004,0.298
84.401688,167.656,-10.522,37.387,-0.0131,0.0261,0.2128,-0.070,0.293,-0.052
84.418355,167.649,-10.533,37.390,0.0711,0.0107,0.1555,-0.600,0.433,0.011
84.435022,167.636,-10.542,37.394,0.0370,0.0100,0.1263,-0.962,0.389,-0.060
84.451689,167.624,-10.550,37.399,0.0417,-0.0170,0.1314,-0.902,0.283,-0.079
84.468356,167.615,-10.561,37.402,0.0122,0.0219,0.1958,-0.716,0.442,0.031
84.485023,167.616,-10.571,37.400,-0.0119,0.0380,0.1387,-0.189,0.331,0.336
84.501690,167.625,-10.582,37.393,0.0189,0.0460,0.1142,0.253,0.335,0.599
84.518357,167.622,-10.590,37.380,0.0146,-0.0113,0.1391,-0.545,0.059,0.885
84.535024,167.621,-10.595,37.373,0.0360,0.0016,0.1275,-0.356,0.020,0.564
84.551691,167.623,-10.603,37.363,0.0207,0.0423,0.1242,-0.208,0.070,0.723
84.568358,167.632,-10.617,37.357,0.0155,0.0570,0.1811,0.288,0.539,0.618
84.585025,167.629,-10.631,37.352,0.0470,0.0311,0.1786,-0.469,0.518,0.572
84.601692,167.626,-10.645,37.349,0.0295,0.0122,0.1173,-0.456,0.584,0.409
84.618359,167.612,-10.660,37.348,0.0390,0.0392,0.1044,-1.060,0.585,0.329
84.635026,167.613,-10.663,37.346,0.0177,0.0269,0.0578,-0.194,-0.061,0.229
84.651693,167.613,-10.656,37.346,0.0311,0.0342,0.0351,-0.228,-0.606,-0.044
84.668360,167.611,-10.647,37.343,-0.0048,0.0323,0.1261,-0.339,-0.837,0.117
84.685027,167.621,-10.636,37.340,-0.0236,0.0170,0.1697,0.330,-0.897,0.122
84.701694,167.631,-10.631,37.335,0.0239,-0.0153,0.1670,0.318,-0.589,0.268
84.718361,167.623,-10.633,37.337,0.0214,0.0387,0.2171,-0.643,-0.044,-0.028
84.735028,167.619,-10.636,37.339,0.0323,0.0482,0.2214,-0.470,-0.086,0.018
84.751695,167.609,-10.640,37.339,0.0310,0.0144,0.1385,-0.775,0.018,0.117
84.768362,167.602,-10.643,37.338,-0.0095,0.0093,0.1611,-0.682,-0.027,0.158
84.785029,167.606,-10.649,37.330,0.0486,0.0196,0.1176,-0.056,0.002,0.635
84.801696,167.613,-10.651,37.321,-0.0038,0.0494,0.0947,0.108,-0.214,0.632
84.818363,167.625,-10.655,37.313,-0.0008,0.0335,0.1430,0.405,-0.086,0.560
84.835030,167.631,-10.655,37.308,-0.0043,0.0221,0.1390,0.058,-0.342,0.358
84.851697,167.619,-10.654,37.302,0.0177,0.0321,0.1455,-0.959,-0.362,0.400
84.868364,167.628,-10.657,37.298,0.0215,0.0238,0.1782,0.251,-0.081,0.312
84.885031,167.644,-10.662,37.292,0.0190,0.0032,0.2041,0.686,0.014,0.505
84.901698,167.655,-10.671,37.280,0.0351,-0.0340,0.2059,0.316,0.116,0.860
84.918365,167.661,-10.682,37.272,0.0176,0.0042,0.1599,0.055,0.336,0.692
84.935032,167.660,-10.695,37.266,-0.0061,0.0449,0.1442,-0.359,0.411,0.576
84.951699,167.655,-10.705,37.263,-0.0092,0.0518,0.1103,-0.547,0.332,0.386
84.968366,167.649,-10.713,37.260,0.0206,0.0458,0.1286,-0.643,0.236,0.335
84.985033,167.647,-10.720,37.252,0.0406,0.0063,0.1359,-0.379,0.078,0.591
85.001700,167.646,-10.725,37.249,0.0312,0.0345,0.0949,-0.336,-0.009,0.315
85.018367,167.635,-10.725,37.247,0.0021,0.0386,0.1128,-0.929,-0.246,0.210
85.035034,167.632,-10.722,37.243,-0.0146,0.0153,0.1341,-0.413,-0.426,0.267
85.051701,167.634,-10.718,37.235,0.0043,-0.0278,0.1489,-0.190,-0.572,0.487
85.068368,167.626,-10.711,37.229,0.0564,-0.0048,0.1300,-0.774,-0.711,0.319
85.085035,167.614,-10.713,37.225,0.0172,0.0542,0.1647,-0.962,-0.200,0.288
85.101702,167.592,-10.710,37.221,0.0488,0.0060,0.1097,-1.619,-0.406,0.292
85.118369,167.570,-10.701,37.216,0.0670,-0.0000,0.1085,-1.571,-0.819,0.230
85.135036,167.563,-10.687,37.206,0.0476,0.0131,0.1535,-0.769,-1.230,0.471
85.151703,167.571,-10.675,37.188,0.0045,0.0166,0.1626,0.065,-1.140,0.915
85.168370,167.590,-10.670,37.171,0.0035,-0.0346,0.1533,0.768,-0.732,0.988
85.185037,167.603,-10.660,37.154,-0.0149,-0.0294,0.1791,0.345,-1.034,0.975
85.201704,167.614,-10.658,37.141,-0.0116,0.0320,0.2335,0.303,-0.488,0.783
85.218371,167.620,-10.664,37.133,-0.0163,0.0623,0.2502,0.069,0.026,0.587
85.235038,167.628,-10.677,37.130,-0.0297,0.0559,0.2240,0.243,0.488,0.418
85.251705,167.612,-10.695,37.131,0.0415,0.0503,0.1742,-1.191,0.805,0.248
85.268372,167.597,-10.710,37.131,0.0201,0.0627,0.0929,-1.118,0.670,0.249
85.285039,167.591,-10.720,37.129,0.0167,0.0648,0.0939,-0.574,0.307,0.286
85.301706,167.594,-10.727,37.127,0.0282,0.0621,0.0940,-0.095,0.185,0.325
85.318373,167.598,-10.730,37.128,0.0231,0.0451,0.0931,0.056,-0.062,0.019
85.335040,167.599,-10.730,37.135,-0.0056,0.0198,0.1724,-0.118,-0.127,-0.341
85.351707,167.604,-10.728,37.140,-0.0289,-0.0256,0.1500,0.143,-0.277,-0.231
85.368374,167.592,-10.726,37.141,0.0208,-0.0412,0.1667,-0.892,-0.344,-0.014
85.385041,167.590,-10.729,37.140,0.0528,-0.0175,0.1938,-0.366,-0.060,0.196
85.401708,167.591,-10.733,37.135,0.0352,-0.0000,0.1713,-0.206,-0.064,0.395
85.418375,167.595,-10.737,37.125,0.0339,0.0218,0.1282,-0.124,-0.104,0.712
85.435042,167.595,-10.742,37.118,0.0264,0.0016,0.1383,-0.287,-0.025,0.540
85.451709,167.584,-10.746,37.111,0.0264,0.0405,0.1253,-0.931,-0.089,0.482
85.468376,167.578,-10.749,37.100,0.0285,0.0461,0.1423,-0.709,-0.205,0.765
85.485043,167.575,-10.747,37.083,0.0384,-0.0137,0.0920,-0.622,-0.546,1.023
85.501710,167.576,-10.739,37.069,0.0330,-0.0139,0.1003,-0.262,-0.897,0.744
85.518377,167.596,-10.735,37.058,0.0180,0.0774,0.1520,0.831,-0.579,0.656
85.535044,167.604,-10.736,37.045,-0.0050,0.0503,0.1598,0.130,-0.339,0.849
85.551711,167.615,-10.736,37.038,0.0070,0.0348,0.1787,0.379,-0.339,0.470
85.568378,167.613,-10.736,37.034,0.0040,0.0094,0.2063,-0.433,-0.273,0.291
85.585045,167.608,-10.738,37.030,0.0424,0.0015,0.1893,-0.531,-0.152,0.349
85.601712,167.598,-10.744,37.026,0.0068,-0.0102,0.1427,-0.905,0.047,0.378
85.618379,167.580,-10.746,37.021,0.0116,0.0626,0.1466,-1.310,-0.155,0.355
85.635046,167.572,-10.749,37.020,-0.0037,0.0360,0.1538,-0.731,-0.083,0.171
85.651713,167.567,-10.749,37.017,0.0139,0.0204,0.1631,-0.563,-0.266,0.231
85.668380,167.557,-10.752,37.015,0.0060,0.0208,0.1755,-0.827,-0.053,0.285
85.685047,167.543,-10.757,37.011,0.0139,-0.0055,0.1447,-1.119,0.022,0.312
85.701714,167.533,-10.766,37.005,0.0204,0.0020,0.1356,-0.863,0.200,0.555
85.718381,167.537,-10.772,36.998,-0.0015,0.0176,0.1421,-0.036,0.009,0.570
85.735048,167.531,-10.775,36.993,0.0574,0.0290,0.1542,-0.674,-0.094,0.358
85.751715,167.515,-10.778,36.990,0.0143,0.0651,0.1893,-1.180,-0.094,0.313
85.768382,167.500,-10.786,36.988,-0.0184,0.0785,0.1675,-1.139,0.207,0.275
85.785049,167.476,-10.795,36.985,-0.0095,0.0681,0.1119,-1.685,0.243,0.377
85.801716,167.451,-10.794,36.991,0.0078,0.0483,0.1154,-1.681,-0.166,-0.300
85.818383,167.416,-10.790,37.003,0.0003,0.0729,0.0940,-2.195,-0.313,-0.680
85.835050,167.373,-10.784,37.017,0.0534,0.0987,0.0843,-2.595,-0.422,-0.847
85.851717,167.343,-10.773,37.034,0.0439,0.0539,0.0571,-1.869,-0.675,-1.003
85.868384,167.311,-10.757,37.047,0.0678,-0.0127,0.0636,-1.962,-0.965,-0.906
85.885051,167.298,-10.734,37.052,0.0058,-0.0265,0.1120,-0.951,-1.551,-0.539
85.901718,167.303,-10.714,37.055,-0.0070,-0.0342,0.2034,0.116,-1.338,-0.329
85.918385,167.313,-10.709,37.052,0.0080,-0.0393,0.3397,0.310,-0.558,0.137
85.935052,167.323,-10.716,37.052,0.0055,-0.0443,0.3403,0.395,0.156,0.177
85.951719,167.321,-10.729,37.049,0.0208,-0.0733,0.2668,-0.334,0.540,0.392
85.968386,167.331,-10.750,37.047,-0.0202,0.0210,0.1607,0.354,0.932,0.501
85.985053,167.351,-10.776,37.041,-0.0089,0.0145,0.1385,0.896,1.204,0.725
86.001720,167.370,-10.800,37.038,0.0111,-0.0086,0.1376,0.901,1.149,0.597
86.018387,167.364,-10.815,37.036,0.0319,0.0037,0.1308,-0.593,0.646,0.370
86.035054,167.358,-10.832,37.036,0.0095,0.0033,0.1442,-0.605,0.759,0.278
86.051721,167.365,-10.851,37.034,0.0167,0.0020,0.1655,0.213,0.839,0.406
86.068388,167.377,-10.874,37.032,0.0316,-0.0350,0.1547,0.461,1.111,0.534
86.085055,167.362,-10.902,37.019,0.1081,-0.0034,0.1368,-1.259,1.256,1.141
86.101722,167.340,-10.919,37.004,0.0910,0.0183,0.0527,-1.714,0.570,1.155
86.118389,167.320,-10.927,36.983,0.0903,0.0279,0.0320,-1.681,-0.062,1.379
86.135056,167.316,-10.921,36.954,0.0401,0.0278,0.0054,-0.791,-0.953,1.677
86.151723,167.316,-10.906,36.922,0.0225,0.0398,0.0205,-0.558,-1.535,1.696
86.168390,167.309,-10.884,36.891,0.0015,0.0513,0.0520,-0.976,-1.871,1.593
86.185057,167.309,-10.859,36.867,-0.0216,0.0658,0.1050,-0.484,-2.002,1.091
86.201724,167.315,-10.835,36.847,-0.0429,0.0326,0.1676,-0.107,-1.915,0.940
86.218391,167.322,-10.814,36.833,-0.0263,0.0194,0.2091,0.041,-1.636,0.580
86.235058,167.323,-10.799,36.827,-0.0058,0.0287,0.2524,-0.234,-1.200,0.233
86.251725,167.321,-10.795,36.830,-0.0606,0.1190,0.2842,-0.314,-0.405,-0.170
86.268392,167.304,-10.804,36.839,-0.0373,0.0643,0.2547,-1.136,0.411,-0.345
86.285059,167.281,-10.813,36.856,-0.0209,0.0605,0.1784,-1.397,0.524,-0.754
86.301726,167.264,-10.822,36.880,-0.0082,0.0817,0.0982,-0.986,0.612,-1.203
86.318393,167.260,-10.824,36.903,0.0252,0.0395,0.0520,-0.186,0.188,-1.217
86.335060,167.246,-10.815,36.922,0.0474,-0.0028,-0.0072,-0.854,-0.537,-1.185
86.351727,167.229,-10.798,36.932,0.0753,-0.0508,0.0689,-1.088,-1.099,-0.681
86.368394,167.230,-10.772,36.929,0.0654,-0.0501,0.0667,-0.179,-1.799,-0.115
86.385061,167.240,-10.748,36.914,0.0801,-0.0780,0.1162,0.188,-1.821,0.573
86.401728,167.258,-10.724,36.901,0.0480,-0.0661,0.1953,0.700,-1.813,0.530
86.418395,167.257,-10.707,36.892,-0.0116,-0.0178,0.2675,-0.359,-1.359,0.381
86.435062,167.241,-10.698,36.890,-0.0840,0.0293,0.2756,-1.201,-0.769,0.024
86.451729,167.219,-10.696,36.895,-0.1142,0.0901,0.3121,-1.466,-0.249,-0.223
86.468396,167.192,-10.706,36.907,-0.1378,0.1365,0.3230,-1.730,0.495,-0.462
86.485063,167.170,-10.724,36.922,-0.0858,0.1387,0.2589,-1.376,1.020,-0.577
86.501730,167.151,-10.752,36.945,-0.0448,0.1881,0.2204,-1.115,1.743,-0.891
86.518397,167.149,-10.790,36.976,-0.0313,0.1451,0.1764,0.033,2.396,-1.192
86.535064,167.178,-10.833,37.013,-0.0092,0.0163,0.1975,1.956,2.744,-1.502
86.551731,167.242,-10.884,37.073,-0.0473,0.1159,0.1362,4.273,3.543,-2.676
86.568398,167.269,-10.925,37.132,0.1644,-0.0111,0.0563,2.067,2.933,-2.809
86.585065,167.271,-10.949,37.206,0.1169,0.0631,-0.0425,0.726,2.118,-3.848
86.601732,167.290,-10.949,37.279,0.0392,0.1378,-0.1350,1.774,0.752,-4.155
86.618399,167.332,-10.923,37.352,-0.0680,0.1810,-0.2487,3.105,-0.824,-4.477
86.635066,167.383,-10.874,37.433,-0.0397,0.1931,-0.1905,3.758,-2.017,-5.234
86.651733,167.445,-10.803,37.515,-0.0617,0.1166,-0.0864,4.418,-3.323,-5.595
86.668400,167.509,-10.714,37.597,0.0063,0.0813,-0.0328,4.587,-4.427,-5.876
86.685067,167.558,-10.636,37.661,0.1306,-0.1393,0.2296,3.441,-3.932,-4.647
86.701734,167.607,-10.590,37.694,0.3147,-0.3996,0.6758,3.061,-2.549,-2.345
86.718401,167.677,-10.582,37.691,0.2835,-0.4894,0.7608,3.939,-0.742,0.161
86.735068,167.726,-10.591,37.670,0.1598,-0.3431,0.4421,2.474,0.032,1.378
86.751735,167.774,-10.619,37.640,-0.0398,-0.0288,0.1954,2.367,1.050,2.141
86.768402,167.857,-10.655,37.608,-0.0905,0.0930,0.0158,4.363,1.457,2.394
86.785069,167.914,-10.675,37.581,-0.0213,0.0424,-0.0451,2.940,0.644,1.886
86.801736,167.987,-10.686,37.565,-0.0736,0.1362,0.0413,3.988,0.214,1.149
86.818403,168.058,-10.687,37.551,-0.0006,0.0719,0.0624,3.896,-0.373,0.830
86.835070,168.140,-10.686,37.544,0.0764,0.0602,0.0747,4.601,-0.376,0.511
86.851737,168.240,-10.688,37.532,0.0473,0.0201,0.1169,5.621,-0.271,0.756
86.868404,168.342,-10.689,37.518,0.0231,-0.0609,0.1778,5.765,-0.291,0.900
86.885071,168.444,-10.690,37.496,-0.0370,-0.0831,0.1741,5.684,-0.436,1.343
86.901738,168.546,-10.691,37.470,-0.0328,-0.1079,0.2293,5.611,-0.519,1.571
86.918405,168.649,-10.697,37.443,0.0075,-0.0893,0.2436,5.621,-0.186,1.701
86.935072,168.754,-10.718,37.412,0.0894,-0.0543,0.2300,5.777,0.678,2.111
86.951739,168.862,-10.740,37.380,0.1015,-0.0207,0.1661,5.860,0.709,2.221
86.968406,168.947,-10.762,37.340,0.1005,-0.0079,0.0912,4.487,0.570,2.620
86.985073,169.028,-10.777,37.293,-0.0010,0.0902,0.1243,4.128,0.131,2.952
87.001740,169.105,-10.786,37.244,-0.0410,0.1012,0.0757,3.840,-0.209,2.988
87.018407,169.167,-10.789,37.190,0.0165,0.0609,0.0248,2.865,-0.680,3.221
87.035074,169.242,-10.785,37.140,0.0272,0.0983,0.0377,3.746,-1.007,2.907
87.051741,169.325,-10.773,37.092,0.0172,0.0486,0.1011,4.198,-1.450,2.732
87.068408,169.396,-10.761,37.043,-0.0205,0.0161,0.1490,3.537,-1.488,2.751
87.085075,169.457,-10.750,37.005,-0.0143,0.0111,0.2435,3.001,-1.304,2.154
87.101742,169.497,-10.742,36.977,-0.0514,0.0861,0.2849,1.848,-1.010,1.599
87.118409,169.533,-10.748,36.955,-0.0605,0.0783,0.2656,1.752,-0.052,1.376
87.135076,169.553,-10.757,36.939,-0.0721,0.0733,0.1818,0.776,0.091,1.129
87.151743,169.561,-10.764,36.938,-0.0569,0.0941,0.1502,0.261,0.208,0.160
87.168410,169.575,-10.772,36.942,-0.0466,0.1052,0.1602,0.632,0.281,-0.022
87.185077,169.593,-10.784,36.945,-0.0018,0.0841,0.1524,0.940,0.466,0.013
87.201744,169.629,-10.797,36.944,0.0601,0.0232,0.1368,1.901,0.529,0.243
87.218411,169.665,-10.810,36.940,0.0553,-0.0222,0.1334,1.895,0.543,0.452
87.235078,169.703,-10.818,36.934,0.0113,-0.0640,0.1528,2.007,0.144,0.483
87.251745,169.755,-10.834,36.924,-0.0066,-0.0881,0.1899,2.766,0.646,0.855
87.268412,169.805,-10.848,36.899,0.0682,-0.1626,0.0971,2.543,0.343,1.636
87.285079,169.852,-10.862,36.870,0.1060,-0.0899,0.1281,2.249,0.237,1.902
87.301746,169.908,-10.874,36.827,0.1095,-0.0161,0.1589,2.668,0.036,2.699
87.318413,169.985,-10.887,36.773,0.0592,0.0223,0.1359,3.800,-0.002,3.342
87.335080,170.065,-10.894,36.724,-0.0324,0.1130,0.0751,4.038,-0.316,2.979
87.351747,170.136,-10.896,36.682,-0.0731,0.0946,0.0948,3.566,-0.525,2.536
87.368414,170.194,-10.893,36.652,-0.0444,0.1472,0.0990,2.886,-0.739,1.780
87.385081,170.243,-10.883,36.638,-0.0948,0.1775,0.0845,2.550,-0.938,0.790
87.401748,170.302,-10.865,36.646,-0.1135,0.2142,0.0488,3.455,-1.194,-0.581
87.418415,170.360,-10.840,36.664,-0.0959,0.1746,0.0404,3.439,-1.558,-1.251
87.435082,170.392,-10.808,36.686,0.0270,0.0934,0.0708,1.955,-1.878,-1.507
87.451749,170.433,-10.775,36.723,0.0116,0.1045,0.1568,2.635,-1.817,-2.401
87.468416,170.486,-10.754,36.748,0.0576,-0.0605,0.2309,3.223,-1.238,-1.577
87.485083,170.531,-10.739,36.757,0.1514,-0.1785,0.3181,2.594,-1.022,-0.633
87.501750,170.558,-10.727,36.750,0.1354,-0.1989,0.2127,1.358,-1.037,0.338
87.518417,170.578,-10.711,36.727,0.0459,-0.1330,0.1678,0.724,-1.361,1.282
87.535084,170.636,-10.702,36.691,-0.0010,0.0328,0.1515,2.811,-1.140,2.104
87.551751,170.701,-10.698,36.655,-0.0574,0.0793,0.2229,3.297,-0.808,2.089
87.568418,170.769,-10.703,36.634,-0.1248,0.1794,0.3252,3.655,-0.121,1.357
87.585085,170.800,-10.717,36.625,-0.0734,0.0934,0.2911,1.504,0.524,0.710
87.601752,170.799,-10.742,36.629,-0.0855,0.1152,0.2569,-0.210,1.275,0.081
87.618419,170.798,-10.771,36.641,-0.0414,0.0321,0.2043,-0.134,1.623,-0.330
87.635086,170.803,-10.798,36.648,0.0558,-0.0457,0.0848,0.154,1.385,-0.078
87.651753,170.814,-10.817,36.649,0.1087,-0.0367,0.0244,0.448,0.956,0.175
87.668420,170.844,-10.833,36.645,0.0546,0.0055,0.0597,1.548,0.661,0.461
87.685087,170.887,-10.848,36.633,0.0111,0.0429,0.1188,2.190,0.554,0.935
87.701754,170.928,-10.860,36.627,-0.0225,0.0251,0.0995,2.169,0.397,0.505
87.718421,170.957,-10.872,36.631,-0.0475,0.0719,0.1991,1.559,0.540,-0.061
87.735088,170.975,-10.884,36.635,-0.0454,0.0357,0.2077,0.933,0.531,-0.030
87.751755,170.987,-10.897,36.636,-0.0126,-0.0103,0.1480,0.509,0.567,0.111
87.768422,171.004,-10.912,36.638,0.0239,0.0000,0.1926,0.795,0.620,0.111
87.785089,171.034,-10.938,36.630,0.0482,0.0428,0.2507,1.493,1.255,0.766
87.801756,171.052,-10.972,36.612,0.0997,-0.0179,0.2534,0.676,1.624,1.422
87.818423,171.068,-11.016,36.588,0.0660,0.0017,0.2797,0.487,2.150,1.904
87.835090,171.089,-11.062,36.554,0.0172,-0.0371,0.1960,0.616,2.178,2.461
87.851757,171.078,-11.109,36.514,0.0486,-0.1297,0.1291,-1.352,2.216,2.857
87.868424,171.076,-11.158,36.465,0.0641,-0.1379,0.1407,-0.882,2.207,3.338
87.885091,171.078,-11.205,36.422,-0.0330,-0.0658,0.1029,-0.593,2.158,3.027
87.901758,171.075,-11.243,36.378,-0.0201,0.0084,0.0778,-0.936,1.631,2.968
87.918425,171.067,-11.275,36.340,0.0081,0.0677,0.0249,-1.153,1.328,2.570
87.935092,171.056,-11.293,36.313,0.0262,0.1817,0.0333,-1.179,0.634,1.825
87.951759,171.042,-11.308,36.283,-0.0297,0.2362,0.0212,-1.393,0.362,1.937
87.968426,171.050,-11.311,36.267,-0.0413,0.1595,-0.0126,0.027,-0.203,1.058
87.985093,171.064,-11.303,36.266,-0.1121,-0.0085,0.0408,0.630,-0.729,0.042
88.001760,171.054,-11.270,36.254,0.0207,0.2579,0.0711,-0.961,-2.310,0.473
88.018427,171.060,-11.249,36.250,0.0060,0.0455,-0.0244,0.107,-1.468,0.080
88.035094,171.062,-11.201,36.266,0.0612,-0.0142,0.0378,0.041,-2.941,-1.287
88.051761,171.047,-11.155,36.285,-0.0708,0.1692,0.1315,-0.884,-2.807,-1.502
88.068428,171.045,-11.108,36.298,0.0428,0.0149,0.0807,-0.151,-2.853,-1.090
88.085095,171.028,-11.058,36.311,0.0638,-0.0787,0.1578,-1.093,-3.070,-1.149
88.101762,171.027,-11.017,36.320,0.0111,-0.0173,0.2729,-0.204,-2.586,-0.849
88.118429,171.033,-10.991,36.317,0.0159,-0.0746,0.3049,0.092,-1.805,-0.003
88.135096,171.044,-10.977,36.306,0.0430,-0.1232,0.2743,0.330,-1.178,0.557
88.151763,171.055,-10.968,36.290,0.0365,-0.0777,0.2938,0.224,-0.875,0.938
88.168430,171.063,-10.969,36.267,0.0064,0.0068,0.2393,0.051,-0.422,1.422
88.185097,171.082,-10.972,36.238,-0.0026,0.0132,0.1532,0.531,-0.305,1.803
88.201764,171.098,-10.975,36.211,-0.0234,0.0245,0.1736,0.441,-0.260,1.632
88.218431,171.099,-10.977,36.191,-0.0171,0.1033,0.1645,-0.377,-0.291,1.244
88.235098,171.112,-10.976,36.182,-0.0564,0.1410,0.1317,0.441,-0.385,0.612
88.251765,171.105,-10.981,36.177,-0.0869,0.1239,0.1590,-0.667,-0.025,0.425
88.268432,171.111,-10.983,36.181,-0.0923,0.1437,0.1470,0.155,-0.016,-0.185
88.285099,171.106,-10.984,36.186,-0.0400,0.0659,0.1131,-0.431,-0.140,-0.180
88.301766,171.092,-10.980,36.195,0.0262,0.0390,0.1253,-0.965,-0.407,-0.495
88.318433,171.077,-10.979,36.206,0.0107,0.0661,0.1741,-1.033,-0.190,-0.607
88.335100,171.070,-10.983,36.219,-0.0116,0.0429,0.1940,-0.489,0.164,-0.637
88.351767,171.064,-10.993,36.232,0.0211,-0.0104,0.2055,-0.381,0.490,-0.614
88.368434,171.051,-11.002,36.243,0.0815,-0.0432,0.1520,-0.910,0.372,-0.440
88.385101,171.050,-11.011,36.249,0.0601,0.0080,0.1516,-0.212,0.358,-0.233
88.401768,171.044,-11.017,36.250,0.0278,0.0313,0.1001,-0.545,0.168,0.051
88.418435,171.033,-11.019,36.249,-0.0042,0.0263,0.0684,-0.919,-0.138,0.191
88.435102,171.015,-11.016,36.245,-0.0269,0.0040,0.0919,-1.318,-0.449,0.227
88.451769,170.999,-11.006,36.244,-0.0268,-0.0086,0.1065,-1.227,-0.827,0.067
88.468436,170.978,-11.000,36.238,0.0380,-0.0192,0.1513,-1.557,-0.635,0.326
88.485103,170.966,-10.998,36.239,0.0042,0.0426,0.2020,-0.909,-0.333,-0.008
88.501770,170.949,-10.996,36.232,0.0566,-0.0268,0.1817,-1.330,-0.404,0.462
88.518437,170.945,-10.997,36.236,0.0207,0.0244,0.1443,-0.429,-0.176,-0.127
88.535104,170.930,-10.992,36.235,0.0079,0.0010,0.1529,-1.123,-0.541,0.088
88.551771,170.929,-10.983,36.237,-0.0814,0.1080,0.1037,-0.290,-0.711,-0.134
88.568438,170.947,-10.979,36.235,-0.0793,0.0392,0.1047,0.854,-0.487,0.119
88.585105,170.961,-10.971,36.237,0.0069,0.0247,0.1470,0.663,-0.681,-0.134
88.601772,170.959,-10.963,36.243,0.0299,0.0439,0.1968,-0.299,-0.637,-0.319
88.618439,170.961,-10.955,36.248,0.0547,-0.0027,0.1748,-0.053,-0.665,-0.314
88.635106,170.960,-10.951,36.253,0.0683,0.0236,0.1483,-0.245,-0.417,-0.235
88.651773,170.951,-10.944,36.254,0.0287,0.0125,0.0981,-0.711,-0.663,-0.071
88.668440,170.953,-10.932,36.248,-0.0149,0.0200,0.1079,-0.195,-0.961,0.281
88.685107,170.960,-10.919,36.244,-0.0425,0.0317,0.1571,0.182,-1.026,0.230
88.701774,170.976,-10.905,36.236,-0.0438,0.0444,0.1760,0.641,-1.123,0.357
88.718441,170.988,-10.900,36.230,0.0006,0.0157,0.2324,0.446,-0.606,0.369
88.735108,170.994,-10.901,36.229,-0.0128,0.0192,0.2611,0.077,-0.168,0.198
88.751775,170.997,-10.908,36.229,-0.0178,0.0400,0.2106,-0.045,0.169,0.117
88.768442,170.999,-10.918,36.233,0.0199,0.0013,0.1768,-0.063,0.388,-0.064
88.785109,171.005,-10.926,36.236,0.0040,0.0156,0.1506,0.166,0.305,-0.061
88.801776,171.005,-10.936,36.239,-0.0013,0.0164,0.1273,-0.171,0.362,-0.019
88.818443,171.013,-10.947,36.244,-0.0154,0.0407,0.1336,0.315,0.480,-0.063
88.835110,171.023,-10.956,36.243,-0.0112,0.0378,0.1344,0.394,0.300,0.192
88.851777,171.033,-10.968,36.247,-0.0130,0.0387,0.1483,0.391,0.490,-0.040
88.868444,171.044,-10.979,36.251,-0.0073,0.0245,0.1620,0.502,0.483,-0.069
88.885111,171.045,-10.990,36.256,0.0157,0.0216,0.1532,-0.103,0.492,-0.105
88.901778,171.043,-11.006,36.260,0.0143,-0.0141,0.1727,-0.307,0.730,-0.056
88.918445,171.039,-11.017,36.267,0.0202,0.0108,0.1319,-0.405,0.508,-0.208
88.935112,171.035,-11.030,36.269,0.0150,-0.0068,0.1014,-0.427,0.574,0.073
88.951779,171.047,-11.044,36.265,0.0020,-0.0033,0.0991,0.433,0.512,0.403
88.968446,171.061,-11.053,36.257,-0.0031,0.0067,0.0970,0.548,0.245,0.624
88.985113,171.078,-11.061,36.248,0.0001,0.0072,0.1095,0.668,0.158,0.666
89.001780,171.089,-11.067,36.239,0.0350,0.0084,0.1835,0.321,0.052,0.673
89.018447,171.101,-11.069,36.229,0.0217,-0.0089,0.1543,0.426,-0.176,0.638
89.035114,171.108,-11.079,36.221,0.0185,0.0055,0.1543,0.086,0.309,0.619
89.051781,171.113,-11.088,36.215,-0.0177,0.0288,0.1701,0.029,0.234,0.531
89.068448,171.124,-11.098,36.213,-0.0415,0.0668,0.1619,0.394,0.361,0.299
89.085115,171.125,-11.112,36.212,-0.0346,0.0483,0.1754,-0.179,0.572,0.245
89.101782,171.124,-11.123,36.208,-0.0256,0.0239,0.1794,-0.341,0.411,0.385
89.118449,171.121,-11.138,36.207,0.0139,0.0207,0.1193,-0.425,0.619,0.251
89.135116,171.123,-11.150,36.212,-0.0052,0.1069,0.1404,-0.030,0.560,-0.076
89.151783,171.127,-11.164,36.220,-0.0034,0.0631,0.1291,0.118,0.634,-0.293
89.168450,171.125,-11.175,36.232,-0.0246,0.0109,0.1311,-0.182,0.550,-0.530
89.185117,171.116,-11.183,36.251,0.0129,0.0252,0.1591,-0.592,0.423,-0.966
89.201784,171.108,-11.189,36.269,0.0368,0.0285,0.1002,-0.485,0.307,-0.902
89.218451,171.101,-11.187,36.279,0.0681,0.0454,0.0834,-0.533,-0.251,-0.576
89.235118,171.096,-11.186,36.283,-0.0117,0.0282,0.1337,-0.448,-0.260,-0.159
89.251785,171.093,-11.181,36.286,-0.1007,-0.0077,0.1406,-0.398,-0.488,-0.147
89.268452,171.089,-11.179,36.295,-0.0642,-0.0170,0.1684,-0.337,-0.259,-0.479
89.285119,171.086,-11.179,36.307,0.0155,-0.0176,0.1699,-0.274,-0.141,-0.598
89.301786,171.076,-11.180,36.319,0.0916,-0.0419,0.1493,-0.699,-0.033,-0.667
89.318453,171.064,-11.180,36.333,0.0998,0.0179,0.1573,-0.755,-0.109,-0.710
89.335120,171.052,-11.177,36.337,0.1016,-0.0082,0.1094,-0.888,-0.383,-0.186
89.351787,171.041,-11.170,36.331,0.0270,0.0317,0.0811,-0.979,-0.706,0.349
89.368454,171.042,-11.159,36.321,-0.0437,0.0506,0.1020,-0.259,-0.961,0.541
89.385121,171.050,-11.148,36.310,-0.1097,0.0234,0.1227,0.124,-0.965,0.608
89.401788,171.051,-11.136,36.304,-0.0953,0.0158,0.1678,-0.229,-0.981,0.279
89.418455,171.041,-11.126,36.305,-0.0163,0.0084,0.2277,-0.846,-0.824,-0.090
89.435122,171.023,-11.125,36.312,0.0347,0.0406,0.3050,-1.194,-0.242,-0.353
89.451789,171.010,-11.134,36.319,0.0492,0.0430,0.2451,-0.965,0.376,-0.220
89.468456,170.999,-11.145,36.323,0.0194,-0.0018,0.1433,-0.818,0.477,-0.067
89.485123,170.986,-11.158,36.327,0.0054,0.0200,0.0928,-0.952,0.562,-0.048
89.501790,170.980,-11.164,36.328,-0.0052,-0.0048,0.0821,-0.569,0.157,0.062
89.518457,170.969,-11.158,36.330,0.0021,-0.0007,0.0198,-0.846,-0.557,-0.116
89.535124,170.961,-11.148,36.335,-0.0038,0.0398,0.0791,-0.684,-0.826,-0.287
89.551791,170.967,-11.136,36.336,0.0271,0.0559,0.1659,0.170,-0.891,-0.123
89.568458,170.973,-11.128,36.338,0.0471,-0.0102,0.2066,0.135,-0.698,-0.114
89.585125,170.975,-11.129,36.336,0.0041,-0.0132,0.2763,-0.109,-0.175,0.185
89.601792,170.968,-11.137,36.335,-0.0223,-0.0176,0.2515,-0.665,0.224,0.169
89.618459,170.954,-11.148,36.335,-0.0356,-0.0064,0.1870,-1.080,0.424,0.218
89.635126,170.941,-11.159,36.336,-0.0447,0.0400,0.1238,-0.959,0.471,0.071
89.651793,170.928,-11.169,36.344,-0.0182,0.0469,0.1044,-0.895,0.401,-0.268
89.668460,170.916,-11.175,36.351,-0.0040,0.0683,0.1142,-0.874,0.175,-0.302
89.685127,170.903,-11.177,36.359,0.0302,0.0780,0.1000,-0.942,-0.007,-0.373
89.701794,170.887,-11.178,36.367,0.0508,0.0505,0.1334,-1.083,-0.118,-0.365
89.718461,170.876,-11.180,36.373,0.0275,-0.0197,0.1019,-0.819,-0.052,-0.270
89.735128,170.877,-11.185,36.368,0.0372,-0.0688,0.1159,-0.188,0.040,0.368
89.751795,170.884,-11.186,36.355,0.0194,-0.0934,0.1078,0.032,-0.255,0.878
89.768462,170.889,-11.181,36.335,0.0223,-0.0693,0.0630,-0.185,-0.734,1.174
89.785129,170.896,-11.166,36.314,0.0071,0.0306,0.0846,-0.052,-1.332,1.120
89.801796,170.915,-11.153,36.296,-0.0070,0.1194,0.1471,0.718,-1.157,1.014
89.818463,170.922,-11.142,36.289,-0.0378,0.1124,0.1777,0.154,-0.910,0.337
89.835130,170.918,-11.133,36.295,-0.0852,0.0748,0.2041,-0.414,-0.707,-0.336
89.851797,170.905,-11.126,36.308,-0.1073,0.0552,0.2182,-0.882,-0.553,-0.784
89.868464,170.883,-11.122,36.324,-0.0647,0.0428,0.2112,-1.329,-0.266,-0.909
89.885131,170.876,-11.128,36.333,0.0216,0.0223,0.2007,-0.545,0.207,-0.390
89.901798,170.866,-11.133,36.343,0.0225,0.0655,0.1170,-0.710,0.110,-0.449
89.918465,170.863,-11.131,36.352,0.0215,0.0810,0.1074,-0.304,-0.213,-0.493
89.935132,170.864,-11.130,36.364,-0.0021,0.0280,0.1624,-0.002,-0.179,-0.620
89.951799,170.863,-11.131,36.374,0.0138,-0.0419,0.2055,-0.168,-0.069,-0.484
89.968466,170.845,-11.136,36.384,0.0099,-0.1086,0.1441,-1.188,0.171,-0.505
89.985133,170.829,-11.144,36.389,0.0101,-0.1043,0.1396,-1.135,0.259,-0.141
90.001800,170.818,-11.151,36.386,0.0543,-0.0747,0.1320,-0.927,0.162,0.311
90.018467,170.830,-11.156,36.375,0.0364,0.0039,0.1552,0.370,-0.032,0.785
90.035134,170.844,-11.163,36.357,0.0542,0.0560,0.1530,0.370,0.007,1.172
90.051801,170.838,-11.166,36.345,0.0433,0.1043,0.1148,-0.704,-0.142,0.771
90.068468,170.818,-11.163,36.347,-0.0291,0.1530,0.0676,-1.425,-0.411,-0.077
90.085135,170.799,-11.158,36.362,-0.0884,0.1280,0.0580,-1.181,-0.365,-0.859
90.101802,170.764,-11.147,36.390,-0.0998,0.0630,0.1032,-1.960,-0.585,-1.637
90.118469,170.706,-11.133,36.426,-0.0690,0.0077,0.1895,-3.315,-0.753,-2.168
90.135136,170.651,-11.120,36.460,-0.0342,0.0362,0.2993,-3.148,-0.660,-2.081
90.151803,170.628,-11.124,36.484,-0.0297,0.0130,0.3316,-1.311,0.235,-1.280
90.168470,170.641,-11.139,36.496,0.0133,-0.0308,0.2666,0.732,0.826,-0.481
90.185137,170.689,-11.167,36.507,0.0303,-0.0089,0.1858,2.771,1.516,-0.285
90.201804,170.774,-11.203,36.522,-0.0225,0.0238,0.1198,5.034,2.018,-0.473
90.218471,170.888,-11.239,36.554,-0.0676,0.1157,0.0408,6.979,2.234,-1.405
90.235138,170.974,-11.266,36.598,0.0082,0.0350,-0.0277,5.459,1.757,-2.244
90.251805,171.044,-11.270,36.649,0.0706,0.0536,-0.0903,4.536,0.491,-2.882
90.268472,171.102,-11.245,36.714,-0.0157,0.1720,-0.1828,4.040,-1.081,-3.907
90.285139,171.242,-11.190,36.813,-0.1567,0.4730,-0.2312,9.327,-2.635,-6.223
90.301806,171.303,-11.114,36.913,-0.0247,0.2491,-0.0724,4.599,-3.814,-6.445
90.318473,171.361,-11.049,36.986,0.1233,-0.2075,0.2438,4.090,-3.439,-4.801
90.335140,171.415,-11.003,37.026,0.2190,-0.4858,0.6704,3.470,-2.590,-2.669
90.351807,171.448,-10.990,37.012,0.2764,-0.6114,0.7111,1.561,-1.159,0.791
90.368474,171.446,-10.992,36.977,0.1301,-0.3164,0.2780,-0.701,-0.383,2.118
90.385141,171.437,-11.015,36.923,0.0768,-0.0995,0.1242,-1.425,0.639,3.418
90.401808,171.477,-11.028,36.873,-0.0470,0.1070,0.0220,1.608,0.125,3.100
90.418475,171.516,-11.033,36.829,-0.0927,0.0707,0.0614,1.670,-0.325,2.653
90.435142,171.547,-11.040,36.785,-0.1205,0.0520,0.1116,1.122,-0.202,2.712
90.451809,171.575,-11.048,36.744,-0.1212,0.0785,0.2616,0.938,-0.067,2.526
90.468476,171.586,-11.065,36.714,-0.0655,0.1498,0.3265,0.106,0.536,1.975
90.485143,171.582,-11.091,36.685,0.0132,0.0992,0.2561,-0.789,1.062,1.961
90.501810,171.583,-11.127,36.663,0.0427,0.0393,0.2347,-0.399,1.731,1.666
90.518477,171.584,-11.166,36.638,0.0771,-0.0807,0.1966,-0.466,1.831,1.901
90.535144,171.589,-11.210,36.603,0.0989,-0.1930,0.1211,-0.311,2.100,2.450
90.551811,171.601,-11.257,36.559,0.0960,-0.1872,0.1168,-0.075,2.172,3.089
90.568478,171.615,-11.301,36.504,0.0735,-0.1874,0.0913,-0.017,1.936,3.660
90.585145,171.643,-11.341,36.433,0.0611,-0.1590,0.0540,0.631,1.510,4.492
90.601812,171.676,-11.365,36.366,0.0056,0.0573,-0.0090,1.004,0.671,4.219
90.618479,171.714,-11.376,36.299,-0.0167,0.1252,0.0083,1.216,-0.193,4.069
90.635146,171.768,-11.381,36.240,-0.0965,0.1782,0.0279,2.358,-0.406,3.501
90.651813,171.823,-11.376,36.190,-0.1261,0.1159,0.0578,2.473,-0.911,2.970
90.668480,171.882,-11.367,36.144,-0.1538,0.2114,0.1518,2.769,-1.169,2.679
90.685147,171.946,-11.361,36.112,-0.1025,0.1717,0.2215,3.222,-0.811,1.842
90.701814,171.983,-11.357,36.102,-0.0427,0.1052,0.2672,1.906,-0.558,0.626
90.718481,172.004,-11.363,36.105,-0.0737,0.1864,0.2871,1.077,0.135,-0.024
90.735148,172.022,-11.384,36.107,-0.0444,0.1309,0.2587,0.855,1.072,0.085
90.751815,172.037,-11.407,36.116,-0.0197,0.0439,0.1872,0.781,1.162,-0.259
90.768482,172.042,-11.432,36.127,0.0094,0.0501,0.2141,0.194,1.374,-0.347
90.785149,172.047,-11.461,36.130,0.0626,0.0235,0.1567,0.100,1.497,0.134
90.801816,172.048,-11.488,36.132,0.0544,-0.0484,0.0790,-0.100,1.415,0.150
90.818483,172.052,-11.510,36.124,0.0429,-0.0821,0.0860,-0.096,1.031,0.741
90.835150,172.068,-11.527,36.108,0.0063,-0.0764,0.0751,0.551,0.649,1.157
90.851817,172.075,-11.539,36.085,0.0520,-0.0590,0.1260,-0.099,0.316,1.502
90.868484,172.078,-11.551,36.055,0.0622,-0.0514,0.1354,-0.387,0.240,1.902
90.885151,172.089,-11.555,36.028,0.0214,0.0112,0.0564,0.093,-0.193,1.670
90.901818,172.103,-11.555,36.004,-0.0290,0.0828,0.1004,0.358,-0.453,1.465
90.918485,172.114,-11.555,35.985,-0.0697,0.1102,0.1788,0.155,-0.366,1.178
90.935152,172.122,-11.558,35.975,-0.0866,0.1055,0.1933,0.173,-0.129,0.647
90.951819,172.130,-11.562,35.979,-0.0446,0.1149,0.1599,0.263,0.068,-0.113
90.968486,172.116,-11.568,35.980,-0.0231,0.1124,0.1353,-1.029,0.152,0.028
90.985153,172.100,-11.570,35.991,0.0051,0.0300,0.0911,-1.030,-0.016,-0.516
91.001820,172.097,-11.568,36.002,-0.0165,0.0542,0.0833,-0.292,-0.290,-0.633
91.018487,172.118,-11.566,36.011,-0.0394,0.0841,0.1421,1.155,-0.252,-0.449
91.035154,172.136,-11.558,36.020,0.0087,-0.0038,0.1118,0.946,-0.619,-0.537
91.051821,172.137,-11.545,36.037,0.0015,0.0151,0.1258,0.022,-0.889,-1.002
91.068488,172.130,-11.531,36.052,0.0253,0.0240,0.1397,-0.472,-0.951,-0.957
91.085155,172.118,-11.517,36.065,0.0526,-0.0124,0.1452,-0.758,-0.944,-0.765
91.101822,172.119,-11.501,36.072,0.0101,-0.0267,0.1154,-0.099,-1.102,-0.511
91.118489,172.133,-11.481,36.072,-0.0152,-0.0192,0.0818,0.617,-1.387,-0.104
91.135156,172.142,-11.455,36.069,0.0291,-0.0842,0.0727,0.266,-1.826,0.074
91.151823,172.150,-11.430,36.067,-0.0323,0.0102,0.1624,0.244,-1.690,-0.071
91.168490,172.152,-11.408,36.073,-0.0508,0.0792,0.1417,-0.070,-1.492,-0.428
91.185157,172.072,-11.406,36.107,-0.0060,0.1995,0.1811,-4.583,-0.101,-1.946
91.201824,172.030,-11.397,36.126,0.0161,-0.0455,0.1882,-2.528,-0.578,-1.114
91.218491,171.982,-11.379,36.153,-0.0052,-0.0212,0.0759,-2.764,-1.062,-1.674
91.235158,171.945,-11.359,36.169,-0.0077,0.1064,0.1852,-2.264,-1.303,-1.029
91.251825,171.986,-11.346,36.156,0.0719,-0.0830,0.1750,2.078,-1.108,0.708
91.268492,172.018,-11.321,36.144,0.0533,-0.1707,0.1242,1.509,-1.813,0.600
91.285159,172.044,-11.294,36.128,-0.0457,-0.0266,0.2017,1.197,-1.972,0.740
91.301826,172.104,-11.267,36.102,0.0020,-0.0320,0.1549,3.052,-2.021,1.396
91.318493,172.166,-11.247,36.078,0.0597,-0.0040,0.1572,3.174,-1.634,1.329
91.335160,172.220,-11.228,36.057,-0.0136,0.0598,0.2246,2.815,-1.487,1.131
91.351827,172.272,-11.222,36.033,-0.0714,0.0580,0.2180,2.563,-0.766,1.395
91.368494,172.291,-11.215,36.013,-0.0071,-0.0031,0.1986,0.694,-0.787,1.181
91.385161,172.291,-11.210,36.002,-0.0538,0.0745,0.1709,-0.320,-0.659,0.678
91.401828,172.283,-11.208,36.003,-0.0436,0.1214,0.1187,-0.742,-0.318,0.019
91.418495,172.271,-11.201,36.009,-0.0267,0.0495,0.1496,-0.869,-0.609,-0.337
91.435162,172.257,-11.194,36.024,-0.0135,0.0914,0.1493,-0.900,-0.496,-0.860
91.451829,172.250,-11.187,36.036,-0.0192,0.0367,0.1374,-0.495,-0.556,-0.674
91.468496,172.250,-11.184,36.047,-0.0090,0.0172,0.1466,-0.115,-0.325,-0.603
91.485163,172.247,-11.180,36.055,0.0273,-0.0316,0.1913,-0.290,-0.353,-0.437
91.501830,172.235,-11.185,36.068,-0.0220,0.0185,0.1825,-0.826,0.131,-0.640
91.518497,172.212,-11.193,36.078,-0.0111,-0.0024,0.1871,-1.491,0.342,-0.440
91.535164,172.191,-11.205,36.087,-0.0119,-0.0264,0.1432,-1.341,0.542,-0.374
91.551831,172.138,-11.218,36.093,0.0536,-0.0757,0.2025,-3.365,0.639,-0.192
91.568498,172.056,-11.235,36.111,0.0240,0.0510,0.1817,-4.955,0.898,-0.813
91.585165,171.928,-11.260,36.118,0.0350,-0.0151,0.1885,-7.762,1.369,-0.191
91.601832,171.829,-11.286,36.116,0.0753,-0.0982,0.1992,-6.237,1.308,0.417
91.618499,171.728,-11.302,36.114,-0.0058,-0.0452,0.1295,-6.319,0.669,0.329
91.635166,171.664,-11.313,36.105,-0.0884,0.0595,0.0987,-4.153,0.348,0.744
91.651833,171.679,-11.325,36.091,-0.1029,0.0783,0.0584,0.508,0.358,0.958
91.668500,171.705,-11.330,36.077,0.0056,-0.0150,0.0795,1.160,-0.011,0.897
91.685167,171.729,-11.329,36.069,-0.0266,0.0669,0.1359,1.149,-0.381,0.535
91.701834,171.754,-11.322,36.062,0.0144,0.0614,0.1136,1.203,-0.686,0.414
91.718501,171.765,-11.311,36.053,0.0374,0.0149,0.1185,0.290,-0.925,0.464
91.735168,171.784,-11.300,36.054,-0.0515,0.0902,0.1339,0.958,-0.864,-0.070
91.751835,171.794,-11.294,36.054,-0.0175,-0.0008,0.1103,0.349,-0.579,0.018
91.768502,171.797,-11.281,36.061,-0.0563,0.0409,0.2038,0.025,-0.950,-0.431
91.785169,171.808,-11.271,36.069,-0.0223,0.0183,0.2063,0.562,-0.737,-0.534
91.801836,171.817,-11.270,36.081,-0.0071,0.0167,0.2082,0.432,-0.212,-0.607
91.818503,171.813,-11.274,36.091,0.0025,-0.0069,0.2422,-0.356,0.134,-0.489
91.835170,171.828,-11.283,36.100,-0.0290,0.0193,0.2113,0.809,0.389,-0.369
91.851837,171.837,-11.291,36.101,0.0176,-0.0216,0.1131,0.278,0.242,0.056
91.868504,171.831,-11.295,36.103,0.0417,0.0232,0.0808,-0.549,0.009,-0.035
91.885171,171.833,-11.291,36.103,0.0169,0.0348,-0.0030,-0.130,-0.413,0.067
91.901838,171.846,-11.280,36.103,-0.0003,0.0658,0.0171,0.587,-0.893,-0.035
91.918505,171.866,-11.263,36.104,-0.0244,0.0347,0.1024,0.968,-1.242,-0.163
91.935172,171.882,-11.241,36.111,-0.0211,0.0050,0.1582,0.819,-1.454,-0.488
91.951839,171.890,-11.228,36.119,0.0060,-0.0154,0.2593,0.366,-0.950,-0.545
91.968506,171.884,-11.224,36.123,-0.0054,-0.0487,0.2828,-0.567,-0.419,-0.205
91.985173,171.873,-11.225,36.127,-0.0394,-0.0450,0.2137,-0.850,-0.098,-0.152
92.001840,171.863,-11.232,36.131,-0.0468,-0.0030,0.1797,-0.745,0.206,-0.082
92.018507,171.859,-11.240,36.136,-0.0280,0.0522,0.1395,-0.429,0.265,-0.154
92.035174,171.857,-11.243,36.141,0.0204,0.0568,0.0830,-0.267,0.047,-0.225
92.051841,171.848,-11.246,36.152,0.0215,0.0576,0.1202,-0.674,0.014,-0.570
92.068508,171.836,-11.243,36.166,0.0357,0.0474,0.1242,-0.766,-0.248,-0.763
92.085175,171.816,-11.239,36.177,0.0413,0.0016,0.1297,-1.306,-0.395,-0.627
92.101842,171.808,-11.233,36.183,0.0095,-0.0351,0.1262,-0.650,-0.501,-0.315
92.118509,171.810,-11.230,36.182,-0.0139,-0.0811,0.1424,-0.083,-0.434,0.111
92.135176,171.818,-11.227,36.173,-0.0268,-0.0242,0.1705,0.151,-0.448,0.554
92.151843,171.828,-11.227,36.159,-0.0107,-0.0378,0.1545,0.174,-0.374,0.905
92.168510,171.835,-11.224,36.149,0.0078,0.0158,0.1559,0.092,-0.470,0.654
92.185177,171.838,-11.226,36.144,0.0106,0.0535,0.1761,-0.089,-0.155,0.348
92.201844,171.839,-11.228,36.146,-0.0087,0.0731,0.1633,-0.178,-0.078,0.008
92.218511,171.829,-11.226,36.151,-0.0211,0.0556,0.1409,-0.759,-0.307,-0.242
92.235178,171.823,-11.224,36.158,-0.0601,0.0600,0.1318,-0.529,-0.272,-0.378
92.251845,171.819,-11.224,36.166,-0.0599,0.0263,0.1245,-0.354,-0.186,-0.408
92.268512,171.816,-11.227,36.175,-0.0148,-0.0212,0.1760,-0.327,0.030,-0.383
92.285179,171.804,-11.230,36.183,0.0136,-0.0370,0.1756,-0.836,0.047,-0.398
92.301846,171.790,-11.231,36.188,0.0542,-0.0326,0.1304,-1.003,-0.109,-0.225
92.318513,171.788,-11.230,36.192,0.0468,0.0084,0.1054,-0.277,-0.274,-0.138
92.335180,171.787,-11.228,36.192,0.0310,0.0222,0.1481,-0.285,-0.300,0.031
92.351847,171.802,-11.229,36.189,-0.0332,0.0278,0.1272,0.594,-0.216,0.227
92.368514,171.814,-11.226,36.186,-0.0396,-0.0161,0.1787,0.458,-0.447,0.242
92.385181,171.813,-11.224,36.188,-0.0453,0.0326,0.1999,-0.250,-0.323,-0.077
92.401848,171.821,-11.224,36.189,-0.0310,-0.0063,0.1869,0.256,-0.184,0.009
92.418515,171.822,-11.227,36.194,0.0034,0.0099,0.1510,-0.113,-0.013,-0.198
92.435182,171.815,-11.232,36.203,0.0367,0.0355,0.1411,-0.508,0.131,-0.399
92.451849,171.814,-11.234,36.206,0.0321,0.0120,0.0997,-0.275,-0.072,-0.105
92.468516,171.817,-11.234,36.210,0.0191,0.0162,0.1276,-0.001,-0.156,-0.131
92.485183,171.825,-11.236,36.211,-0.0013,0.0129,0.1506,0.239,-0.146,0.033
92.501850,171.837,-11.236,36.211,-0.0383,0.0043,0.1573,0.491,-0.211,0.107
92.518517,171.848,-11.237,36.208,-0.0057,-0.0069,0.1487,0.423,-0.197,0.233
92.535184,171.855,-11.237,36.205,-0.0154,-0.0120,0.1597,0.177,-0.230,0.257
92.551851,171.855,-11.243,36.204,-0.0090,0.0305,0.1894,-0.260,0.105,0.177
92.568518,171.854,-11.248,36.205,-0.0228,0.0501,0.1483,-0.298,0.129,0.047
92.585185,171.841,-11.254,36.209,0.0189,0.0120,0.1363,-0.942,0.174,-0.112
92.601852,171.834,-11.258,36.215,-0.0108,0.0142,0.1644,-0.564,0.044,-0.267
92.618519,171.839,-11.261,36.221,-0.0324,0.0054,0.1499,0.113,0.011,-0.223
92.635186,171.850,-11.266,36.225,-0.0222,-0.0007,0.1671,0.486,0.125,-0.099
92.651853,171.854,-11.273,36.227,-0.0046,-0.0153,0.1674,0.060,0.187,0.017
92.668520,171.861,-11.279,36.224,0.0163,-0.0062,0.1499,0.165,0.101,0.267
92.685187,171.864,-11.284,36.225,0.0167,0.0115,0.1074,-0.057,0.099,0.114
92.701854,171.868,-11.283,36.223,0.0032,0.0234,0.1297,-0.023,-0.311,0.144
92.718521,171.875,-11.283,36.225,0.0008,0.0191,0.1126,0.231,-0.186,-0.029
92.735188,171.882,-11.281,36.227,-0.0128,0.0170,0.1681,0.198,-0.319,-0.096
92.751855,171.887,-11.281,36.234,-0.0349,0.0037,0.1627,0.169,-0.209,-0.320
92.768522,171.889,-11.281,36.238,0.0174,-0.0129,0.1299,-0.050,-0.176,-0.166
92.785189,171.891,-11.279,36.236,0.0354,-0.0706,0.0790,-0.121,-0.328,0.176
92.801856,171.896,-11.274,36.223,0.0709,-0.0781,0.0877,-0.135,-0.666,0.784
92.818523,171.911,-11.266,36.203,0.0114,-0.0429,0.0953,0.494,-0.849,1.186
92.835190,171.927,-11.256,36.186,0.0122,0.0161,0.1758,0.499,-0.929,0.983
92.851857,171.950,-11.251,36.169,-0.0332,0.0950,0.2391,0.959,-0.662,1.001
92.868524,171.970,-11.253,36.159,-0.0764,0.0829,0.2070,0.863,-0.223,0.674
92.885191,171.972,-11.254,36.161,-0.0621,0.0540,0.1528,-0.107,-0.154,0.009
92.901858,171.967,-11.255,36.171,-0.0639,0.0962,0.1381,-0.371,-0.073,-0.510
92.918525,171.965,-11.254,36.181,-0.0039,0.0409,0.1218,-0.241,-0.177,-0.523
92.935192,171.968,-11.250,36.186,0.0238,-0.0615,0.0932,-0.016,-0.403,-0.216
92.951859,171.969,-11.244,36.190,0.0235,-0.0673,0.1506,-0.112,-0.550,-0.209
92.968526,171.982,-11.243,36.189,0.0180,-0.0102,0.2070,0.510,-0.271,0.118
92.985193,171.995,-11.251,36.187,0.0180,-0.0026,0.2044,0.548,0.224,0.236
93.001860,171.998,-11.259,36.191,0.0041,0.0021,0.1787,-0.010,0.258,-0.065
93.018527,171.994,-11.263,36.194,-0.0131,0.0435,0.1122,-0.441,0.066,-0.092
93.035194,171.994,-11.261,36.195,-0.0267,0.0464,0.0459,-0.183,-0.346,0.035
93.051861,172.007,-11.253,36.196,-0.0116,0.0590,0.0948,0.580,-0.696,-0.106
93.068528,172.019,-11.243,36.201,-0.0053,0.0538,0.1591,0.508,-0.740,-0.257
93.085195,172.026,-11.240,36.207,0.0019,-0.0276,0.2154,0.284,-0.373,-0.313
93.101862,172.037,-11.242,36.210,-0.0018,-0.0800,0.2452,0.466,-0.078,-0.094
93.118529,172.036,-11.254,36.215,-0.0442,-0.0470,0.2515,-0.216,0.536,-0.154
93.135196,172.033,-11.269,36.220,-0.0518,-0.0104,0.1929,-0.366,0.722,-0.081
93.151863,172.030,-11.286,36.229,-0.0322,0.0476,0.1215,-0.308,0.880,-0.329
93.168530,172.022,-11.298,36.237,-0.0107,0.0492,0.0584,-0.593,0.545,-0.303
93.185197,172.023,-11.305,36.251,0.0098,0.0419,0.0575,-0.006,0.281,-0.655
93.201864,172.037,-11.303,36.263,0.0178,0.0412,0.0965,0.726,-0.206,-0.652
93.218531,172.049,-11.301,36.271,0.0337,0.0350,0.1286,0.590,-0.275,-0.420
93.235198,172.049,-11.302,36.274,0.0323,-0.0076,0.1418,-0.180,-0.169,-0.097
93.251865,172.044,-11.298,36.271,0.0201,-0.0744,0.1413,-0.566,-0.458,0.210
93.268532,172.036,-11.294,36.267,-0.0073,-0.0305,0.1385,-0.765,-0.494,0.239
93.285199,172.036,-11.291,36.257,-0.0136,-0.0223,0.1493,-0.313,-0.504,0.639
93.301866,172.037,-11.284,36.249,-0.0148,0.0186,0.1633,-0.301,-0.656,0.501
93.318533,172.036,-11.280,36.245,-0.0149,0.0310,0.1861,-0.316,-0.543,0.276
93.335200,172.046,-11.284,36.245,-0.0533,0.0337,0.2124,0.349,0.056,0.122
93.351867,172.047,-11.291,36.247,-0.0173,-0.0262,0.1971,-0.094,0.170,-0.009
93.368534,172.041,-11.301,36.253,-0.0049,-0.0022,0.1751,-0.514,0.432,-0.215
93.385201,172.045,-11.312,36.258,0.0050,-0.0153,0.1515,0.031,0.499,-0.110
93.401868,172.051,-11.322,36.259,0.0272,-0.0013,0.1075,0.192,0.398,0.087
93.418535,172.052,-11.327,36.259,0.0403,0.0047,0.0964,-0.182,0.028,0.131
93.435202,172.054,-11.327,36.259,0.0093,0.0251,0.0877,-0.140,-0.219,0.087
93.451869,172.053,-11.323,36.258,-0.0152,0.0216,0.1064,-0.258,-0.450,0.098
93.468536,172.054,-11.319,36.257,-0.0202,0.0137,0.1396,-0.224,-0.469,0.077
93.485203,172.058,-11.315,36.257,-0.0518,-0.0083,0.1655,0.008,-0.473,0.012
93.501870,172.063,-11.316,36.254,0.0088,-0.0374,0.1860,0.048,-0.146,0.260
93.518537,172.067,-11.317,36.249,0.0086,-0.0178,0.1685,-0.020,-0.214,0.392
93.535204,172.071,-11.316,36.243,-0.0055,0.0330,0.1697,-0.075,-0.308,0.416
93.551871,172.068,-11.317,36.239,-0.0018,0.0638,0.1564,-0.419,-0.225,0.279
93.568538,172.063,-11.317,36.241,-0.0112,0.0686,0.1362,-0.534,-0.199,-0.040
93.585205,172.062,-11.318,36.245,-0.0312,0.0320,0.1125,-0.234,-0.113,-0.159
93.601872,172.068,-11.319,36.251,-0.0090,-0.0142,0.1171,0.218,-0.137,-0.250
93.618539,172.072,-11.316,36.256,-0.0052,-0.0257,0.1194,0.027,-0.361,-0.224
93.635206,172.071,-11.310,36.256,-0.0020,-0.0137,0.1200,-0.243,-0.556,-0.028
93.651873,172.066,-11.304,36.261,0.0144,0.0288,0.1360,-0.496,-0.541,-0.229
93.668540,172.062,-11.298,36.263,0.0213,0.0635,0.1779,-0.405,-0.574,-0.136
93.685207,172.054,-11.295,36.272,0.0179,0.0351,0.1328,-0.660,-0.305,-0.462
93.701874,172.048,-11.295,36.280,-0.0331,-0.0156,0.1179,-0.438,-0.175,-0.397
93.718541,172.046,-11.293,36.286,0.0136,-0.0223,0.0755,-0.289,-0.275,-0.281
93.735208,172.044,-11.283,36.290,-0.0349,0.0303,0.0876,-0.322,-0.793,-0.266
93.751875,172.043,-11.271,36.294,0.0089,0.0347,0.0988,-0.247,-0.856,-0.222
93.768542,172.042,-11.258,36.299,0.0486,-0.0129,0.1213,-0.193,-0.995,-0.348
93.785209,172.042,-11.240,36.301,0.0169,-0.0291,0.1222,-0.249,-1.279,-0.190
93.801876,172.032,-11.223,36.297,0.0305,-0.0544,0.1391,-0.845,-1.253,0.147
93.818543,172.037,-11.210,36.285,0.0341,-0.0656,0.1879,-0.098,-1.089,0.650
93.835210,172.043,-11.197,36.278,-0.0355,0.0254,0.1988,0.055,-1.033,0.481
93.851877,172.051,-11.188,36.271,-0.0854,0.0455,0.1907,0.194,-0.826,0.378
93.868544,172.050,-11.182,36.272,-0.0854,0.0512,0.1690,-0.269,-0.558,-0.011
93.885211,172.045,-11.180,36.280,-0.0658,0.0717,0.1680,-0.436,-0.285,-0.444
93.901878,172.036,-11.178,36.292,-0.0140,0.0362,0.1420,-0.629,-0.257,-0.607
93.918545,172.017,-11.175,36.301,0.0409,-0.0298,0.1440,-1.303,-0.282,-0.505
93.935212,171.997,-11.170,36.310,0.0235,-0.0001,0.1583,-1.288,-0.474,-0.492
93.951879,171.999,-11.168,36.311,-0.0380,-0.0033,0.1385,-0.121,-0.330,-0.058
93.968546,172.014,-11.169,36.310,-0.0200,-0.0528,0.1473,0.671,-0.159,0.158
93.985213,172.023,-11.172,36.305,-0.0054,-0.0317,0.1846,0.270,-0.083,0.365
94.001880,172.027,-11.178,36.299,-0.0173,0.0142,0.1984,-0.096,0.093,0.496
94.018547,172.020,-11.181,36.293,0.0041,-0.0122,0.1444,-0.692,-0.105,0.434
94.035214,172.019,-11.184,36.286,-0.0037,-0.0450,0.1456,-0.387,-0.085,0.511
94.051881,172.030,-11.188,36.275,-0.0316,-0.0270,0.1538,0.357,-0.071,0.699
94.068548,172.061,-11.197,36.243,0.0509,-0.1206,0.1685,1.217,0.087,2.020
94.085215,172.096,-11.206,36.210,0.0855,-0.0517,0.1801,1.519,0.013,2.036
94.101882,172.119,-11.214,36.189,-0.0312,0.1094,0.1533,0.906,0.087,1.384
94.118549,172.115,-11.221,36.173,-0.0257,0.1006,0.1198,-0.627,0.093,1.043
94.135216,172.120,-11.226,36.180,-0.0496,0.1681,0.0721,0.114,0.109,-0.286
94.151883,172.103,-11.224,36.194,-0.0479,0.0981,0.0841,-1.061,-0.203,-0.769
94.168550,172.086,-11.217,36.210,-0.0435,0.0621,0.1002,-1.051,-0.527,-0.921
94.185217,172.073,-11.206,36.224,0.0092,-0.0190,0.1013,-0.837,-0.732,-0.883
94.201884,172.060,-11.193,36.237,0.0267,-0.0446,0.1366,-0.846,-0.877,-0.795
94.218551,172.059,-11.186,36.243,-0.0078,-0.0610,0.2102,-0.230,-0.603,-0.299
94.235218,172.060,-11.182,36.245,0.0125,-0.0570,0.2269,-0.143,-0.438,-0.080
94.251885,172.053,-11.179,36.245,0.0027,-0.0292,0.1987,-0.667,-0.363,0.018
94.268552,172.037,-11.177,36.247,0.0220,0.0018,0.1223,-1.168,-0.331,-0.039
94.285219,172.022,-11.176,36.247,0.0262,0.0032,0.1013,-1.138,-0.317,0.031
94.301886,172.035,-11.171,36.243,-0.0175,-0.0108,0.1514,0.530,-0.546,0.253
94.318553,172.055,-11.169,36.234,-0.0523,-0.0329,0.1764,0.886,-0.404,0.542
94.335220,172.060,-11.168,36.225,-0.0381,0.0177,0.2071,-0.046,-0.306,0.623
94.351887,172.048,-11.172,36.220,-0.0376,0.0190,0.2006,-1.022,-0.074,0.391
94.368554,172.035,-11.179,36.218,-0.0285,0.0353,0.2378,-1.000,0.216,0.273
94.385221,172.026,-11.193,36.217,-0.0048,0.0104,0.2304,-0.771,0.615,0.200
94.401888,172.013,-11.212,36.222,0.0051,-0.0294,0.1891,-0.987,0.929,-0.073
94.418555,171.989,-11.231,36.217,0.0271,-0.0785,0.1971,-1.725,0.897,0.556
94.435222,171.999,-11.248,36.209,0.0116,-0.0327,0.0780,0.322,0.678,0.663
94.451889,172.008,-11.263,36.191,-0.0067,-0.0189,0.0605,0.071,0.580,1.239
94.468556,172.020,-11.275,36.180,-0.0108,0.1124,0.0985,0.386,0.404,0.816
94.485223,172.039,-11.285,36.170,0.0095,0.0300,0.1110,0.796,0.273,0.679
94.501890,172.030,-11.287,36.167,0.0162,0.0142,0.0747,-0.786,-0.105,0.271
94.518557,172.020,-11.284,36.171,-0.0052,0.0709,0.1353,-0.831,-0.384,-0.177
94.535224,172.022,-11.281,36.170,-0.0218,0.0216,0.1444,-0.099,-0.381,0.124
94.551891,172.023,-11.281,36.167,-0.0008,-0.0415,0.1543,-0.165,-0.273,0.204
94.568558,172.017,-11.276,36.165,-0.0079,-0.0146,0.1387,-0.641,-0.531,0.148
94.585225,172.013,-11.270,36.163,-0.0325,0.0337,0.1699,-0.494,-0.567,0.121
94.601892,172.012,-11.268,36.164,-0.0440,0.0229,0.1487,-0.245,-0.335,0.034
94.618559,172.010,-11.268,36.167,-0.0114,0.0035,0.1693,-0.322,-0.215,-0.131
94.635226,172.000,-11.265,36.171,-0.0063,-0.0120,0.1533,-0.803,-0.334,-0.175
94.651893,171.990,-11.264,36.176,0.0028,0.0266,0.1412,-0.746,-0.248,-0.229
94.668560,171.981,-11.261,36.179,0.0100,-0.0093,0.1390,-0.728,-0.344,-0.172
94.685227,171.975,-11.258,36.182,-0.0032,-0.0063,0.0993,-0.582,-0.379,-0.095
94.701894,171.972,-11.253,36.181,-0.0130,-0.0004,0.1248,-0.386,-0.553,0.049
94.718561,171.968,-11.248,36.178,-0.0231,0.0005,0.1679,-0.501,-0.494,0.219
94.735228,171.968,-11.246,36.174,0.0092,-0.0238,0.1652,-0.270,-0.420,0.325
94.751895,171.964,-11.243,36.170,0.0356,-0.0246,0.1475,-0.556,-0.384,0.273
94.768562,171.964,-11.240,36.165,0.0055,0.0032,0.1567,-0.237,-0.478,0.318
94.785229,171.975,-11.238,36.158,-0.0187,0.0579,0.1616,0.354,-0.363,0.453
94.801896,171.991,-11.238,36.152,-0.0456,0.0425,0.1494,0.629,-0.288,0.390
94.818563,171.997,-11.236,36.147,-0.0124,-0.0420,0.1466,0.070,-0.345,0.355
94.835230,171.992,-11.229,36.144,0.0213,-0.0173,0.0990,-0.524,-0.676,0.168
94.851897,171.986,-11.218,36.145,0.0204,0.0110,0.1060,-0.600,-0.887,-0.039
94.868564,171.977,-11.195,36.144,0.0150,-0.0096,0.0481,-0.759,-1.555,-0.090
94.885231,171.974,-11.172,36.146,-0.0054,0.0090,0.1307,-0.400,-1.588,-0.265
94.901898,171.989,-11.153,36.148,-0.0602,0.0749,0.2759,0.686,-1.292,-0.206
94.918565,171.979,-11.148,36.144,-0.0620,0.0074,0.2829,-0.838,-0.544,0.259
94.935232,171.959,-11.151,36.147,-0.0623,-0.0038,0.2392,-1.382,-0.071,-0.032
94.951899,171.940,-11.163,36.156,-0.0871,0.0726,0.2324,-1.294,0.595,-0.403
94.968566,171.930,-11.179,36.170,-0.0248,0.0467,0.1413,-0.680,0.827,-0.595
94.985233,171.918,-11.194,36.189,-0.0028,0.0416,0.1223,-0.708,0.838,-0.885
95.001900,171.905,-11.203,36.212,0.0189,0.0412,0.1039,-0.736,0.505,-1.184
95.018567,171.875,-11.206,36.228,0.0577,0.0103,0.1058,-1.858,0.107,-0.895
95.035234,171.854,-11.203,36.241,0.0260,-0.0190,0.0947,-1.324,-0.308,-0.684
95.051901,171.834,-11.197,36.243,0.0249,-0.0680,0.0862,-1.362,-0.517,-0.126
95.068568,171.811,-11.187,36.241,0.0277,-0.0674,0.0821,-1.658,-0.834,0.146
95.085235,171.797,-11.179,36.235,-0.0179,-0.0478,0.1760,-1.127,-0.744,0.309
95.101902,171.789,-11.172,36.228,0.0126,-0.0277,0.1829,-0.819,-0.686,0.453
95.118569,171.767,-11.166,36.227,0.0308,0.0094,0.1984,-1.525,-0.559,0.056
95.135236,171.744,-11.163,36.227,0.0233,0.0281,0.1662,-1.611,-0.439,0.028
95.151903,171.723,-11.158,36.230,0.0041,0.0168,0.1222,-1.444,-0.481,-0.169
95.168570,171.716,-11.151,36.232,-0.0479,0.0576,0.1059,-0.654,-0.604,-0.078
95.185237,171.716,-11.144,36.234,-0.0602,0.0643,0.1064,-0.196,-0.594,-0.110
95.201904,171.708,-11.137,36.236,-0.0183,-0.0043,0.1343,-0.695,-0.637,-0.124
95.218571,171.702,-11.133,36.242,-0.0314,0.0051,0.1576,-0.484,-0.421,-0.314
95.235238,171.692,-11.131,36.249,0.0145,-0.0557,0.1662,-0.737,-0.242,-0.364
95.251905,171.683,-11.130,36.259,0.0239,-0.0285,0.1891,-0.653,-0.215,-0.548
95.268572,171.678,-11.131,36.266,0.0087,-0.0295,0.1799,-0.469,-0.075,-0.338
95.285239,171.671,-11.136,36.272,0.0187,-0.0246,0.1913,-0.570,0.089,-0.209
95.301906,171.671,-11.138,36.269,-0.0149,-0.0210,0.1357,-0.226,-0.111,0.243
95.318573,171.675,-11.139,36.262,0.0176,-0.0265,0.1352,-0.083,-0.168,0.490
95.335240,171.677,-11.142,36.255,0.0106,0.0204,0.1398,-0.213,-0.153,0.494
95.351907,171.669,-11.142,36.250,0.0133,0.0180,0.1365,-0.735,-0.238,0.362
95.368574,171.658,-11.142,36.253,-0.0128,0.0591,0.1693,-0.889,-0.202,-0.107
95.385241,171.650,-11.143,36.254,-0.0146,0.0249,0.1437,-0.664,-0.158,0.050
95.401908,171.642,-11.143,36.253,0.0090,-0.0648,0.1134,-0.713,-0.208,0.076
95.418575,171.635,-11.142,36.252,0.0034,-0.0358,0.1451,-0.671,-0.259,0.137
95.435242,171.621,-11.142,36.247,0.0100,-0.0138,0.1380,-1.100,-0.255,0.334
95.451909,171.611,-11.141,36.239,0.0115,0.0007,0.1586,-0.945,-0.382,0.553
95.468576,171.606,-11.140,36.230,0.0017,0.0172,0.1586,-0.608,-0.350,0.589
95.485243,171.599,-11.137,36.222,-0.0175,0.0435,0.1353,-0.734,-0.471,0.463
95.501910,171.596,-11.136,36.217,-0.0395,0.0583,0.1793,-0.471,-0.308,0.364
95.518577,171.592,-11.140,36.213,-0.0141,0.0013,0.1673,-0.508,-0.018,0.357
95.535244,171.579,-11.143,36.214,-0.0027,-0.0202,0.1614,-0.985,0.020,0.004
95.551911,171.557,-11.147,36.216,-0.0026,-0.0337,0.1706,-1.566,0.007,0.015
95.568578,171.544,-11.152,36.214,-0.0190,-0.0311,0.1765,-1.012,0.082,0.204
95.585245,171.544,-11.158,36.207,-0.0018,-0.0220,0.1777,-0.291,0.070,0.548
95.601912,171.547,-11.167,36.196,0.0193,-0.0124,0.1431,-0.170,0.202,0.751
95.618579,171.551,-11.176,36.189,0.0256,-0.0030,0.1352,-0.081,0.304,0.577
95.635246,171.554,-11.186,36.183,0.0006,0.0294,0.1477,-0.131,0.305,0.533
95.651913,171.558,-11.194,36.179,-0.0094,0.0108,0.1133,-0.002,0.230,0.364
95.668580,171.564,-11.200,36.179,-0.0260,0.0079,0.1411,0.156,0.147,0.152
95.685247,171.568,-11.208,36.180,-0.0128,0.0215,0.1541,0.002,0.243,0.074
95.701914,171.571,-11.215,36.184,-0.0305,0.0090,0.1344,0.027,0.261,-0.130
95.718581,171.573,-11.221,36.190,0.0225,-0.0026,0.1426,-0.054,0.141,-0.234
95.735248,171.576,-11.225,36.197,0.0016,0.0148,0.1421,0.060,0.080,-0.315
95.751915,171.586,-11.229,36.201,0.0062,-0.0159,0.1456,0.413,0.074,-0.133
95.768582,171.596,-11.232,36.202,0.0283,-0.0217,0.1161,0.371,-0.022,0.032
95.785249,171.612,-11.234,36.199,0.0122,-0.0354,0.1032,0.681,-0.096,0.277
95.801916,171.628,-11.234,36.194,-0.0007,0.0059,0.1685,0.706,-0.257,0.353
95.818583,171.641,-11.236,36.192,-0.0030,0.0367,0.1634,0.494,-0.145,0.221
95.835250,171.646,-11.238,36.193,-0.0207,0.0233,0.1515,0.086,-0.078,0.025
95.851917,171.652,-11.239,36.195,-0.0128,-0.0048,0.1778,0.213,-0.119,-0.053
95.868584,171.651,-11.241,36.197,-0.0072,-0.0085,0.1418,-0.282,-0.138,-0.006
95.885251,171.653,-11.242,36.198,-0.0013,0.0003,0.1522,-0.084,-0.087,-0.009
95.901918,171.653,-11.249,36.198,-0.0141,-0.0031,0.1534,-0.237,0.184,0.154
95.918585,171.657,-11.256,36.198,0.0032,0.0175,0.1296,0.017,0.169,0.135
95.935252,171.659,-11.261,36.204,0.0105,0.0278,0.1277,-0.059,0.137,-0.228
95.951919,171.664,-11.265,36.208,0.0010,0.0216,0.1291,0.138,0.055,-0.144
95.968586,171.678,-11.268,36.207,0.0184,-0.0339,0.1638,0.591,-0.032,0.064
95.985253,171.693,-11.267,36.204,-0.0062,-0.0497,0.1753,0.671,-0.254,0.202
96.001920,171.710,-11.270,36.198,-0.0048,-0.0240,0.1488,0.742,-0.121,0.411
96.018587,171.723,-11.273,36.192,-0.0230,-0.0068,0.1603,0.509,-0.059,0.439
96.035254,171.741,-11.280,36.187,-0.0256,0.0199,0.1846,0.780,0.143,0.445
96.051921,171.757,-11.288,36.187,-0.0432,0.0308,0.1543,0.704,0.261,0.114
96.068588,171.758,-11.299,36.193,0.0259,0.0355,0.1610,-0.052,0.492,-0.186
96.085255,171.755,-11.310,36.204,-0.0027,0.0124,0.1364,-0.319,0.505,-0.455
96.101922,171.747,-11.317,36.213,0.0333,-0.0161,0.1128,-0.610,0.263,-0.393
96.118589,171.741,-11.320,36.217,0.0110,-0.0164,0.0818,-0.492,0.043,-0.129
96.135256,171.750,-11.319,36.215,-0.0247,-0.0195,0.1082,0.253,-0.331,0.123
96.151923,171.761,-11.318,36.208,-0.0131,-0.0174,0.1541,0.362,-0.321,0.494
96.168590,171.770,-11.318,36.196,-0.0055,-0.0112,0.1711,0.190,-0.323,0.758
96.185257,171.783,-11.320,36.185,-0.0173,-0.0050,0.1857,0.418,-0.189,0.695
96.201924,171.784,-11.327,36.179,0.0248,0.0254,0.2423,-0.197,0.148,0.497
96.218591,171.783,-11.331,36.179,-0.0067,0.0158,0.1357,-0.313,0.064,0.126
96.235258,171.775,-11.335,36.184,0.0049,0.0029,0.1011,-0.671,0.063,-0.188
96.251925,171.780,-11.339,36.187,-0.0335,0.0357,0.1358,0.147,0.042,-0.055
96.268592,171.787,-11.342,36.185,-0.0019,-0.0521,0.1377,0.147,-0.079,0.186
96.285259,171.796,-11.341,36.184,-0.0083,-0.0542,0.1439,0.294,-0.255,0.108
96.301926,171.802,-11.341,36.181,-0.0066,0.0169,0.1431,0.126,-0.250,0.245
96.318593,171.806,-11.344,36.178,0.0139,0.0082,0.1284,-0.030,-0.073,0.298
96.335260,171.804,-11.343,36.178,0.0150,0.0281,0.1158,-0.339,-0.302,0.025
96.351927,171.807,-11.340,36.177,0.0136,0.0169,0.1424,-0.062,-0.400,0.105
96.368594,171.816,-11.336,36.179,-0.0426,0.0265,0.1617,0.380,-0.442,-0.062
96.385261,171.826,-11.336,36.181,-0.0810,-0.0067,0.2274,0.354,-0.182,0.023
96.401928,171.811,-11.338,36.186,-0.0619,-0.0013,0.1239,-1.076,-0.056,-0.237
96.418595,171.752,-11.333,36.202,0.0491,0.0487,0.0441,-3.565,-0.392,-0.884
96.435262,171.705,-11.317,36.222,0.0140,0.1034,-0.0246,-2.828,-0.983,-1.257
96.451929,171.673,-11.288,36.236,0.0960,-0.0244,-0.0457,-1.977,-1.812,-1.015
96.468596,171.647,-11.251,36.248,0.1159,-0.0790,0.1089,-1.623,-2.282,-0.934
96.485263,171.624,-11.218,36.254,0.0355,-0.0740,0.2671,-1.512,-2.173,-0.548
96.501930,171.609,-11.199,36.253,-0.0433,-0.0550,0.3560,-1.151,-1.319,-0.064
96.518597,171.579,-11.193,36.238,-0.0585,-0.1105,0.3473,-2.191,-0.724,0.866
96.535264,171.548,-11.192,36.241,-0.1954,0.0680,0.2218,-2.084,-0.215,-0.050
96.551931,171.528,-11.203,36.233,-0.0958,0.0875,0.1570,-1.483,0.325,0.623
96.568598,171.548,-11.211,36.232,0.0186,0.0091,0.0618,0.970,0.268,0.183
96.585265,171.557,-11.209,36.234,0.1009,-0.0201,0.1322,0.321,-0.343,-0.033
96.601932,171.582,-11.212,36.230,0.0722,0.0140,0.1946,1.243,-0.056,0.290
96.618599,171.602,-11.216,36.224,0.0373,-0.0398,0.1438,0.889,-0.044,0.484
96.635266,171.604,-11.222,36.223,-0.0465,-0.0043,0.1528,-0.097,0.133,0.155
96.651933,171.601,-11.228,36.224,-0.0609,0.0374,0.1581,-0.416,0.155,0.086
96.668600,171.603,-11.233,36.226,-0.0482,0.0200,0.1545,-0.085,0.143,0.000
96.685267,171.612,-11.238,36.227,-0.0457,-0.0215,0.1797,0.364,0.049,0.042
96.701934,171.617,-11.242,36.224,-0.0060,-0.0356,0.1909,0.029,0.010,0.281
96.718601,171.625,-11.254,36.219,0.0120,-0.0119,0.2037,0.187,0.444,0.476
96.735268,171.636,-11.270,36.212,0.0436,-0.0304,0.1598,0.374,0.689,0.652
96.751935,171.641,-11.283,36.200,0.0552,-0.0468,0.0930,-0.092,0.478,0.884
96.768602,171.655,-11.294,36.189,0.0430,-0.0268,0.0922,0.511,0.329,0.811
96.785269,171.672,-11.299,36.171,0.0215,-0.0045,0.1021,0.564,-0.077,1.121
96.801936,171.690,-11.299,36.151,-0.0245,0.0293,0.1173,0.645,-0.406,1.155
96.818603,171.697,-11.297,36.135,-0.0160,0.0424,0.0931,0.016,-0.453,0.955
96.835270,171.703,-11.292,36.126,-0.0312,0.0459,0.1200,0.020,-0.573,0.551
96.851937,171.707,-11.291,36.121,-0.0572,0.0612,0.1967,-0.022,-0.328,0.390
96.868604,171.726,-11.296,36.121,-0.0530,0.0113,0.2099,0.885,0.102,0.124
96.885271,171.739,-11.307,36.127,-0.0220,-0.0469,0.2657,0.627,0.476,-0.206
96.901938,171.735,-11.322,36.139,0.0056,-0.0099,0.2204,-0.293,0.794,-0.500
96.918605,171.719,-11.338,36.151,0.0246,0.0195,0.1414,-1.077,0.815,-0.508
96.935272,171.708,-11.351,36.161,0.0220,0.0413,0.0768,-0.746,0.644,-0.400
96.951939,171.705,-11.358,36.168,-0.0025,0.0092,0.0342,-0.315,0.263,-0.291
96.968606,171.715,-11.353,36.171,-0.0193,0.0224,0.0537,0.392,-0.470,-0.127
96.985273,171.727,-11.345,36.168,-0.0186,-0.0238,0.0858,0.466,-0.750,0.128
97.001940,171.730,-11.330,36.165,-0.0029,-0.0394,0.1332,-0.066,-1.111,0.136
97.018607,171.723,-11.319,36.164,0.0311,-0.0286,0.1692,-0.663,-0.871,0.011
97.035274,171.718,-11.308,36.163,0.0256,-0.0128,0.1667,-0.488,-0.877,-0.076
97.051941,171.714,-11.301,36.166,0.0288,0.0373,0.2153,-0.464,-0.581,-0.209
97.068608,171.713,-11.299,36.164,-0.0319,0.0173,0.1856,-0.270,-0.337,0.105
97.085275,171.708,-11.296,36.166,-0.0287,-0.0137,0.1520,-0.517,-0.401,-0.064
97.101942,171.702,-11.293,36.171,-0.0688,0.0118,0.1816,-0.490,-0.301,-0.264
97.118609,171.704,-11.293,36.177,-0.0868,0.0074,0.1766,-0.077,-0.166,-0.264
97.135276,171.701,-11.295,36.179,0.0007,-0.0470,0.1686,-0.356,-0.078,-0.052
97.151943,171.698,-11.297,36.186,0.0283,-0.0306,0.1588,-0.301,-0.033,-0.286
97.168610,171.699,-11.299,36.191,0.0742,-0.0262,0.1536,-0.096,-0.053,-0.207
97.185277,171.700,-11.305,36.192,0.0772,-0.0115,0.1056,-0.194,0.110,-0.002
97.201944,171.704,-11.306,36.192,0.0269,0.0042,0.0853,0.042,-0.158,0.078
97.218611,171.701,-11.301,36.192,-0.0729,0.0480,0.0851,-0.433,-0.486,0.021
97.235278,171.703,-11.294,36.194,-0.1158,0.0497,0.1504,-0.061,-0.637,-0.093
97.251945,171.710,-11.290,36.193,-0.0693,-0.0108,0.1983,0.173,-0.420,0.124
97.268612,171.712,-11.290,36.193,0.0345,-0.0623,0.2434,-0.070,-0.254,0.070
97.285279,171.704,-11.290,36.192,0.0901,-0.0749,0.1823,-0.703,-0.172,0.113
97.301946,171.697,-11.296,36.191,0.0685,-0.0471,0.1133,-0.658,0.096,0.167
97.318613,171.699,-11.300,36.189,0.0220,0.0030,0.0823,-0.172,-0.008,0.253
97.335280,171.714,-11.296,36.184,-0.0165,0.0407,0.0853,0.631,-0.455,0.319
97.351947,171.723,-11.291,36.181,-0.0461,0.0363,0.1371,0.307,-0.569,0.189
97.368614,171.732,-11.285,36.177,-0.0302,-0.0167,0.2317,0.270,-0.554,0.209
97.385281,171.734,-11.288,36.177,-0.0220,-0.0138,0.2343,-0.100,-0.087,0.114
97.401948,171.735,-11.293,36.176,-0.0155,-0.0124,0.1889,-0.200,0.093,0.178
97.418615,171.732,-11.303,36.173,0.0153,-0.0057,0.1381,-0.409,0.340,0.302
97.435282,171.737,-11.313,36.169,0.0292,0.0162,0.1279,0.035,0.358,0.356
97.451949,171.757,-11.318,36.159,0.0163,-0.0073,0.1273,0.813,0.031,0.730
97.468616,171.782,-11.324,36.146,-0.0038,-0.0411,0.1453,1.182,0.051,0.796
97.485283,171.798,-11.326,36.136,-0.0456,-0.0079,0.1641,0.590,-0.200,0.683
97.501950,171.803,-11.331,36.130,-0.0778,-0.0056,0.2006,-0.013,0.041,0.477
97.518617,171.793,-11.338,36.131,-0.0400,-0.0076,0.1538,-0.770,0.200,0.033
97.535284,171.776,-11.343,36.142,0.0256,0.0070,0.0991,-1.131,0.182,-0.495
97.551951,171.759,-11.345,36.157,0.0104,0.0862,0.0857,-1.031,-0.003,-0.787
97.568618,171.755,-11.344,36.169,0.0071,0.0615,0.1028,-0.342,-0.151,-0.719
97.585285,171.756,-11.337,36.180,0.0271,-0.0243,0.1293,-0.041,-0.517,-0.595
97.601952,171.741,-11.328,36.188,0.0155,-0.0081,0.1417,-1.038,-0.695,-0.491
97.618619,171.724,-11.316,36.191,-0.0149,-0.0139,0.1347,-1.173,-0.879,-0.162
97.635286,171.703,-11.302,36.193,0.0213,-0.0401,0.1213,-1.485,-1.038,-0.154
97.651953,171.687,-11.290,36.194,0.0218,0.0013,0.1398,-1.136,-0.911,-0.115
97.668620,171.676,-11.279,36.192,0.0172,-0.0100,0.1905,-0.920,-0.893,0.115
97.685287,171.661,-11.272,36.190,0.0143,-0.0204,0.2030,-1.164,-0.680,0.093
97.701954,171.648,-11.264,36.187,-0.0390,0.0015,0.2085,-1.016,-0.682,0.196
97.718621,171.646,-11.266,36.186,-0.0435,-0.0092,0.1891,-0.349,-0.140,0.149
97.735288,171.646,-11.271,36.185,-0.0230,-0.0230,0.1992,-0.243,0.105,0.185
97.751955,171.646,-11.279,36.187,-0.0360,-0.0068,0.1891,-0.203,0.237,0.005
97.768622,171.648,-11.290,36.195,-0.0562,0.0192,0.1822,-0.033,0.521,-0.329
97.785289,171.641,-11.303,36.205,-0.0043,0.0141,0.1710,-0.491,0.640,-0.406
97.801956,171.630,-11.313,36.217,0.0537,-0.0002,0.1005,-0.762,0.507,-0.552
97.818623,171.622,-11.318,36.226,0.0468,-0.0145,0.0704,-0.620,0.178,-0.371
97.835290,171.617,-11.316,36.220,0.0550,-0.0701,0.0462,-0.571,-0.384,0.370
97.851957,171.622,-11.312,36.207,0.0554,-0.0615,0.0883,-0.052,-0.604,0.805
97.868624,171.636,-11.304,36.191,-0.0389,0.0281,0.1566,0.398,-0.790,0.902
97.885291,171.651,-11.303,36.178,-0.0323,0.0627,0.2087,0.539,-0.416,0.824
97.901958,171.642,-11.304,36.171,-0.0438,0.0349,0.2160,-0.818,-0.191,0.448
97.918625,171.613,-11.302,36.176,-0.0280,0.0508,0.1568,-1.930,-0.315,-0.223
97.935292,171.586,-11.296,36.182,-0.0091,0.0254,0.0985,-1.751,-0.480,-0.331
97.951959,171.574,-11.289,36.185,0.0077,-0.0469,0.1048,-0.948,-0.618,-0.170
97.968626,171.573,-11.284,36.182,0.0480,-0.0660,0.1608,-0.268,-0.554,0.202
97.985293,171.578,-11.282,36.175,0.0127,-0.0542,0.1826,-0.055,-0.371,0.452
98.001960,171.586,-11.282,36.167,-0.0349,-0.0283,0.1825,0.194,-0.306,0.519
98.018627,171.591,-11.281,36.163,-0.0518,-0.0020,0.1658,0.016,-0.293,0.311
98.035294,171.587,-11.282,36.164,0.0024,-0.0081,0.1242,-0.440,-0.143,-0.003
98.051961,171.583,-11.284,36.171,-0.0016,0.0583,0.1475,-0.360,-0.038,-0.334
98.068628,171.586,-11.289,36.178,-0.0068,0.0644,0.1550,0.034,0.157,-0.307
98.085295,171.586,-11.289,36.186,-0.0166,0.0479,0.1371,-0.146,-0.158,-0.346
98.101962,171.584,-11.289,36.194,-0.0474,0.0470,0.1952,-0.237,-0.105,-0.440
98.118629,171.575,-11.291,36.203,-0.0542,0.0339,0.1462,-0.658,-0.016,-0.445
98.135296,171.553,-11.291,36.212,-0.0090,-0.0149,0.1080,-1.434,-0.157,-0.485
98.151963,171.535,-11.287,36.225,-0.0027,0.0028,0.1097,-1.168,-0.322,-0.696
98.168630,171.524,-11.281,36.233,0.0418,-0.0406,0.0975,-0.790,-0.506,-0.457
98.185297,171.527,-11.276,36.232,0.0337,-0.0569,0.1358,-0.031,-0.559,0.108
98.201964,171.528,-11.269,36.222,0.0363,-0.0858,0.1680,-0.280,-0.691,0.578
98.218631,171.523,-11.262,36.212,-0.0222,-0.0007,0.2089,-0.624,-0.732,0.623
98.235298,171.516,-11.257,36.200,-0.0455,0.0342,0.1601,-0.780,-0.594,0.720
98.251965,171.510,-11.254,36.195,-0.0136,0.0532,0.1455,-0.649,-0.430,0.340
98.268632,171.502,-11.249,36.197,-0.0201,0.0190,0.1638,-0.666,-0.476,-0.094
98.285299,171.496,-11.253,36.199,0.0055,-0.0427,0.1833,-0.578,0.008,-0.035
98.301966,171.487,-11.258,36.199,0.0421,-0.1153,0.1909,-0.791,0.094,0.144
98.318633,171.472,-11.260,36.197,0.0518,-0.0666,0.1400,-1.121,-0.140,0.218
98.335300,171.472,-11.262,36.191,-0.0081,-0.0073,0.1139,-0.323,-0.114,0.399
98.351967,171.480,-11.262,36.183,-0.0001,0.0092,0.1248,0.220,-0.260,0.526
98.368634,171.487,-11.263,36.180,-0.0233,0.0328,0.1407,0.166,-0.197,0.265
98.385301,171.486,-11.263,36.179,-0.0318,0.0487,0.1684,-0.310,-0.222,0.086
98.401968,171.482,-11.265,36.184,-0.0597,0.0438,0.1958,-0.440,-0.074,-0.167
98.418635,171.475,-11.267,36.192,-0.0420,0.0194,0.1720,-0.546,0.007,-0.407
98.435302,171.463,-11.270,36.202,0.0078,-0.0112,0.1383,-0.820,0.045,-0.466
98.451969,171.455,-11.273,36.211,0.0297,0.0037,0.1356,-0.558,0.048,-0.453
98.468636,171.456,-11.274,36.217,-0.0186,-0.0213,0.1764,-0.097,-0.087,-0.258
98.485303,171.464,-11.280,36.219,-0.0380,-0.0434,0.2378,0.281,0.147,0.016
98.501970,171.472,-11.297,36.213,-0.0504,-0.0836,0.2570,0.185,0.723,0.523
98.518637,171.474,-11.325,36.205,-0.0242,-0.0762,0.3318,-0.217,1.391,0.807
98.535304,171.464,-11.369,36.202,-0.0216,0.0095,0.2511,-0.844,2.366,0.636
98.551971,171.420,-11.408,36.196,0.0684,-0.0444,0.1679,-2.938,2.072,0.703
98.568638,171.415,-11.467,36.202,-0.0214,0.0456,0.2065,-0.450,3.321,0.272
98.585305,171.354,-11.522,36.188,0.1451,-0.2185,0.1029,-4.031,2.929,1.443
98.601972,171.367,-11.572,36.152,0.1262,-0.1945,0.0583,0.140,2.437,2.589
98.618639,171.344,-11.601,36.108,0.2004,-0.1098,-0.1598,-2.171,1.088,3.009
98.635306,171.315,-11.606,36.060,0.1113,0.0123,-0.1928,-2.600,-0.359,3.097
98.651973,171.313,-11.579,36.014,0.0092,0.1216,-0.2317,-0.875,-2.237,2.504
98.668640,171.330,-11.511,35.981,-0.0932,0.1495,-0.2583,0.370,-4.520,1.381
98.685307,171.359,-11.420,35.962,-0.1435,0.2475,-0.0878,1.296,-5.812,0.579
98.701974,171.402,-11.332,35.944,-0.1778,0.2079,0.1316,2.162,-5.634,0.286
98.718641,171.450,-11.261,35.937,-0.1222,0.1111,0.4625,2.552,-4.446,-0.175
98.735308,171.483,-11.241,35.945,-0.0734,0.0238,0.9885,1.859,-1.368,-0.564
98.751975,171.465,-11.251,35.959,-0.0242,-0.1261,0.6273,-1.165,0.547,-0.677
98.768642,171.372,-11.277,35.988,-0.0602,-0.1056,0.1882,-5.443,1.545,-1.362
98.785309,171.349,-11.309,36.015,-0.0911,0.1606,-0.0167,-1.284,1.936,-1.191
98.801976,171.387,-11.324,36.022,0.0437,-0.0491,-0.1819,2.143,0.741,-0.251
98.818643,171.436,-11.321,36.040,0.0530,0.0113,-0.0554,2.908,-0.211,-0.967
98.835310,171.438,-11.298,36.046,0.1545,-0.0712,0.0560,0.004,-1.504,-0.531
98.851977,171.432,-11.277,36.050,0.0191,-0.0523,0.1078,-0.537,-1.466,-0.323
98.868644,171.454,-11.264,36.053,-0.0844,-0.0101,0.2996,1.109,-0.971,-0.236
98.885311,171.492,-11.263,36.047,-0.0557,-0.0037,0.3087,2.008,-0.297,0.413
98.901978,171.494,-11.267,36.044,-0.0065,-0.0644,0.2097,-0.125,-0.009,0.278
98.918645,171.480,-11.273,36.053,-0.0262,0.0926,0.2819,-1.008,0.227,-0.391
98.935312,171.482,-11.286,36.061,-0.0414,0.0598,0.1602,0.012,0.635,-0.251
98.951979,171.486,-11.296,36.070,0.0386,-0.0778,0.0650,0.106,0.429,-0.366
98.968646,171.493,-11.305,36.078,-0.0353,-0.0158,0.1153,0.295,0.418,-0.349
98.985313,171.511,-11.308,36.083,-0.0254,-0.0005,0.0955,0.928,0.021,-0.172
99.001980,171.525,-11.311,36.086,0.0461,-0.0313,0.1020,0.665,-0.019,-0.084
99.018647,171.530,-11.312,36.091,0.0539,-0.0369,0.1420,0.147,-0.094,-0.228
99.035314,171.527,-11.311,36.095,0.0487,-0.0439,0.1501,-0.370,-0.267,-0.183
99.051981,171.525,-11.306,36.096,0.0256,-0.0388,0.0968,-0.324,-0.517,-0.036
99.068648,171.522,-11.300,36.093,0.0208,-0.0117,0.1123,-0.425,-0.561,0.235
99.085315,171.524,-11.289,36.087,-0.0343,0.0529,0.1103,-0.197,-0.928,0.311
99.101982,171.535,-11.279,36.079,-0.0402,0.0672,0.1493,0.351,-0.859,0.425
99.118649,171.543,-11.272,36.079,-0.0461,0.0340,0.2061,0.283,-0.649,0.048
99.135316,171.545,-11.269,36.084,-0.0488,0.0085,0.2045,-0.034,-0.328,-0.274
99.151983,171.531,-11.271,36.094,-0.0095,-0.0178,0.1956,-0.989,-0.025,-0.489
99.168650,171.517,-11.273,36.104,0.0184,-0.0267,0.1604,-0.908,-0.013,-0.480
99.185317,171.517,-11.273,36.112,0.0387,-0.0520,0.1244,-0.127,-0.157,-0.427
99.201984,171.523,-11.271,36.117,0.0219,-0.0135,0.1224,0.200,-0.249,-0.232
99.218651,171.537,-11.271,36.114,-0.0031,0.0007,0.1167,0.590,-0.234,0.254
99.235318,171.551,-11.274,36.110,-0.0245,0.0041,0.1567,0.543,-0.066,0.326
99.251985,171.557,-11.277,36.108,-0.0400,-0.0044,0.1729,0.086,-0.070,0.217
99.268652,171.554,-11.279,36.112,-0.0161,-0.0166,0.1757,-0.331,-0.037,-0.131
99.285319,171.546,-11.280,36.118,0.0306,-0.0197,0.1472,-0.634,-0.111,-0.258
99.301986,171.548,-11.283,36.124,0.0204,-0.0150,0.1734,-0.029,0.001,-0.278
99.318653,171.551,-11.287,36.126,0.0063,0.0226,0.1433,-0.024,0.033,-0.017
99.335320,171.557,-11.288,36.128,-0.0176,0.0172,0.1198,0.187,-0.124,0.003
99.351987,171.561,-11.290,36.128,-0.0284,0.0102,0.1244,0.019,-0.106,0.078
99.368654,171.572,-11.291,36.132,-0.0286,0.0252,0.1440,0.437,-0.115,-0.158
99.385321,171.576,-11.294,36.136,-0.0143,-0.0314,0.2096,0.073,-0.015,-0.121
99.401988,171.577,-11.301,36.141,0.0017,-0.0480,0.2079,-0.055,0.255,-0.182
99.418655,171.570,-11.309,36.143,0.0200,-0.0622,0.1847,-0.631,0.278,0.048
99.435322,171.570,-11.319,36.144,0.0201,-0.0099,0.1599,-0.218,0.406,0.081
99.451989,171.571,-11.327,36.138,0.0192,-0.0135,0.1197,-0.235,0.230,0.490
99.468656,171.581,-11.332,36.135,-0.0238,0.0352,0.0980,0.332,0.042,0.277
99.485323,171.585,-11.336,36.131,-0.0108,0.0140,0.1077,-0.007,-0.038,0.320
99.501990,171.597,-11.339,36.130,-0.0189,-0.0142,0.1444,0.506,-0.037,0.177
99.518657,171.601,-11.339,36.132,-0.0140,-0.0024,0.1355,0.022,-0.154,-0.080
99.535324,171.602,-11.343,36.130,0.0313,-0.0398,0.1606,-0.184,-0.024,0.214
99.551991,171.603,-11.351,36.128,0.0238,-0.0310,0.1543,-0.205,0.252,0.269
99.568658,171.602,-11.357,36.120,0.0340,-0.0426,0.1465,-0.333,0.097,0.583
99.585325,171.614,-11.365,36.109,-0.0139,-0.0029,0.1438,0.326,0.149,0.765
99.601992,171.619,-11.373,36.100,0.0011,-0.0328,0.1477,0.015,0.194,0.667
99.618659,171.619,-11.377,36.095,-0.0140,-0.0004,0.1540,-0.284,-0.023,0.397
99.635326,171.622,-11.384,36.089,-0.0284,0.0266,0.2028,-0.143,0.151,0.467
99.651993,171.630,-11.394,36.084,-0.0330,0.0121,0.1867,0.208,0.317,0.481
99.668660,171.633,-11.407,36.083,-0.0248,0.0220,0.1872,-0.027,0.607,0.225
99.685327,171.637,-11.428,36.082,-0.0367,0.0280,0.1666,-0.038,1.025,0.320
99.701994,171.638,-11.449,36.082,-0.0399,0.0165,0.1289,-0.156,1.014,0.256
99.718661,171.640,-11.469,36.084,-0.0162,-0.0332,0.1344,-0.024,0.962,0.093
99.735328,171.640,-11.482,36.082,0.0411,-0.0458,0.0917,-0.248,0.577,0.324
99.751995,171.635,-11.490,36.073,0.0397,-0.0575,0.0952,-0.670,0.209,0.652
99.768662,171.642,-11.497,36.058,0.0297,-0.0343,0.0908,0.056,0.021,1.005
99.785329,171.648,-11.499,36.037,0.0166,0.0324,0.1118,-0.110,-0.244,1.220
99.801996,171.660,-11.501,36.017,-0.0032,0.0231,0.1707,0.251,-0.264,1.182
99.818663,171.664,-11.505,36.004,-0.0298,0.0129,0.1918,-0.107,-0.065,0.907
99.835330,171.675,-11.513,35.997,-0.0404,0.0260,0.1856,0.328,0.227,0.503
99.851997,171.674,-11.526,35.995,-0.0366,0.0414,0.2195,-0.270,0.525,0.242
99.868664,171.663,-11.540,35.995,0.0123,0.0175,0.1720,-0.857,0.636,0.170
99.885331,171.650,-11.555,36.000,0.0207,0.0126,0.1046,-0.986,0.720,-0.100
99.901998,171.649,-11.566,36.007,-0.0227,0.0410,0.0824,-0.192,0.504,-0.264
99.918665,171.655,-11.572,36.009,0.0146,0.0191,0.0736,0.212,0.180,-0.034
99.935332,171.658,-11.569,36.014,0.0030,-0.0397,0.0412,-0.017,-0.366,-0.212
99.951999,171.651,-11.555,36.013,-0.0029,-0.0500,0.0654,-0.623,-1.056,-0.130
99.968666,171.655,-11.532,36.015,0.0106,-0.0133,0.0877,0.072,-1.516,-0.281
99.985333,171.664,-11.505,36.018,0.0073,-0.0038,0.0949,0.369,-1.776,-0.361
100.002000,171.680,-11.481,36.022,0.0078,-0.0060,0.1401,0.774,-1.626,-0.396
100.018667,171.690,-11.461,36.028,0.0148,0.0123,0.1937,0.468,-1.367,-0.483
100.035334,171.692,-11.442,36.035,-0.0033,0.0082,0.2149,-0.068,-1.282,-0.483
100.052001,171.687,-11.426,36.042,-0.0226,0.0146,0.1862,-0.421,-1.055,-0.497
100.068668,171.675,-11.410,36.049,-0.0386,0.0033,0.1517,-0.848,-1.146,-0.465
100.085335,171.666,-11.392,36.057,-0.0122,-0.0237,0.1512,-0.683,-1.173,-0.545
100.102002,171.663,-11.374,36.066,-0.0359,0.0126,0.1562,-0.262,-1.195,-0.646
100.118669,171.649,-11.364,36.068,0.0277,-0.0647,0.1692,-1.030,-0.834,-0.127
100.135336,171.641,-11.356,36.071,-0.0083,-0.0232,0.1711,-0.655,-0.664,-0.181
100.152003,171.632,-11.348,36.068,0.0053,-0.0616,0.1736,-0.801,-0.690,0.210
100.168670,171.632,-11.344,36.063,-0.0095,-0.0112,0.2116,-0.308,-0.488,0.277
100.185337,171.626,-11.343,36.056,0.0062,-0.0305,0.1995,-0.628,-0.337,0.500
100.202004,171.620,-11.342,36.049,-0.0148,-0.0011,0.1639,-0.676,-0.359,0.474
100.218671,171.611,-11.344,36.046,-0.0162,0.0415,0.1602,-0.843,-0.119,0.264
100.235338,171.605,-11.350,36.042,-0.0112,0.0319,0.1488,-0.618,0.116,0.317
100.252005,171.608,-11.361,36.044,-0.0265,0.0107,0.1778,0.033,0.464,0.034
100.268672,171.601,-11.373,36.047,-0.0206,-0.0101,0.1902,-0.602,0.583,-0.012
100.285339,171.601,-11.390,36.050,0.0017,-0.0174,0.1605,-0.211,0.793,-0.024
100.302006,171.603,-11.405,36.053,0.0251,-0.0361,0.1570,-0.034,0.717,0.062
100.318673,171.599,-11.419,36.050,0.0161,-0.0425,0.1446,-0.493,0.603,0.368
100.335340,171.604,-11.432,36.042,0.0103,-0.0398,0.1697,-0.029,0.496,0.653
100.352007,171.605,-11.442,36.029,0.0082,-0.0002,0.1141,-0.295,0.267,0.806
100.368674,171.612,-11.454,36.019,-0.0129,0.0218,0.1206,0.071,0.430,0.704
100.385341,171.623,-11.469,36.012,-0.0300,0.0115,0.1512,0.369,0.625,0.617
100.402008,171.631,-11.484,36.006,-0.0222,0.0069,0.1724,0.159,0.626,0.583
100.418675,171.644,-11.501,36.000,-0.0275,-0.0165,0.1922,0.498,0.731,0.521
100.435342,171.649,-11.520,35.996,0.0018,-0.0390,0.1902,0.070,0.869,0.479
100.452009,171.653,-11.544,35.992,0.0055,-0.0271,0.1813,-0.064,1.201,0.467
100.468676,171.649,-11.568,35.984,0.0358,-0.0390,0.1599,-0.527,1.137,0.767
100.485343,171.644,-11.597,35.969,0.0536,-0.0352,0.1237,-0.674,1.398,1.107
100.502010,171.645,-11.620,35.963,-0.0159,0.0299,0.1071,-0.247,1.086,0.672
100.518677,171.646,-11.640,35.953,-0.0356,0.0415,0.1107,-0.283,0.926,0.783
100.535344,171.650,-11.653,35.946,-0.0458,0.0279,0.0811,-0.044,0.500,0.528
100.552011,171.644,-11.658,35.947,-0.0314,0.0278,0.0962,-0.571,0.050,0.122
100.568678,171.654,-11.666,35.953,-0.0402,0.0784,0.1308,0.384,0.304,-0.134
100.585345,171.663,-11.673,35.958,-0.0247,0.0174,0.1515,0.409,0.268,-0.130
100.602012,171.661,-11.679,35.962,0.0354,-0.0530,0.1601,-0.316,0.181,-0.088
100.618679,171.649,-11.684,35.961,0.0478,-0.0575,0.1760,-0.958,0.074,0.152
100.635346,171.632,-11.690,35.956,0.0755,-0.0671,0.1536,-1.291,0.084,0.472
100.652013,171.625,-11.699,35.945,0.0333,-0.0750,0.1357,-0.766,0.250,0.856
100.668680,171.617,-11.709,35.929,0.0253,-0.0468,0.1433,-0.898,0.248,1.074
100.685347,171.614,-11.718,35.909,0.0123,-0.0341,0.1279,-0.645,0.106,1.371
100.702014,171.616,-11.723,35.890,0.0074,0.0011,0.1447,-0.380,-0.098,1.229
100.718681,171.616,-11.726,35.873,-0.0367,0.0733,0.2051,-0.444,-0.148,1.151
100.735348,171.626,-11.741,35.858,-0.1098,0.0728,0.2002,0.210,0.514,1.053
100.752015,171.630,-11.756,35.850,-0.0547,-0.0216,0.1674,-0.068,0.654,0.671
100.768682,171.621,-11.774,35.849,0.0027,-0.0147,0.1488,-0.749,0.812,0.286
100.785349,171.609,-11.793,35.850,0.0188,0.0047,0.1282,-0.900,0.964,0.133
100.802016,171.604,-11.811,35.849,0.0478,-0.0417,0.1578,-0.563,0.850,0.319
100.818683,171.614,-11.828,35.845,-0.0150,-0.0129,0.1690,0.331,0.741,0.491
100.835350,171.628,-11.847,35.837,0.0009,-0.0237,0.1044,0.525,0.831,0.728
100.852017,171.634,-11.860,35.827,0.0315,-0.0345,0.0876,-0.001,0.502,0.770
100.868684,171.628,-11.866,35.827,0.0260,-0.0099,0.0591,-0.609,0.090,0.247
100.885351,171.620,-11.862,35.830,0.0282,0.0157,0.0829,-0.701,-0.386,-0.093
100.902018,171.612,-11.856,35.816,-0.0406,0.0980,0.0551,-0.872,-0.710,0.846
100.918685,171.628,-11.838,35.808,0.0191,-0.0423,0.0696,0.666,-1.355,0.479
100.935352,171.628,-11.806,35.798,-0.0141,0.0308,0.0872,-0.377,-2.215,0.361
100.952019,171.642,-11.781,35.787,-0.0789,0.0831,0.1868,0.521,-1.790,0.478
100.968686,171.664,-11.764,35.784,-0.0523,-0.0239,0.2194,1.046,-1.248,0.111
100.985353,171.660,-11.750,35.793,-0.0134,0.0069,0.2270,-0.340,-0.969,-0.555
101.002020,171.652,-11.749,35.808,0.0141,0.0464,0.2143,-0.559,-0.152,-0.814
101.018687,171.649,-11.747,35.822,0.0012,0.0182,0.1581,-0.199,-0.202,-0.798
101.035354,171.650,-11.744,35.838,0.0219,0.0003,0.1232,0.044,-0.220,-0.921
101.052021,171.653,-11.740,35.853,-0.0385,0.0229,0.1453,0.111,-0.337,-0.791
101.068688,171.651,-11.733,35.860,-0.0169,-0.0113,0.1278,-0.211,-0.564,-0.442
101.085355,171.646,-11.723,35.865,-0.0268,-0.0454,0.0913,-0.498,-0.790,-0.317
101.102022,171.647,-11.707,35.872,-0.0284,-0.0158,0.0847,-0.072,-1.055,-0.460
101.118689,171.613,-11.688,35.875,0.0362,-0.0291,0.1563,-2.166,-1.339,-0.296
101.135356,171.601,-11.673,35.879,0.0363,-0.0008,0.1732,-0.929,-1.073,-0.299
101.152023,171.602,-11.658,35.887,0.0175,0.0075,0.1734,-0.025,-1.040,-0.548
101.168690,171.602,-11.647,35.890,0.0097,-0.0127,0.1993,-0.200,-0.802,-0.177
101.185357,171.604,-11.643,35.894,-0.0121,-0.0433,0.2088,-0.056,-0.465,-0.143
101.202024,171.588,-11.641,35.894,-0.0459,-0.0453,0.1822,-1.185,-0.328,0.029
101.218691,171.583,-11.642,35.893,-0.0447,-0.0277,0.1638,-0.529,-0.132,0.002
101.235358,171.578,-11.645,35.894,0.0070,-0.0240,0.1482,-0.526,0.011,0.061
101.252025,171.561,-11.641,35.897,0.0504,0.0171,0.0930,-1.146,-0.445,-0.187
101.268692,171.547,-11.642,35.902,0.0363,0.0202,0.1096,-0.987,-0.056,-0.269
101.285359,171.549,-11.638,35.906,0.0196,0.0084,0.0543,-0.090,-0.447,-0.184
101.302026,171.561,-11.628,35.907,-0.0120,-0.0131,0.0745,0.520,-0.767,-0.081
101.318693,171.569,-11.613,35.906,-0.0004,-0.0394,0.1067,0.256,-1.133,-0.053
101.335360,171.567,-11.594,35.905,-0.0136,-0.0433,0.1630,-0.321,-1.379,-0.008
101.352027,171.569,-11.577,35.904,-0.0062,-0.0062,0.2128,-0.134,-1.189,0.007
101.368694,171.574,-11.569,35.901,0.0180,0.0002,0.2258,0.060,-0.742,0.164
101.385361,171.578,-11.567,35.902,-0.0153,0.0133,0.1834,-0.015,-0.315,0.002
101.402028,171.579,-11.571,35.902,0.0169,0.0102,0.2091,-0.110,0.031,0.090
101.418695,171.582,-11.580,35.904,-0.0264,0.0272,0.1904,-0.045,0.364,-0.068
101.435362,171.579,-11.591,35.908,-0.0495,-0.0203,0.1856,-0.331,0.451,-0.086
101.452029,171.577,-11.600,35.914,-0.0403,-0.0194,0.1614,-0.262,0.384,-0.190
101.468696,171.576,-11.611,35.929,-0.0245,0.0131,0.1585,-0.149,0.540,-0.368
101.485363,171.584,-11.628,35.939,-0.0191,0.0275,0.1723,0.392,0.857,-0.375
101.502030,171.593,-11.648,35.952,-0.0029,0.0393,0.2281,0.466,1.100,-0.563
101.518697,171.592,-11.675,35.971,-0.0304,0.0141,0.2511,-0.022,1.571,-0.790
101.535364,171.584,-11.709,35.996,-0.0657,0.0160,0.2611,-0.415,2.024,-1.082
101.552031,171.572,-11.752,36.023,-0.0394,0.0152,0.2430,-0.637,2.579,-1.112
101.568698,171.561,-11.803,36.050,-0.0037,-0.0279,0.1999,-0.542,3.046,-0.979
101.585365,171.543,-11.853,36.075,0.0129,-0.0304,0.1301,-1.004,2.950,-0.922
101.602032,171.525,-11.898,36.090,0.0453,-0.0685,0.0961,-1.109,2.584,-0.395
101.618699,171.507,-11.938,36.095,0.0816,-0.0891,0.0164,-1.280,2.220,0.168
101.635366,171.492,-11.961,36.093,0.0769,-0.0737,-0.0436,-1.081,1.146,0.362
101.652033,171.482,-11.971,36.085,0.0572,-0.0260,-0.0346,-0.952,0.307,0.610
101.668700,171.486,-11.966,36.073,0.0061,0.0143,0.0027,-0.141,-0.609,0.732
101.685367,171.503,-11.949,36.056,-0.0067,0.0113,0.0190,0.593,-1.360,0.908
101.702034,171.525,-11.924,36.044,-0.0301,0.0456,0.1050,0.934,-1.799,0.566
101.718701,171.540,-11.901,36.037,-0.0149,0.0557,0.1442,0.601,-1.686,0.272
101.735368,171.549,-11.876,36.041,-0.0367,0.0749,0.1737,0.408,-1.630,-0.404
101.752035,171.556,-11.856,36.053,-0.0224,0.0283,0.2117,0.339,-1.292,-0.789
101.768702,171.555,-11.837,36.066,-0.0072,-0.0056,0.1845,-0.111,-1.237,-0.846
101.785369,171.552,-11.819,36.079,0.0153,-0.0291,0.1632,-0.258,-1.150,-0.843
101.802036,171.555,-11.804,36.088,0.0278,-0.0301,0.1610,0.053,-1.041,-0.571
101.818703,171.572,-11.792,36.087,-0.0063,-0.0420,0.1387,0.821,-0.903,0.018
101.835370,171.587,-11.783,36.085,0.0033,-0.0426,0.1151,0.626,-0.817,0.128
101.852037,171.586,-11.765,36.083,-0.0020,-0.0040,0.1380,-0.281,-1.244,0.014
101.868704,171.587,-11.745,36.083,-0.0224,0.0069,0.1297,-0.180,-1.438,-0.118
101.885371,171.586,-11.718,36.085,-0.0311,0.0308,0.1043,-0.256,-1.819,-0.255
101.902038,171.596,-11.690,36.088,0.0141,0.0278,0.1609,0.392,-1.835,-0.300
101.918705,171.607,-11.664,36.092,-0.0019,0.0285,0.1713,0.485,-1.717,-0.387
101.935372,171.606,-11.641,36.098,-0.0211,-0.0304,0.1813,-0.177,-1.495,-0.460
101.952039,171.603,-11.621,36.105,-0.0261,-0.0219,0.1698,-0.349,-1.342,-0.501
101.968706,171.599,-11.605,36.118,-0.0107,0.0058,0.1474,-0.295,-1.093,-0.768
101.985373,171.599,-11.588,36.133,-0.0057,0.0138,0.1472,-0.051,-1.088,-0.813
102.002040,171.608,-11.570,36.146,0.0330,-0.0275,0.1336,0.457,-1.200,-0.684
102.018707,171.610,-11.550,36.156,0.0226,-0.0403,0.1484,0.006,-1.343,-0.607
102.035374,171.613,-11.530,36.159,0.0234,-0.0467,0.1526,-0.038,-1.351,-0.264
102.052041,171.615,-11.513,36.154,0.0124,-0.0328,0.1213,-0.161,-1.290,0.198
102.068708,171.615,-11.494,36.148,0.0169,-0.0443,0.1455,-0.272,-1.387,0.253
102.085375,171.623,-11.473,36.143,-0.0323,-0.0018,0.1693,0.160,-1.504,0.245
102.102042,171.643,-11.460,36.137,-0.0564,0.0055,0.2351,0.934,-1.018,0.275
102.118709,171.645,-11.452,36.136,0.0043,0.0207,0.2352,-0.131,-0.739,0.090
102.135376,171.645,-11.455,36.141,-0.0229,0.0645,0.2794,-0.134,0.012,-0.189
102.152043,171.651,-11.467,36.153,-0.0820,0.0551,0.2454,0.260,0.644,-0.559
102.168710,171.645,-11.481,36.170,-0.0452,-0.0080,0.1603,-0.380,0.724,-0.755
102.185377,171.637,-11.495,36.186,-0.0059,-0.0223,0.1379,-0.484,0.778,-0.744
102.202044,171.631,-11.505,36.199,0.0134,-0.0068,0.1146,-0.458,0.469,-0.478
102.218711,171.638,-11.511,36.205,-0.0008,0.0252,0.1157,0.294,0.227,-0.244
102.235378,171.645,-11.517,36.207,0.0425,-0.0415,0.1111,0.222,0.167,-0.026
102.252045,171.647,-11.523,36.208,0.0520,-0.0706,0.1010,-0.072,0.144,0.051
102.268712,171.653,-11.526,36.206,0.0375,-0.0819,0.1670,0.077,-0.067,0.214
102.285379,171.662,-11.527,36.191,0.0418,-0.1051,0.1477,0.187,-0.251,0.962
102.302046,171.668,-11.531,36.172,0.0339,-0.0704,0.1526,-0.095,-0.161,1.261
102.318713,171.674,-11.533,36.151,-0.0198,0.0061,0.1499,-0.166,-0.305,1.345
102.335380,171.678,-11.534,36.133,-0.0597,0.0584,0.1341,-0.170,-0.261,1.136
102.352047,171.683,-11.539,36.126,-0.0569,0.0962,0.1740,-0.027,0.025,0.580
102.368714,171.696,-11.541,36.126,-0.0358,0.0556,0.1095,0.553,-0.139,0.107
102.385381,171.693,-11.542,36.136,-0.0053,0.0473,0.1640,-0.264,-0.018,-0.519
102.402048,171.686,-11.548,36.146,0.0120,0.0167,0.1692,-0.486,0.233,-0.484
102.418715,171.679,-11.552,36.156,-0.0013,-0.0245,0.1009,-0.534,0.080,-0.468
102.435382,171.667,-11.550,36.163,0.0621,-0.0284,0.1104,-0.871,-0.272,-0.384
102.452049,171.663,-11.546,36.167,0.0540,-0.0438,0.0926,-0.470,-0.442,-0.012
102.468716,171.674,-11.535,36.163,0.0019,-0.0672,0.0644,0.401,-0.911,0.228
102.485383,171.687,-11.522,36.154,-0.0028,-0.0504,0.1456,0.443,-1.053,0.484
102.502050,171.697,-11.510,36.142,-0.0275,-0.0067,0.1692,0.274,-1.031,0.659
102.518717,171.697,-11.496,36.134,-0.0106,0.0249,0.1779,-0.322,-1.065,0.418
102.535384,171.696,-11.490,36.134,-0.0451,0.0738,0.2133,-0.262,-0.618,0.027
102.552051,171.697,-11.493,36.137,-0.0598,0.0949,0.2578,-0.106,0.063,-0.243
102.568718,171.691,-11.502,36.149,-0.0274,0.0542,0.2182,-0.443,0.438,-0.568
102.585385,171.689,-11.515,36.167,-0.0325,0.0170,0.1639,-0.112,0.699,-0.926
102.602052,171.667,-11.526,36.185,0.0265,-0.0433,0.1273,-1.328,0.574,-0.890
102.618719,171.643,-11.533,36.199,0.0621,-0.0812,0.0717,-1.464,0.367,-0.681
102.635386,171.625,-11.534,36.212,0.0309,-0.0519,0.0503,-1.192,-0.053,-0.627
102.652053,171.617,-11.531,36.212,0.0240,-0.0289,0.0959,-0.655,-0.397,0.045
102.668720,171.614,-11.524,36.211,-0.0229,0.0562,0.1144,-0.447,-0.654,0.064
102.685387,171.611,-11.511,36.211,-0.0273,0.0162,0.1754,-0.403,-0.939,-0.093
102.702054,171.628,-11.502,36.211,-0.0314,0.0392,0.2106,0.841,-0.782,-0.011
102.718721,171.641,-11.493,36.208,0.0092,-0.0731,0.1550,0.499,-0.761,0.135
102.735388,171.642,-11.490,36.205,0.0133,-0.1049,0.2478,-0.193,-0.379,0.195
102.752055,171.653,-11.494,36.197,-0.0238,-0.0172,0.2259,0.400,-0.089,0.524
102.768722,171.679,-11.505,36.183,-0.0149,-0.0085,0.1592,1.169,0.358,0.878
102.785389,171.695,-11.520,36.173,0.0293,0.0187,0.1644,0.622,0.607,0.691
102.802056,171.705,-11.530,36.170,-0.0047,0.0579,0.1542,0.348,0.368,0.346
102.818723,171.713,-11.540,36.170,-0.0105,0.0480,0.1431,0.269,0.420,0.087
102.835390,171.714,-11.553,36.171,0.0130,-0.0056,0.1382,-0.106,0.538,0.117
102.852057,171.710,-11.559,36.172,0.0295,-0.0500,0.1148,-0.490,0.127,0.082
102.868724,171.719,-11.561,36.167,0.0212,-0.0383,0.0971,0.287,-0.121,0.311
102.885391,171.741,-11.564,36.156,-0.0154,-0.0013,0.1619,0.998,-0.122,0.674
102.902058,171.762,-11.565,36.143,-0.0107,-0.0305,0.2092,0.861,-0.248,0.848
102.918725,171.770,-11.572,36.135,-0.0214,0.0063,0.2305,0.140,0.156,0.634
102.935392,171.764,-11.588,36.126,-0.0177,0.0028,0.2664,-0.624,0.668,0.673
102.952059,171.767,-11.619,36.123,-0.0836,0.0140,0.3439,-0.088,1.617,0.516
102.968726,171.755,-11.667,36.135,-0.0987,0.0795,0.3757,-0.862,2.707,-0.093
102.985393,171.684,-11.727,36.169,-0.0496,0.1644,0.3475,-4.036,3.608,-1.307
103.002060,171.589,-11.804,36.228,-0.0803,0.3054,0.2387,-5.252,4.844,-2.612
103.018727,171.498,-11.878,36.312,-0.1032,0.2577,0.0854,-4.673,4.854,-3.856
103.035394,171.417,-11.940,36.402,-0.1005,0.1720,-0.0608,-4.017,4.286,-4.553
103.052061,171.353,-11.977,36.489,-0.0562,0.0422,-0.2196,-2.918,2.712,-4.687
103.068728,171.300,-11.982,36.581,0.0451,-0.0115,-0.2046,-2.285,0.950,-5.206
103.085395,171.296,-11.957,36.656,0.0974,-0.0589,-0.2240,0.489,-1.064,-4.517
103.102062,171.292,-11.898,36.723,0.1224,-0.1941,-0.2195,0.325,-3.103,-4.325
103.118729,171.294,-11.814,36.769,0.1110,-0.1894,-0.0578,0.506,-4.791,-3.407
103.135396,171.316,-11.717,36.790,0.1539,-0.2254,-0.0228,1.337,-5.777,-1.999
103.152063,171.346,-11.614,36.783,0.2336,-0.2910,0.0441,1.493,-6.386,-0.456
103.168730,171.373,-11.512,36.757,0.1879,-0.2324,0.1959,1.128,-6.470,0.646
103.185397,171.417,-11.428,36.720,0.0745,-0.1509,0.3056,1.980,-5.562,1.449
103.202064,171.478,-11.371,36.686,-0.0332,-0.0542,0.5667,3.005,-3.855,1.553
103.218731,171.532,-11.353,36.671,-0.1721,0.0762,0.6811,2.849,-1.441,0.771
103.235398,171.527,-11.353,36.670,-0.2002,0.1295,0.4342,-0.547,-0.223,0.178
103.252065,171.496,-11.367,36.690,-0.2048,0.2114,0.1947,-1.829,0.837,-0.937
103.268732,171.486,-11.381,36.724,-0.1246,0.2236,0.0334,-0.391,0.905,-1.803
103.285399,171.505,-11.384,36.761,0.0168,0.0586,-0.0033,1.296,0.286,-2.029
103.302066,171.522,-11.373,36.788,0.1284,-0.0797,0.0340,1.152,-0.640,-1.510
103.318733,171.523,-11.355,36.805,0.1207,-0.1191,0.0889,0.007,-1.128,-1.111
103.335400,171.526,-11.335,36.811,0.0615,-0.1066,0.1459,0.073,-1.360,-0.444
103.352067,171.542,-11.319,36.805,0.0160,-0.1089,0.2058,0.624,-1.227,0.289
103.368734,171.550,-11.308,36.796,-0.0398,-0.0762,0.2210,0.172,-0.910,0.516
103.385401,171.559,-11.304,36.787,-0.0721,-0.0356,0.2959,0.230,-0.527,0.527
103.402068,171.565,-11.310,36.783,-0.0939,0.0258,0.2722,0.086,0.108,0.386
103.418735,171.560,-11.321,36.781,-0.0253,-0.0005,0.1958,-0.572,0.421,0.304
103.435402,171.540,-11.328,36.782,0.0137,0.0259,0.0874,-1.368,0.215,0.082
103.452069,171.527,-11.334,36.785,0.0581,0.0454,0.0439,-0.987,0.125,-0.037
103.468736,171.529,-11.331,36.785,0.0413,0.0302,0.0310,-0.082,-0.397,0.043
103.485403,171.538,-11.322,36.786,0.0440,-0.0264,0.0932,0.312,-0.686,-0.062
103.502070,171.540,-11.311,36.782,0.0078,-0.0310,0.2098,-0.120,-0.890,0.171
103.518737,171.547,-11.303,36.773,-0.0062,-0.0706,0.2054,0.060,-0.780,0.558
103.535404,171.551,-11.301,36.765,-0.0245,-0.0515,0.1713,-0.051,-0.409,0.482
103.552071,171.542,-11.304,36.757,-0.0057,-0.0465,0.1782,-0.838,-0.093,0.621
103.568738,171.546,-11.306,36.746,-0.0142,-0.0165,0.1499,-0.134,-0.174,0.730
103.585405,171.552,-11.309,36.731,0.0420,-0.0133,0.1439,-0.001,-0.163,0.928
103.602072,171.565,-11.313,36.722,0.0340,0.0181,0.1906,0.446,-0.053,0.632
103.618739,171.572,-11.321,36.712,0.0253,-0.0137,0.1629,0.064,0.171,0.726
103.635406,171.579,-11.330,36.701,0.0137,-0.0152,0.1508,0.068,0.226,0.805
103.652073,171.595,-11.340,36.692,-0.0398,0.0043,0.1489,0.645,0.292,0.709
103.668740,171.604,-11.349,36.686,-0.0592,0.0112,0.1223,0.248,0.262,0.471
103.685407,171.608,-11.354,36.681,-0.0465,0.0140,0.1219,-0.047,0.055,0.448
103.702074,171.598,-11.356,36.678,-0.0042,0.0202,0.1322,-0.867,-0.133,0.272
103.718741,171.589,-11.357,36.676,-0.0003,0.0220,0.1609,-0.797,-0.140,0.224
103.735408,171.584,-11.359,36.674,0.0213,0.0055,0.1565,-0.515,-0.116,0.183
103.752075,171.574,-11.364,36.676,0.0221,0.0148,0.1704,-0.775,0.082,0.020
103.768742,171.562,-11.372,36.679,-0.0110,-0.0224,0.1650,-0.904,0.321,-0.073
103.785409,171.547,-11.381,36.687,-0.0395,0.0107,0.1502,-1.075,0.334,-0.260
103.802076,171.528,-11.386,36.694,-0.0195,0.0178,0.1649,-1.243,0.156,-0.300
103.818743,171.525,-11.391,36.698,-0.0091,0.0208,0.1590,-0.346,0.163,-0.127
103.835410,171.518,-11.395,36.700,0.0147,-0.0384,0.1490,-0.632,0.043,-0.010
103.852077,171.523,-11.403,36.702,-0.0032,-0.0424,0.1401,0.093,0.277,0.037
103.868744,171.530,-11.414,36.698,0.0129,-0.0682,0.1721,0.170,0.407,0.414
103.885411,171.536,-11.425,36.691,0.0190,-0.0757,0.1336,0.092,0.389,0.534
103.902078,171.537,-11.430,36.688,0.0234,-0.0519,0.0724,-0.200,0.020,0.296
103.918745,171.538,-11.429,36.690,0.0101,0.0185,0.1090,-0.150,-0.227,-0.012
103.935412,171.538,-11.425,36.686,0.0269,0.0149,0.1244,-0.298,-0.516,0.253
103.952079,171.549,-11.422,36.687,-0.0116,0.0406,0.1283,0.488,-0.337,-0.034
103.968746,171.539,-11.415,36.690,-0.0440,0.0546,0.1445,-0.780,-0.604,-0.152
103.985413,171.538,-11.413,36.688,-0.0717,0.0313,0.1570,-0.285,-0.391,0.131
104.002080,171.546,-11.409,36.696,-0.0499,-0.0116,0.1626,0.331,-0.383,-0.374
104.018747,171.536,-11.405,36.700,0.0068,-0.0097,0.1957,-0.790,-0.353,-0.242
104.035414,171.530,-11.411,36.709,-0.0209,-0.0077,0.2412,-0.435,0.188,-0.390
104.052081,171.510,-11.417,36.717,0.0129,-0.0217,0.2243,-1.340,0.229,-0.328
104.068748,171.499,-11.430,36.725,0.0007,-0.0092,0.1604,-0.775,0.594,-0.309
104.085415,171.487,-11.442,36.726,0.0376,-0.0624,0.1413,-0.929,0.552,0.131
104.102082,171.486,-11.457,36.718,0.0384,-0.0872,0.0882,-0.406,0.565,0.683
104.118749,171.482,-11.461,36.703,0.0538,-0.0906,0.0416,-0.608,-0.072,1.008
104.135416,171.482,-11.460,36.685,0.0099,-0.0315,0.0588,-0.439,-0.402,1.076
104.152083,171.487,-11.450,36.668,-0.0288,0.0435,0.0978,-0.153,-0.972,0.964
104.168750,171.497,-11.443,36.655,-0.0366,0.0156,0.1595,0.279,-0.748,0.762
104.185417,171.510,-11.443,36.652,-0.0521,0.0647,0.2213,0.507,-0.222,0.285
104.202084,171.510,-11.444,36.654,-0.0257,0.0324,0.2308,-0.204,-0.130,-0.079
104.218751,171.503,-11.447,36.664,-0.0219,0.0266,0.1667,-0.533,0.009,-0.451
104.235418,171.486,-11.445,36.681,-0.0259,0.0351,0.1168,-1.011,-0.136,-0.964
104.252085,171.470,-11.443,36.700,-0.0155,0.0301,0.1024,-0.965,-0.214,-1.010
104.268752,171.459,-11.438,36.720,-0.0025,0.0196,0.0941,-0.613,-0.296,-1.167
104.285419,171.450,-11.428,36.739,-0.0046,0.0136,0.0775,-0.560,-0.624,-1.101
104.302086,171.442,-11.418,36.756,0.0103,-0.0074,0.1030,-0.497,-0.696,-1.059
104.318753,171.437,-11.403,36.773,0.0007,-0.0549,0.1318,-0.316,-0.926,-1.035
104.335420,171.432,-11.388,36.786,0.0237,-0.0675,0.1755,-0.368,-0.992,-0.820
104.352087,171.431,-11.374,36.793,0.0223,-0.0653,0.1866,-0.193,-0.952,-0.470
104.368754,171.427,-11.366,36.797,0.0129,-0.0474,0.1849,-0.439,-0.697,-0.190
104.385421,171.423,-11.358,36.799,-0.0209,0.0120,0.1771,-0.392,-0.658,-0.167
104.402088,171.425,-11.354,36.806,-0.0377,0.0592,0.1776,-0.048,-0.346,-0.332
104.418755,171.427,-11.355,36.810,0.0070,-0.0277,0.1359,-0.041,-0.159,-0.177
104.435422,171.417,-11.351,36.812,0.0400,-0.1074,0.1121,-0.799,-0.441,-0.040
104.452089,171.418,-11.343,36.811,0.0206,-0.0235,0.1357,-0.133,-0.662,0.023
104.468756,171.422,-11.332,36.806,0.0214,-0.0389,0.0905,-0.073,-0.884,0.259
104.485423,171.432,-11.325,36.805,-0.0096,0.0462,0.1473,0.390,-0.683,0.107
104.502090,171.439,-11.317,36.808,-0.0565,0.0543,0.1777,0.214,-0.644,-0.184
104.518757,171.434,-11.311,36.817,-0.0764,0.0529,0.1882,-0.421,-0.459,-0.495
104.535424,171.422,-11.309,36.824,-0.0356,-0.0647,0.2002,-0.860,-0.278,-0.354
104.552091,171.422,-11.310,36.839,-0.0895,0.0097,0.2074,0.014,-0.029,-0.825
104.568758,171.415,-11.317,36.846,0.0231,-0.0240,0.2008,-0.610,0.255,-0.264
104.585425,171.424,-11.328,36.852,0.0379,-0.0045,0.1617,0.403,0.479,-0.203
104.602092,171.415,-11.332,36.861,0.0447,-0.0370,0.0989,-0.643,0.106,-0.421
104.618759,171.397,-11.330,36.869,0.0063,-0.0340,0.0742,-1.202,-0.208,-0.401
104.635426,171.385,-11.325,36.871,-0.0039,-0.0501,0.0664,-0.928,-0.518,-0.067
104.652093,171.390,-11.314,36.861,0.0569,-0.1238,0.0947,-0.006,-0.962,0.575
104.668760,171.411,-11.301,36.848,0.0403,-0.0593,0.0946,0.883,-1.107,0.678
104.685427,171.432,-11.290,36.831,0.0471,-0.0149,0.1673,0.830,-0.975,0.997
104.702094,171.462,-11.287,36.815,-0.0401,0.0841,0.2008,1.406,-0.574,0.971
104.718761,171.488,-11.283,36.804,-0.0687,0.0673,0.2004,1.203,-0.531,0.641
104.735428,171.490,-11.278,36.805,-0.0658,0.0587,0.2003,-0.090,-0.469,-0.033
104.752095,171.480,-11.278,36.815,-0.0572,0.0402,0.2154,-0.686,-0.168,-0.467
104.768762,171.471,-11.274,36.827,-0.0343,-0.0328,0.1648,-0.611,-0.287,-0.698
104.785429,171.474,-11.275,36.837,-0.0103,-0.0749,0.1327,0.078,-0.113,-0.470
104.802096,171.481,-11.273,36.842,0.0090,-0.0753,0.1805,0.222,-0.247,-0.211
104.818763,171.490,-11.279,36.842,0.0387,-0.0502,0.1892,0.336,0.120,0.132
104.835430,171.494,-11.286,36.842,0.0524,-0.0334,0.1758,0.014,0.242,0.122
104.852097,171.490,-11.292,36.845,-0.0064,0.0019,0.1464,-0.404,0.138,-0.062
104.868764,171.499,-11.297,36.847,-0.0439,0.0158,0.1419,0.335,0.122,0.024
104.885431,171.514,-11.307,36.845,-0.0481,0.0116,0.1706,0.656,0.382,0.283
104.902098,171.528,-11.317,36.843,-0.0111,-0.0170,0.1769,0.580,0.363,0.259
104.918765,171.530,-11.327,36.847,-0.0406,0.0184,0.1928,-0.003,0.406,-0.090
104.935432,171.521,-11.344,36.853,-0.0431,0.0225,0.2140,-0.682,0.814,-0.115
104.952099,171.506,-11.363,36.860,-0.0174,-0.0248,0.1999,-1.031,0.996,-0.168
104.968766,171.491,-11.383,36.866,-0.0079,-0.0676,0.1547,-1.078,1.039,-0.088
104.985433,171.480,-11.403,36.866,0.0687,-0.0581,0.1022,-0.884,0.974,0.237
105.002100,171.491,-11.420,36.856,0.0789,-0.0622,0.0563,0.353,0.725,0.830
105.018767,171.503,-11.427,36.844,0.0578,-0.0229,0.0343,0.360,0.093,0.829
105.035434,171.507,-11.424,36.824,0.0424,-0.0186,0.0966,-0.222,-0.551,1.194
105.052101,171.518,-11.420,36.808,-0.0362,0.0086,0.1210,0.248,-0.596,0.950
105.068768,171.516,-11.417,36.797,-0.0365,-0.0157,0.1402,-0.491,-0.474,0.694
105.085435,171.521,-11.417,36.795,-0.0708,0.0650,0.1725,0.098,-0.263,0.176
105.102102,171.525,-11.416,36.801,-0.0570,0.0472,0.2006,0.092,-0.186,-0.289
105.118769,171.518,-11.413,36.817,-0.0283,0.0256,0.1616,-0.476,-0.279,-0.859
105.135436,171.512,-11.414,36.842,-0.0610,0.1065,0.2166,-0.299,0.089,-1.420
105.152103,171.509,-11.424,36.864,-0.0177,0.0423,0.2026,-0.126,0.596,-1.075
105.168770,171.496,-11.440,36.888,0.0176,0.0043,0.1402,-0.671,0.907,-1.222
105.185437,171.473,-11.446,36.923,-0.0004,0.0503,0.0976,-1.217,0.468,-1.887
105.202104,171.430,-11.448,36.963,-0.0354,0.0542,0.0216,-2.317,0.281,-2.253
105.218771,171.239,-11.400,37.043,-0.1510,0.2075,-0.4489,-10.693,-2.382,-5.025
105.235438,170.869,-11.288,37.163,-0.2724,0.4398,-0.4023,-21.006,-5.752,-7.934
105.252105,170.329,-11.213,37.339,0.1099,0.6626,0.4617,-30.573,-2.918,-10.853
105.268772,169.611,-11.204,37.564,0.4000,-0.2072,1.7732,-40.697,1.514,-13.079
105.285439,168.431,-11.325,37.826,0.1430,-0.3100,2.8638,-67.942,9.863,-13.662
105.302106,166.842,-11.581,38.101,0.1924,-0.4965,2.8670,-92.304,18.266,-12.415
105.318773,164.066,-11.964,38.337,1.3912,-1.8507,3.2358,-163.871,25.510,-7.576
105.335440,159.373,-12.355,38.461,2.0549,-3.3063,3.8366,-280.261,24.322,0.571
105.352107,152.508,-12.725,38.472,1.8864,-3.9506,3.5988,-411.952,20.321,8.566
105.368774,143.564,-13.063,38.351,1.4002,-3.8618,3.7606,-538.424,13.276,16.820
105.385441,133.320,-13.483,38.205,0.3268,-2.1260,3.4146,-616.826,12.898,23.312
105.402108,123.064,-14.064,38.189,-0.6442,0.1381,1.1184,-615.495,21.487,27.465
105.418775,113.350,-14.913,38.315,-0.1736,0.9373,-0.8444,-581.190,30.194,41.641
105.435442,104.385,-16.010,38.584,0.1069,0.1510,-0.5693,-533.835,35.514,57.486
105.452109,96.332,-17.259,38.985,-0.1628,0.8295,-1.1890,-476.530,35.562,69.819
105.468776,89.265,-18.699,39.532,-0.1901,1.5543,-2.2194,-413.972,35.439,84.860
105.485443,82.967,-20.229,40.272,-0.3811,1.3379,-1.9391,-363.231,35.334,94.550
105.502110,77.232,-21.731,41.104,-0.3827,0.4690,-1.8366,-326.406,30.215,96.898
105.518777,71.975,-23.157,42.032,-0.1255,0.1348,-1.9903,-294.331,26.689,96.295
105.535444,67.264,-24.478,43.041,-0.1871,0.2995,-1.8809,-258.380,24.082,93.680
105.552111,63.136,-25.684,44.114,-0.2308,0.3060,-1.5912,-220.576,22.354,90.230
105.568778,59.536,-26.772,45.222,-0.7766,0.5614,-1.1505,-186.806,20.813,85.951
105.585445,56.578,-27.690,46.323,-0.4785,0.9890,-2.0867,-147.389,20.480,77.882
105.602112,54.356,-28.469,47.473,0.0744,1.3080,-2.4126,-101.081,23.445,73.108
105.618779,52.518,-29.144,48.657,-0.6202,0.4123,-1.1521,-76.231,25.633,69.695
105.635446,50.812,-29.724,49.742,-0.8628,-0.1890,-0.5523,-70.569,22.661,62.541
105.652113,49.294,-30.189,50.684,-0.4971,-0.0515,-0.4844,-63.056,19.386,52.880
105.668780,47.772,-30.616,51.458,-1.5153,1.1720,-0.0887,-68.034,12.864,45.771
105.685447,45.605,-30.546,52.411,-1.5053,1.7873,-0.0283,-101.131,38.464,30.798
105.702114,44.129,-30.367,53.323,0.3432,1.2550,-2.1812,-61.037,40.677,25.957
105.718781,43.731,-30.223,54.193,0.1511,0.5569,-1.1803,2.205,37.277,26.532
105.735448,43.587,-30.182,54.915,-0.8470,0.2744,-0.0828,12.919,27.408,25.441
105.752115,43.699,-30.035,55.551,-0.1884,0.7964,-0.1849,25.659,28.951,17.905
105.768782,43.882,-29.913,56.078,-1.0584,-0.0967,0.2394,26.561,24.062,14.789
105.785449,44.075,-30.082,56.249,-1.3102,-2.3451,-1.0092,16.501,-1.355,13.529
105.802116,44.060,-30.433,56.237,0.8614,1.8965,1.6930,-1.520,-15.788,14.242
105.818783,44.050,-30.243,56.432,0.3584,0.0751,0.0198,5.106,14.994,-0.530
105.835450,44.418,-30.134,56.570,0.7389,0.2835,-0.2810,26.045,9.474,0.602
105.852117,45.120,-30.024,56.715,0.4886,0.3305,-0.0503,46.244,9.781,0.807
105.868784,45.880,-30.042,56.770,-0.3779,-0.0777,-0.8390,47.029,1.068,2.865
105.885451,46.055,-30.148,56.927,-0.9123,0.2776,1.0818,15.007,1.214,10.286
105.902118,45.638,-30.187,57.218,-0.8736,0.6720,1.1080,-16.452,9.002,12.299
105.918785,45.284,-30.223,57.438,-0.1901,0.5562,0.7659,-14.840,6.400,9.607
105.935452,45.103,-30.276,57.609,0.0618,0.5857,0.5641,-5.913,3.870,8.582
105.952119,44.664,-30.450,57.937,-0.3903,0.5500,0.5499,-16.635,4.351,19.453
105.968786,43.834,-30.630,58.545,-0.6662,0.7721,0.5395,-31.524,13.997,30.165
105.985453,43.148,-30.868,58.960,-0.0321,0.0349,0.0503,-28.639,4.157,25.413
106.002120,42.709,-31.091,59.120,-0.3113,-0.4533,-0.3254,-21.644,-4.411,15.226
106.018787,42.316,-31.301,59.226,-0.6913,-0.0216,0.7263,-20.498,-5.792,12.610
106.035454,42.145,-31.296,59.522,0.2434,0.7119,0.0505,-1.277,10.211,11.148
106.052121,42.088,-31.190,60.152,0.2302,0.5294,-0.1757,15.993,26.191,19.798
106.068788,42.416,-30.960,60.884,0.4166,0.1865,-0.4777,42.077,35.311,18.589
106.085455,43.261,-30.920,61.386,-0.1604,0.1148,-0.1551,65.938,19.123,17.422
106.102122,44.276,-30.939,61.782,-0.7056,-0.0160,0.6088,72.887,13.039,15.598
106.118789,45.256,-31.029,62.041,-0.5199,-0.0657,1.0407,66.553,5.362,13.358
106.135456,45.959,-31.206,62.216,-0.5641,0.0423,1.1611,47.365,-1.154,13.929
106.152123,46.349,-31.393,62.390,-0.3413,0.2589,0.5076,28.619,-1.545,14.371
106.168790,46.852,-31.681,62.426,0.2733,0.3390,-0.4445,31.086,-10.726,13.899
106.185457,47.489,-32.045,62.372,0.1953,0.1183,-0.1254,36.262,-17.093,14.252
106.202124,48.040,-32.443,62.262,0.2565,-0.4388,0.7516,29.320,-20.370,14.015
106.218791,48.252,-32.779,62.183,0.2342,-0.4937,0.8922,9.872,-16.614,12.393
106.235458,48.189,-33.023,62.150,0.3448,-0.1678,0.2822,-5.048,-11.188,9.909
106.252125,47.997,-33.188,62.119,0.6761,-0.0083,-0.2739,-12.779,-8.001,6.430
106.268792,47.712,-33.332,62.092,0.5070,-0.0449,0.0054,-18.231,-6.988,5.524
106.285459,47.242,-33.509,62.022,-0.1292,-0.1565,0.1975,-30.749,-9.966,5.586
106.302126,46.621,-33.721,61.919,-0.4224,0.2663,0.1809,-40.914,-12.630,5.828
106.318793,45.962,-33.950,61.836,-0.5498,0.4855,-0.0991,-42.576,-12.715,7.192
106.335460,45.511,-34.232,61.722,-0.2642,0.6714,-0.0886,-31.123,-16.057,8.207
106.352127,45.306,-34.529,61.619,-0.1510,0.8583,-0.3515,-15.991,-16.359,9.210
106.368794,45.333,-34.783,61.558,-0.1992,0.9238,-0.3803,-0.694,-13.014,8.813
106.385461,45.501,-34.947,61.582,-0.2761,0.7863,-0.5413,10.616,-6.257,7.893
106.402128,45.847,-35.063,61.632,0.0243,0.4717,-0.2575,22.273,-3.279,6.784
106.418795,46.259,-35.183,61.666,-0.0447,-0.0088,0.2303,25.632,-4.014,6.443
106.435462,46.632,-35.322,61.640,-0.1939,-0.2669,0.4931,21.223,-6.841,5.207
106.452129,46.872,-35.467,61.565,-0.2134,-0.2808,0.4383,11.560,-8.838,3.934
106.468796,46.999,-35.610,61.462,-0.0486,-0.1500,0.2733,3.840,-9.682,2.901
106.485463,47.075,-35.730,61.393,-0.0248,0.1743,0.1947,1.887,-7.599,3.048
106.502130,47.206,-35.828,61.375,-0.0390,0.4933,-0.1193,6.938,-4.814,3.779
106.518797,47.458,-35.916,61.386,-0.0494,0.5753,-0.0743,15.311,-3.410,4.362
106.535464,47.761,-36.022,61.420,-0.1422,0.4853,0.1460,19.119,-3.248,5.886
106.552131,48.049,-36.128,61.469,-0.3444,0.3725,0.2593,18.773,-2.640,6.386
106.568798,48.308,-36.242,61.493,-0.3732,0.2755,0.1235,16.147,-3.901,5.975
106.585465,48.556,-36.350,61.506,-0.2693,0.2560,-0.0113,15.130,-4.009,5.356
106.602132,48.868,-36.441,61.507,0.0321,0.2721,-0.2964,18.511,-3.737,4.196
106.618799,49.243,-36.515,61.499,0.0398,0.0315,-0.2324,21.907,-3.413,3.153
106.635466,49.614,-36.563,61.512,0.0051,-0.1264,0.0821,22.480,-1.567,2.698
106.652133,49.880,-36.591,61.567,-0.0559,-0.0726,-0.0179,17.718,0.741,3.070
106.668800,50.041,-36.610,61.676,-0.1343,-0.0106,0.0751,13.300,3.107,4.334
106.685467,50.097,-36.640,61.789,-0.1693,-0.0378,0.1542,7.142,2.855,4.936
106.702134,50.091,-36.676,61.875,-0.0766,0.0981,0.1203,2.510,1.603,4.402
106.718801,50.019,-36.695,61.918,-0.0809,0.1847,-0.0116,-3.047,0.651,2.298
106.735468,49.943,-36.715,61.910,-0.0730,0.2266,-0.1623,-5.072,-1.198,0.740
106.752135,49.896,-36.745,61.874,-0.0518,0.0628,0.0083,-4.362,-2.673,0.339
106.768802,49.898,-36.791,61.829,-0.0314,0.1162,-0.0218,-1.785,-3.632,0.783
106.785469,49.967,-36.839,61.818,0.0074,0.1924,-0.0340,3.499,-2.439,1.951
106.802136,50.090,-36.878,61.856,-0.0766,0.1713,0.0772,8.487,-0.303,3.047
106.818803,50.228,-36.916,61.911,-0.1225,0.0978,0.2068,10.032,0.391,3.522
106.835470,50.377,-36.966,61.949,-0.0583,0.1341,0.1948,10.077,-0.654,3.540
106.852137,50.505,-37.023,61.963,-0.0238,0.1319,0.0954,7.893,-1.865,3.127
106.868804,50.604,-37.089,61.937,0.0883,0.1359,0.1187,4.763,-3.631,2.353
106.885471,50.680,-37.154,61.886,-0.0378,0.1663,0.1210,2.502,-4.521,1.558
106.902138,50.711,-37.199,61.861,-0.2109,0.2233,0.1271,0.654,-2.859,1.413
106.918805,50.716,-37.245,61.835,-0.2876,0.1846,0.1465,-0.877,-2.853,1.412
106.935472,50.723,-37.288,61.814,-0.1329,0.2024,0.0457,-0.577,-2.601,1.471
106.952139,50.773,-37.346,61.796,-0.1370,0.2094,0.0810,2.115,-3.038,2.208
106.968806,50.866,-37.411,61.803,-0.1959,0.1232,0.1852,5.561,-2.382,3.304
106.985473,51.021,-37.493,61.796,-0.2243,0.0665,0.0696,8.786,-3.531,3.738
107.002140,51.257,-37.603,61.730,-0.1342,0.0321,0.0504,11.477,-6.777,3.220
107.018807,51.564,-37.714,61.631,-0.0802,0.0223,0.0890,14.571,-7.981,2.366
107.035474,51.884,-37.828,61.531,-0.1284,-0.0826,0.2403,15.242,-8.128,2.496
107.052141,52.174,-37.940,61.456,-0.1213,-0.0479,0.0831,14.361,-7.137,3.195
107.068808,52.455,-38.067,61.386,-0.0862,-0.0119,0.1006,14.083,-7.440,4.109
107.085475,52.725,-38.188,61.351,-0.0267,0.1858,0.0982,14.612,-5.860,4.811
107.102142,52.999,-38.278,61.373,0.0036,0.2700,0.0156,17.014,-2.626,4.995
107.118809,53.287,-38.367,61.383,-0.1463,0.1794,0.0243,17.395,-2.978,4.645
107.135476,53.617,-38.462,61.347,-0.0820,0.2845,-0.1197,18.193,-4.966,3.687
107.152143,54.029,-38.570,61.281,0.0256,0.2408,-0.1047,22.011,-6.513,3.473
107.168810,54.484,-38.676,61.219,0.0509,0.2124,-0.0055,24.722,-6.233,3.525
107.185477,54.876,-38.773,61.210,-0.1769,0.0352,0.1790,22.908,-3.859,4.578
107.202144,55.197,-38.853,61.224,-0.1259,0.0078,0.1898,19.541,-2.398,4.391
107.218811,55.491,-38.933,61.201,-0.1915,0.0654,-0.0360,16.541,-3.750,3.415
107.235478,55.818,-39.010,61.143,-0.0201,0.2738,-0.1211,17.105,-5.052,2.362
107.252145,56.170,-39.079,61.096,0.0804,0.2575,0.0280,19.101,-4.268,2.285
107.268812,56.540,-39.132,61.079,0.0327,0.2782,0.0100,21.323,-2.589,2.278
107.285479,56.895,-39.177,61.113,-0.1988,0.1086,0.1472,22.321,-0.318,3.218
107.302146,57.254,-39.232,61.134,-0.3320,0.1146,0.0243,22.112,-1.141,3.354
107.318813,57.667,-39.297,61.136,-0.2688,0.1794,-0.0222,24.574,-2.174,3.422
107.335480,58.088,-39.361,61.143,-0.2171,0.1848,0.0109,25.238,-1.976,3.504
107.352147,58.466,-39.413,61.175,-0.1340,0.0801,0.1759,23.617,-0.517,3.473
107.368814,58.736,-39.464,61.196,-0.1903,0.0066,0.1804,16.756,-0.926,3.212
107.385481,58.894,-39.500,61.207,-0.1045,0.2042,0.0280,9.695,-0.839,2.216
107.402148,58.948,-39.519,61.227,-0.0088,0.1131,0.0993,3.666,0.028,1.483
107.418815,58.897,-39.539,61.217,-0.0620,-0.0315,0.2431,-3.666,-1.172,0.901
107.435482,58.811,-39.556,61.180,-0.0414,0.1434,0.0433,-6.840,-2.168,0.031
107.452149,58.786,-39.562,61.155,-0.0077,0.3516,-0.1623,-2.713,-1.311,-0.216
107.468816,58.868,-39.556,61.173,-0.0556,0.3665,-0.2400,5.340,0.697,0.222
107.485483,59.044,-39.557,61.209,-0.2218,0.2743,-0.1723,11.637,1.258,0.958
107.502150,59.258,-39.563,61.234,-0.1747,0.1555,0.0173,13.594,0.655,1.009
107.518817,59.441,-39.578,61.229,-0.1700,0.0479,0.1248,10.508,-0.826,0.730
107.535484,59.543,-39.600,61.199,-0.1775,0.0530,0.1857,4.720,-1.997,0.477
107.552151,59.610,-39.614,61.152,-0.0175,0.1688,0.0028,1.900,-2.481,-0.317
107.568818,59.649,-39.603,61.114,0.0109,0.2130,-0.1063,0.653,-1.362,-1.345
107.585485,59.627,-39.572,61.112,-0.1170,0.0255,0.0564,-1.668,0.715,-1.615
107.602152,59.520,-39.526,61.144,-0.1800,0.0456,0.1073,-5.501,2.508,-1.540
107.618819,59.369,-39.474,61.201,-0.1996,0.1011,0.0664,-7.112,3.724,-1.239
107.635486,59.243,-39.423,61.263,-0.1265,0.1981,0.0855,-5.472,3.856,-1.136
107.652153,59.168,-39.384,61.310,-0.0439,0.2597,0.1162,-2.978,2.913,-0.800
107.668820,59.160,-39.355,61.331,-0.0180,0.2671,0.0860,0.061,1.588,-0.956
107.685487,59.208,-39.331,61.325,-0.0513,0.2463,0.0936,2.373,0.349,-1.265
107.702154,59.268,-39.312,61.324,-0.1835,0.2598,0.0386,3.304,0.407,-0.942
107.718821,59.366,-39.283,61.352,-0.1495,0.3092,-0.0441,6.624,1.817,-0.776
107.735488,59.474,-39.246,61.407,-0.1363,0.1417,0.0572,8.327,3.202,-0.510
107.752155,59.573,-39.221,61.447,-0.0757,-0.0501,0.1244,7.192,2.220,-0.309
107.768822,59.628,-39.209,61.450,-0.1400,-0.1155,0.1508,3.129,0.315,-0.481
107.785489,59.637,-39.186,61.447,-0.0508,0.0675,0.0356,0.157,0.402,-1.172
107.802156,59.578,-39.143,61.469,-0.0600,0.1479,-0.0178,-2.946,2.059,-1.627
107.818823,59.467,-39.095,61.506,-0.0335,0.1843,0.0674,-5.562,2.796,-1.544
107.835490,59.336,-39.054,61.535,-0.0834,0.1869,0.0593,-7.063,2.229,-1.373
107.852157,59.230,-39.020,61.538,-0.1094,0.2202,0.0391,-6.495,1.048,-1.619
107.868824,59.173,-38.976,61.567,-0.0696,0.3572,-0.0049,-2.598,2.335,-1.514
107.885491,59.158,-38.925,61.627,-0.1472,0.3001,0.0613,1.108,3.837,-1.129
107.902158,59.174,-38.870,61.691,-0.2108,0.1894,0.0999,3.086,4.091,-1.214
107.918825,59.224,-38.828,61.718,-0.2288,0.1493,0.1388,3.777,2.244,-1.419
107.935492,59.265,-38.798,61.738,-0.2774,0.0959,0.1654,2.934,1.593,-1.030
107.952159,59.314,-38.779,61.752,-0.1704,0.0935,0.1158,3.177,0.986,-0.576
107.968826,59.370,-38.769,61.777,-0.1233,0.0271,0.1362,3.970,1.151,0.172
107.985493,59.413,-38.770,61.811,-0.1224,-0.1101,0.2144,3.628,1.199,0.952
108.002160,59.394,-38.786,61.854,-0.1494,-0.1734,0.3223,0.187,1.093,1.890
108.018827,59.318,-38.808,61.902,-0.1043,-0.0801,0.2822,-3.028,1.122,2.346
108.035494,59.236,-38.834,61.930,-0.0174,0.0587,0.0968,-4.186,0.174,2.082
108.052161,59.194,-38.864,61.946,-0.0779,0.0563,0.0673,-2.175,-0.439,2.031
108.068828,59.179,-38.898,61.952,-0.2217,-0.0194,0.1318,-0.977,-0.970,1.968
108.085495,59.160,-38.939,61.959,-0.1666,-0.0217,0.2118,-1.148,-1.120,2.311
108.102162,59.131,-38.989,61.972,-0.2425,-0.0621,0.2184,-1.490,-1.151,3.004
108.118829,59.110,-39.043,61.995,-0.1828,0.1148,0.1080,-0.693,-0.899,3.368
108.135496,59.153,-39.094,62.021,-0.1141,0.2788,-0.0644,3.266,-0.697,3.332
108.152163,59.262,-39.139,62.043,-0.1258,0.2409,-0.0394,7.096,-0.650,2.937
108.168830,59.410,-39.173,62.078,-0.0050,0.2657,0.0290,9.907,0.234,2.624
108.185497,59.550,-39.199,62.147,0.0037,0.1547,0.1912,10.750,1.808,3.048
108.202164,59.652,-39.234,62.217,-0.0707,0.0690,0.2765,8.492,1.588,3.550
108.218831,59.703,-39.286,62.254,-0.1798,0.0359,0.2235,4.199,-0.218,3.613
108.235498,59.731,-39.348,62.266,-0.1133,0.2284,0.0496,1.815,-1.562,3.581
108.252165,59.766,-39.405,62.273,-0.0043,0.3725,-0.1027,2.116,-1.579,3.211
108.268832,59.807,-39.443,62.300,0.0288,0.4074,-0.1212,3.201,-0.205,2.666
108.285499,59.840,-39.459,62.358,0.0454,0.3358,-0.0631,3.905,1.684,2.230
108.302166,59.866,-39.463,62.414,0.0322,0.2319,-0.0157,3.427,2.020,1.572
108.318833,59.868,-39.477,62.450,-0.0545,0.0826,0.1255,1.195,0.834,1.644
108.335500,59.865,-39.511,62.452,-0.0954,0.0843,0.1065,-0.402,-1.035,1.882
108.352167,59.874,-39.547,62.456,-0.0802,0.2382,0.0231,0.390,-1.086,2.018
108.368834,59.925,-39.576,62.480,-0.0616,0.2994,-0.1384,3.712,-0.052,2.147
108.385501,60.031,-39.584,62.527,-0.0220,0.3219,-0.1294,7.913,1.499,1.572
108.402168,60.168,-39.570,62.574,0.0052,0.1943,-0.0400,9.741,2.176,0.414
108.418835,60.250,-39.539,62.612,0.0490,0.1060,0.1330,6.011,2.297,-0.699
108.435502,60.210,-39.502,62.630,-0.0680,0.1352,0.1124,-1.931,1.708,-1.434
108.452169,60.086,-39.446,62.632,-0.1269,0.3874,-0.2129,-7.674,1.593,-2.768
108.468836,59.964,-39.360,62.607,-0.0627,0.5366,-0.4283,-8.572,1.423,-4.993
108.485503,59.878,-39.239,62.557,0.0005,0.4512,-0.3997,-7.342,1.471,-7.396
108.502170,59.801,-39.094,62.527,-0.0733,0.2963,-0.2392,-6.034,3.054,-8.168
108.518837,59.677,-38.942,62.572,-0.3193,0.0631,0.0311,-6.012,6.284,-6.776
108.535504,59.493,-38.806,62.657,-0.4399,-0.1130,0.1379,-8.144,7.411,-4.944
108.552171,59.291,-38.683,62.767,-0.4674,-0.1804,0.1084,-8.311,8.050,-3.696
108.568838,59.190,-38.567,62.890,-0.2798,0.0105,-0.0073,-1.744,8.362,-2.936
108.585505,59.168,-38.476,63.046,-0.4139,-0.1559,0.2640,4.218,8.967,-0.862
108.602172,59.215,-38.404,63.162,-0.2817,-0.0703,0.2915,6.892,6.792,-0.862
108.618839,59.307,-38.344,63.249,-0.0805,-0.0629,0.4286,8.458,5.178,-0.912
108.635506,59.415,-38.316,63.260,-0.0236,-0.1606,0.3452,6.603,1.182,-1.120
108.652173,59.523,-38.297,63.227,0.0348,-0.0585,0.3568,4.952,-0.904,-1.701
108.668840,59.597,-38.289,63.207,0.0846,-0.1070,0.4736,3.380,-0.690,-0.849
108.685507,59.611,-38.284,63.213,0.1466,-0.1501,0.5299,0.807,0.243,-0.013
108.702174,59.592,-38.288,63.241,0.1251,-0.0953,0.4855,-0.407,0.882,0.916
108.718841,59.528,-38.329,63.241,-0.0420,-0.0920,0.3734,-4.131,-1.365,2.195
108.735508,59.481,-38.379,63.208,0.0461,0.1294,0.2062,-4.336,-3.038,1.880
108.752175,59.521,-38.433,63.167,0.0779,0.2133,0.0682,0.538,-3.468,1.875
108.768842,59.645,-38.483,63.108,-0.0226,0.1892,0.0799,5.017,-4.005,1.252
108.785509,59.826,-38.535,63.058,-0.0601,0.0828,0.1501,8.662,-3.775,1.555
108.802176,60.035,-38.583,62.999,0.0324,-0.0299,0.1975,10.053,-3.962,1.153
108.818843,60.223,-38.621,62.966,0.1125,-0.0816,0.2132,9.764,-2.634,1.300
108.835510,60.365,-38.657,62.969,0.0587,-0.2024,0.3132,8.324,-1.072,1.992
108.852177,60.452,-38.695,62.973,-0.0641,-0.2033,0.3534,5.108,-1.094,2.152
108.868844,60.543,-38.745,62.937,0.0584,-0.0770,0.2435,3.775,-3.090,1.839
108.885511,60.704,-38.804,62.827,0.0543,0.0042,0.1508,5.280,-6.357,0.648
108.902178,60.950,-38.869,62.678,0.0611,0.1532,0.1722,8.849,-8.169,0.097
108.918845,61.254,-38.935,62.535,-0.0609,0.1304,0.2530,12.537,-7.885,0.265
108.935512,61.616,-39.011,62.402,-0.0257,0.0459,0.2911,16.439,-7.743,1.147
108.952179,62.009,-39.103,62.299,0.0641,-0.0276,0.3444,19.443,-7.001,2.685
108.968846,62.413,-39.215,62.192,0.1178,-0.1065,0.3632,19.849,-7.704,3.658
108.985513,62.792,-39.352,62.060,0.0999,-0.1389,0.4153,17.457,-9.366,4.538
109.002180,63.105,-39.500,61.896,0.0589,-0.0848,0.3341,12.275,-10.921,4.535
109.018847,63.352,-39.656,61.717,0.0930,0.0326,0.2393,7.662,-11.754,4.675
109.035514,63.554,-39.809,61.528,0.1906,0.0503,0.2509,4.627,-12.056,4.415
109.052181,63.740,-39.978,61.316,0.1821,-0.0212,0.2294,2.695,-13.392,4.780
109.068848,63.918,-40.151,61.083,0.2233,0.0453,0.2673,1.381,-14.334,4.650
109.085515,64.070,-40.327,60.863,0.0700,0.1513,0.1324,0.294,-13.833,5.133
109.102182,64.242,-40.497,60.639,0.1164,0.3726,-0.0936,1.339,-13.809,4.834
109.118849,64.443,-40.665,60.401,0.0537,0.3740,-0.1713,2.520,-14.284,4.452
109.135516,64.693,-40.806,60.132,-0.0804,0.5991,-0.3763,4.147,-14.851,2.415
109.152183,64.975,-40.899,59.850,-0.3022,0.7300,-0.6351,5.577,-14.074,-0.344
109.168850,65.297,-40.943,59.548,-0.3555,0.6849,-0.7154,7.171,-13.681,-3.273
109.185517,65.636,-40.946,59.245,-0.3222,0.4379,-0.5675,8.187,-12.691,-5.466
109.202184,65.990,-40.911,58.974,-0.1057,0.2101,-0.3968,10.249,-10.501,-6.909
109.218851,66.316,-40.853,58.781,-0.1422,-0.0399,-0.1496,11.741,-6.725,-6.676
109.235518,66.597,-40.792,58.645,-0.2942,-0.2821,-0.0360,11.184,-4.365,-5.739
109.252185,66.849,-40.744,58.499,-0.3053,-0.3858,0.0872,9.098,-5.083,-5.246
109.268852,67.073,-40.700,58.354,-0.0400,-0.2672,0.2485,7.484,-5.177,-4.906
109.285519,67.268,-40.677,58.228,-0.0209,-0.1332,0.3770,6.492,-4.873,-3.445
109.302186,67.462,-40.658,58.092,-0.0724,-0.0448,0.3101,6.040,-5.434,-3.385
109.318853,67.648,-40.655,57.924,-0.0951,-0.1455,0.6032,4.347,-7.102,-3.024
109.335520,67.814,-40.667,57.706,-0.2796,-0.0154,0.5336,1.158,-9.602,-3.025
109.352187,68.048,-40.698,57.419,-0.3823,0.1453,0.2762,2.515,-12.953,-3.129
109.368854,68.393,-40.739,57.079,-0.1104,0.3387,0.3304,7.081,-15.428,-3.367
109.385521,68.737,-40.816,56.803,-0.3241,0.1098,0.4247,9.571,-13.501,-0.201
109.402188,69.072,-40.892,56.584,-0.1267,0.0973,0.4881,11.161,-11.074,0.709
109.418855,69.331,-40.976,56.469,-0.1669,0.0770,0.4691,10.738,-6.793,2.952
109.435522,69.555,-41.041,56.430,-0.3567,0.2845,0.1865,11.587,-3.179,3.098
109.452189,69.787,-41.106,56.352,-0.2246,0.3569,0.1451,10.573,-4.790,2.508
109.468856,70.032,-41.188,56.232,-0.1055,0.4057,0.0581,9.642,-6.933,2.804
109.485523,70.311,-41.273,56.049,-0.0848,0.5164,-0.1211,9.277,-9.602,2.058
109.502190,70.623,-41.358,55.829,0.0097,0.4529,-0.0319,9.656,-11.225,1.567
109.518857,70.917,-41.449,55.615,-0.0084,0.3700,-0.0031,8.916,-11.000,2.043
109.535524,71.145,-41.552,55.443,-0.1199,0.2940,-0.0740,6.510,-9.496,3.405
109.552191,71.313,-41.674,55.293,-0.1528,0.3402,-0.2119,3.796,-8.835,4.797
109.568858,71.426,-41.795,55.177,-0.0941,0.3878,-0.2134,1.861,-7.377,5.273
109.585525,71.474,-41.899,55.098,-0.0685,0.3989,-0.2186,-0.587,-5.474,4.887
109.602192,71.491,-41.977,55.025,-0.0110,0.4255,-0.3001,-2.228,-4.707,3.445
109.618859,71.497,-42.031,54.922,-0.0836,0.3714,-0.3374,-4.018,-5.496,1.702
109.635526,71.506,-42.062,54.809,-0.1189,0.4197,-0.3584,-4.279,-5.469,0.187
109.652193,71.531,-42.074,54.698,-0.2512,0.3354,-0.3450,-3.275,-5.051,-0.817
109.668860,71.561,-42.083,54.593,-0.3106,0.2007,-0.2281,-2.745,-4.737,-0.900
109.685527,71.571,-42.097,54.499,-0.2650,0.1073,-0.1791,-3.462,-4.396,-0.465
109.702194,71.541,-42.119,54.437,-0.2748,0.1326,-0.1448,-4.634,-3.147,0.428
109.718861,71.466,-42.144,54.416,-0.2885,0.2052,-0.1685,-5.612,-1.498,1.219
109.735528,71.346,-42.177,54.422,-0.3731,0.1691,-0.1337,-7.259,-0.510,2.008
109.752195,71.208,-42.200,54.467,-0.3149,0.2956,-0.1660,-6.769,1.335,2.001
109.768862,71.089,-42.214,54.563,-0.3350,0.2838,-0.1501,-3.589,3.651,2.230
109.785529,70.973,-42.213,54.697,-0.3940,0.0782,-0.0313,-1.868,5.511,1.946
109.802196,70.865,-42.195,54.858,-0.4692,0.0350,0.0268,-0.240,7.033,1.379
109.818863,70.772,-42.150,55.066,-0.4688,0.0144,0.1151,2.409,9.462,0.564
109.835530,70.693,-42.092,55.247,-0.4859,-0.1518,0.1539,2.286,8.640,-0.559
109.852197,70.640,-42.030,55.357,-0.2904,-0.0872,0.1531,0.922,5.744,-1.805
109.868864,70.620,-41.981,55.400,0.0197,0.0898,0.2191,0.221,2.641,-2.086
109.885531,70.597,-41.945,55.443,0.2574,0.3434,0.3892,0.031,2.416,-1.354
109.902198,70.554,-41.929,55.511,0.3662,0.4631,0.3334,-0.177,3.040,0.166
109.918865,70.520,-41.938,55.582,0.4636,0.5183,0.2523,0.502,2.668,1.664
109.935532,70.466,-41.977,55.674,0.3941,0.3292,0.3105,0.199,3.011,3.623
109.952199,70.352,-42.032,55.779,0.2898,0.0771,0.3691,-2.995,3.168,4.705
109.968866,70.184,-42.086,55.887,0.2407,-0.0198,0.2529,-6.041,3.324,4.741
109.985533,70.011,-42.135,55.952,0.0865,-0.0760,-0.0499,-8.023,1.597,3.799
110.002200,69.898,-42.171,55.935,-0.0475,-0.0405,-0.2484,-7.780,-1.579,1.838
110.018867,69.831,-42.188,55.879,-0.0798,0.0528,-0.2237,-6.581,-2.813,0.200
110.035534,69.750,-42.172,55.865,-0.0772,0.0372,-0.1522,-5.769,-0.409,-1.082
110.052201,69.622,-42.129,55.867,-0.0430,-0.0545,-0.1155,-7.852,0.893,-2.321
110.068868,69.420,-42.065,55.921,-0.1320,0.1989,-0.1330,-10.233,3.441,-2.687
110.085535,69.181,-41.977,56.006,-0.2591,0.4164,-0.3213,-11.220,5.314,-3.563
110.102202,68.909,-41.894,56.051,-0.5576,0.2724,-0.2108,-14.872,3.495,-3.855
110.118869,68.512,-41.932,55.836,-0.6420,-0.6221,0.3590,-32.707,-9.876,-1.324
110.135536,67.851,-42.276,55.143,-0.0721,-1.9557,1.4677,-67.838,-36.410,7.781
110.152203,67.275,-42.932,53.867,0.7622,-1.1030,1.2575,-86.686,-67.249,14.920
110.168870,67.187,-43.405,52.963,0.7201,2.2696,-0.1808,-42.709,-47.619,10.938
110.185537,67.839,-43.250,52.774,-0.8205,3.6015,-1.2087,31.056,-4.188,-11.667
110.202204,68.463,-42.765,53.219,-1.4059,2.9430,-1.7705,55.330,28.836,-19.694
110.218871,69.240,-42.901,53.330,-3.0892,-1.9694,-1.1409,50.862,1.495,9.443
110.235538,69.444,-42.776,53.540,-0.3979,0.8602,0.7942,20.485,11.197,-3.706
110.252205,69.815,-42.768,53.786,-0.7719,-0.3214,1.0014,31.976,10.196,3.426
110.268872,70.005,-42.784,53.971,-1.4332,-0.8421,1.4741,18.579,7.220,3.757
110.285539,70.060,-42.792,54.122,-1.3290,-0.2730,0.6941,9.156,5.996,2.808
110.302206,70.250,-42.846,54.253,-0.6913,0.5487,0.5310,16.377,4.193,5.071
110.318873,70.614,-42.944,54.380,-0.6966,0.5226,0.5911,26.706,3.168,7.505
110.335540,71.093,-43.061,54.489,-0.5995,0.3962,0.7542,32.868,2.111,8.257
110.352207,71.608,-43.203,54.534,-0.3534,0.3459,1.0870,32.416,-0.977,8.794
110.368874,72.086,-43.401,54.529,-0.2051,0.2526,1.3109,28.090,-4.028,11.317
110.385541,72.594,-43.634,54.473,0.0296,0.0324,1.4326,27.860,-6.652,12.654
110.402208,73.209,-43.903,54.332,0.2899,-0.2645,1.4207,30.749,-10.661,13.681
110.418875,74.010,-44.211,54.068,0.3541,-0.3187,1.2962,36.672,-16.279,14.592
110.435542,75.091,-44.556,53.658,0.3946,-0.0732,0.7934,47.324,-22.576,15.379
110.452209,76.346,-44.937,53.144,0.3612,0.1055,0.6746,53.228,-26.956,16.805
110.468876,77.620,-45.382,52.597,0.1181,0.2133,0.9606,52.843,-28.680,20.900
110.485543,78.886,-45.884,52.024,0.0340,0.2124,1.3100,51.085,-29.770,24.634
110.502210,80.217,-46.431,51.356,0.2496,0.0524,1.6156,50.636,-33.353,27.305
110.518877,81.682,-46.989,50.553,0.3717,0.2793,1.6824,52.472,-38.036,27.962
110.535544,83.273,-47.583,49.548,0.3589,0.4383,1.5240,50.821,-45.305,30.006
110.552211,84.993,-48.211,48.364,0.2288,0.3751,1.3479,50.137,-51.355,32.696
110.568878,86.853,-48.838,47.032,0.2447,0.2821,1.1621,51.477,-55.544,33.811
110.585545,88.884,-49.446,45.572,0.2325,0.0291,0.9004,55.215,-58.762,34.399
110.602212,91.076,-50.004,44.018,0.4168,0.1727,0.5499,60.104,-60.354,33.505
110.618879,93.471,-50.527,42.391,0.3569,0.3167,0.3164,68.331,-61.227,33.890
110.635546,96.049,-50.995,40.578,-0.3511,0.2490,0.2482,70.089,-66.364,33.724
110.652213,98.695,-51.387,38.610,-0.6063,0.2063,0.3450,66.433,-70.437,32.892
110.668880,101.279,-51.664,36.505,0.0203,-0.6137,0.4190,55.845,-74.631,30.018
110.685547,103.679,-51.914,34.249,0.8710,-0.7242,0.0061,37.305,-78.587,32.818
110.702214,106.069,-52.154,31.796,0.5958,-0.9435,0.0561,27.052,-83.932,37.183
110.718881,108.461,-52.250,29.245,1.1974,-1.3216,-0.6073,22.288,-87.959,33.421
110.735548,110.791,-52.254,26.512,1.7132,-1.7181,-0.9253,9.810,-94.612,33.997
110.752215,113.345,-52.213,23.707,2.3974,-1.6202,-1.4694,19.914,-96.552,36.492
110.768882,116.183,-52.112,20.780,2.7232,-1.8687,-2.0059,31.284,-100.493,39.691
110.785549,119.082,-51.937,17.743,2.6902,-2.0856,-2.5902,30.002,-104.349,42.754
110.802216,121.811,-51.704,14.580,2.1682,-2.1990,-2.5882,14.283,-108.369,47.443
110.818883,124.395,-51.394,11.318,1.6173,-1.6355,-2.8092,1.528,-112.228,50.938
110.835550,126.684,-51.003,7.988,1.4809,-1.2894,-2.6655,-18.582,-115.697,53.703
110.852217,128.526,-50.562,4.735,1.1965,-0.7373,-2.7352,-40.999,-114.096,54.405
110.868884,129.837,-50.085,1.614,0.7638,-0.4134,-2.5004,-65.708,-110.923,53.415
110.885551,130.920,-49.650,-1.375,0.0573,0.0634,-1.9305,-72.339,-105.125,55.044
110.902218,131.950,-49.240,-4.227,-0.6246,0.5887,-0.8863,-68.486,-99.879,55.224
110.918885,132.979,-48.952,-6.829,-1.3413,1.5311,0.1158,-56.507,-87.274,56.328
110.935552,134.019,-48.859,-9.190,-1.6027,2.1655,0.8939,-44.599,-71.535,60.109
110.952219,135.119,-48.965,-11.285,-1.3360,2.3886,1.1451,-28.957,-54.592,62.518
110.968886,136.154,-49.218,-13.132,-1.1346,2.1902,1.1506,-21.940,-40.028,62.552
110.985553,136.973,-49.572,-14.752,-0.9704,1.8408,0.9534,-24.866,-28.207,60.622
111.002220,137.584,-50.040,-16.191,-0.9979,1.6138,1.0276,-29.573,-17.301,60.020
111.018887,137.978,-50.591,-17.443,-1.2354,1.3977,0.9622,-34.408,-7.920,57.775
111.035554,138.333,-51.227,-18.503,-1.4698,1.3618,0.8718,-28.271,1.589,55.387
111.052221,138.698,-51.925,-19.325,-1.1619,1.2774,0.5278,-17.063,10.947,50.801
111.068888,139.175,-52.661,-19.953,-0.6133,1.1442,0.2898,-1.400,18.045,46.427
111.085555,139.712,-53.350,-20.430,-0.3327,0.7449,-0.1962,9.062,20.102,40.020
111.102222,140.177,-53.942,-20.739,-0.1502,0.4345,-0.5687,12.725,20.022,31.328
111.118889,140.500,-54.410,-20.936,-0.0494,0.1875,-0.6479,9.540,17.098,23.328
111.135556,140.869,-54.783,-21.085,-0.1686,0.3358,-0.4309,14.593,13.958,18.261
111.152223,141.301,-55.066,-21.177,-0.1593,0.3716,-0.2580,21.158,11.106,13.191
111.168890,141.487,-55.264,-21.159,-0.4096,0.1535,-0.1409,11.850,9.557,6.943
111.185557,141.273,-55.403,-21.079,-0.6270,0.1168,-0.0631,-9.173,8.138,3.159
111.202224,140.838,-55.491,-20.950,-0.4806,0.3759,0.1744,-19.973,6.786,-0.024
111.218891,140.416,-55.541,-20.770,-0.2082,0.4329,0.1783,-16.685,6.111,-2.741
111.235558,139.995,-55.579,-20.530,-0.2089,0.1869,0.2078,-13.629,6.847,-4.755
111.252225,139.539,-55.623,-20.257,-0.2237,-0.0358,0.2307,-14.089,7.902,-5.312
111.268892,138.967,-55.645,-19.944,-0.1171,-0.1996,0.0915,-19.108,7.821,-7.084
111.285559,138.389,-55.664,-19.660,-0.1351,-0.2661,0.1603,-20.860,7.129,-6.395
111.302226,137.919,-55.676,-19.416,-0.1039,-0.1477,0.2370,-16.305,5.956,-5.613
111.318893,137.555,-55.680,-19.220,-0.1405,-0.0521,0.2632,-12.432,4.551,-4.635
111.335560,137.281,-55.682,-19.063,-0.1630,0.0659,0.3232,-8.961,3.574,-3.758
111.352227,137.028,-55.687,-18.931,-0.2149,0.0577,0.4016,-8.856,3.162,-3.004
111.368894,136.840,-55.731,-18.827,-0.3414,0.0804,0.5394,-6.377,4.243,-0.690
111.385561,136.759,-55.817,-18.738,-0.2871,0.2617,0.4677,-0.702,5.708,1.427
111.402228,136.706,-55.931,-18.630,-0.2923,0.3007,0.2887,1.972,7.392,2.108
111.418895,136.686,-56.079,-18.497,-0.2613,0.3127,0.1510,5.160,9.428,2.908
111.435562,136.749,-56.252,-18.328,-0.0594,0.3513,-0.0104,11.913,11.311,3.091
