t,roll,pitch,yaw,ax,ay,az,gx,gy,gz
0.000000,20.229,-19.521,-7.465,-0.1793,0.1341,-0.0299,0.000,0.000,0.000
0.016667,20.069,-19.419,-7.370,0.2603,-0.5908,-0.2549,-13.312,-1.771,9.127
0.033334,19.515,-19.802,-7.176,-0.5780,-0.5245,-0.0919,4.465,-3.076,3.299
0.050001,18.875,-19.616,-6.728,-0.0720,-0.5991,0.1400,9.891,-3.177,7.876
0.066668,18.076,-19.408,-6.397,-0.3511,0.7387,0.0719,-3.687,6.761,5.118
0.083335,17.370,-18.868,-6.192,-0.0004,0.2783,-0.2231,-34.788,21.797,7.666
0.100002,16.257,-18.243,-5.983,-0.2243,0.6517,-0.4130,-64.483,33.491,8.258
0.116669,15.163,-17.571,-5.874,0.0179,-0.0105,-0.3390,-71.238,34.997,5.672
0.133336,13.850,-16.938,-5.740,-0.3030,0.0756,0.3646,-80.448,35.847,5.908
0.150003,12.673,-16.435,-5.670,-0.1232,-0.4698,-0.0690,-71.910,26.370,4.100
0.166670,12.688,-16.355,-5.755,0.1419,-0.3747,-0.1495,1.038,0.668,-0.353
0.183337,12.656,-16.303,-5.824,0.2043,0.7200,0.3317,0.410,1.337,0.719
0.200004,12.213,-16.130,-5.794,0.3222,0.3392,-0.1266,-26.561,10.627,3.965
0.216671,12.027,-16.031,-5.757,0.1763,0.0328,0.2189,-11.844,7.674,5.583
0.233338,11.930,-16.021,-5.628,-0.0072,-0.4155,0.5724,-4.660,3.809,10.957
0.250005,12.121,-16.001,-5.569,0.0087,0.1697,0.2452,13.115,3.533,7.284
0.266672,12.093,-15.898,-5.449,0.1630,0.9719,0.0638,0.874,9.087,10.155
0.283339,11.607,-15.652,-5.252,0.0400,0.5186,0.1124,-27.494,18.142,11.955
0.300006,11.175,-15.362,-5.171,-0.0174,0.3069,0.1008,-26.149,19.624,6.779
0.316673,10.845,-15.053,-5.256,-0.1995,0.3943,0.1986,-23.006,18.413,-4.138
0.333340,10.555,-14.795,-5.549,-0.0618,0.0252,-0.0597,-23.029,13.368,-12.097
0.350007,10.699,-14.741,-5.964,0.1522,0.1101,-0.1044,0.638,-0.792,-20.680
0.366674,10.830,-14.703,-6.273,0.3429,0.3202,0.4111,2.112,-0.156,-13.173
0.383341,10.854,-14.682,-6.443,0.4316,0.4798,-0.0110,-1.465,1.175,-2.285
0.400008,10.797,-14.629,-6.411,0.2517,0.4219,0.1831,-4.550,4.789,4.633
0.416675,10.575,-14.602,-6.373,-0.1204,0.1645,-0.4805,-14.389,3.361,5.376
0.433342,10.730,-14.535,-6.237,-0.4383,-0.1110,0.5579,9.927,6.617,10.500
0.450009,11.006,-14.483,-6.325,-0.1622,-0.5234,0.3013,14.673,3.211,-0.302
0.466676,11.472,-14.549,-6.408,0.0151,-0.4086,-0.2034,25.659,-4.546,-2.847
0.483343,12.863,-14.973,-6.496,1.6059,0.3799,-2.5270,82.825,-24.559,6.406
0.500010,17.302,-15.954,-7.393,-0.4788,-0.4797,1.5466,253.345,-67.004,-26.264
0.516677,18.761,-16.742,-7.964,-1.0316,0.1302,0.1037,76.943,-54.729,-17.316
0.533344,23.011,-18.211,-8.642,-0.1839,-0.9082,0.3332,243.220,-94.899,-1.600
0.550011,27.202,-19.384,-9.510,1.2149,0.4754,1.0015,236.063,-82.760,-10.647
0.566678,26.043,-17.690,-10.262,2.5699,2.0695,2.0073,-84.277,72.211,-83.846
0.583345,20.898,-17.040,-9.943,-2.6986,0.7889,-1.6670,-304.345,44.484,1.067
0.600012,23.123,-17.333,-10.517,-0.6343,-3.3004,-0.5034,123.051,-26.994,-20.236
0.616679,25.836,-18.031,-11.410,0.1284,1.4917,0.1442,146.441,-59.181,-29.096
0.633346,26.782,-18.179,-12.099,0.9684,0.7620,0.0317,43.349,-25.251,-31.167
0.650013,25.992,-17.793,-12.165,0.5298,0.7383,0.3626,-49.425,19.450,-13.530
0.666680,24.345,-17.271,-11.950,0.7024,1.0955,0.0978,-95.884,34.092,-2.038
0.683347,22.416,-16.602,-11.730,0.3234,0.1699,0.3929,-113.216,42.470,-4.153
0.700014,21.000,-16.089,-11.500,-0.0621,-0.0427,0.3878,-82.342,34.124,1.062
0.716681,19.288,-15.488,-11.018,0.0161,0.6010,0.5654,-95.990,44.010,13.832
0.733348,17.474,-15.054,-10.636,-0.8619,-0.1809,0.0505,-104.025,32.216,13.002
0.750015,17.928,-15.125,-10.804,-0.7749,-0.2895,-0.3917,24.479,-5.634,-4.515
0.766682,18.012,-15.134,-10.933,0.0473,0.5403,0.1942,3.117,-1.637,-3.328
0.783349,17.700,-15.076,-11.045,-0.2051,-0.0797,0.5012,-20.351,2.580,-3.275
0.800016,16.741,-14.941,-11.135,-0.0376,-0.1879,0.3408,-58.865,7.268,-3.776
0.816683,16.182,-14.951,-11.342,-0.2106,-0.4662,-0.0090,-36.505,-2.861,-7.387
0.833350,16.415,-15.061,-11.884,-0.0756,0.0677,0.0050,5.630,-14.414,-25.616
0.850017,17.898,-15.126,-13.293,0.1971,0.2601,-0.1701,66.934,-27.227,-74.641
0.866684,19.296,-15.351,-14.106,0.2963,-0.0196,-0.2924,71.941,-26.021,-34.900
0.883351,20.129,-15.589,-14.116,0.3045,-0.2638,-0.1350,49.738,-12.965,6.149
0.900018,20.608,-15.715,-14.032,0.1250,-0.4735,-0.1184,30.382,-4.333,10.021
0.916685,21.149,-15.873,-14.021,0.2324,-0.5537,0.1975,33.150,-7.270,7.188
0.933352,21.192,-15.688,-13.645,0.7007,-0.3309,0.3976,9.126,19.386,18.852
0.950019,19.314,-15.040,-13.331,0.1404,1.3856,0.5565,-107.153,44.078,6.343
0.966686,13.852,-13.970,-12.824,-0.1622,1.5687,1.1438,-320.363,70.475,10.776
0.983353,8.177,-12.747,-12.506,-1.0094,-0.4693,-0.2727,-335.638,76.668,9.115
1.000020,7.030,-12.554,-12.664,-0.2937,-1.4922,-2.7710,-70.985,10.580,-8.415
1.016687,9.325,-12.744,-13.086,-0.1104,0.2853,0.1921,132.429,-14.392,-20.216
1.033354,9.850,-12.641,-14.152,0.1286,1.5667,0.6537,17.703,-3.828,-59.761
1.050021,10.758,-12.519,-14.899,0.6497,-0.2088,0.0896,44.905,-0.036,-40.945
1.066688,11.391,-12.372,-15.322,0.7812,0.3581,0.1597,32.595,4.459,-23.249
1.083355,10.982,-12.139,-15.344,0.7769,0.2337,-0.0993,-24.827,14.168,-1.229
1.100022,10.391,-12.028,-15.096,1.3264,-0.1663,-0.8170,-32.258,10.064,16.237
1.116689,11.151,-11.867,-15.072,0.9833,0.2404,-0.3739,45.801,10.648,2.226
1.133356,11.586,-11.620,-14.640,0.4306,0.5065,-0.7016,31.577,20.791,25.997
1.150023,11.548,-11.228,-14.419,-0.2735,0.2520,-0.4174,0.320,26.866,11.394
1.166690,10.593,-10.764,-14.053,-1.1624,-0.7004,0.1187,-53.646,32.090,16.574
1.183357,9.960,-10.473,-13.743,-1.6078,-1.4148,0.2227,-35.097,20.799,15.131
1.200024,10.198,-10.395,-13.622,-1.7647,-1.3980,1.0495,15.218,6.039,6.022
1.216691,10.618,-10.412,-13.709,-1.3028,-0.7169,1.3250,24.135,-1.947,-4.784
1.233358,10.707,-10.469,-13.880,-0.7171,-0.1610,1.1311,3.487,-5.295,-9.183
1.250025,10.522,-10.711,-13.765,0.8541,0.1124,1.1417,-9.848,-13.175,9.458
1.266692,10.425,-10.963,-13.381,0.4650,1.1325,1.8966,-1.508,-10.834,25.056
1.283359,9.600,-10.944,-13.436,0.8426,1.9097,1.5066,-50.241,0.550,-3.296
1.300026,8.366,-10.906,-13.427,0.6126,0.9587,0.1647,-74.305,2.321,0.254
1.316693,7.583,-11.014,-13.300,0.3916,0.0288,-1.3968,-45.461,-4.952,11.114
1.333360,7.341,-11.198,-13.170,0.3115,0.0730,-1.3581,-12.971,-9.519,11.791
1.350027,6.893,-11.232,-13.204,-0.1011,0.0941,-0.6774,-27.274,-1.894,0.821
1.366694,6.589,-11.202,-13.499,-0.4286,-0.3707,-0.6600,-21.587,0.190,-14.565
1.383361,7.008,-11.072,-13.879,-0.0400,0.0139,-0.8001,20.926,5.529,-20.301
1.400028,7.532,-10.895,-14.193,0.2306,0.6880,0.2688,27.913,8.535,-16.992
1.416695,7.427,-10.703,-14.388,0.2474,0.9445,-0.0161,-8.375,10.373,-9.912
1.433362,6.931,-10.577,-14.334,0.1730,0.3484,-0.4761,-29.181,8.346,5.081
1.450029,6.846,-10.543,-14.166,0.1512,-0.2984,-0.0215,-3.380,3.546,11.851
1.466696,6.873,-10.558,-14.050,-0.0645,-0.6894,0.5967,2.879,0.340,9.967
1.483363,7.201,-10.510,-14.084,-0.2359,-0.4561,0.1004,19.358,3.069,0.542
1.500030,7.624,-10.414,-14.237,-0.3421,-0.2383,-0.0606,23.903,5.036,-6.515
1.516697,7.811,-10.329,-14.341,-0.4028,-0.1684,0.1015,10.317,4.679,-3.577
1.533364,7.682,-10.287,-14.394,-0.4198,-0.6576,0.5494,-8.070,2.566,0.047
1.550031,7.547,-10.278,-14.483,-0.4480,-1.1696,0.3454,-8.762,0.275,-2.309
1.566698,7.595,-10.308,-14.623,-0.3980,-1.1471,-0.1112,1.591,-2.595,-5.771
1.583365,7.808,-10.358,-14.836,-0.0305,-0.5329,-0.1770,10.767,-4.423,-9.995
1.600032,7.918,-10.450,-15.043,0.3064,-0.1161,0.3322,4.752,-6.837,-9.252
1.616699,7.933,-10.529,-15.182,0.6203,0.2025,0.7640,-0.375,-5.579,-5.775
1.633366,8.126,-10.587,-15.315,0.2921,0.5705,0.7853,10.337,-4.297,-5.750
1.650033,8.570,-10.689,-15.569,0.4274,1.0432,0.2626,24.042,-7.876,-12.302
1.666700,8.896,-10.785,-15.940,0.3664,1.5392,0.6902,15.570,-8.702,-19.007
1.683367,9.194,-10.974,-15.989,0.4367,1.3344,0.4059,17.354,-11.267,0.878
1.700034,9.730,-11.097,-16.085,0.4899,1.0690,0.0343,31.133,-7.693,-1.771
1.716701,9.727,-11.157,-15.975,0.5808,0.8067,0.1166,1.005,-1.982,9.231
1.733368,9.789,-11.127,-16.189,0.2300,0.5893,-0.1393,1.091,0.150,-10.635
1.750035,9.826,-11.118,-16.357,-0.4266,0.3928,-0.0316,-0.006,-0.693,-8.017
1.766702,9.826,-11.098,-16.585,-0.8183,0.1418,0.1030,-2.693,-0.540,-10.399
1.783369,9.606,-11.008,-16.891,-0.8246,-0.5087,-0.2342,-16.854,2.726,-16.236
1.800036,9.267,-10.878,-17.084,-0.4090,-0.8022,-0.7313,-22.735,6.150,-10.459
1.816703,9.345,-10.810,-17.385,-0.0865,-1.0181,-0.2671,1.118,1.391,-16.495
1.833370,9.780,-10.746,-17.710,-0.3108,-0.6108,-0.2578,22.374,0.853,-17.764
1.850037,10.229,-10.672,-18.108,-0.1551,-0.5058,-0.0057,22.578,0.688,-21.551
1.866704,10.465,-10.529,-18.510,-0.0838,-0.4731,0.2761,9.846,4.568,-22.567
1.883371,10.436,-10.445,-18.927,0.1607,-0.6143,0.3947,-6.245,0.770,-23.282
1.900038,10.653,-10.316,-19.576,-0.1862,-0.2937,-0.3651,6.238,1.031,-36.643
1.916705,11.099,-10.317,-20.014,-0.1147,-0.0136,-0.3353,22.231,-4.561,-23.232
1.933372,11.926,-10.372,-20.333,-0.1203,0.3679,-0.1598,46.067,-6.913,-17.305
1.950039,12.500,-10.429,-20.588,-0.1757,0.3632,-0.2445,31.823,-6.160,-12.056
1.966706,12.733,-10.430,-20.823,-0.1579,0.3347,-0.4780,11.733,-2.456,-10.439
1.983373,12.555,-10.353,-20.953,0.2086,-0.2060,-0.8598,-12.280,2.833,-8.252
2.000040,12.639,-10.098,-21.286,0.4639,-0.3339,1.6070,2.245,11.741,-17.232
2.016707,13.067,-9.960,-21.479,0.0311,0.2343,0.2983,23.677,5.806,-11.527
2.033374,13.636,-9.980,-21.568,-0.1425,0.1497,0.4761,33.284,-1.952,-2.920
2.050041,14.040,-10.095,-21.737,-0.5345,-0.0609,-0.0876,22.620,-8.530,-5.762
2.066708,15.116,-10.332,-22.198,0.0339,-0.1721,-0.8577,60.018,-19.884,-19.539
2.083375,16.668,-10.628,-22.607,0.4794,-0.2224,-0.0695,88.510,-23.608,-17.916
2.100042,17.842,-10.823,-22.841,0.4610,0.1509,0.4442,67.635,-15.279,-9.479
2.116709,18.556,-10.897,-23.058,0.5026,0.3037,0.1760,40.700,-7.294,-8.076
2.133376,18.284,-10.761,-23.150,0.0376,0.1327,0.7162,-17.278,6.590,-6.030
2.150043,17.668,-10.531,-23.320,-0.3616,-0.1754,0.3158,-38.793,10.626,-11.956
2.166710,17.531,-10.394,-23.630,-0.2703,-0.3627,-0.4780,-11.337,3.101,-17.350
2.183377,18.287,-10.396,-23.790,-0.1950,-0.0773,-0.4369,43.781,-2.394,-6.931
2.200044,18.885,-10.628,-23.358,0.5342,0.0949,0.5762,40.776,-4.426,30.534
2.216711,19.257,-10.610,-23.330,-0.1670,0.5175,1.1829,22.682,2.100,2.733
2.233378,18.536,-10.532,-23.234,-0.5183,0.3036,0.4049,-42.511,6.162,3.777
2.250045,17.847,-10.369,-23.438,-0.3391,-0.1794,-0.7125,-43.430,6.160,-12.409
2.266712,17.790,-10.329,-23.722,-0.1924,-0.6468,-1.1514,-6.355,-2.282,-14.751
2.283379,18.297,-10.334,-23.892,0.1263,-0.3810,-0.0019,28.904,-2.648,-6.938
2.300046,18.984,-10.277,-23.968,0.2251,0.3084,0.2792,40.599,2.470,-3.274
2.316713,19.068,-10.216,-23.880,0.1474,0.4652,0.4488,6.029,5.564,5.095
2.333380,18.621,-10.128,-23.795,0.2339,0.4757,0.3794,-26.081,6.706,3.539
2.350047,18.146,-9.971,-23.817,0.0389,0.2068,0.4879,-28.938,8.602,-3.989
2.366714,17.649,-9.975,-23.654,-0.5044,0.0078,0.2289,-28.412,2.691,9.410
2.383381,17.583,-10.018,-23.683,-0.1895,0.5362,-0.0889,-4.465,-2.981,-0.686
2.400048,17.735,-9.958,-23.950,0.1451,-0.3240,-0.0017,6.289,-0.956,-14.601
2.416715,17.735,-9.901,-24.139,0.2382,0.1703,0.7294,-2.184,-0.213,-11.564
2.433382,17.603,-9.856,-24.233,0.2846,0.0198,-0.0236,-9.190,0.891,-5.898
2.450049,17.729,-9.857,-24.242,0.1466,0.3109,0.1522,7.205,-0.253,-0.276
2.466716,17.835,-9.860,-24.206,-0.2521,0.5427,0.0740,6.509,0.555,2.354
2.483383,17.580,-9.840,-24.125,-0.3630,0.4631,0.1690,-14.822,2.628,4.501
2.500050,16.893,-9.812,-24.048,-0.3015,-0.1814,0.0342,-40.743,2.909,4.115
2.516717,16.599,-9.772,-24.058,-0.1285,-0.3844,-0.1909,-18.029,2.086,-1.003
2.533384,14.777,-9.577,-24.024,0.0975,-2.0726,-0.4788,-109.272,11.706,-1.051
2.550051,14.597,-9.522,-23.778,0.0001,0.1193,-0.1053,-8.467,6.924,13.508
2.566718,12.828,-9.514,-22.467,-0.0051,-1.6606,0.9915,-93.303,18.847,75.411
2.583385,9.202,-9.437,-19.985,-0.0755,0.1867,0.5317,-193.071,32.600,143.510
2.600052,8.522,-9.250,-19.389,0.7339,2.3041,-2.1134,-35.109,16.577,33.311
2.616719,10.988,-9.120,-20.414,0.7421,-0.7265,0.4473,137.925,-2.627,-60.911
2.633386,12.858,-8.884,-21.400,-0.2115,0.8333,1.5019,102.744,1.904,-59.936
2.650053,14.437,-8.671,-22.569,-0.2185,-0.4631,0.1975,83.740,-3.897,-70.231
2.666720,15.713,-8.604,-23.550,-0.5858,0.5272,0.0716,67.512,-11.253,-57.031
2.683387,15.992,-8.521,-24.192,-0.8545,1.1634,0.6819,10.769,-5.591,-37.785
2.700054,15.263,-8.596,-24.280,-0.7158,-0.0960,-0.2470,-44.770,-5.826,-3.570
2.716721,14.108,-8.892,-23.891,-0.2482,-0.1600,-0.0851,-66.028,-11.417,27.102
2.733388,12.683,-9.047,-23.456,-2.2330,2.2666,-1.8716,-81.666,-3.151,27.547
2.750055,11.258,-9.236,-23.257,1.1169,-1.3539,0.9519,-83.892,-8.966,14.129
2.766722,11.258,-9.246,-23.113,1.0472,-0.6802,0.5951,1.132,0.886,8.806
2.783389,11.487,-9.300,-22.841,0.0090,0.0187,0.2122,16.109,-0.122,16.696
2.800056,11.968,-9.351,-22.643,-0.2834,-0.1588,-0.0654,30.538,-0.680,12.327
2.816723,12.393,-9.320,-22.720,0.6511,0.3880,0.2960,24.562,0.703,-4.612
2.833390,12.476,-9.416,-22.226,0.3687,-1.3211,0.2130,9.532,0.608,30.019
2.850057,11.563,-9.509,-20.872,0.8640,0.4026,0.1503,-41.628,11.150,79.736
2.866724,10.934,-9.595,-20.149,0.2884,-0.3928,-0.3039,-30.798,3.301,43.203
2.883391,10.592,-9.808,-18.616,0.2010,-1.6362,-0.2037,-5.275,4.357,91.666
2.900058,10.614,-10.008,-17.477,-0.5615,1.1683,0.4155,12.940,0.642,68.520
2.916725,10.756,-10.258,-16.466,-0.3195,0.0021,0.0620,19.010,-3.630,61.671
2.933392,10.203,-10.512,-14.926,0.0817,0.1851,0.3726,-16.680,1.514,92.305
2.950059,10.246,-10.766,-14.350,-0.0882,1.0499,0.3049,8.750,-8.932,36.343
2.966726,9.970,-10.990,-13.707,-0.2724,-0.1206,0.3112,-9.539,-6.629,39.890
2.983393,9.060,-11.368,-12.104,-0.5634,-1.2096,-0.3374,-36.218,-6.763,96.994
3.000060,8.070,-11.826,-9.928,-1.2301,0.1136,-0.2931,-33.338,-8.226,130.760
3.016727,7.887,-11.923,-9.099,-1.6279,2.1881,-1.0843,-0.927,0.879,49.211
3.033394,8.254,-11.594,-9.252,-3.1885,-0.9955,-0.2821,19.889,18.114,-11.411
3.050061,8.280,-9.723,-10.476,-6.0766,1.1421,-0.5279,-12.210,100.270,-87.336
3.066728,8.777,-5.229,-14.968,-7.2775,2.5008,0.4228,-5.485,226.144,-304.012
3.083395,9.788,-3.479,-20.810,20.9904,-2.0373,1.9728,33.844,46.003,-361.481
3.100062,10.329,-3.887,-21.178,-1.8175,-0.4779,-0.9533,30.692,-27.932,-17.222
3.116729,11.132,-4.198,-21.313,0.6779,0.2387,0.7418,47.317,-19.958,-4.225
3.133396,11.465,-4.346,-21.186,-0.2245,0.6662,0.5300,20.292,-7.265,9.422
3.150063,11.558,-4.321,-21.029,-0.2735,0.5723,0.4960,5.926,3.300,9.068
3.166730,11.194,-4.437,-20.957,-0.1816,0.2981,0.0738,-21.891,-6.063,5.861
3.183397,10.624,-4.853,-21.001,0.0605,0.1937,0.1109,-34.742,-25.106,2.349
3.200064,10.262,-5.109,-21.026,0.2522,-0.0896,-0.2103,-22.266,-15.529,1.528
3.216731,9.997,-5.326,-21.067,0.5964,-0.6507,-0.4975,-16.520,-13.312,0.133
3.233398,9.864,-5.288,-21.004,0.1914,0.2013,-0.1083,-7.974,2.867,3.530
3.250065,10.222,-5.052,-21.209,-0.6774,0.2001,0.2008,20.021,11.718,-14.348
3.266732,10.820,-4.640,-21.716,-0.5502,-0.4053,0.1729,32.967,18.730,-34.100
3.283399,11.063,-4.413,-22.391,-0.3049,0.2318,0.0732,11.050,5.611,-41.953
3.300066,11.158,-4.155,-22.932,-0.1346,0.0031,0.2029,2.966,8.794,-34.562
3.316733,11.479,-3.719,-23.228,0.0142,0.4668,0.0891,17.711,22.059,-22.260
3.333400,12.106,-3.034,-23.379,0.4988,0.0769,0.0238,36.713,38.239,-17.031
3.350067,12.999,-2.297,-23.293,0.3551,-0.3588,-0.1064,53.498,44.195,-4.333
3.366734,14.021,-1.634,-23.125,0.2696,-0.0491,-0.2155,61.316,40.935,0.700
3.383401,14.977,-1.138,-22.853,-0.4313,0.5951,0.1200,57.406,32.812,8.578
3.400068,15.989,-0.550,-22.543,0.0492,-0.3844,0.3193,60.601,38.913,8.743
3.416735,16.942,0.012,-22.273,-0.3463,0.5038,0.1687,56.938,36.806,6.157
3.433402,18.086,0.789,-22.087,-0.5763,-0.1374,0.1102,68.194,47.695,-3.151
3.450069,19.274,1.488,-22.215,-0.2781,-0.0807,-0.1059,71.076,37.187,-20.451
3.466736,20.274,1.911,-22.350,-0.4065,0.0583,0.0835,59.900,20.973,-15.977
3.483403,21.413,1.913,-22.399,-0.7103,0.7309,0.3203,68.121,-1.073,-2.559
3.500070,22.518,1.526,-22.632,-0.5687,0.1360,0.3005,66.355,-26.964,-3.986
3.516737,23.216,0.796,-22.886,0.0998,-0.8487,0.4524,41.873,-46.497,3.260
3.533404,23.717,0.033,-23.042,0.1227,-0.5286,-0.1998,29.856,-45.903,9.925
3.550071,24.201,-0.527,-23.338,-0.0401,-0.1430,-0.5422,28.676,-38.132,-2.300
3.566738,24.477,-0.601,-23.641,0.6685,-0.8000,-0.4652,16.114,-11.687,-14.470
3.583405,24.520,-0.641,-23.987,-0.1094,0.0374,-0.0768,2.119,-10.957,-17.642
3.600072,24.625,-0.692,-24.386,-0.2544,-0.4085,-0.4628,5.824,-12.818,-20.207
3.616739,24.756,-0.775,-25.021,-0.1400,-0.6237,-0.1528,7.136,-20.583,-32.275
3.633406,24.713,-0.916,-25.808,-0.4677,-0.3184,0.4528,-3.469,-27.605,-39.091
3.650073,24.221,-0.980,-26.553,-0.9145,-0.4831,0.3377,-30.384,-22.127,-38.873
3.666740,23.480,-0.894,-27.244,-0.6693,-0.2048,0.3200,-45.245,-12.233,-39.726
3.683407,22.907,-0.890,-28.096,-0.1879,-0.5996,-0.0910,-35.260,-20.074,-46.769
3.700074,22.598,-1.071,-28.558,1.0900,0.1190,0.2658,-19.041,-20.918,-21.111
3.716741,22.664,-1.278,-28.391,0.6237,0.5476,0.6535,4.049,-7.780,14.300
3.733408,20.914,-2.097,-28.968,-1.5750,-0.4569,-0.1042,-106.123,-58.620,-13.658
3.750075,20.478,-2.283,-29.442,1.2266,0.3918,-0.2068,-27.314,-20.635,-22.402
3.766742,20.392,-2.564,-29.607,0.4277,0.2512,0.8958,-5.649,-19.395,-3.160
3.783409,20.340,-2.832,-29.709,0.4319,0.5069,0.5996,-3.535,-17.338,0.143
3.800076,20.352,-3.065,-29.853,0.1863,0.0534,0.0135,0.083,-16.202,-3.023
3.816743,20.403,-3.266,-30.356,-0.4880,0.4111,-0.2066,1.232,-21.913,-23.820
3.833410,20.558,-3.399,-31.320,-0.3112,0.4244,0.0719,5.809,-27.811,-51.074
3.850077,21.016,-3.732,-32.401,-0.1079,0.8689,0.2194,23.223,-41.827,-53.198
3.866744,21.524,-4.040,-33.506,-0.4553,0.6336,-0.2090,25.820,-41.384,-54.662
3.883411,22.040,-4.303,-34.882,-0.1344,0.3416,-0.2673,24.712,-45.407,-70.345
3.900078,22.507,-4.590,-35.984,0.3863,0.6694,0.2761,22.680,-41.093,-54.156
3.916745,22.807,-5.141,-36.431,0.2822,1.0755,0.5637,15.452,-41.039,-11.651
3.933412,22.894,-5.628,-36.531,-0.6708,-0.1281,-0.0531,4.331,-29.462,6.096
3.950079,23.034,-5.647,-36.773,-0.7830,-0.2554,-0.0932,6.741,-6.942,-12.543
3.966746,23.244,-4.752,-37.497,-0.4588,-0.4086,0.0742,8.416,32.113,-60.557
3.983413,23.420,-4.945,-38.412,-0.4351,-0.8014,0.4971,5.711,-32.567,-45.323
4.000080,24.206,-5.715,-39.145,-0.4304,-0.1751,0.2809,42.868,-60.176,-21.115
4.016747,24.733,-6.794,-40.113,-0.7167,-0.0262,0.2020,25.148,-83.106,-25.443
4.033414,25.354,-7.874,-41.365,-0.1093,-0.7254,-0.3258,27.525,-90.520,-39.749
4.050081,26.025,-8.158,-42.967,0.3449,-0.6341,-0.4211,26.792,-56.909,-78.092
4.066748,26.858,-7.524,-44.589,0.8423,-0.7162,-0.4108,36.598,-9.109,-102.987
4.083415,27.834,-7.062,-46.203,-0.1422,-0.2911,0.0013,46.179,-19.666,-97.799
4.100082,28.746,-6.673,-47.974,0.3192,-0.0328,-0.0846,41.973,-29.614,-103.686
4.116749,29.431,-6.082,-49.320,0.5232,0.1817,-0.1277,32.065,-8.189,-87.151
4.133416,29.754,-5.392,-50.135,0.1075,0.3176,-0.1711,14.412,11.813,-62.439
4.150083,29.818,-4.671,-50.634,0.5066,0.2095,0.4957,1.084,22.604,-47.124
4.166750,29.641,-3.601,-50.708,0.7864,-0.0059,0.5544,-11.048,53.429,-35.461
4.183417,29.189,-2.161,-50.404,0.7001,-0.4874,0.1547,-26.332,84.041,-26.309
4.200084,28.837,-1.173,-49.979,0.0905,0.4270,0.9183,-20.555,64.140,-6.224
4.216751,28.722,-0.764,-49.623,-0.1590,0.4036,0.1235,-6.697,31.699,7.150
4.233418,28.695,-0.558,-49.253,-0.0601,0.2644,0.1657,-1.563,21.431,13.790
4.250085,28.596,-0.287,-48.803,-0.1059,0.0356,0.0847,-5.910,27.108,16.135
4.266752,28.300,0.101,-48.367,-0.1464,-0.0837,-0.2184,-17.922,32.777,12.131
4.283419,27.966,0.419,-48.027,0.1527,0.1298,0.1253,-20.277,26.341,9.218
4.300086,27.678,0.559,-47.722,0.4076,0.1846,0.5132,-17.639,15.911,12.543
4.316753,27.503,0.476,-47.349,0.4886,-0.2889,0.1486,-10.876,5.793,22.397
4.333420,27.359,0.158,-46.821,0.3716,0.0622,-0.1859,-9.033,-2.439,37.101
4.350087,27.008,0.000,-46.161,0.2027,-0.0959,-0.2769,-21.370,9.613,39.777
4.366754,26.431,0.043,-45.486,-0.0788,-0.4132,-0.1485,-34.839,20.428,35.244
4.383421,25.888,0.236,-45.148,-0.4767,-0.0038,-0.2507,-32.839,19.314,13.301
4.400088,25.491,0.476,-45.189,-0.8590,0.4530,0.0892,-24.033,11.829,-8.222
4.416755,25.357,0.815,-45.368,-0.3535,-0.4949,0.0450,-8.077,13.670,-18.199
4.433422,25.351,1.280,-45.579,-0.5150,-0.5606,0.2482,-0.282,19.704,-23.146
4.450089,25.307,1.498,-45.714,-0.5294,-0.1173,0.1777,-2.609,8.242,-12.709
4.466756,25.208,1.578,-45.766,-0.5114,-0.1807,0.0364,-5.951,2.871,-4.602
4.483423,24.981,1.649,-45.595,-0.4478,-0.1964,-0.0029,-14.033,8.121,7.686
4.500090,24.667,1.803,-45.425,-0.1241,-0.0733,-0.0915,-19.245,12.542,5.624
4.516757,24.356,1.982,-45.394,0.1667,-0.1931,-0.0322,-18.813,10.415,-2.520
4.533424,24.037,2.077,-45.378,-0.0529,-0.3015,-0.0029,-19.227,5.494,-1.193
4.550091,23.906,1.912,-45.464,-0.1763,0.0703,0.2757,-7.748,-11.271,-0.420
4.566758,23.904,1.718,-45.764,-0.0038,0.2700,0.2463,0.382,-18.020,-11.510
4.583425,23.976,1.558,-46.116,0.0644,-0.0358,-0.0998,4.829,-17.502,-15.152
4.600092,24.095,1.464,-46.407,0.0269,-0.0869,-0.1239,7.529,-12.370,-13.391
4.616759,24.244,1.397,-46.707,-0.0777,-0.1387,0.0927,9.293,-11.120,-14.548
4.633426,24.330,1.267,-46.908,0.0901,0.1642,0.5065,5.325,-12.186,-7.574
4.650093,24.425,1.006,-47.094,-0.0454,0.0368,0.3689,5.874,-18.986,-3.394
4.666760,24.471,0.651,-47.186,0.2639,0.2221,-0.0172,2.756,-21.769,3.969
4.683427,24.424,0.239,-47.176,0.2117,0.1086,-0.4239,-2.927,-22.371,11.068
4.700094,24.420,-0.127,-47.154,0.2110,0.0367,-0.2653,-0.395,-19.568,10.499
4.716761,24.553,-0.381,-47.164,0.1433,-0.0649,0.0641,7.862,-14.229,5.991
4.733428,24.847,-0.557,-47.299,0.0066,-0.1290,0.2070,17.445,-13.033,-2.689
4.750095,25.166,-0.610,-47.467,0.0077,-0.0076,0.1246,18.964,-7.222,-7.567
4.766762,25.492,-0.552,-47.654,-0.0110,-0.0997,-0.0245,19.324,-1.766,-11.396
4.783429,25.670,-0.486,-47.796,-0.1803,-0.1209,0.0092,10.461,-0.171,-9.169
4.800096,25.653,-0.362,-47.975,-0.1180,0.0208,0.2163,-1.194,1.928,-12.693
4.816763,25.539,-0.222,-48.238,0.1740,0.2475,0.4952,-7.048,0.684,-17.616
4.833430,25.410,-0.126,-48.427,-0.0461,-0.2496,-0.1868,-7.882,0.262,-12.475
4.850097,25.614,-0.045,-48.473,-1.0718,-1.3172,-2.2516,12.092,3.071,-4.386
4.866764,27.054,-0.357,-47.786,0.6918,-0.3480,0.2962,86.478,1.421,45.492
4.883431,27.402,-0.191,-47.396,0.1215,0.0792,0.3420,20.950,19.549,16.428
4.900098,28.027,-0.134,-47.138,-0.5146,-0.1497,0.1610,37.507,10.169,12.381
4.916765,28.687,-0.303,-47.064,0.3710,0.4967,0.8967,39.524,-6.865,8.918
4.933432,29.243,-0.555,-46.963,0.0771,0.0863,0.0666,33.329,-10.403,12.889
4.950099,29.610,-0.785,-46.946,0.0447,0.1618,-0.0514,21.950,-11.580,7.857
4.966766,30.044,-0.818,-47.039,-0.2159,-0.0157,0.2552,25.876,-4.532,-3.629
4.983433,30.818,-0.844,-47.241,-0.2175,-0.3698,-0.0361,46.157,-7.585,-9.410
5.000100,31.608,-0.840,-47.556,-0.1209,-0.1082,0.2188,47.060,-9.636,-16.107
5.016767,32.385,-0.657,-47.836,-0.0490,-0.1079,-0.0954,46.334,0.363,-19.814
5.033434,33.096,-0.536,-48.059,0.0803,0.1282,0.4459,42.467,-1.256,-14.952
5.050101,33.535,-0.455,-48.230,0.0008,0.4745,0.8626,26.169,-1.605,-11.042
5.066768,33.828,-0.562,-48.289,-0.1404,0.4509,0.8175,17.462,-7.415,0.861
5.083435,33.981,-0.854,-48.182,0.4287,0.3710,0.4043,9.138,-11.028,15.323
5.100102,34.163,-1.143,-48.009,0.1752,0.1794,0.0192,10.990,-8.646,18.566
5.116769,34.487,-1.525,-47.802,0.0003,0.1399,-0.0803,19.601,-11.973,23.400
5.133436,34.817,-1.890,-47.573,-0.2996,0.2693,0.0074,20.089,-10.323,23.996
5.150103,35.042,-2.189,-47.229,-0.1764,-0.1459,-0.2487,14.136,-2.939,27.433
5.166770,35.181,-2.359,-47.021,0.2172,-0.2416,0.0791,8.682,-1.291,16.333
5.183437,35.166,-2.633,-46.963,-0.0494,0.2419,0.1699,-0.898,-11.549,12.549
5.200104,35.152,-2.780,-47.024,0.1209,-0.0349,0.0493,-1.144,-9.386,2.285
5.216771,35.084,-2.932,-46.994,-0.2500,-0.2148,-0.0607,-4.091,-6.491,6.992
5.233438,35.155,-3.266,-46.785,-0.4533,-0.0851,0.0292,4.807,-9.319,21.990
5.250105,35.304,-3.799,-46.347,-0.0806,-0.7634,-0.1184,10.459,-11.055,40.126
5.266772,35.450,-4.346,-45.793,-0.2225,-0.1055,0.1751,11.043,-7.668,46.255
5.283439,35.640,-4.935,-45.105,-0.1784,-0.4977,0.2507,14.629,-4.921,54.257
5.300106,35.802,-5.669,-44.287,-0.4008,-0.8352,-0.4178,14.207,-7.319,65.656
5.316773,35.948,-6.568,-43.261,0.3432,0.4264,0.3804,15.227,-7.894,81.418
5.333440,36.057,-7.615,-42.179,0.2079,0.6657,0.9184,14.541,-13.034,89.270
5.350107,36.132,-8.612,-41.389,-0.8702,-0.8609,-0.4304,11.054,-20.796,73.397
5.366774,36.350,-9.165,-40.926,0.0853,-0.1561,0.3468,17.336,-10.631,42.030
5.383441,36.347,-9.495,-40.414,-0.3063,0.4174,0.0787,4.724,1.921,36.353
5.400108,36.226,-9.709,-39.905,0.1609,0.7026,-0.1616,-2.213,7.384,32.089
5.416775,36.181,-9.815,-39.475,0.1176,0.1076,-0.0456,1.568,9.743,24.493
5.433442,36.341,-10.020,-39.025,0.3597,-0.4701,-0.2415,14.189,5.731,29.063
5.450109,36.634,-10.070,-38.702,0.0662,-0.4397,-0.2192,20.858,8.711,17.191
5.466776,36.896,-10.049,-38.528,0.0751,0.5728,0.6709,17.859,8.202,9.333
5.483443,37.055,-10.145,-38.187,-0.1124,0.6217,0.1835,12.760,6.669,18.632
5.500110,37.253,-10.396,-37.861,-0.0360,-0.1483,-0.0953,15.248,-0.445,24.750
5.516777,37.536,-10.846,-37.572,-0.0986,-0.2674,-0.1212,20.204,-10.947,30.532
5.533444,37.939,-11.223,-37.426,-0.1496,0.1641,0.3866,25.792,-12.598,21.093
5.550111,38.185,-11.601,-37.235,0.0006,0.6330,0.7035,16.392,-12.410,21.176
5.566778,38.295,-12.018,-37.146,-0.1918,0.6957,0.3915,7.903,-15.783,20.920
5.583445,38.241,-12.140,-37.220,-0.2889,-0.0415,-0.1508,-3.687,-7.042,3.472
5.600112,38.164,-11.946,-37.258,-0.0271,-0.6956,-0.3044,-5.572,6.823,-9.782
5.616779,38.348,-11.688,-37.247,0.1289,-0.5134,-0.3346,10.375,10.659,-11.320
5.633446,38.499,-11.239,-37.388,-0.2769,0.0791,-0.3657,7.042,15.306,-23.749
5.650113,38.509,-10.592,-37.841,-0.0798,0.2755,-0.0874,-4.573,13.854,-44.485
5.666780,38.300,-9.746,-38.620,-0.0022,0.1778,-0.1338,-20.805,11.319,-66.976
5.683447,37.913,-8.863,-39.786,0.5585,0.1504,-0.0036,-34.698,-1.315,-87.138
5.700114,37.313,-8.315,-40.914,0.9590,0.2638,-0.1767,-46.198,-14.763,-72.699
5.716781,36.700,-7.698,-41.995,-0.2277,1.1140,0.4085,-46.515,-11.016,-76.024
5.733448,36.287,-6.977,-43.147,0.2567,-0.0201,0.4759,-34.809,-9.866,-86.178
5.750115,36.262,-6.255,-44.685,-0.0481,-0.8450,-0.1459,-11.952,-17.973,-97.053
5.766782,36.192,-5.505,-46.073,0.2670,-0.1930,0.1790,-12.636,-11.996,-92.053
5.783449,36.146,-4.877,-47.117,-0.4059,0.0225,-0.3948,-8.804,-7.324,-73.729
5.800116,36.175,-4.513,-47.649,-0.6653,-0.0683,-0.0892,-0.554,0.842,-35.170
5.816783,36.176,-4.229,-47.908,0.0500,-0.2502,0.4514,-1.342,4.102,-22.889
5.833450,36.087,-3.855,-48.127,-0.0477,-0.5414,0.3804,-6.326,10.693,-23.075
5.850117,36.022,-3.421,-48.168,-0.0867,-0.2193,0.1701,-4.133,19.538,-16.997
5.866784,36.039,-2.997,-48.210,-0.0449,-0.4944,-0.1162,0.745,18.894,-16.926
5.883451,35.755,-2.687,-48.248,0.4036,0.2991,0.2924,-17.180,13.890,-12.213
5.900118,35.388,-2.539,-48.307,0.2159,-0.3003,-0.6738,-22.282,5.138,-7.775
5.916785,35.233,-2.383,-48.148,-0.4821,0.5306,0.1235,-9.036,13.011,2.481
5.933452,35.269,-2.262,-47.982,-0.1859,0.1805,0.5328,2.486,11.624,4.289
5.950119,35.314,-2.222,-47.915,-0.2130,-0.4310,0.2194,2.720,4.239,2.182
5.966786,35.357,-2.279,-47.787,-0.3551,-0.6391,-0.0606,2.890,2.098,9.363
5.983453,35.426,-2.401,-47.304,0.1733,-0.4258,0.0445,5.261,11.050,28.534
6.000120,35.529,-2.804,-46.251,0.2370,0.5723,0.3179,8.928,16.572,65.156
6.016787,35.716,-3.672,-44.846,-0.2959,-0.0901,-0.2944,15.792,5.987,98.010
6.033454,35.968,-4.717,-43.585,-0.2257,-0.6217,-0.3661,20.638,-6.247,98.829
6.050121,36.205,-5.648,-42.521,0.4470,-0.0237,0.2551,19.880,-7.970,84.228
6.066788,36.349,-6.418,-41.725,0.3350,-0.0427,0.1508,13.644,-8.968,66.204
6.083455,36.507,-6.985,-41.085,0.0487,-0.0715,-0.0602,13.854,-4.984,50.825
6.100122,36.719,-7.411,-40.557,-0.2405,-0.0119,-0.4359,16.718,-1.435,41.355
6.116789,36.928,-7.782,-40.087,-0.0312,0.1457,-0.0857,16.175,-1.134,35.887
6.133456,37.162,-8.099,-39.693,-0.3503,-0.0340,0.1511,17.212,-1.111,30.418
6.150123,37.318,-8.449,-39.359,-0.3272,0.1069,0.5373,12.214,-4.568,29.078
6.166790,37.314,-8.747,-39.059,-0.2113,0.3102,0.4694,2.356,-3.571,25.228
6.183457,37.236,-8.968,-38.809,0.0392,0.1424,0.2473,-2.441,-1.648,20.031
6.200124,37.219,-9.209,-38.393,0.4407,0.3664,0.3780,2.844,3.347,28.692
6.216791,37.233,-9.528,-37.825,0.3237,0.1450,0.2313,6.304,5.091,38.676
6.233458,37.218,-9.813,-37.400,0.1517,0.0258,0.1656,3.273,1.490,30.559
6.250125,37.131,-10.030,-37.092,0.4451,0.0622,0.1133,-2.127,0.491,22.622
6.266792,37.080,-10.197,-36.940,0.3439,-0.0745,0.0066,-1.601,-2.649,13.421
6.283459,36.999,-10.296,-37.084,-0.1208,0.4276,0.1690,-6.507,-9.967,-3.034
6.300126,36.907,-10.344,-37.637,-0.2643,-0.1959,-0.4501,-11.648,-21.986,-24.179
6.316793,36.801,-10.485,-37.936,-0.0887,-0.4917,-0.1159,-9.738,-17.486,-8.810
6.333460,36.767,-10.354,-38.127,-0.7657,0.3747,0.0651,-4.216,-0.491,-13.447
6.350127,36.615,-10.219,-38.495,-0.5473,0.4100,0.1344,-13.150,-6.511,-21.958
6.366794,36.604,-10.143,-38.896,-0.5952,-0.2764,-0.0679,-5.004,-10.550,-21.496
6.383461,36.599,-10.250,-39.140,0.1449,-0.5086,0.2019,-2.972,-13.847,-7.515
6.400128,36.496,-10.217,-39.264,0.2377,-0.1747,0.2307,-7.712,-3.145,-7.150
6.416795,36.350,-10.219,-39.320,0.4421,-0.4662,0.2001,-9.507,-2.304,-2.617
6.433462,36.218,-10.267,-39.282,0.4850,-0.3459,0.3440,-7.619,-1.105,3.697
6.450129,36.112,-10.386,-39.219,0.2390,-0.1156,0.0964,-5.757,-3.545,7.622
6.466796,36.044,-10.523,-39.182,-0.3581,0.5180,0.1614,-3.761,-5.427,6.770
6.483463,35.874,-10.416,-39.111,-0.8942,0.6355,-0.7387,-9.518,7.609,-0.065
6.500130,35.725,-10.310,-39.033,0.9196,-0.8980,0.2258,-8.150,7.881,0.455
6.516797,35.490,-10.159,-38.853,-0.1842,-0.4795,0.3112,-12.376,13.219,3.091
6.533464,35.293,-10.093,-38.609,0.0102,-0.5093,0.0725,-9.409,11.238,9.281
6.550131,35.174,-10.144,-38.483,-0.0023,0.4019,0.6056,-6.059,1.403,7.525
6.566798,35.122,-10.264,-38.447,-0.0224,0.1071,0.3377,-2.886,-4.963,5.718
6.583465,35.067,-10.419,-38.352,0.2208,-0.0693,0.2119,-2.228,-4.105,10.735
6.600132,34.995,-10.631,-38.229,-0.1017,0.5082,0.1980,-3.029,-6.237,13.640
6.616799,34.963,-10.796,-38.213,-0.2364,0.2981,-0.1200,-1.722,-7.345,7.177
6.633466,34.955,-10.925,-38.274,0.1640,-0.2817,-0.0657,-1.032,-7.903,2.676
6.650133,34.892,-11.173,-38.161,0.1988,-0.2092,0.1357,-2.630,-8.649,13.868
6.666800,34.809,-11.446,-37.979,-0.0818,0.4473,0.2085,-2.905,-7.336,18.511
6.683467,34.659,-11.696,-37.807,-0.2057,0.2153,0.0757,-6.699,-5.813,18.482
6.700134,34.527,-11.890,-37.599,-0.2898,-0.0441,-0.2998,-5.465,-2.735,16.877
6.716801,34.308,-12.110,-37.265,-0.2007,0.1514,0.2642,-8.968,0.353,24.219
6.733468,33.992,-12.514,-36.787,-0.1754,0.2494,0.3526,-13.038,-4.567,36.827
6.750135,33.610,-12.893,-36.316,0.1157,0.4633,0.3612,-16.565,-3.225,36.542
6.766802,33.176,-13.281,-35.758,0.0740,0.4526,0.3300,-18.464,-1.325,40.786
6.783469,32.786,-13.816,-35.105,0.1698,-0.4941,-0.1485,-14.192,-6.061,50.078
6.800136,32.534,-14.373,-34.609,-0.3581,0.2708,0.1538,-8.057,-12.701,42.462
6.816803,32.351,-14.939,-34.065,-0.5732,0.8679,-0.0809,-2.835,-11.832,45.106
6.833470,32.185,-15.602,-33.429,-0.3930,0.4862,-0.2521,-0.024,-14.071,52.714
6.850137,31.987,-16.266,-32.561,0.1223,0.7860,0.5973,2.265,-7.261,63.871
6.866804,31.776,-17.002,-31.566,0.3860,-0.5763,-0.2557,4.288,-7.392,72.161
6.883471,31.657,-17.385,-31.008,0.1994,-1.2028,-0.5473,2.615,-2.831,39.593
6.900138,31.482,-17.600,-30.361,-0.4969,0.6251,0.0822,1.035,8.291,38.541
6.916805,31.326,-18.037,-29.582,0.1249,0.0932,0.3427,4.813,0.680,51.894
6.933472,31.196,-18.469,-28.920,-0.0856,-0.2061,0.0481,4.505,-2.684,45.989
6.950139,31.002,-18.691,-28.394,0.2262,-0.5467,-0.2208,-1.697,3.922,32.745
6.966806,30.787,-18.821,-27.896,0.1639,-0.0977,-0.2582,-3.415,7.777,28.576
6.983473,30.661,-18.802,-27.646,0.1336,-1.0792,-1.0090,-2.858,8.098,11.838
7.000140,30.679,-18.377,-27.789,-0.1578,-0.2303,-0.3441,-1.794,17.702,-19.741
7.016807,30.697,-18.116,-27.935,0.0495,-0.1325,1.0558,-1.731,9.102,-14.917
7.033474,30.698,-17.993,-27.989,-0.0802,-0.0747,0.2183,-1.081,4.701,-6.197
7.050141,30.624,-17.821,-27.924,0.0322,0.2413,-0.2110,-3.325,10.703,-1.823
7.066808,30.495,-17.559,-27.845,0.0082,-0.5878,-0.4328,-6.396,15.751,-3.847
7.083475,30.390,-17.112,-27.866,0.1282,-0.6223,-0.2746,-6.792,22.391,-14.398
7.100142,30.337,-16.543,-28.077,-0.1976,-0.1313,-0.3971,-6.941,23.231,-27.459
7.116809,30.335,-15.904,-28.548,-0.3184,0.4360,0.5578,-8.129,19.287,-42.565
7.133476,30.403,-15.375,-29.266,-0.6608,0.1577,0.8570,-7.583,6.321,-51.588
7.150143,30.484,-14.924,-30.087,0.1641,-0.3100,0.1199,-8.145,-0.843,-54.500
7.166810,30.634,-14.599,-30.943,0.0290,0.0479,-0.7084,-4.152,-8.575,-52.419
7.183477,30.929,-14.169,-31.991,-0.2484,0.5636,-0.3178,1.994,-9.061,-65.277
7.200144,31.493,-13.818,-33.174,0.0288,-0.0314,0.4136,16.591,-17.814,-69.564
7.216811,32.166,-13.539,-34.352,-0.1813,0.2340,0.3764,23.582,-22.105,-66.939
7.233478,32.519,-13.149,-35.294,0.0125,0.2815,0.4006,8.031,-9.714,-58.719
7.250145,32.722,-12.868,-35.906,0.2931,-0.0363,0.2133,3.817,-5.188,-38.911
7.266812,32.864,-12.593,-36.309,-0.1363,0.5809,0.1819,3.111,1.021,-28.506
7.283479,33.031,-12.234,-36.793,0.1060,-0.1274,-0.1708,3.655,2.551,-35.256
7.300146,33.253,-12.064,-37.141,0.8480,0.0523,0.1784,8.880,-2.660,-22.283
7.316813,33.430,-12.051,-37.122,0.3479,0.3536,0.0566,10.705,1.195,0.770
7.333480,33.527,-12.017,-37.044,-0.3767,-0.0682,-0.1894,6.679,4.154,2.957
7.350147,33.622,-11.943,-37.046,-0.2641,0.1229,0.1971,5.568,3.574,-2.281
7.366814,33.660,-11.855,-37.038,0.0729,0.0251,0.4462,2.286,4.556,-2.290
7.383481,33.758,-11.795,-37.142,0.2521,-0.5138,0.0560,4.479,-0.481,-6.830
7.400148,33.885,-11.737,-37.389,0.1033,0.3558,0.4864,4.432,-5.322,-13.887
7.416815,33.914,-11.633,-37.692,0.3352,0.3528,0.0814,-2.057,-4.738,-17.863
7.433482,34.239,-11.693,-38.140,-0.2225,-0.3669,-0.3765,13.886,-17.967,-19.781
7.450149,34.944,-11.803,-38.754,-0.5714,-0.5745,-0.4740,34.615,-26.066,-25.877
7.466816,35.831,-11.635,-39.643,-0.2498,-0.4059,-0.0515,42.271,-22.134,-48.176
7.483483,36.537,-11.091,-40.595,-0.1543,0.0025,0.6125,30.358,-8.386,-66.825
7.500150,36.869,-10.413,-41.626,0.1821,0.6193,0.7216,8.212,-3.936,-72.989
7.516817,37.004,-9.913,-42.501,0.5225,0.3860,0.3678,-1.730,-8.403,-61.074
7.533484,37.013,-9.644,-42.826,0.4440,0.0992,0.0695,-2.933,1.097,-25.097
7.550151,37.190,-9.622,-43.012,-0.6899,0.0118,-0.4410,8.585,-5.679,-9.333
7.566818,37.542,-9.618,-43.390,0.0347,-0.0582,0.0308,17.256,-13.409,-17.606
7.583485,37.751,-9.450,-43.606,0.3830,-0.0599,0.3698,10.372,0.357,-15.580
7.600152,37.770,-9.174,-43.662,0.4037,0.2518,0.6034,0.634,11.548,-11.712
7.616819,37.630,-8.997,-43.537,0.1910,0.0341,0.1930,-7.301,12.947,-0.175
7.633486,37.669,-8.955,-43.521,-0.2641,-0.5208,-0.4971,2.454,2.888,-0.008
7.650153,37.836,-8.971,-43.570,-0.0294,-0.6421,-0.5943,9.330,-2.906,-1.926
7.666820,37.992,-9.026,-43.678,-0.4140,-0.3386,-0.1669,8.268,-6.625,-2.827
7.683487,38.029,-9.062,-43.908,0.0445,0.0855,0.4930,-0.042,-9.947,-8.894
7.700154,37.899,-9.145,-43.823,0.4433,0.3843,0.6527,-6.840,-0.201,8.327
7.716821,37.674,-9.158,-43.598,0.1602,-0.2230,-0.0667,-11.572,7.281,11.001
7.733488,37.402,-9.003,-43.400,0.2017,-0.4603,-0.2834,-14.647,14.127,3.375
7.750155,37.292,-8.772,-43.215,0.4395,-0.3101,-0.0857,-4.944,17.880,0.929
7.766822,37.568,-8.593,-43.124,-0.0582,-0.8152,-0.6889,17.249,11.634,-2.232
7.783489,38.235,-8.558,-43.050,-0.0192,-0.6748,-0.5216,40.640,4.534,2.673
7.800156,39.216,-8.578,-43.043,-0.1296,-0.0185,-0.1006,58.807,-0.718,1.351
7.816823,40.215,-8.552,-43.150,-0.2311,0.5863,0.9655,58.879,-2.968,-5.809
7.833490,40.827,-8.546,-43.326,-0.0144,0.0995,0.9579,35.017,-6.550,-7.963
7.850157,41.251,-8.457,-43.575,-0.0405,-0.1134,-0.0382,23.117,-5.766,-14.424
7.866824,41.670,-8.211,-43.837,0.0603,0.2304,-0.3440,22.786,0.707,-21.226
7.883491,42.272,-7.843,-44.118,-0.0853,0.2083,-0.2445,33.642,5.194,-26.998
7.900158,42.920,-7.315,-44.527,-0.2211,0.4383,0.5785,35.544,6.771,-39.140
7.916825,43.348,-6.794,-44.939,-0.4048,0.3818,0.6047,22.520,6.004,-39.040
7.933492,43.673,-6.364,-45.362,-0.3078,0.2824,-0.0934,16.424,1.249,-35.862
7.950159,43.914,-6.017,-45.712,0.2366,0.0877,-0.0692,12.122,0.535,-29.224
7.966826,44.041,-5.823,-45.828,0.2699,0.1813,0.2353,6.787,3.502,-12.860
7.983493,44.054,-5.617,-45.904,0.1938,-0.1567,0.0366,0.180,5.656,-11.621
8.000160,44.010,-5.379,-46.014,-0.1574,-0.1068,-0.2586,-3.398,5.640,-14.457
8.016827,44.106,-5.062,-46.290,-0.1823,-0.4425,-0.5778,4.106,2.159,-24.826
8.033494,44.228,-4.676,-46.654,0.0431,0.0019,0.2915,5.354,1.342,-31.542
8.050161,44.312,-4.305,-47.064,-0.0760,-0.0708,0.5284,3.021,-1.254,-32.861
8.066828,44.287,-3.915,-47.562,0.1142,0.1054,0.5099,-3.773,-4.109,-37.465
8.083495,44.254,-3.526,-48.162,0.1568,0.2095,0.3549,-4.434,-8.417,-41.803
8.100162,44.217,-3.109,-48.742,0.5556,0.4036,0.4296,-4.383,-6.388,-42.084
8.116829,43.891,-2.708,-48.847,1.1257,0.3224,0.9778,-19.997,12.858,-21.079
8.133496,43.028,-2.417,-48.552,1.0708,0.7680,1.5403,-51.126,24.782,1.039
8.150163,42.263,-2.485,-48.058,0.1394,-0.1000,0.2139,-44.815,16.962,24.725
8.166830,41.794,-2.926,-47.525,-0.6720,0.1865,-0.4018,-26.819,1.656,41.642
8.183497,41.342,-3.296,-47.186,-0.6667,-0.2085,-0.5821,-26.156,-3.178,30.156
8.200164,40.752,-3.440,-47.051,-0.2020,-0.2355,0.2657,-35.081,-1.290,11.977
8.216831,40.087,-3.495,-47.072,0.4866,-0.3552,0.6471,-40.107,-3.399,1.376
8.233498,39.556,-3.588,-47.089,0.8735,-0.5558,0.2990,-32.092,-4.984,2.958
8.250165,39.366,-3.837,-46.674,-1.4113,-0.1072,-0.8066,-9.973,4.225,28.878
8.266832,39.201,-3.815,-46.042,-1.2861,1.4887,-0.3514,-7.475,24.897,28.628
8.283499,39.130,-3.880,-45.213,0.4181,0.4089,0.1918,-1.069,28.229,41.225
8.300166,39.031,-3.967,-44.375,0.1847,-0.4354,0.2628,-2.634,27.503,42.445
8.316833,38.742,-3.927,-43.903,0.0789,-0.1498,0.1774,-15.544,19.526,20.714
8.333500,38.395,-3.893,-43.613,-0.5623,0.1749,-0.3304,-19.814,12.353,12.491
8.350167,38.143,-3.897,-43.368,-0.0730,0.1740,-0.0946,-14.273,8.801,11.914
8.366834,37.928,-4.008,-43.067,-0.2152,0.2140,0.0217,-11.764,5.788,18.538
8.383501,37.690,-4.235,-42.645,-0.0479,-0.0929,0.0747,-12.627,4.629,28.556
8.400168,37.364,-4.405,-42.192,-0.3426,-0.4225,-0.4074,-17.668,8.367,27.989
8.416835,37.018,-4.533,-41.746,-0.2872,0.1999,-0.2188,-18.758,9.969,26.115
8.433502,36.607,-4.780,-41.214,-0.0004,0.0516,0.0765,-22.224,7.108,34.605
8.450169,36.277,-5.190,-40.767,-0.1316,-0.2810,0.3092,-17.637,-4.005,36.316
8.466836,35.895,-5.498,-40.459,-0.0915,-0.5634,0.0781,-21.296,-4.212,26.045
8.483503,35.552,-5.627,-40.188,0.1719,-0.4796,-0.3562,-19.131,3.139,17.880
8.500170,35.328,-5.745,-39.911,0.0742,-0.2594,-0.2362,-11.919,3.729,17.862
8.516837,35.211,-5.918,-39.718,-0.0645,-0.0649,0.2671,-5.941,-1.852,15.636
8.533504,35.083,-6.035,-39.706,-0.2142,0.0295,0.3985,-7.732,-5.432,4.887
8.550171,34.817,-6.023,-39.683,0.4518,-0.2496,0.3283,-15.962,1.358,1.026
8.566838,34.426,-5.990,-39.559,0.5018,-0.0852,0.3169,-22.747,5.804,5.244
8.583505,33.985,-5.986,-39.468,0.4251,-0.1168,0.1156,-26.057,3.199,4.624
8.600172,33.587,-6.115,-39.398,0.4340,0.2672,0.4548,-23.523,-4.208,7.905
8.616839,33.271,-6.412,-39.206,0.2292,0.3177,0.3660,-17.846,-8.574,19.730
8.633506,33.079,-6.803,-38.925,-0.1346,0.4862,0.3045,-9.675,-10.494,27.173
8.650173,32.950,-7.207,-38.658,-0.1850,0.3885,0.0656,-5.981,-11.714,26.738
8.666840,32.819,-7.596,-38.444,-0.1537,0.2256,0.3095,-6.324,-12.775,23.526
8.683507,32.629,-7.909,-38.286,-0.0003,0.0269,0.3949,-10.303,-10.808,18.249
8.700174,32.441,-8.187,-38.214,0.2733,0.0262,0.4107,-10.832,-11.827,12.771
8.716841,32.256,-8.449,-38.305,0.4816,0.0868,0.2649,-12.029,-16.266,4.124
8.733508,32.032,-8.701,-38.456,0.3929,0.0432,0.1454,-14.917,-17.643,0.606
8.750175,31.834,-9.017,-38.694,0.3931,-0.7352,0.0834,-14.267,-23.587,-1.692
8.766842,31.526,-9.398,-38.841,0.4016,-0.3187,0.9600,-20.059,-24.148,4.765
8.783509,30.947,-9.831,-39.047,-0.1184,0.5938,0.8722,-36.946,-28.582,3.234
8.800176,30.178,-10.644,-38.694,1.5496,1.9713,2.1587,-42.536,-31.459,42.973
8.816843,29.229,-11.300,-38.318,-2.6274,0.1954,-1.2228,-52.827,-23.249,38.935
8.833510,28.588,-11.829,-38.090,-0.4175,0.0272,-0.7513,-35.898,-21.367,27.305
8.850177,28.206,-12.336,-37.830,-0.4733,0.0970,-0.9504,-19.816,-19.612,28.106
8.866844,27.958,-12.792,-37.590,-0.3669,-0.0490,-0.7865,-11.923,-17.574,25.529
8.883511,27.739,-13.117,-37.386,-0.4088,-0.2384,-0.1598,-10.509,-11.781,19.929
8.900178,27.421,-13.364,-37.219,-0.1750,-0.7255,0.1005,-16.948,-8.720,15.748
8.916845,27.110,-13.638,-37.099,-0.0453,-0.8382,-0.2791,-17.126,-11.467,14.057
8.933512,26.823,-13.907,-37.090,-0.1070,-0.4297,-0.3598,-17.218,-14.190,8.008
8.950179,26.502,-14.114,-37.141,0.0396,-0.4621,-0.1527,-20.160,-12.540,3.130
8.966846,26.115,-14.230,-37.186,0.1150,-0.4663,0.1151,-23.977,-7.445,0.995
8.983513,25.737,-14.287,-37.221,0.0629,-0.5732,0.1797,-23.328,-4.080,-0.116
9.000180,25.412,-14.397,-37.214,-0.1244,0.1046,0.0253,-19.561,-5.853,3.405
9.016847,25.128,-14.556,-37.174,0.2258,-0.0987,-0.2424,-16.504,-7.702,6.446
9.033514,24.923,-14.675,-37.166,0.0814,-0.3149,-0.1420,-12.319,-6.305,3.627
9.050181,24.727,-14.738,-37.174,-0.0278,-0.2171,0.1590,-11.988,-3.718,1.361
9.066848,24.515,-14.770,-37.206,-0.1319,0.0916,0.1771,-13.310,-2.605,-0.635
9.083515,24.373,-14.798,-37.192,-0.0869,-0.0473,-0.0162,-8.484,-1.268,1.645
9.100182,24.291,-14.860,-37.134,-0.0193,-0.0928,-0.0432,-4.099,-2.060,4.791
9.116849,24.145,-15.067,-36.933,-0.1371,0.3351,0.3940,-5.780,-6.659,15.911
9.133516,23.809,-15.433,-36.625,-0.1237,0.2275,0.6047,-15.445,-12.856,25.415
9.150183,23.305,-15.902,-36.169,-0.2946,0.2414,0.3303,-22.956,-15.366,35.645
9.166850,22.831,-16.402,-35.626,0.1820,-0.1383,-0.1616,-19.457,-15.393,40.780
9.183517,22.440,-16.837,-34.984,0.4627,-0.1150,-0.2992,-12.618,-9.979,44.312
9.200184,22.153,-17.174,-34.358,0.0882,-0.5966,-0.0729,-6.329,-5.142,41.163
9.216851,21.981,-17.864,-33.804,-0.2431,-0.1434,0.1733,-0.428,-26.496,45.123
9.233518,21.977,-18.879,-33.243,-0.3914,-0.0834,-0.1984,10.230,-44.651,52.593
9.250185,21.875,-19.795,-32.565,-0.0037,0.3201,-0.2675,7.233,-36.705,56.346
9.266852,21.548,-20.328,-31.890,-0.4307,0.1403,-0.7655,-5.831,-15.727,47.381
9.283519,21.011,-20.471,-31.182,0.1561,-0.1618,-0.7783,-17.547,6.371,40.479
9.300186,20.444,-20.558,-30.332,0.4115,-0.8820,-0.7475,-16.241,11.942,46.718
9.316853,20.016,-20.785,-29.422,0.4091,-0.4481,-0.3388,-6.495,4.833,52.870
9.333520,19.602,-21.063,-28.391,0.2573,0.2639,0.2782,-2.888,3.806,60.164
9.350187,19.025,-21.173,-27.366,-0.1271,-0.0199,0.2590,-12.574,12.708,56.536
9.366854,18.482,-21.227,-26.416,-0.0855,-0.1128,-0.0836,-12.076,13.918,51.547
9.383521,18.003,-21.190,-25.614,0.2483,-0.6397,-0.0987,-11.452,16.054,42.096
9.400188,17.506,-21.069,-24.851,0.3246,-0.4232,0.0108,-13.449,19.916,38.647
9.416855,17.000,-20.928,-23.933,0.2610,0.3774,0.1733,-10.711,23.258,46.753
9.433522,16.525,-20.935,-23.042,-0.1618,0.5199,0.6387,-9.564,13.892,48.112
9.450189,16.282,-21.215,-22.209,-0.2342,0.1999,0.8883,3.333,-2.978,49.707
9.466856,16.201,-21.584,-21.570,-0.5192,0.4088,0.6243,8.971,-11.333,40.631
9.483523,16.155,-21.756,-21.182,-0.4305,0.0750,0.0875,5.717,-3.985,23.832
9.500190,16.091,-21.631,-20.970,-0.5110,0.1221,0.1249,0.749,10.409,9.491
9.516857,16.057,-21.431,-20.787,-0.0809,-0.0036,0.3608,1.880,14.262,6.728
9.533524,16.052,-21.233,-20.580,0.1364,0.3184,0.2880,4.137,14.564,8.047
9.550191,16.028,-21.110,-20.339,0.0738,0.5544,0.0470,3.613,10.731,11.124
9.566858,15.890,-20.989,-20.102,0.0615,0.0840,-0.2938,-3.272,10.558,11.012
9.583525,15.563,-20.795,-19.846,0.1926,-0.2165,-0.0213,-14.269,14.962,10.895
9.600192,15.183,-20.640,-19.555,0.4435,-0.6021,0.6021,-16.720,13.252,13.500
9.616859,14.869,-20.508,-19.272,0.2144,-0.2141,0.4020,-13.021,11.670,13.511
9.633526,14.713,-20.364,-19.146,0.0655,-0.1031,-0.4210,-6.840,10.120,4.851
9.650193,14.710,-20.272,-19.135,-0.1067,-0.2897,-0.7693,-0.065,5.409,-0.621
9.666860,14.775,-20.201,-19.142,-0.0492,0.2632,-0.2257,3.660,3.940,-1.245
9.683527,14.684,-19.998,-19.106,-0.1613,0.3369,0.3927,-4.852,12.223,-0.932
9.700194,14.491,-19.776,-19.112,-0.1349,-0.0292,0.6764,-11.844,12.731,-3.486
9.716861,14.310,-19.564,-19.173,0.0210,-0.1347,0.5658,-12.208,11.356,-6.267
9.733528,14.301,-19.473,-19.284,-0.0157,-0.2892,-0.0968,-2.869,3.677,-7.250
9.750195,14.361,-19.414,-19.340,0.2626,-0.1231,-0.2464,2.332,2.540,-3.738
9.766862,14.481,-19.372,-19.392,0.2829,0.2285,0.0254,6.058,1.632,-3.298
9.783529,14.590,-19.252,-19.463,0.4290,0.1093,0.1159,5.020,5.913,-5.490
9.800196,14.629,-19.094,-19.545,0.1628,0.0357,0.4044,0.538,7.936,-6.696
9.816863,14.613,-18.987,-19.543,-0.1164,-0.2328,0.0835,-1.022,6.167,-1.321
9.833530,14.579,-18.855,-19.453,-0.0254,-0.1311,-0.1073,-0.426,8.913,3.123
9.850197,14.582,-18.663,-19.348,0.0984,-0.1462,-0.2190,2.113,12.575,3.075
9.866864,14.611,-18.502,-19.290,-0.0356,0.2206,0.0096,2.714,10.090,0.984
9.883531,14.616,-18.412,-19.341,-0.1219,0.4689,0.3761,-0.816,4.432,-4.020
9.900198,14.673,-18.430,-19.461,-0.2892,0.0444,-0.0122,1.027,-2.819,-6.110
9.916865,14.775,-18.517,-19.516,-0.0663,0.1223,0.1097,4.931,-5.941,-1.488
9.933532,14.919,-18.522,-19.572,0.1733,-0.0898,0.1078,7.455,-1.160,-2.829
9.950199,15.110,-18.394,-19.653,0.2314,0.0330,0.1559,9.795,6.132,-6.257
9.966866,15.333,-18.171,-19.821,0.2097,0.0590,0.1869,10.072,10.305,-12.498
9.983533,15.586,-18.031,-20.119,0.0029,0.1077,0.1594,9.479,3.493,-18.438
10.000200,15.782,-18.004,-20.495,-0.1291,0.1049,0.1720,4.638,-4.291,-20.929
10.016867,15.963,-18.026,-20.886,-0.0529,-0.0967,0.0185,3.503,-7.457,-20.886
10.033534,16.159,-17.945,-21.207,-0.1727,0.1123,-0.1207,5.647,-0.451,-18.714
10.050201,16.261,-17.748,-21.475,-0.1644,-0.0442,0.0886,1.080,6.993,-17.836
10.066868,16.417,-17.541,-21.799,-0.0249,-0.0835,0.2187,3.326,6.655,-21.048
10.083535,16.592,-17.408,-22.209,-0.1742,0.0356,0.2734,2.984,0.901,-24.549
10.100202,16.750,-17.420,-22.573,-0.2434,0.2454,0.3197,2.803,-6.733,-19.566
10.116869,16.881,-17.540,-22.831,-0.1254,0.0897,0.2474,3.071,-11.234,-11.812
10.133536,17.030,-17.751,-23.085,-0.2220,0.0971,0.4683,4.226,-16.443,-10.000
10.150203,17.166,-17.956,-23.458,-0.1919,0.1431,0.5532,1.160,-18.091,-16.491
10.166870,17.338,-18.196,-24.057,-0.3285,0.0191,0.3663,-0.995,-23.954,-28.163
10.183537,17.516,-18.556,-24.588,-0.2828,-0.1226,0.1845,0.529,-29.737,-22.151
10.200204,17.550,-18.877,-24.745,0.2753,-0.0523,0.2914,-1.121,-21.106,-2.491
10.216871,17.484,-18.910,-24.633,0.3490,-0.1767,-0.0638,-1.897,-0.074,6.884
10.233538,17.499,-18.945,-24.528,0.1627,-0.0426,-0.3573,2.855,-0.292,6.586
10.250205,17.586,-19.133,-24.482,-0.1222,0.0881,-0.2692,5.986,-10.046,6.115
10.266872,17.676,-19.506,-24.469,-0.1031,0.2432,0.0407,5.517,-21.165,7.687
10.283539,17.675,-19.911,-24.405,0.0956,0.2865,0.3087,1.069,-22.121,11.041
10.300206,17.572,-19.988,-24.349,0.0697,-0.0385,0.0564,-5.180,-3.559,4.606
10.316873,17.544,-19.912,-24.383,0.1998,-0.3715,-0.3276,-2.447,3.716,-2.942
10.333540,17.728,-19.819,-24.530,0.1815,-0.3444,-0.4286,7.920,2.738,-9.376
10.350207,18.043,-19.829,-24.691,-0.0510,-0.0031,-0.1679,15.469,-3.474,-8.264
10.366874,18.261,-19.960,-24.865,-0.0910,0.0269,0.3449,9.407,-10.582,-6.671
10.383541,18.367,-20.143,-25.020,-0.1175,-0.0045,0.3626,3.023,-13.251,-4.622
10.400208,18.436,-20.389,-25.135,0.1811,0.0301,0.3311,1.627,-16.099,-1.284
10.416875,18.512,-20.485,-25.192,0.2109,-0.1110,0.0886,3.230,-6.568,-0.990
10.433542,18.590,-20.531,-25.293,0.0490,-0.0410,0.1492,2.400,-4.477,-4.284
10.450209,18.620,-20.485,-25.370,0.0872,-0.2424,0.2303,0.076,1.138,-4.796
10.466876,18.579,-20.423,-25.495,-0.0592,0.3413,0.5519,-5.211,1.245,-7.639
10.483543,18.436,-20.300,-25.727,0.0358,0.3932,0.5703,-13.565,2.730,-14.494
10.500210,18.275,-20.081,-26.124,0.1844,0.3641,0.5495,-18.025,5.393,-25.134
10.516877,18.171,-19.932,-26.415,-0.0442,-0.2347,0.1478,-12.331,3.270,-18.189
10.533544,18.083,-19.801,-26.610,-0.2922,-0.0465,0.1572,-9.443,4.006,-12.700
10.550211,17.934,-19.663,-26.900,-0.2281,0.0054,0.4367,-14.948,2.728,-17.913
10.566878,17.770,-19.386,-27.312,-0.0388,-0.2141,0.3525,-18.233,8.624,-27.058
10.583545,17.540,-19.082,-27.689,-0.0344,-0.0858,0.2241,-21.378,10.793,-25.641
10.600212,17.347,-18.926,-27.956,0.0653,0.0431,-0.1324,-16.938,4.340,-17.065
10.616879,17.135,-18.896,-28.100,0.0044,0.1930,-0.0464,-15.628,-0.770,-8.122
10.633546,16.893,-18.883,-28.135,-0.1842,-0.0239,-0.2726,-15.336,0.065,-1.881
10.650213,16.670,-18.893,-28.068,0.0925,-0.2189,-0.1905,-12.226,0.465,4.001
10.666880,16.515,-18.839,-27.916,0.1452,-0.1460,-0.5244,-6.472,5.471,7.588
10.683547,16.414,-18.833,-27.798,0.0242,0.0407,-0.4079,-3.856,2.220,6.551
10.700214,16.323,-18.902,-27.751,-0.0020,0.0306,-0.0813,-4.729,-3.300,3.919
10.716881,16.185,-18.958,-27.716,0.2326,0.0463,-0.0554,-7.709,-2.772,3.035
10.733548,16.008,-18.977,-27.672,0.0748,0.4914,0.0784,-9.897,-0.476,2.937
10.750215,15.852,-19.015,-27.623,0.0710,0.0072,-0.0835,-8.565,-1.516,3.550
10.766882,15.795,-19.061,-27.566,0.0829,0.0527,-0.1250,-2.443,-1.804,4.051
10.783549,15.773,-19.093,-27.504,0.0263,0.0557,0.0354,-0.227,-0.984,4.152
10.800216,15.705,-19.113,-27.442,-0.0974,0.0578,0.2095,-3.024,-0.291,3.923
10.816883,15.567,-19.118,-27.365,-0.0774,0.0380,0.3005,-6.858,0.814,4.485
10.833550,15.394,-19.115,-27.290,-0.0173,-0.1492,0.1543,-9.060,1.236,4.249
10.850217,15.247,-19.122,-27.241,0.0944,-0.2135,-0.0834,-8.013,0.270,3.047
10.866884,15.184,-19.137,-27.201,0.1653,-0.1563,-0.1696,-3.132,-0.330,2.594
10.883551,15.203,-19.145,-27.156,0.1449,-0.1804,-0.0516,1.867,0.146,2.822
10.900218,15.203,-19.143,-27.105,-0.0227,-0.1277,0.1824,0.895,0.776,2.933
10.916885,15.136,-19.139,-27.058,-0.0706,-0.0380,0.1469,-3.265,0.902,2.743
10.933552,15.067,-19.130,-27.015,-0.0569,0.0393,-0.0283,-3.379,1.080,2.411
10.950219,15.054,-19.118,-26.989,-0.0040,-0.0140,-0.1203,-0.442,1.020,1.418
10.966886,15.047,-19.097,-26.962,-0.0245,0.1181,0.2337,0.002,1.546,1.347
10.983553,14.965,-19.066,-26.928,-0.0709,0.1295,0.4128,-4.439,2.193,1.601
11.000220,14.891,-19.074,-26.932,-0.1581,-0.0326,0.0735,-4.676,-0.591,0.082
11.016887,14.890,-19.068,-26.927,0.1784,0.0329,-0.0502,-0.058,0.377,0.430
11.033554,14.926,-19.078,-26.907,0.1420,0.1145,-0.0864,2.412,-0.398,1.426
11.050221,14.948,-19.102,-26.889,-0.0327,0.0665,0.0048,1.519,-1.192,1.594
11.066888,14.927,-19.127,-26.871,-0.0942,0.1020,0.0795,-1.016,-1.216,1.557
11.083555,14.910,-19.141,-26.832,-0.1464,0.0519,-0.1084,-0.435,-0.338,2.555
11.100222,14.916,-19.135,-26.784,0.0847,-0.0586,-0.1155,1.214,1.004,2.795
11.116889,14.924,-19.126,-26.737,0.0439,0.0815,0.1889,1.216,1.117,2.634
11.133556,14.866,-19.082,-26.696,-0.0151,-0.0157,0.2576,-2.793,3.066,1.786
11.150223,14.798,-19.045,-26.672,-0.0760,-0.1321,0.1294,-3.743,2.450,0.944
11.166890,14.745,-18.984,-26.664,0.0513,-0.0343,-0.0022,-3.182,3.544,-0.288
11.183557,14.749,-18.958,-26.644,-0.0688,-0.0932,-0.0146,0.508,1.748,0.852
11.200224,14.731,-18.950,-26.616,-0.0431,-0.0837,0.1967,-0.718,0.771,1.595
11.216891,14.676,-18.923,-26.585,-0.0434,-0.0561,0.2200,-2.827,1.953,1.490
11.233558,14.631,-18.908,-26.567,-0.1743,0.0082,0.2285,-2.470,1.066,0.945
11.250225,14.621,-18.919,-26.569,-0.0896,0.0115,0.1211,-0.768,-0.766,0.322
11.266892,14.606,-18.917,-26.560,-0.0513,-0.0050,0.0986,-0.906,0.145,0.562
11.283559,14.592,-18.909,-26.552,-0.1039,-0.0959,0.0614,-0.870,0.527,0.489
11.300226,14.586,-18.899,-26.549,-0.0980,-0.0046,0.0742,-0.420,0.544,0.215
11.316893,14.576,-18.884,-26.544,-0.0295,0.1267,0.0701,-0.591,0.850,0.315
11.333560,14.548,-18.863,-26.553,0.1026,0.2133,0.0722,-1.751,1.188,0.232
11.350227,14.495,-18.835,-26.538,0.1871,0.1601,0.0539,-2.773,1.982,1.397
11.366894,14.472,-18.822,-26.516,0.1363,0.0202,0.0467,-0.907,1.129,1.796
11.383561,14.426,-18.798,-26.461,0.1433,0.1276,0.1949,-1.888,2.062,2.861
11.400228,14.373,-18.781,-26.396,0.0243,0.0538,0.1631,-2.002,1.884,3.700
11.416895,14.321,-18.780,-26.327,-0.0841,0.0497,0.2528,-1.835,0.998,4.243
11.433562,14.264,-18.796,-26.274,-0.2052,-0.0624,0.1700,-2.404,-0.109,3.921
11.450229,14.232,-18.818,-26.200,-0.2155,-0.1421,0.0920,-1.096,-0.685,3.121
11.466896,14.224,-18.848,-26.173,-0.2065,-0.2183,0.0126,-0.215,-1.558,1.591
11.483563,14.227,-18.877,-26.183,-0.0843,-0.1275,0.0319,-0.002,-1.788,0.559
11.500230,14.238,-18.919,-26.175,-0.0768,-0.3518,0.0112,0.641,-2.413,1.217
11.516897,14.255,-18.936,-26.148,-0.0034,0.0413,0.1182,1.168,-0.852,1.272
11.533564,14.248,-18.959,-26.156,-0.0109,-0.1519,0.0150,-0.486,-1.386,0.741
11.550231,14.213,-18.963,-26.200,0.0162,-0.0674,-0.0372,-2.559,-0.554,-0.451
11.566898,14.189,-18.971,-26.213,0.0090,0.0171,0.0325,-1.682,-0.575,0.116
11.583565,14.184,-18.956,-26.250,0.0133,0.0475,0.1207,-0.730,0.595,-0.670
11.600232,14.182,-18.935,-26.256,0.0156,0.1284,0.1746,-0.399,1.041,-0.553
11.616899,14.172,-18.911,-26.268,0.0240,0.1113,0.0849,-0.836,1.247,-0.325
11.633566,14.159,-18.893,-26.276,0.0030,0.1152,0.0590,-0.867,1.010,0.144
11.650233,14.153,-18.882,-26.287,-0.0044,0.1033,0.0853,-0.368,0.662,0.613
11.666900,14.156,-18.868,-26.287,0.0075,0.0281,0.0680,0.185,0.854,0.391
11.683567,14.164,-18.852,-26.285,-0.0528,-0.1481,0.0219,0.501,0.949,0.537
11.700234,14.161,-18.848,-26.289,0.0191,-0.0196,0.1823,-0.112,0.271,0.720
11.716901,14.142,-18.841,-26.262,-0.0858,-0.1381,0.1378,-1.005,0.579,0.856
11.733568,14.113,-18.825,-26.255,-0.0868,-0.0720,0.1535,-1.715,0.934,0.451
11.750235,14.089,-18.827,-26.202,-0.1066,-0.0307,0.0829,-1.409,-0.059,0.285
11.766902,14.094,-18.826,-26.286,-0.0613,0.0549,0.0720,-0.126,-0.206,0.063
11.783569,14.103,-18.845,-26.071,-0.0693,0.1464,0.1145,0.894,-0.912,0.219
11.800236,14.100,-18.843,-26.125,0.0037,-0.1086,-0.0196,-0.423,-0.012,0.197
11.816903,14.103,-18.838,-26.115,0.0581,0.0799,0.0053,0.190,0.311,0.510
11.833570,14.121,-18.837,-26.109,-0.0410,0.1548,0.0684,1.011,0.023,0.320
11.850237,14.142,-18.834,-26.136,-0.0117,0.0477,0.0108,0.918,-0.051,-0.188
11.866904,14.184,-18.823,-26.155,-0.0271,-0.0402,0.0159,2.230,0.468,-0.224
11.883571,14.290,-18.805,-26.181,-0.0389,-0.1346,-0.1239,5.943,0.782,-0.850
11.900238,14.464,-18.769,-26.325,-0.0213,-0.1095,-0.1305,9.098,1.206,-2.970
11.916905,14.710,-18.734,-26.390,-0.0872,-0.1172,0.1447,13.398,0.985,-3.934
11.933572,14.922,-18.700,-26.434,-0.1129,0.2545,0.4415,11.457,1.039,-3.614
11.950239,14.979,-18.664,-26.540,-0.1335,0.2492,0.3651,1.792,0.926,-4.356
11.966906,15.007,-18.643,-26.580,-0.0047,0.3658,0.2058,0.223,0.107,-4.086
11.983573,15.098,-18.655,-26.637,0.1195,0.5002,0.0850,4.586,-1.302,-1.526
12.000240,15.350,-18.703,-26.658,0.3024,0.5508,-0.0749,15.326,-2.599,2.180
12.016907,15.850,-18.794,-26.587,0.4146,0.7230,0.0581,31.708,-3.817,7.250
12.033574,16.503,-18.936,-26.294,0.1744,0.6462,0.4896,42.860,-5.238,12.586
12.050241,16.735,-19.067,-26.061,0.0543,0.6522,0.4774,17.971,-4.189,13.887
12.066908,16.588,-19.204,-25.719,0.1080,0.7712,0.6243,-3.569,-3.521,16.954
12.083575,16.474,-19.366,-25.335,-0.0209,0.9576,0.5049,0.379,-3.438,23.076
12.100242,16.581,-19.573,-24.934,0.3103,0.8186,-0.0136,14.807,-5.044,27.203
12.116909,16.975,-19.818,-24.449,0.4007,0.8701,0.0227,32.766,-6.654,29.332
12.133576,17.265,-20.073,-24.022,0.3123,0.8801,0.2685,26.872,-6.849,30.435
12.150243,17.267,-20.293,-23.572,0.1553,0.3695,-0.0699,9.238,-5.185,28.342
12.166910,17.285,-20.499,-23.116,0.0200,0.4439,-0.0500,10.389,-4.218,28.425
12.183577,17.443,-20.691,-22.633,-0.1452,0.6292,-0.1826,19.493,-3.000,29.621
12.200244,17.644,-20.872,-22.129,-0.0028,0.7886,-0.2980,22.557,-1.894,30.500
12.216911,17.762,-21.008,-21.621,0.0286,0.3976,-0.4278,17.833,0.796,29.970
12.233578,17.857,-21.097,-21.117,-0.0169,-0.0230,-0.3596,16.370,3.521,28.801
12.250245,17.974,-21.147,-20.583,0.1241,0.2640,-0.1143,18.367,6.283,29.702
12.266912,18.158,-21.169,-20.016,0.0599,0.1808,-0.0201,23.139,8.510,30.896
12.283579,18.343,-21.168,-19.436,-0.0010,-0.1287,0.2468,23.456,10.159,31.144
12.300246,18.398,-21.133,-18.834,0.0534,-0.2475,0.4536,16.148,12.537,31.655
12.316913,18.373,-21.089,-18.241,0.0811,-0.6610,0.6110,11.120,12.957,30.995
12.333580,18.314,-21.044,-17.675,-0.0231,-0.8498,0.7001,8.484,12.456,29.589
12.350247,18.215,-21.003,-17.144,-0.1851,-0.9952,0.4441,5.294,11.595,27.761
12.366914,18.169,-20.975,-16.680,-0.3057,-1.1994,-0.0094,7.090,9.698,24.474
12.383581,18.234,-20.944,-16.290,-0.3652,-1.4613,-0.3802,12.048,8.483,20.470
12.400248,18.325,-20.887,-15.977,-0.4178,-1.5497,-0.5639,12.018,8.736,15.842
12.416915,18.376,-20.800,-15.743,-0.4300,-1.3408,-0.4892,7.895,9.000,11.051
12.433582,18.354,-20.695,-15.576,-0.5158,-1.0947,-0.1858,2.067,8.859,7.122
12.450249,18.357,-20.591,-15.476,-0.5639,-1.1810,-0.2030,2.198,7.629,3.633
12.466916,18.445,-20.487,-15.450,-0.4218,-1.2092,-0.3106,5.703,6.270,-0.352
12.483583,18.573,-20.377,-15.501,-0.2462,-1.0601,-0.3446,6.467,5.264,-4.637
12.500250,18.839,-20.279,-15.611,-0.1671,-0.9253,-0.1209,13.552,3.498,-7.558
12.516917,19.216,-20.196,-15.772,-0.1163,-0.7940,0.0981,19.204,1.678,-10.014
12.533584,19.595,-20.122,-15.975,-0.0374,-0.6255,0.2892,18.413,0.283,-12.093
12.550251,20.008,-20.061,-16.185,-0.0597,-0.4172,0.5541,20.353,-0.656,-12.197
12.566918,20.371,-20.002,-16.398,-0.1043,-0.2039,0.5812,17.270,-0.935,-12.359
12.583585,20.606,-19.925,-16.632,0.0697,0.0488,0.2626,9.210,-0.413,-13.828
12.600252,20.916,-19.858,-16.862,0.0707,0.1627,0.1961,13.784,-0.942,-13.380
12.616919,21.346,-19.804,-17.092,0.0706,0.1628,0.1105,21.037,-1.719,-13.158
12.633586,21.976,-19.763,-17.310,0.1136,0.1681,-0.0510,33.269,-2.381,-12.142
12.650253,22.765,-19.738,-17.499,-0.0108,0.3210,0.3253,43.434,-2.776,-10.275
12.666920,23.572,-19.740,-17.647,-0.1257,0.4085,0.7957,45.238,-3.488,-7.532
12.683587,24.226,-19.739,-17.770,-0.0591,0.1881,0.3037,36.676,-2.887,-6.187
12.700254,24.742,-19.726,-17.902,0.0618,-0.0752,-0.3626,28.190,-2.428,-6.899
12.716921,25.175,-19.684,-18.041,0.1496,-0.0809,-0.5695,23.007,-1.144,-8.055
12.733588,25.603,-19.624,-18.184,0.1258,0.0853,-0.5143,22.675,-0.315,-8.671
12.750255,26.180,-19.560,-18.336,0.1046,0.1309,-0.2927,31.507,-0.417,-9.197
12.766922,26.913,-19.494,-18.488,0.0168,0.2853,0.0036,40.777,-0.337,-9.297
12.783589,27.544,-19.422,-18.618,-0.0351,0.4583,0.2773,35.147,0.364,-8.343
12.800256,27.932,-19.325,-18.735,-0.0883,0.3420,0.1840,20.861,1.972,-8.397
12.816923,28.215,-19.219,-18.844,-0.0934,0.1309,0.0286,14.680,2.619,-8.273
12.833590,28.557,-19.117,-18.954,-0.0937,-0.0109,0.0733,18.210,2.328,-8.176
12.850257,28.971,-19.019,-19.065,-0.0079,0.0502,0.0387,22.573,2.021,-8.170
12.866924,29.499,-18.936,-19.193,0.0339,-0.0153,0.0287,29.043,0.736,-8.542
12.883591,29.995,-18.851,-19.318,0.0362,0.1222,0.0752,27.210,0.769,-8.519
12.900258,30.367,-18.740,-19.446,0.0730,0.1044,-0.0623,19.714,1.993,-9.436
12.916925,30.686,-18.618,-19.579,0.0097,0.0380,0.0234,16.491,2.380,-10.023
12.933592,30.998,-18.486,-19.712,-0.0885,0.0295,0.0841,16.057,2.865,-10.368
12.950259,31.370,-18.359,-19.866,-0.1197,-0.0901,0.0153,19.300,1.864,-11.219
12.966926,31.830,-18.250,-20.051,-0.1019,-0.1449,0.2154,23.956,-0.026,-12.233
12.983593,32.303,-18.148,-20.264,-0.0823,-0.0956,0.3904,24.284,-1.355,-13.328
13.000260,32.764,-18.051,-20.525,-0.1225,-0.3187,0.3487,22.696,-3.200,-15.506
13.016927,33.123,-17.935,-20.823,0.0433,-0.2293,0.0375,15.847,-3.514,-17.857
13.033594,33.464,-17.795,-21.156,0.2261,-0.2286,-0.3338,14.265,-3.503,-20.285
13.050261,33.916,-17.652,-21.511,0.2043,-0.1860,-0.1902,20.476,-4.227,-21.486
13.066928,34.498,-17.510,-21.875,0.1116,-0.1974,0.1412,28.240,-4.739,-21.837
13.083595,35.219,-17.374,-22.263,0.0109,-0.0533,0.3257,36.177,-6.095,-22.668
13.100262,36.088,-17.240,-22.679,0.0201,0.1503,0.1365,44.605,-7.426,-23.902
13.116929,37.152,-17.079,-23.124,-0.0362,0.0660,-0.1216,55.834,-7.595,-26.073
13.133596,38.381,-16.844,-23.590,-0.0694,-0.2735,-0.2255,65.436,-5.325,-29.586
13.150263,39.616,-16.529,-24.059,-0.1844,-0.6710,0.6489,65.877,-2.399,-32.644
13.166930,40.628,-16.164,-24.503,-0.4323,-0.6367,2.4033,53.166,0.216,-33.503
13.183597,41.352,-15.805,-24.962,-0.5469,-0.4894,3.5747,35.747,-1.219,-33.941
13.200264,41.879,-15.492,-25.501,-0.6690,-0.3217,3.6402,22.775,-6.786,-35.554
13.216931,42.351,-15.241,-26.110,-0.6629,-0.2645,2.8017,18.517,-12.592,-36.126
13.233598,42.830,-15.047,-26.741,-0.6518,-0.0911,1.7408,18.766,-16.299,-34.600
13.250265,43.460,-14.876,-27.341,-0.5634,-0.0622,0.7057,28.387,-16.396,-32.212
13.266932,44.190,-14.705,-27.900,-0.4550,0.3726,0.5629,35.198,-15.172,-30.333
13.283599,44.584,-14.512,-28.387,-0.0803,0.6690,1.0450,16.150,-11.620,-28.138
13.300266,44.439,-14.279,-28.825,0.2840,0.2453,1.2422,-15.327,-8.025,-27.729
13.316933,43.917,-14.008,-29.309,0.5206,-0.2041,1.2167,-38.488,-8.075,-31.387
13.333600,43.386,-13.716,-29.936,1.3239,-0.2772,0.8112,-41.011,-12.650,-38.347
13.350267,43.127,-13.452,-30.691,1.8366,-0.0632,0.6412,-26.258,-18.782,-42.718
13.366934,43.014,-13.266,-31.452,2.0006,0.0824,-0.0032,-17.409,-22.239,-39.922
13.383601,42.911,-13.176,-32.167,2.0341,-0.1089,-0.4922,-16.145,-24.633,-34.096
13.400268,42.788,-13.213,-32.834,2.2206,-0.2005,-0.1666,-16.638,-28.216,-26.931
13.416935,42.911,-13.387,-33.526,2.2344,-0.6726,-0.2214,-2.337,-35.202,-22.398
13.433602,43.351,-13.732,-34.274,2.0178,-1.1013,-0.2874,15.779,-45.018,-17.561
13.450269,43.922,-14.177,-35.034,1.8945,-0.9800,-0.7702,23.082,-49.969,-13.582
13.466936,44.656,-14.705,-35.796,1.7260,-0.6260,-0.2642,32.486,-53.640,-9.512
13.483603,45.067,-15.307,-36.461,0.9331,-0.5051,0.9250,14.154,-52.863,-1.792
13.500270,45.676,-15.837,-37.520,0.0832,0.0776,1.5539,19.276,-65.975,-20.366
13.516937,46.716,-16.516,-39.052,-0.0284,0.5076,1.8946,36.568,-92.045,-31.670
13.533604,48.319,-17.319,-40.549,0.9360,-0.4494,-0.9386,69.889,-95.964,-22.478
13.550271,50.732,-18.090,-42.409,1.9213,0.7370,-2.1393,110.571,-110.996,-33.834
13.566938,53.381,-18.790,-44.220,3.0248,1.1787,-3.1595,124.338,-107.207,-30.211
13.583605,56.234,-19.339,-45.866,2.6671,-0.0668,-3.7515,138.682,-95.350,-26.870
13.600272,58.551,-19.614,-47.547,1.0011,0.0646,-0.4171,105.096,-89.081,-37.306
13.616939,59.831,-19.640,-49.327,0.3118,-0.2874,0.6996,40.686,-87.258,-50.118
13.633606,60.566,-19.493,-51.109,1.8402,-0.2523,-0.7670,7.990,-83.130,-57.726
13.650273,61.474,-19.198,-52.850,3.5512,-0.7395,-2.4617,19.573,-77.731,-63.204
13.666940,62.654,-18.826,-54.470,3.5700,-0.8743,-1.6253,38.817,-70.823,-62.771
13.683607,63.757,-18.443,-55.921,2.3232,-1.2026,-0.1630,37.967,-63.383,-57.720
13.700274,64.630,-18.146,-57.131,1.3891,-1.0653,0.4963,29.265,-54.377,-46.071
13.716941,65.174,-17.988,-58.036,0.4476,-0.1507,0.5347,15.417,-42.849,-30.558
13.733608,65.348,-17.938,-58.710,-0.8888,0.2983,-0.4564,-2.421,-33.784,-18.899
13.750275,65.092,-17.902,-59.186,-1.2364,0.4596,-1.2464,-24.552,-23.928,-13.369
13.766942,64.557,-17.945,-59.409,-1.7510,0.4757,-0.8443,-36.608,-12.744,-3.101
13.783609,63.997,-18.106,-59.281,-2.2349,0.9378,-0.6512,-31.588,2.262,11.848
13.800276,63.103,-18.347,-58.839,-3.4716,1.8979,1.0743,-45.627,16.029,24.154
13.816943,61.550,-18.620,-58.169,-4.7224,2.3166,1.4737,-80.756,26.105,32.231
13.833610,59.633,-19.022,-57.293,-5.8630,2.0125,1.6072,-98.361,31.405,45.563
13.850277,57.895,-19.516,-56.166,-4.4263,2.6649,0.2262,-82.167,39.165,58.596
13.866944,56.653,-19.971,-54.875,-3.3170,2.4913,-0.8359,-48.566,46.549,62.566
13.883611,55.979,-20.320,-53.440,-3.1016,1.9313,-0.9511,-10.941,55.588,62.485
13.900278,55.700,-20.576,-51.799,-2.9158,1.9873,0.0549,17.527,67.694,64.777
13.916945,55.673,-20.723,-49.936,-3.0483,2.2465,0.6892,37.631,81.400,66.560
13.933612,55.485,-20.749,-47.816,-2.9010,2.9032,1.3094,33.656,97.246,68.892
13.950279,54.972,-20.601,-45.389,-2.1087,3.5009,0.4432,20.510,117.023,70.780
13.966946,54.562,-20.252,-42.754,-2.5463,2.7193,-0.3758,30.474,133.099,68.869
13.983613,54.745,-19.691,-40.021,-2.9606,1.9619,-0.4161,66.921,145.276,62.230
14.000280,55.556,-18.902,-37.172,-2.4993,2.2489,-0.1400,105.059,159.495,53.917
14.016947,56.694,-17.854,-34.194,-2.4100,2.2821,0.5792,124.489,175.935,42.900
14.033614,56.961,-16.504,-31.023,-2.1506,3.1492,2.4859,72.061,196.611,32.353
14.050281,56.185,-14.871,-27.785,-1.7783,3.1873,2.0025,5.866,210.220,21.914
14.066948,55.407,-13.031,-24.610,-1.0375,3.0359,0.1521,-0.926,215.138,13.420
14.083615,55.435,-11.032,-21.532,-0.5883,2.6698,-0.6016,39.993,217.007,4.536
14.100282,56.022,-8.899,-18.465,-0.2496,2.8211,-0.1233,66.758,222.086,-2.845
14.116949,56.505,-6.634,-15.416,-0.1852,2.5240,0.5338,53.370,226.505,-11.507
14.133616,56.791,-4.288,-12.547,-0.0533,1.6521,0.2895,33.172,220.874,-22.557
14.150283,57.031,-1.911,-9.960,0.6295,0.5960,0.0879,22.371,208.038,-33.997
14.166950,57.299,0.425,-7.594,1.4788,0.2834,-0.3815,17.474,195.624,-39.978
14.183617,57.438,2.674,-5.396,2.1566,-0.3446,-0.2540,4.226,184.166,-41.811
14.200284,57.392,4.801,-3.368,2.3807,-0.1956,-0.2783,-11.192,171.349,-41.421
14.216951,57.429,6.782,-1.573,2.5559,-0.7407,-1.2422,-9.185,154.657,-41.692
14.233618,57.752,8.653,0.029,2.7607,-1.2191,-2.0662,5.901,140.907,-43.085
14.250285,58.280,10.385,1.546,2.7729,-1.3607,-2.0165,16.070,131.514,-40.028
14.266952,58.909,11.926,3.043,3.0585,-1.0443,-1.3031,19.750,123.737,-32.421
14.283619,59.644,13.260,4.551,3.3983,-1.0496,-0.8157,23.790,117.096,-23.170
14.300286,60.260,14.360,6.115,3.5604,-1.3945,-0.3675,14.027,112.248,-11.064
14.316953,60.672,15.185,7.696,3.9695,-2.6166,0.5141,-0.008,104.501,2.551
14.333620,61.150,15.768,9.223,3.5549,-3.1163,0.5257,3.713,94.415,12.721
14.350287,61.823,16.223,10.705,2.4512,-2.7823,-0.6642,15.411,88.374,17.091
14.366954,62.721,16.610,12.210,1.2183,-1.6384,-1.3586,27.966,87.711,20.018
14.383621,63.575,16.944,13.793,0.5358,-0.8483,-1.2801,23.441,90.374,23.404
14.400288,64.483,17.268,15.330,0.8021,-1.7784,-1.0809,26.979,87.951,21.394
14.416955,65.587,17.634,16.609,0.7306,-3.0324,-1.1864,42.856,75.817,11.152
14.433622,67.015,18.078,17.526,-0.1409,-3.5332,-1.6192,68.542,58.757,-3.162
14.450289,68.940,18.596,18.225,-1.9164,-2.4526,-2.7791,102.019,48.699,-13.717
14.466956,71.429,19.128,18.804,-2.5015,-1.1316,-1.6562,137.865,41.772,-18.717
14.483623,73.783,19.662,19.315,-1.9451,-0.5499,1.0869,130.819,37.254,-21.753
14.500290,75.481,20.222,19.764,-1.5148,-0.7134,1.9290,92.490,33.326,-25.486
14.516957,76.436,20.857,20.125,-1.3483,-1.2807,2.1806,49.510,28.928,-31.870
14.533624,76.667,21.543,20.434,-1.1811,-1.9737,1.8290,6.968,26.360,-35.815
14.550291,76.642,22.250,20.657,-1.8090,-2.1735,0.2302,-6.702,21.882,-38.212
14.566958,76.735,22.935,20.790,-1.9237,-2.3447,-0.4562,2.373,16.579,-38.064
14.583625,77.046,23.536,20.765,-1.1590,-2.4209,0.6917,19.097,6.734,-35.203
14.600292,77.604,23.987,20.611,-0.7464,-1.9432,1.5185,37.097,-2.418,-27.982
14.616959,78.688,24.338,20.383,-0.9852,-1.4617,1.1383,70.581,-8.033,-22.964
14.633626,80.165,24.617,20.185,-0.7041,-0.8832,1.2271,93.478,-7.662,-18.176
14.650293,81.763,24.850,20.025,-0.8827,-0.4662,0.7456,99.801,-6.563,-14.883
14.666960,83.126,25.008,19.941,-0.4640,0.1735,1.3919,83.911,-3.485,-9.742
14.683627,84.266,25.087,19.972,-0.2330,0.5949,1.5081,67.514,2.052,-4.240
14.700294,85.218,25.127,20.113,-0.4446,0.6504,0.2230,53.495,7.704,-1.435
14.716961,85.987,25.124,20.406,-0.3839,0.3719,-0.5830,38.617,15.721,1.654
14.733628,86.684,25.176,20.673,-0.6053,-0.2840,-0.4748,34.900,14.579,-1.854
14.750295,87.292,25.369,20.881,-0.9047,-0.9288,-0.9135,31.054,11.743,-10.697
14.766962,88.082,25.647,20.936,-1.2426,-0.8127,-0.6324,45.934,3.516,-16.292
14.783629,89.117,25.926,20.941,-0.8542,-1.1473,0.6177,61.904,0.543,-16.380
14.800296,90.183,26.135,20.993,-0.0297,-1.3937,1.1889,62.550,2.709,-12.221
14.816963,91.071,26.256,21.156,0.5786,-0.5792,1.2706,48.938,8.532,-7.049
14.833630,91.710,26.371,21.388,0.6731,-0.1224,0.7552,32.108,12.146,-6.894
14.850297,92.236,26.502,21.632,0.5116,-0.6587,0.2344,25.049,12.669,-8.003
14.866964,92.839,26.710,21.926,-0.5859,-0.2291,-0.7872,28.243,15.016,-12.838
14.883631,93.644,27.004,22.293,-1.4458,0.7311,-1.2691,38.317,18.468,-18.424
14.900298,94.334,27.323,22.788,-1.3756,0.6807,-0.5576,27.805,24.893,-20.579
14.916965,94.523,27.675,23.409,-1.4380,0.6055,-0.0477,-5.854,31.129,-23.320
14.933632,94.267,28.031,24.112,-1.2868,-0.1332,0.7511,-35.159,35.407,-23.818
14.950299,93.695,28.329,24.899,-1.2043,-0.4949,1.1774,-56.664,40.198,-20.374
14.966966,93.608,28.632,25.716,-1.9098,-0.2668,0.3037,-28.663,41.682,-20.491
14.983633,93.923,28.839,26.561,-2.0245,0.1706,0.1819,-5.569,43.431,-14.973
15.000300,94.088,28.964,27.549,-1.4922,0.4565,0.9207,-18.820,51.104,-10.745
15.016967,93.786,29.121,28.609,-1.1270,0.2091,0.8281,-49.106,54.714,-12.821
15.033634,93.087,29.250,29.763,-0.9597,0.5327,1.1178,-75.807,59.801,-10.952
15.050301,92.657,29.425,30.871,-1.5338,-0.7454,-0.7583,-58.508,57.242,-13.019
15.066968,92.726,29.697,31.819,-0.9258,-1.3658,-1.4678,-24.046,48.526,-18.223
15.083635,92.733,30.000,32.629,0.4783,-0.4318,0.2765,-23.932,41.148,-19.741
15.100302,92.475,30.316,33.404,0.3321,0.9438,0.6224,-38.942,39.186,-20.390
15.116969,92.244,30.615,34.226,-0.1008,1.7245,-0.2745,-38.983,41.621,-19.239
15.133636,92.228,30.847,35.078,0.0781,1.4791,-0.5643,-27.289,43.269,-15.253
15.150303,92.250,31.006,35.913,0.6100,0.4563,0.0544,-24.585,42.475,-10.806
15.166970,92.138,31.127,36.639,0.9409,-0.4743,0.5964,-29.334,36.897,-8.294
15.183637,92.100,31.281,37.276,-0.0603,-0.6306,-0.1105,-22.292,32.278,-10.099
15.200304,91.999,31.427,37.851,0.1204,-0.0894,-0.0882,-24.171,29.036,-9.458
15.216971,91.762,31.519,38.414,0.0953,0.5069,0.1434,-32.043,28.503,-6.033
15.233638,91.502,31.571,38.936,0.5556,0.5408,0.4899,-32.184,26.537,-3.521
15.250305,91.134,31.637,39.383,0.6157,0.0894,0.1580,-36.304,22.637,-4.162
15.266972,90.815,31.718,39.735,0.4322,-0.3364,-0.5153,-30.404,17.830,-4.765
15.283639,90.646,31.831,40.007,0.4298,0.0677,-0.6898,-18.903,13.695,-6.609
15.300306,90.731,31.934,40.235,0.4857,0.4018,-0.3493,-2.349,11.479,-6.010
15.316973,90.682,32.032,40.477,1.2143,0.4926,0.0320,-10.760,12.138,-5.683
15.333640,90.374,32.125,40.779,0.8863,0.5027,-0.5768,-28.293,15.229,-5.396
15.350307,90.190,32.211,41.096,0.5683,0.5124,-0.6643,-21.379,15.998,-4.886
15.366974,90.111,32.291,41.364,0.8934,0.3011,-0.2479,-13.456,13.498,-4.491
15.383641,90.176,32.357,41.545,0.7776,-0.1691,0.1097,-2.118,9.102,-3.722
15.400308,90.249,32.409,41.640,0.5828,0.1056,0.6104,1.154,4.737,-2.803
15.416975,90.243,32.437,41.692,0.4929,0.1600,0.2882,-2.226,2.554,-1.374
15.433642,90.130,32.441,41.754,0.3575,0.2445,-0.4429,-8.920,3.056,0.027
15.450309,89.937,32.440,41.816,0.1996,0.5662,-0.3825,-13.742,3.096,0.342
15.466976,89.693,32.435,41.902,0.3266,0.2916,0.2005,-17.597,4.280,0.648
15.483643,89.463,32.428,41.959,0.2037,0.0906,0.1765,-15.835,2.809,0.686
15.500310,89.242,32.404,41.971,0.6441,0.3054,0.1625,-13.822,0.553,1.757
15.516977,88.998,32.365,41.945,0.5466,0.4726,-0.1213,-14.015,-1.395,2.629
15.533644,88.805,32.345,41.931,0.1908,0.6317,-0.6953,-11.245,-0.825,1.465
15.550311,88.568,32.373,41.934,0.3182,0.6876,-0.6837,-14.498,0.136,-1.422
15.566978,88.260,32.417,41.948,0.5510,0.5224,-0.0942,-19.140,0.768,-2.367
15.583645,87.940,32.459,41.933,0.7308,0.2594,0.1299,-18.934,-0.751,-2.241
15.600312,87.750,32.463,41.866,0.4696,-0.0794,0.1645,-9.417,-3.404,-0.109
15.616979,87.636,32.464,41.805,0.0187,0.0620,-0.1068,-5.074,-3.145,0.073
15.633646,87.501,32.478,41.798,-0.3989,0.4307,-0.0822,-8.068,-0.363,-0.633
15.650313,87.308,32.504,41.867,-0.2907,0.3360,0.2220,-13.986,3.519,-1.136
15.666980,87.056,32.541,41.917,-0.1381,0.1445,0.3727,-16.973,2.601,-1.831
15.683647,86.866,32.476,42.002,-0.5093,0.4468,1.5124,-14.323,4.067,4.419
15.700314,86.688,32.410,42.023,-0.1248,-0.1284,0.9444,-11.577,0.787,4.258
15.716981,86.581,32.345,42.015,-0.6452,-0.2885,0.1327,-6.348,-0.662,4.137
15.733648,86.557,32.298,41.980,-0.3309,-0.1251,0.1672,-0.552,-1.997,2.981
15.750315,86.522,32.269,41.934,-0.2941,0.3250,0.2292,-0.826,-2.430,1.869
15.766982,86.448,32.256,41.915,-0.4290,0.9824,0.3366,-4.035,-1.074,1.009
15.783649,86.434,32.247,41.896,-0.3844,0.5527,0.2337,-0.500,-0.994,0.724
15.800316,86.488,32.227,41.857,-0.0384,0.4159,0.2629,4.230,-2.048,1.355
15.816983,86.699,32.231,41.785,-0.4074,0.4222,-0.5847,14.760,-3.671,-0.202
15.833650,87.027,32.265,41.701,-0.1081,0.6135,-0.2192,22.081,-4.129,-1.978
15.850317,87.412,32.322,41.627,-0.1713,0.6130,-0.1631,25.197,-3.593,-3.299
15.866984,87.709,32.358,41.574,0.3686,0.3336,0.3853,19.301,-2.605,-1.997
15.883651,87.822,32.373,41.540,0.6569,-0.3448,0.4089,7.569,-1.663,-0.709
15.900318,87.859,32.342,41.506,0.7531,-0.4235,0.4541,3.075,-1.827,2.042
15.916985,87.928,32.303,41.409,0.3895,-0.2884,0.2258,6.953,-4.972,2.389
15.933652,88.081,32.265,41.286,-0.0504,-0.1796,-0.1409,12.907,-6.337,2.361
15.950319,88.444,32.242,41.195,-0.6220,-0.0174,-0.6459,24.457,-4.688,1.504
15.966986,89.142,32.245,41.126,-0.7644,-0.0155,-0.8824,43.866,-3.523,-0.006
15.983653,90.024,32.270,41.080,-0.1763,-0.4776,-0.1886,54.113,-2.316,-1.262
16.000320,90.635,32.301,41.070,0.1694,-0.5829,0.8693,36.732,-0.537,-1.591
16.016987,90.884,32.338,41.108,-0.0955,-0.3146,0.7544,13.519,1.906,-1.980
16.033654,90.878,32.360,41.202,-0.2945,-0.1515,0.4714,-3.605,4.732,-1.082
16.050321,90.885,32.379,41.333,-0.6172,-0.3323,-0.1968,-4.052,6.588,-0.959
16.066988,91.143,32.428,41.464,-0.8876,-0.2577,-0.8221,11.052,6.582,-2.822
16.083655,91.614,32.500,41.586,-0.3693,-0.1368,-0.2410,24.111,6.074,-4.173
16.100322,91.802,32.592,41.718,0.1351,-0.0019,0.9304,6.751,6.504,-5.433
16.116989,91.760,32.695,41.839,-0.3593,0.3309,0.5992,-6.651,5.902,-6.079
16.133656,91.790,32.800,41.951,-0.6793,0.3254,0.3014,-2.074,5.458,-6.150
16.150323,92.042,32.880,42.046,-0.7030,0.3953,-0.0759,11.738,4.633,-4.668
16.166990,92.530,32.976,42.072,-0.6431,0.1154,-0.4971,28.194,1.092,-5.563
16.183657,92.739,33.086,42.103,0.4736,0.1065,0.3601,11.201,1.280,-6.364
16.200324,92.551,33.234,42.132,0.2314,0.1986,0.1376,-12.475,1.084,-8.605
16.216991,92.340,33.360,42.174,0.0538,0.5444,0.3674,-14.329,1.770,-7.361
16.233658,92.349,33.448,42.231,0.0476,0.7098,0.2851,-1.626,2.677,-5.115
16.250325,92.552,33.519,42.303,0.0020,0.4019,0.0177,9.558,3.409,-4.154
16.266992,92.759,33.591,42.388,0.1151,0.1985,-0.2199,9.282,4.093,-4.228
16.283659,92.815,33.686,42.506,-0.2167,0.5317,-0.0758,-0.792,5.616,-5.710
16.300326,92.883,33.805,42.632,-0.2659,0.1669,-0.0344,-0.441,5.916,-7.156
16.316993,93.046,33.922,42.723,-0.0276,-0.1031,0.1763,6.463,4.184,-6.930
16.333660,93.319,34.028,42.780,0.0031,0.1025,0.2709,14.195,2.540,-6.222
16.350327,93.575,34.130,42.861,-0.1288,0.3905,0.1282,12.348,3.661,-6.080
16.366994,93.736,34.248,42.984,-0.3478,0.5389,-0.1434,5.178,5.653,-7.197
16.383661,93.820,34.380,43.161,-0.4255,0.7178,-0.1294,-1.210,8.263,-8.179
16.400328,93.931,34.530,43.385,-0.3129,0.6068,-0.1273,-1.233,10.453,-9.481
16.416995,94.094,34.696,43.608,0.2434,0.2946,0.0805,1.894,10.296,-10.381
16.433662,94.306,34.853,43.803,0.5895,0.2307,0.2966,5.720,8.910,-9.850
16.450329,94.584,34.987,43.972,0.6641,0.2073,0.5271,10.548,7.716,-8.356
16.466996,94.808,35.111,44.130,0.5144,0.3143,0.5496,7.717,7.098,-7.829
16.483663,94.937,35.238,44.318,-0.0718,0.3727,0.4510,0.956,8.537,-8.094
16.500330,95.173,35.392,44.563,-0.8258,0.3348,0.2168,5.327,11.173,-10.011
16.516997,95.582,35.572,44.872,-1.0075,0.0684,0.3157,13.473,14.015,-11.895
16.533664,96.182,35.794,45.243,-1.0509,-0.2259,0.3622,22.735,16.648,-14.809
16.550331,96.886,36.067,45.698,-0.6402,-0.8404,0.5250,25.861,20.116,-18.514
16.566998,97.584,36.386,46.225,-0.3879,-1.4352,1.0351,22.921,22.886,-21.933
16.583665,98.153,36.782,46.874,-0.5937,-1.8838,1.2353,10.627,27.760,-27.561
16.600332,98.736,37.190,47.646,-1.0496,-1.8671,1.2496,6.760,33.045,-29.335
16.616999,99.469,37.615,48.517,-0.9953,-2.2766,1.7924,11.882,37.027,-31.441
16.633666,99.833,38.075,49.387,-0.1767,-2.8868,2.4942,-10.509,36.095,-33.816
16.650333,99.688,38.586,50.129,-0.0551,-3.8430,2.4193,-36.602,29.297,-35.811
16.667000,99.212,39.179,50.605,-0.1769,-4.0507,2.0169,-46.824,16.175,-38.406
16.683667,98.594,39.874,50.732,-0.2997,-3.8316,1.7099,-42.175,-0.558,-41.747
16.700334,97.925,40.659,50.495,0.0100,-3.9297,1.2726,-31.274,-17.376,-44.680
16.717001,97.192,41.480,49.961,0.1748,-3.2235,1.6431,-23.183,-30.302,-45.227
16.733668,96.443,42.335,49.199,-0.0171,-2.5897,1.4916,-14.663,-39.723,-46.481
16.750335,95.433,43.219,48.198,0.7111,-2.7837,1.1795,-20.071,-49.155,-47.786
16.767002,94.075,44.119,46.883,1.1549,-3.2316,0.6258,-27.193,-61.204,-48.641
16.783669,92.552,45.017,45.053,1.4939,-3.7555,-0.1476,-14.573,-81.027,-48.862
16.800336,91.111,45.891,42.586,1.6314,-3.8745,-0.5111,18.852,-105.248,-48.646
16.817003,89.787,46.732,39.508,1.4390,-2.9469,-0.6455,53.930,-127.748,-48.955
16.833670,88.591,47.535,35.947,1.1161,-1.9190,-0.7637,84.681,-144.431,-49.756
16.850337,87.345,48.283,32.039,1.3777,-1.6991,-1.0370,99.227,-155.282,-49.971
16.867004,85.915,48.988,27.861,1.4680,-1.8013,-1.1616,102.222,-162.612,-51.535
16.883671,84.248,49.703,23.371,1.3384,-1.9104,-1.0738,104.281,-170.933,-57.347
16.900338,82.287,50.449,18.444,1.3558,-2.0754,-0.8976,109.024,-182.891,-66.271
16.917005,79.978,51.169,13.111,1.0586,-1.9451,-1.0712,109.402,-192.808,-73.451
16.933672,77.512,51.782,7.428,0.4409,-0.1917,-0.9176,118.849,-200.794,-77.155
16.950339,75.288,52.233,1.513,0.4984,1.4427,-0.6534,146.224,-205.646,-77.280
16.967006,73.803,52.458,-4.302,1.0073,3.2431,-0.2276,187.154,-201.542,-69.538
16.983673,72.982,52.421,-9.603,2.1728,2.8611,-0.0571,202.783,-186.132,-53.015
17.000340,72.773,52.142,-14.269,2.5057,1.8265,-0.0917,208.869,-168.414,-34.221
17.017007,73.016,51.653,-18.643,1.8752,0.7880,-0.1237,221.013,-163.207,-19.421
17.033674,73.423,51.069,-22.758,1.7280,0.9594,0.0414,217.252,-157.564,-10.856
17.050341,74.134,50.503,-26.246,1.7748,3.0288,1.2798,204.751,-136.411,-4.251
17.067008,75.095,49.982,-28.954,1.7816,4.7333,1.2947,182.573,-108.419,2.644
17.083675,76.166,49.647,-30.942,0.8722,3.9090,1.4886,155.378,-79.583,0.456
17.100342,77.534,49.377,-32.192,-0.4941,2.1667,1.1614,139.079,-51.173,4.722
17.117009,79.607,49.205,-32.794,-1.2548,2.7585,0.3904,151.767,-25.224,5.548
17.133676,82.240,49.179,-33.211,-1.6045,3.5660,-0.3882,176.885,-16.470,-0.945
17.150343,84.639,49.240,-33.391,-1.3154,3.0282,-1.0381,152.047,-6.695,-4.323
17.167010,86.314,49.362,-33.178,-0.9888,3.3828,-0.5149,90.744,8.804,-6.552
17.183677,87.593,49.618,-32.806,-0.9989,3.6302,0.2651,59.710,15.162,-14.367
17.200344,88.937,50.079,-32.278,-2.3172,4.2136,0.0617,56.397,21.110,-26.863
17.217011,90.604,50.645,-31.540,-2.2724,3.9168,0.4670,65.848,28.231,-33.618
17.233678,92.622,51.353,-30.589,-2.4816,2.8173,0.3480,76.592,34.589,-43.270
17.250345,94.407,52.124,-29.531,-2.4764,0.9779,0.0444,57.094,36.282,-48.301
17.267012,95.732,52.856,-28.503,-2.0093,-0.2112,-0.1122,30.443,33.446,-46.768
17.283679,96.800,53.573,-27.605,-1.5517,-0.0365,-0.3355,20.747,27.321,-45.961
17.300346,97.659,54.261,-26.706,-1.1373,-0.5553,-0.7441,7.783,26.298,-44.659
17.317013,98.416,54.978,-25.838,-1.1767,-0.8576,-1.8129,2.755,23.817,-46.555
17.333680,98.857,55.686,-25.138,-0.6667,-2.0484,-2.5509,-8.306,17.272,-45.251
17.350347,98.996,56.360,-24.840,-0.4761,-2.5928,-2.9705,-6.696,3.636,-41.206
17.367014,99.202,57.003,-24.967,-0.8586,-2.5279,-3.5019,18.441,-10.132,-37.121
17.383681,99.734,57.619,-25.426,-1.3115,-3.4023,-3.4763,54.809,-20.617,-33.765
17.400348,100.139,58.300,-26.446,-1.6674,-4.8420,-3.0787,75.883,-38.838,-34.348
17.417015,100.167,58.958,-28.061,-1.9895,-4.8479,-3.1991,84.021,-56.350,-29.764
17.433682,99.622,59.425,-30.370,-1.3792,-5.4248,-2.4495,85.876,-74.390,-15.174
17.450349,98.273,59.708,-33.646,-1.9136,-8.7658,-1.3644,88.037,-100.541,-1.103
17.467016,96.238,59.847,-38.207,-2.3750,-11.0783,-0.0894,113.870,-137.138,9.278
17.483683,94.087,59.583,-43.728,-2.6455,-13.2108,2.4719,156.310,-164.203,30.893
17.500350,92.090,58.613,-50.168,-2.6646,-14.6097,5.0658,211.006,-194.097,68.779
17.517017,90.323,56.815,-57.015,-2.7694,-13.9470,7.9146,240.416,-215.969,112.240
17.533684,88.478,54.298,-63.884,-3.2740,-12.0815,10.4132,228.291,-233.346,148.156
17.550351,86.743,51.039,-70.514,-3.2355,-8.5535,12.3658,211.148,-247.626,184.771
17.567018,85.757,47.077,-76.587,-4.2478,-4.8903,13.6863,215.068,-252.121,221.002
17.583685,85.466,42.391,-82.077,-4.9380,-2.3719,15.7553,213.251,-252.946,261.808
17.600352,86.038,37.101,-87.164,-5.0691,1.6996,16.1122,228.401,-255.564,298.446
17.617019,87.578,31.252,-91.929,-5.0146,5.4370,16.4115,252.013,-253.610,336.575
17.633686,89.851,24.913,-96.270,-4.4143,8.7274,16.3902,258.053,-236.094,374.361
17.650353,92.742,18.201,-100.215,-2.9582,13.1326,14.8386,259.652,-208.805,406.790
17.667020,95.978,11.379,-104.062,-1.9778,16.2293,12.0970,252.589,-189.357,424.328
17.683687,99.112,4.564,-107.772,-1.1309,18.1401,8.8024,218.653,-163.024,433.464
17.700354,102.027,-2.155,-111.436,0.1311,19.5587,4.9461,179.526,-140.538,435.888
17.717021,105.137,-8.785,-115.111,2.9356,19.4672,1.4855,165.764,-118.688,437.513
17.733688,108.424,-15.264,-118.857,5.0215,18.2670,-1.8109,150.721,-97.328,435.144
17.750355,111.790,-21.507,-122.733,5.7665,17.5003,-5.3150,128.905,-77.974,427.338
17.767022,114.966,-27.389,-126.731,6.1904,16.1879,-8.6248,91.489,-60.294,410.547
17.783689,118.179,-32.799,-130.827,7.7669,12.9043,-12.8377,69.694,-45.108,385.618
17.800356,121.705,-37.579,-134.962,7.9390,7.6875,-16.3859,68.579,-32.960,350.225
17.817023,125.568,-41.566,-139.063,7.4654,2.0957,-18.1135,74.786,-25.925,304.980
17.833690,129.915,-44.669,-142.864,6.4648,-3.8097,-18.9961,104.561,-18.234,250.067
17.850357,134.149,-47.019,-146.103,5.3109,-6.9288,-18.2662,114.141,-6.643,196.395
17.867024,137.377,-48.648,-148.648,3.5182,-7.9276,-16.8408,80.062,-1.901,142.671
17.883691,139.154,-49.738,-150.525,2.8681,-7.2834,-13.9768,20.872,-0.527,99.472
17.900358,139.620,-50.433,-151.564,2.5752,-6.5430,-12.0968,-20.328,5.291,58.433
17.917025,138.783,-50.647,-151.684,2.4055,-5.6421,-11.2737,-56.339,6.418,12.767
17.933692,137.291,-50.441,-150.918,2.1946,-4.7400,-11.0148,-54.590,10.075,-29.119
17.950359,135.571,-49.709,-149.365,2.3136,-3.3342,-10.2325,-32.250,9.183,-72.750
17.967026,133.364,-48.446,-147.091,3.2094,-2.3333,-9.9750,-29.904,10.401,-115.854
17.983693,130.486,-46.687,-144.191,5.0948,-1.6450,-9.7857,-44.774,16.579,-156.144
18.000360,126.945,-44.512,-140.642,6.7162,-1.5992,-10.2248,-61.027,34.292,-194.070
18.017027,122.940,-41.949,-136.412,7.9905,-1.3757,-11.0541,-67.146,63.177,-230.921
18.033694,118.842,-38.862,-131.520,8.8909,-0.3241,-11.9929,-56.402,96.195,-272.551
18.050361,114.650,-35.153,-126.094,9.6477,2.6600,-12.9074,-56.464,131.345,-314.451
18.067028,110.277,-30.728,-120.365,10.1338,6.8377,-13.1391,-76.420,164.261,-354.174
18.083695,106.129,-25.403,-114.538,10.2391,11.4373,-13.9672,-85.477,192.017,-398.292
18.100362,102.448,-18.975,-108.691,10.3756,17.0543,-14.9375,-89.462,217.918,-452.218
18.117029,99.142,-11.405,-102.711,10.7880,25.1903,-14.6565,-105.334,252.811,-509.137
18.133696,96.524,-2.694,-96.289,10.3514,35.8285,-11.0918,-110.705,304.636,-567.779
18.150363,94.370,7.047,-88.967,4.9549,47.4270,-2.0749,-146.440,377.837,-621.088
18.167030,92.924,17.535,-80.113,-3.5260,56.4516,8.1546,-199.897,473.553,-658.073
18.183697,93.345,28.834,-69.311,-15.8381,58.7866,21.2028,-229.778,552.969,-705.647
18.200364,95.989,39.591,-55.377,-28.9392,54.9470,40.9532,-311.478,631.544,-694.121
18.217031,102.789,47.891,-36.588,-38.2923,40.4189,58.2032,-372.348,716.878,-616.647
18.233698,113.378,51.961,-13.706,-44.3722,20.9288,68.7850,-416.784,758.057,-499.362
18.250365,124.717,51.197,9.758,-50.4012,3.6899,73.2008,-424.611,779.722,-381.450
18.267032,132.678,45.939,30.160,-51.9621,-21.0160,73.1146,-442.438,822.373,-260.233
18.283699,136.345,37.730,46.514,-51.1682,-48.5118,63.5602,-437.004,861.698,-162.533
18.300366,138.633,28.249,59.754,-43.7663,-68.2715,45.2558,-298.596,867.052,-108.777
18.317033,139.820,18.574,70.433,-24.8679,-78.2676,28.7161,-186.976,823.430,-68.883
18.333700,139.227,9.207,79.191,-5.6917,-82.7543,12.5881,-164.758,760.442,-26.693
18.350367,137.508,0.414,86.534,15.2732,-82.9981,-14.2054,-142.242,689.201,18.385
18.367034,135.537,-7.577,92.666,32.5362,-62.6872,-30.1919,-96.653,604.757,59.476
18.383701,133.140,-14.738,97.261,30.7404,-40.8169,-29.1567,-90.858,498.221,114.855
18.400368,131.867,-21.388,100.573,22.8462,-27.8813,-29.9076,-14.627,413.238,163.832
18.417035,131.919,-27.579,103.065,19.9983,-16.7059,-30.1717,65.656,353.434,183.353
18.433702,133.073,-33.518,104.999,18.3408,-9.8490,-27.0857,129.181,318.099,193.328
18.450369,134.780,-39.150,106.485,18.5954,-7.2792,-23.0681,156.404,289.446,191.998
18.467036,135.795,-44.321,108.252,15.5810,-3.8675,-23.5439,132.857,278.895,160.807
18.483703,135.390,-49.138,110.901,12.9089,0.7248,-22.3860,92.838,285.026,123.483
18.500370,133.598,-53.547,114.452,11.9271,4.7847,-20.2926,60.323,282.308,94.771
18.517037,130.623,-57.354,118.658,9.3258,8.2677,-18.4985,30.685,260.983,73.109
18.533704,127.353,-60.399,123.043,6.6370,11.6237,-16.3761,30.135,221.960,56.313
18.550371,124.348,-62.666,127.192,4.7083,14.1017,-13.4578,39.408,176.951,40.810
18.567038,121.801,-64.145,130.974,3.6206,15.1577,-10.5005,50.836,134.471,19.107
18.583705,119.738,-64.907,134.360,2.5308,15.6352,-8.0697,60.067,99.167,-5.137
18.600372,117.896,-65.155,137.545,1.4438,15.7296,-6.3508,62.959,78.361,-25.509
18.617039,116.208,-64.942,140.572,1.1089,14.9772,-5.3684,63.514,62.800,-45.859
18.633706,114.400,-64.359,143.419,0.6635,13.6635,-3.6110,45.860,51.378,-62.441
18.650373,112.303,-63.447,146.163,-0.6996,12.2950,-1.7419,21.955,44.878,-78.562
18.667040,110.195,-62.174,148.710,-1.5221,11.2914,-0.2379,9.184,37.360,-96.079
18.683707,108.279,-60.602,150.943,-1.2726,9.6814,0.6705,2.448,29.404,-109.755
18.700374,106.544,-58.939,152.885,-0.0585,7.2285,1.1338,-3.682,25.934,-112.366
18.717041,105.052,-57.278,154.490,0.7906,5.6545,1.2498,-8.054,21.559,-109.379
18.733708,103.903,-55.755,155.814,1.7544,3.9394,1.8386,-3.034,19.275,-99.033
18.750375,103.118,-54.435,156.865,2.3864,2.5592,2.2473,4.252,16.250,-85.042
18.767042,102.560,-53.329,157.564,2.7518,2.1326,2.7012,-0.005,8.966,-69.752
18.783709,102.132,-52.440,157.936,2.9506,1.7388,2.7688,-8.191,1.348,-54.609
18.800376,101.945,-51.731,158.046,2.7944,1.1402,2.2836,-6.457,-5.362,-42.034
18.817043,102.039,-51.161,157.879,2.5072,0.9537,2.2188,-2.622,-13.686,-31.665
18.833710,102.268,-50.743,157.568,1.8601,0.6712,2.0887,-1.194,-17.276,-21.618
18.850377,102.568,-50.448,157.251,1.3274,0.1877,1.8279,2.927,-16.057,-14.247
18.867044,102.905,-50.180,156.940,0.8274,-0.0658,1.4675,5.431,-15.644,-12.575
18.883711,103.184,-49.888,156.660,0.4543,-0.1161,1.2550,3.457,-14.956,-14.226
18.900378,103.361,-49.602,156.466,0.3921,-0.3699,1.0096,1.322,-11.698,-14.506
18.917045,103.518,-49.340,156.298,0.6246,-0.5243,0.7725,1.421,-10.456,-13.343
18.933712,103.673,-49.137,156.102,0.8233,-0.8371,0.5629,-0.014,-10.754,-9.596
18.950379,103.801,-49.031,155.865,0.9177,-1.1044,0.3652,-3.368,-10.954,-3.574
18.967046,103.959,-48.987,155.549,0.6987,-1.4508,0.1328,-5.171,-13.063,0.887
18.983713,104.153,-48.990,155.182,0.3349,-1.9827,0.0843,-5.334,-14.351,4.104
19.000380,104.461,-49.037,154.805,-0.1626,-2.2112,0.0259,1.059,-14.032,6.782
19.017047,104.885,-49.131,154.459,-0.5366,-2.2302,0.1144,9.510,-12.016,9.304
19.033714,105.349,-49.278,154.179,-0.4533,-1.9410,0.3897,14.783,-8.576,11.774
19.050381,105.788,-49.420,153.965,-0.7064,-1.2511,0.3773,16.353,-6.026,10.806
19.067048,106.111,-49.529,153.899,-0.8816,-1.0847,0.1560,16.164,-0.869,7.390
19.083715,106.309,-49.602,153.968,-0.7027,-0.7373,0.0462,14.780,3.594,3.815
19.100382,106.410,-49.648,154.130,-0.7977,-0.3317,-0.0117,13.214,6.659,1.259
19.117049,106.431,-49.685,154.369,-0.6669,0.0803,-0.0204,11.994,9.370,-0.188
19.133716,106.378,-49.727,154.656,-0.2230,0.3586,-0.0955,9.766,11.239,-0.367
19.150383,106.273,-49.754,154.926,-0.1442,0.5410,-0.3858,5.880,10.350,-1.051
19.167050,106.218,-49.762,155.140,-0.5244,0.8360,-0.6027,6.264,7.956,-1.559
19.183717,106.248,-49.758,155.316,-0.7684,1.0130,-0.6905,9.677,6.330,-1.795
19.200384,106.411,-49.754,155.455,-0.7189,1.2802,-0.6953,15.997,4.964,-1.427
19.217051,106.673,-49.714,155.524,-0.4469,1.3906,-0.6632,18.655,1.729,-2.710
19.233718,106.893,-49.668,155.521,-0.1849,1.7891,-0.5499,12.882,-1.054,-2.306
19.250385,107.055,-49.617,155.443,-0.2165,1.7782,-0.5023,5.945,-3.971,-1.718
19.267052,107.184,-49.523,155.320,-0.7677,1.6364,-0.5352,1.915,-6.386,-3.670
19.283719,107.354,-49.406,155.165,-0.6947,1.8892,-0.4713,2.932,-8.053,-4.606
19.300386,107.562,-49.259,154.959,-0.5413,2.0745,-0.3443,2.976,-10.488,-5.713
19.317053,107.799,-49.068,154.740,-0.6256,1.9246,-0.1538,4.094,-11.865,-8.023
19.333720,108.042,-48.852,154.506,-0.2666,2.2658,-0.1272,3.775,-12.963,-9.172
19.350387,108.300,-48.617,154.204,-0.1883,2.3214,-0.2987,1.656,-15.949,-9.392
19.367054,108.635,-48.343,153.806,-0.0374,2.0424,-0.4544,2.029,-20.456,-10.281
19.383721,109.025,-48.026,153.328,0.0088,1.7235,-0.2811,1.848,-24.450,-11.513
19.400388,109.442,-47.707,152.776,0.2566,1.4090,0.0555,0.227,-27.521,-10.454
19.417055,109.849,-47.394,152.156,0.1906,0.9705,0.1564,-3.229,-30.206,-8.926
19.433722,110.279,-47.110,151.501,0.3440,0.2200,0.3042,-3.259,-31.136,-6.576
19.450389,110.760,-46.840,150.825,0.2560,-0.4036,0.3876,-0.961,-31.867,-5.155
19.467056,111.307,-46.577,150.138,0.0888,-0.7383,0.4310,2.578,-32.286,-4.265
19.483723,111.889,-46.340,149.476,0.0228,-0.9546,0.5812,5.946,-30.906,-2.865
19.500390,112.361,-46.168,148.878,0.3001,-1.0965,1.0242,2.195,-27.093,0.128
19.517057,112.702,-46.034,148.355,0.1473,-1.2251,1.0199,-2.309,-23.381,1.192
19.533724,112.985,-45.911,147.911,-0.1480,-1.4126,0.7989,-2.350,-20.119,0.712
19.550391,113.265,-45.797,147.538,-0.2819,-1.3848,0.6198,0.555,-17.221,0.087
19.567058,113.556,-45.702,147.213,-0.2136,-1.1918,0.5439,3.298,-14.922,0.480
19.583725,113.830,-45.625,146.914,-0.0936,-0.9914,0.4623,3.439,-13.492,1.108
19.600392,114.083,-45.559,146.640,-0.0936,-1.0074,0.3046,3.315,-12.249,1.307
19.617059,114.317,-45.500,146.394,-0.0384,-1.0870,0.1992,3.375,-11.008,1.329
19.633726,114.547,-45.451,146.160,-0.0688,-1.2083,0.1801,3.584,-10.311,1.662
19.650393,114.758,-45.411,145.947,-0.2377,-1.2486,0.2682,3.385,-9.284,1.850
19.667060,114.926,-45.386,145.795,-0.4068,-1.3122,0.3467,3.438,-6.540,1.631
19.683727,115.061,-45.367,145.701,-0.5138,-1.1031,0.3100,4.013,-4.125,0.894
19.700394,115.180,-45.363,145.668,-0.4214,-0.9973,0.2888,5.575,-1.461,0.627
19.717061,115.292,-45.373,145.665,-0.3219,-0.9160,0.1938,6.478,0.085,0.872
19.733728,115.362,-45.395,145.689,-0.2195,-0.8067,0.2148,5.083,1.420,1.044
19.750395,115.409,-45.408,145.742,-0.3462,-0.7243,0.0740,4.976,2.306,0.011
19.767062,115.416,-45.421,145.838,-0.5083,-0.4962,0.1288,4.395,3.953,-0.791
19.783729,115.402,-45.446,145.982,-0.3436,-0.2579,0.1392,5.178,6.080,-0.970
19.800396,115.343,-45.476,146.148,-0.2545,-0.0238,-0.0383,3.463,7.055,-1.175
19.817063,115.264,-45.499,146.324,-0.2160,0.1475,-0.2676,2.719,7.257,-1.667
19.833730,115.157,-45.515,146.499,-0.1191,0.4015,-0.3368,0.956,7.038,-1.991
19.850397,115.061,-45.514,146.663,-0.1711,0.5266,-0.3679,1.109,6.203,-2.724
19.867064,114.964,-45.482,146.818,-0.2628,0.7012,-0.3633,0.717,5.037,-4.274
19.883731,114.897,-45.440,146.947,-0.1659,0.9534,-0.3053,1.399,3.834,-4.301
19.900398,114.846,-45.406,147.035,-0.0112,0.9476,-0.2431,0.547,2.457,-3.129
19.917065,114.806,-45.361,147.084,-0.1931,0.7888,-0.3189,-0.431,0.662,-3.051
19.933732,114.806,-45.282,147.105,-0.2589,0.8652,-0.2609,0.768,-1.270,-4.453
19.950399,114.824,-45.187,147.122,-0.0347,0.9121,-0.1812,1.622,-1.810,-5.192
19.967066,114.848,-45.081,147.109,-0.0143,1.0698,-0.1690,0.815,-3.254,-5.315
19.983733,114.926,-44.972,147.044,0.1092,1.2138,-0.1237,1.721,-5.366,-4.513
20.000400,115.020,-44.877,146.932,0.2173,1.1598,-0.0426,0.807,-6.811,-2.903
20.017067,115.132,-44.794,146.772,0.2159,0.9726,0.0449,-0.202,-8.388,-1.367
20.033734,115.237,-44.697,146.590,0.0686,1.0403,-0.0038,-1.579,-9.637,-1.677
20.050401,115.335,-44.596,146.391,0.2348,1.1144,0.0766,-2.665,-10.414,-1.577
20.067068,115.397,-44.499,146.163,0.2912,1.1092,0.2279,-6.033,-11.467,-0.823
20.083735,115.371,-44.397,145.899,0.1323,1.2363,0.3209,-12.736,-12.975,-0.436
20.100402,115.366,-44.313,145.631,0.2015,0.8746,0.3618,-11.737,-12.740,0.680
20.117069,115.377,-44.238,145.352,0.4301,0.7349,0.4138,-11.223,-12.925,1.339
20.133736,115.299,-44.199,145.019,0.8566,0.6594,0.4685,-18.812,-14.173,4.295
20.150403,115.196,-44.164,144.547,0.8194,1.0669,0.2615,-26.062,-19.442,7.054
20.167070,115.087,-44.163,143.906,1.0854,1.3343,0.2902,-33.503,-25.236,11.920
20.183737,115.049,-44.260,142.993,1.9317,1.4067,0.4640,-40.688,-33.332,22.234
20.200404,115.021,-44.480,141.774,2.3444,0.9160,0.3321,-53.004,-42.041,34.386
20.217071,115.092,-44.763,140.278,1.8744,0.7035,-0.4149,-58.976,-50.943,42.734
20.233738,115.495,-45.016,138.488,0.9240,1.6943,-1.3611,-51.876,-62.612,46.566
20.250405,116.287,-45.150,136.447,-0.0154,3.1867,-2.0942,-39.406,-74.580,45.306
20.267072,117.459,-45.238,134.170,0.2205,3.7247,-2.0292,-26.865,-83.844,48.546
20.283739,118.835,-45.277,131.743,0.5335,3.2493,-1.7864,-21.095,-89.631,50.741
20.300406,120.228,-45.197,129.265,0.6233,2.6214,-1.7849,-22.270,-93.888,47.772
20.317073,121.405,-44.976,126.821,0.3282,2.2738,-1.6914,-33.540,-96.157,41.993
20.333740,122.223,-44.635,124.476,-0.3366,2.4933,-1.6063,-50.380,-96.076,35.585
20.350407,122.879,-44.212,122.297,-0.7979,2.5750,-1.6187,-52.482,-92.847,29.178
20.367074,123.630,-43.673,120.238,-0.4730,2.0520,-1.5086,-40.990,-92.635,22.089
20.383741,124.415,-43.014,118.316,-0.3317,0.8691,-1.0270,-32.383,-92.186,14.479
20.400408,125.071,-42.251,116.548,-0.3439,0.1734,-0.6469,-32.896,-90.787,7.207
20.417075,125.614,-41.432,114.901,0.0759,-0.0315,-0.0987,-33.692,-88.998,2.888
20.433742,126.121,-40.640,113.350,0.2011,-0.0943,0.1166,-30.975,-85.258,2.939
20.450409,126.596,-39.876,111.885,0.1591,-0.0967,0.3391,-28.659,-81.762,3.196
20.467076,127.162,-39.154,110.469,0.3575,-0.6738,0.5200,-20.483,-78.964,5.040
20.483743,127.580,-38.447,109.086,0.9003,-1.5662,0.6994,-27.248,-77.672,5.879
20.500410,127.837,-37.771,107.784,0.5136,-2.6383,1.1634,-33.098,-73.936,5.847
20.517077,128.086,-37.138,106.597,0.2070,-2.4957,0.8419,-28.686,-68.437,5.184
20.533744,128.260,-36.480,105.463,0.8832,-0.5859,-1.4155,-30.605,-67.691,2.941
20.550411,128.187,-35.811,104.244,1.5651,0.0394,-1.8975,-47.778,-71.671,5.322
20.567078,128.406,-35.246,102.777,1.3267,-1.3754,-0.5599,-38.303,-77.680,18.144
20.583745,128.998,-34.602,101.146,0.4255,-2.0683,0.2492,-20.734,-87.194,20.338
20.600412,129.548,-33.901,99.540,-0.6296,-2.8918,1.1998,-21.487,-88.683,18.221
20.617079,129.958,-33.203,98.044,-1.0516,-2.0139,0.7944,-25.227,-84.659,15.966
20.633746,130.289,-32.551,96.655,-0.7440,-0.8456,0.4223,-25.633,-79.044,15.503
20.650413,130.718,-31.928,95.316,-0.4942,-0.5860,0.5810,-17.286,-76.232,16.016
20.667080,131.390,-31.244,93.986,-0.7780,-0.3871,0.6396,-1.704,-78.536,14.016
20.683747,132.006,-30.500,92.655,-0.1851,-0.7804,0.8801,-4.173,-81.113,12.587
20.700414,132.367,-29.866,91.358,0.0156,-1.0003,1.3822,-17.664,-75.662,17.288
20.717081,132.418,-29.350,90.135,-0.2903,-0.9366,1.0834,-33.379,-68.260,20.476
20.733748,132.366,-28.888,88.985,-0.2987,-0.7350,0.3528,-36.873,-63.416,20.460
20.750415,132.332,-28.393,87.881,0.1046,-0.1334,-0.5116,-34.008,-63.227,17.531
20.767082,132.189,-27.906,86.798,0.2731,0.0848,-0.3710,-39.380,-62.306,17.148
20.783749,131.985,-27.522,85.746,-0.1822,0.4438,-0.1875,-41.753,-57.109,20.686
20.800416,131.745,-27.208,84.754,-0.5242,0.3298,-0.0208,-41.922,-52.197,21.496
20.817083,131.526,-26.876,83.861,-0.7374,-0.1615,0.0030,-37.699,-49.123,17.101
20.833750,131.255,-26.419,83.072,-0.2967,-0.1152,-0.3821,-37.680,-50.127,7.710
20.850417,130.821,-25.861,82.366,-0.2648,0.2542,-0.2025,-44.868,-50.846,-0.023
20.867084,130.375,-25.318,81.678,-0.3726,0.2008,0.2825,-44.807,-49.720,-0.211
20.883751,130.030,-24.767,81.009,-0.6385,0.1563,0.5351,-37.867,-49.325,-1.504
20.900418,129.844,-24.168,80.396,-0.5776,0.0315,0.8543,-26.547,-48.970,-5.768
20.917085,129.648,-23.552,79.877,0.0174,0.0510,0.5265,-24.541,-45.779,-9.941
20.933752,129.447,-22.837,79.418,0.6392,0.5028,-1.5375,-23.131,-47.057,-16.686
20.950419,129.152,-22.055,78.963,1.2179,0.4165,-2.2247,-28.308,-49.510,-20.056
20.967086,129.184,-21.225,78.441,0.7375,-0.3558,-1.5523,-9.827,-54.258,-19.937
20.983753,129.631,-20.330,77.894,0.4055,-0.9425,-0.2621,14.977,-58.073,-21.763
21.000420,130.308,-19.393,77.333,0.6014,-0.9453,0.1633,29.070,-60.589,-22.464
21.017087,130.666,-18.431,76.706,0.8899,-0.7010,0.0449,9.081,-64.783,-20.530
21.033754,130.615,-17.579,76.073,0.5736,-0.4571,0.2743,-14.928,-60.882,-14.941
21.050421,130.396,-16.779,75.482,0.5279,-0.3572,-0.5852,-23.748,-57.174,-14.255
21.067088,130.186,-15.959,74.950,0.3819,-0.5543,-1.2717,-21.689,-55.347,-17.441
21.083755,130.161,-15.045,74.437,0.5936,-0.4047,-2.2834,-9.872,-58.243,-22.479
21.100422,130.062,-14.107,73.848,0.9764,-0.5189,-1.1916,-14.974,-62.592,-20.786
21.117089,129.843,-13.175,73.149,0.7162,-0.5848,-0.4329,-23.148,-67.365,-16.397
21.133756,129.499,-12.264,72.380,0.3567,-0.3962,-0.0487,-30.865,-69.681,-13.094
21.150423,129.087,-11.387,71.626,0.4930,-0.3328,-0.3951,-34.072,-67.741,-12.417
21.167090,128.545,-10.587,70.929,0.0001,-0.1402,0.0412,-40.548,-62.235,-11.437
21.183757,128.010,-9.841,70.295,-0.1747,0.3414,0.1489,-38.943,-57.237,-11.652
21.200424,127.510,-9.084,69.677,0.4581,0.0679,-0.7056,-36.200,-56.885,-13.325
21.217091,126.922,-8.222,69.045,0.7011,-0.2147,-1.8157,-41.031,-61.301,-18.260
21.233758,126.407,-7.172,68.337,0.4496,-0.1317,-2.6514,-36.645,-71.497,-25.150
21.250425,126.134,-6.006,67.589,0.0530,-0.0758,-2.0711,-21.634,-77.531,-29.783
21.267092,126.395,-4.737,66.945,-0.6318,0.4170,-1.0993,11.957,-76.154,-38.389
21.283759,127.079,-3.359,66.418,-0.3840,0.7407,-1.3671,38.763,-74.875,-47.181
21.300426,127.567,-1.954,65.874,1.0681,0.1423,-1.4743,27.653,-77.186,-47.022
21.317093,127.392,-0.516,65.248,1.9038,-0.7939,-2.4872,-11.352,-82.504,-45.369
21.333760,126.617,0.989,64.544,1.9917,-1.3032,-2.4753,-46.397,-88.216,-46.443
21.350427,125.723,2.622,63.798,1.5785,-1.2606,-1.9530,-52.274,-94.056,-52.498
21.367094,125.030,4.379,63.039,0.9229,-0.7527,-0.7031,-38.798,-98.207,-59.419
21.383761,124.575,6.224,62.214,0.6665,-0.6165,-0.8054,-22.714,-103.730,-62.579
21.400428,124.223,8.115,61.304,0.4461,-1.0635,-1.4682,-14.356,-108.842,-62.859
21.417095,123.859,10.079,60.281,0.6862,-2.2032,-2.0657,-12.143,-116.184,-63.554
21.433762,123.470,12.020,59.176,0.7492,-2.2191,-0.6368,-10.617,-118.666,-60.692
21.450429,122.836,13.879,58.046,1.1520,-2.5311,-0.0301,-22.839,-116.230,-57.100
21.467096,121.985,15.736,56.825,0.3720,-2.2321,-0.2202,-32.328,-119.372,-55.996
21.483763,121.293,17.745,55.460,-0.1377,-2.3358,-0.8707,-17.921,-129.721,-61.361
21.500430,120.599,19.910,53.862,0.1883,-3.5112,-1.1578,-10.747,-144.393,-64.659
21.517097,119.736,22.111,51.987,-0.0150,-3.6941,-0.9911,-11.469,-156.744,-61.306
21.533764,118.939,24.306,49.928,-0.4763,-2.9730,-0.8073,0.823,-162.954,-59.128
21.550431,118.454,26.551,47.714,-0.9477,-1.4480,-0.2547,27.886,-169.368,-60.488
21.567098,118.052,28.871,45.329,-0.1726,-1.7775,0.1197,42.266,-176.857,-62.604
21.583765,117.111,31.179,42.655,-0.0465,-2.8056,0.4427,23.714,-186.536,-58.352
21.600432,115.608,33.464,39.705,-1.0440,-3.6209,0.2798,4.283,-194.136,-56.440
21.617099,113.791,35.802,36.603,-1.6626,-4.5076,0.7849,-3.457,-196.880,-63.394
21.633766,111.913,38.175,33.416,-1.4750,-3.6894,2.4821,2.068,-195.063,-71.875
21.650433,110.260,40.423,30.329,-1.2910,-2.1622,2.7568,17.813,-181.172,-74.193
21.667100,108.529,42.512,27.312,-1.3373,-2.4724,2.0811,15.565,-168.401,-73.130
21.683767,106.353,44.430,24.263,-1.7534,-3.4120,2.3097,-5.192,-159.976,-69.912
21.700434,103.927,46.270,21.074,-2.1878,-3.8898,2.9519,-10.005,-157.336,-71.351
21.717101,101.441,48.071,17.683,-1.9493,-3.8609,3.7169,-0.510,-157.296,-74.926
21.733768,99.040,49.770,14.064,-2.2951,-2.3262,3.9395,18.909,-157.058,-74.753
21.750435,96.842,51.269,10.325,-2.3319,0.2833,4.1667,40.490,-152.152,-69.145
21.767102,94.786,52.466,6.750,-1.7436,1.2948,5.4059,44.492,-137.528,-57.832
21.783769,92.932,53.469,3.441,-1.7371,0.8719,5.3785,46.439,-121.920,-51.715
21.800436,91.103,54.322,0.318,-1.5855,0.2476,5.0766,40.758,-110.745,-46.988
21.817103,89.278,54.937,-2.670,-1.7335,0.5100,4.5742,35.856,-102.531,-36.310
21.833770,87.279,55.232,-5.621,-1.7561,1.1079,4.2893,24.380,-99.405,-20.416
21.850437,85.222,55.301,-8.683,-2.7837,1.8025,3.5669,26.697,-102.847,-10.645
21.867104,83.411,55.324,-11.814,-3.7293,2.3920,3.0582,45.049,-105.006,-11.550
21.883771,82.001,55.273,-14.748,-2.1941,3.7962,3.3325,59.307,-98.580,-9.282
21.900438,80.917,55.117,-17.116,-0.0113,4.0474,3.3351,50.922,-80.523,-2.376
21.917105,79.630,54.925,-18.986,-0.1804,3.2607,1.8696,14.030,-64.398,0.906
21.933772,78.177,54.685,-20.545,-0.6005,3.3072,0.3603,-11.318,-54.807,4.188
21.950439,76.953,54.455,-21.891,-1.5187,4.0274,-0.6287,-8.199,-47.930,3.824
21.967106,75.969,54.262,-23.194,-1.5659,4.6473,-1.0411,4.025,-46.341,1.037
21.983773,75.491,54.151,-24.196,-0.6362,4.7152,-0.5423,19.734,-35.223,-1.745
22.000440,75.429,54.140,-24.738,-0.3890,4.8017,0.2481,22.313,-18.261,-3.650
22.017107,75.591,54.263,-24.919,-1.3467,4.2504,-0.0015,18.338,-4.099,-8.296
22.033774,75.811,54.460,-24.832,-1.1341,3.7544,0.3421,8.774,5.961,-10.213
22.050441,76.110,54.683,-24.627,-0.9806,3.4397,0.3132,7.885,10.119,-10.793
22.067108,76.459,54.936,-24.342,-0.7850,3.0864,0.0405,6.941,13.020,-11.881
22.083775,76.823,55.226,-24.083,-0.7420,2.7867,-0.6146,9.116,12.452,-14.402
22.100442,77.171,55.564,-23.850,-0.5073,2.5026,-1.2943,9.480,12.001,-17.476
22.117109,77.459,55.880,-23.666,-0.2986,2.5004,-1.6183,8.272,9.829,-16.637
22.133776,77.707,56.149,-23.495,0.0533,2.4717,-1.4147,6.572,8.633,-14.056
22.150443,77.788,56.386,-23.330,0.2690,1.4903,-0.6189,-3.148,7.855,-12.263
22.167110,77.912,56.564,-23.161,0.4367,1.1738,0.1904,-0.829,7.159,-8.740
22.183777,78.227,56.730,-22.964,-0.0538,1.7209,0.4375,9.328,7.808,-7.918
22.200444,78.622,56.883,-22.732,-0.0709,2.4621,0.4997,12.322,8.669,-6.993
22.217111,78.975,57.033,-22.465,0.2890,2.5832,0.7015,8.105,9.572,-6.654
22.233778,79.288,57.172,-22.180,0.6103,1.9961,0.9290,4.810,9.895,-5.960
22.250445,79.703,57.332,-21.891,0.4174,1.6967,0.6159,10.768,10.111,-7.244
22.267112,80.199,57.483,-21.618,0.4478,1.1908,0.4832,16.376,9.358,-6.902
22.283779,80.732,57.566,-21.356,0.3924,1.0418,0.4623,19.163,8.230,-3.093
22.300446,81.203,57.609,-21.143,0.1065,1.0498,0.3704,17.942,6.207,-0.990
22.317113,81.695,57.639,-20.929,-0.1456,0.8147,0.5341,19.200,6.048,-0.247
22.333780,82.286,57.714,-20.658,-0.3418,0.6018,0.3014,22.214,8.239,-2.765
22.350447,83.031,57.817,-20.300,-0.1083,0.1565,-0.0253,27.082,11.118,-4.201
22.367114,83.799,57.926,-19.855,-0.0732,-0.4970,-0.4604,23.970,13.850,-4.403
22.383781,84.514,58.035,-19.438,-0.7775,-0.9904,-1.1022,22.174,12.865,-4.637
22.400448,85.276,58.212,-19.059,-1.4084,-1.5173,-1.2724,26.857,11.982,-8.996
22.417115,86.191,58.491,-18.761,-1.4120,-2.3979,-1.1089,40.178,9.707,-15.484
22.433782,87.185,58.834,-18.432,-1.0124,-3.1859,-0.7826,43.194,10.629,-19.404
22.450449,87.930,59.268,-18.220,-0.8871,-4.4021,-1.1635,34.116,6.976,-25.164
22.467116,88.455,59.806,-18.323,-0.4541,-5.1016,-2.1122,37.030,-2.607,-31.827
22.483783,88.903,60.423,-18.877,-0.1076,-6.0979,-2.5859,55.805,-16.048,-36.849
22.500450,89.381,61.058,-19.921,-0.1184,-6.5204,-3.3565,83.285,-30.169,-38.056
22.517117,89.801,61.713,-21.356,0.1079,-7.7388,-3.0281,100.666,-40.867,-39.075
22.533784,89.597,62.310,-23.564,0.3872,-10.0902,-1.9909,104.442,-61.673,-35.692
22.550451,88.636,62.787,-26.740,1.1233,-11.7307,-0.0932,110.793,-86.720,-29.639
22.567118,86.770,63.008,-30.857,0.4783,-11.4740,1.3893,107.072,-110.897,-17.459
22.583785,84.298,62.859,-35.733,-0.1522,-12.0542,3.1672,111.054,-132.041,-1.254
22.600452,81.436,62.258,-41.463,-1.3140,-12.6078,4.6593,131.993,-159.945,16.237
22.617119,78.746,61.076,-47.956,-1.9374,-11.5255,5.5497,179.849,-192.176,37.975
22.633786,76.864,59.332,-54.637,-2.4991,-9.0015,5.9763,232.983,-214.266,60.055
22.650453,75.859,57.122,-60.998,-2.6295,-7.4788,6.6798,262.080,-223.765,81.225
22.667120,75.589,54.640,-66.912,-2.8187,-5.6799,7.4188,275.313,-226.590,94.860
22.683787,76.189,51.867,-72.599,-3.6937,-3.4120,8.0192,307.044,-235.340,111.063
22.700454,77.885,48.861,-78.019,-3.3063,-1.4082,8.5719,349.861,-239.333,128.581
22.717121,80.401,45.568,-82.987,-3.7548,-0.0193,9.7516,367.404,-232.759,155.115
22.733788,83.479,41.945,-87.659,-3.5385,1.1428,11.0930,376.333,-227.677,185.837
22.750455,86.312,38.000,-91.882,-5.0962,1.8657,12.5295,330.685,-211.210,217.318
22.767122,88.800,33.880,-95.850,-5.7201,4.1564,12.8822,287.196,-199.923,237.386
22.783789,91.241,29.615,-99.480,-5.0523,6.2768,12.7351,259.531,-182.053,254.556
22.800456,93.734,25.015,-102.917,-4.9733,9.2408,11.9232,242.988,-168.214,282.246
22.817123,96.292,19.960,-106.376,-4.3068,12.1801,10.9480,231.936,-161.999,317.465
22.833790,98.659,14.471,-109.894,-3.3153,14.8913,10.1824,203.975,-154.948,351.489
22.850457,100.672,8.628,-113.545,-1.7656,17.4458,8.4848,164.468,-151.129,380.509
22.867124,102.265,2.472,-117.430,0.0183,19.5418,5.8868,118.311,-153.059,407.265
22.883791,103.451,-3.957,-121.730,1.8137,21.1632,3.0431,68.219,-165.516,433.061
22.900458,104.378,-10.571,-126.515,3.2225,22.0841,0.3546,19.747,-181.673,453.733
22.917125,105.437,-17.158,-131.825,6.0213,21.6456,-2.6732,-12.470,-198.734,461.969
22.933792,107.364,-23.481,-137.652,8.8938,17.9781,-7.0943,-5.833,-209.659,457.442
22.950459,110.564,-29.372,-144.059,9.6786,13.9578,-9.7936,20.312,-213.505,447.545
22.967126,114.788,-34.746,-151.007,9.0585,10.9273,-10.8501,31.149,-204.869,435.519
22.983793,120.372,-39.408,-158.572,9.0117,7.8293,-11.6775,59.839,-194.803,417.744
23.000460,127.477,-43.190,-166.719,9.4582,3.4801,-12.8671,101.758,-181.353,395.756
23.017127,135.772,-46.110,-175.040,8.8216,-2.4441,-13.6099,144.634,-152.121,369.796
23.033794,144.405,-48.197,176.793,6.8599,-6.2812,-13.5869,156.555,-120.272,338.986
23.050461,152.592,-49.475,168.958,5.1504,-7.3744,-12.5023,135.313,-98.228,306.992
23.067128,160.080,-50.049,161.619,4.2593,-7.9440,-11.1858,111.338,-84.059,277.326
23.083795,166.218,-50.144,155.328,2.1163,-9.4437,-10.0699,77.112,-65.790,236.176
23.100462,171.202,-49.951,150.345,-1.1116,-11.7490,-8.0085,68.567,-49.711,188.471
23.117129,174.523,-49.768,146.788,-2.9035,-10.1924,-5.8950,35.127,-28.564,137.194
23.133796,176.281,-49.718,144.481,-3.0008,-8.0647,-5.1319,-1.000,-10.544,90.606
23.150463,176.741,-49.805,143.397,-3.2074,-7.3136,-4.7687,-22.745,2.343,43.598
23.167130,176.373,-50.128,143.424,-2.7256,-7.2900,-4.2005,-21.329,19.086,1.167
23.183797,175.253,-50.744,144.614,-2.3311,-7.1227,-3.6854,-12.550,39.964,-41.886
23.200464,173.273,-51.621,146.902,-1.0123,-6.4177,-3.7520,-12.098,60.800,-79.837
23.217131,170.368,-52.718,150.333,0.1309,-5.9952,-4.7576,-11.856,82.978,-115.294
23.233798,166.570,-53.881,154.979,1.0042,-5.4670,-5.4011,-4.335,101.622,-149.106
23.250465,161.826,-54.960,160.863,1.9988,-4.7679,-5.9999,2.638,118.144,-179.976
23.267132,156.116,-55.832,167.958,3.4027,-4.1353,-6.9129,7.998,135.593,-206.857
23.283799,149.553,-56.362,176.208,4.8946,-3.3158,-8.0659,17.375,154.417,-231.077
23.300466,142.225,-56.422,-174.464,6.1834,-2.0567,-9.3183,26.964,176.855,-254.381
23.317133,133.962,-55.835,-164.209,7.3469,-0.5265,-10.4204,15.619,203.036,-278.486
23.333800,124.870,-54.382,-153.391,8.1008,1.0857,-12.0210,-12.408,231.823,-302.606
23.350467,115.607,-51.898,-142.627,8.7594,3.6044,-13.2286,-38.376,260.035,-323.066
23.367134,106.796,-48.296,-132.353,8.6894,6.6752,-14.6978,-55.056,290.879,-343.507
23.383801,98.881,-43.507,-122.972,8.5287,10.1703,-15.9483,-70.129,318.366,-365.986
23.400468,92.202,-37.571,-114.316,7.8306,15.0947,-16.8574,-62.806,358.525,-391.257
23.417135,86.657,-30.482,-106.351,6.2204,20.2074,-16.8834,-65.093,400.004,-419.909
23.433802,82.477,-22.221,-99.133,4.9121,25.9938,-16.7470,-58.692,432.542,-455.216
23.450469,78.917,-12.814,-92.408,4.5299,34.7434,-12.9353,-92.349,469.665,-493.235
23.467136,76.431,-2.103,-86.090,0.0731,46.5145,-6.7854,-100.327,502.236,-546.048
23.483803,74.784,9.824,-79.865,-8.3029,56.3125,2.9337,-124.163,535.645,-598.882
23.500470,74.823,22.476,-72.754,-18.5372,62.2394,20.1603,-116.439,590.188,-623.137
23.517137,78.347,35.394,-62.848,-29.5486,59.8486,41.0704,-76.713,680.444,-629.770
23.533804,86.069,47.010,-48.115,-38.8208,42.9478,59.5879,-120.394,746.983,-593.951
23.550471,96.981,54.619,-27.353,-41.7689,15.4866,69.6682,-311.866,766.904,-468.501
23.567138,109.127,56.751,-3.251,-40.7014,-3.8622,70.9216,-465.804,756.775,-302.851
23.583805,119.960,54.234,19.033,-40.4633,-20.0932,67.8638,-451.665,743.077,-175.581
23.600472,127.303,48.404,37.059,-36.5958,-39.8457,58.9819,-403.876,749.017,-82.819
23.617139,131.630,40.516,50.561,-28.8587,-56.2195,43.0727,-308.336,741.733,-1.684
23.633806,133.944,31.119,60.575,-18.9856,-65.6318,28.4638,-213.942,737.100,83.275
23.650473,135.386,21.083,68.559,-6.9804,-68.4895,14.8727,-125.868,727.516,126.066
23.667140,135.957,11.479,75.211,4.2874,-65.3773,0.5704,-79.352,679.770,128.346
23.683807,136.045,2.664,80.892,7.7869,-55.9522,-10.4987,-38.162,616.496,123.363
23.700474,135.773,-5.530,86.095,12.1550,-45.3650,-16.5670,-9.669,572.398,116.887
23.717141,135.744,-12.969,91.236,16.2327,-35.9517,-21.4532,47.162,534.916,91.950
23.733808,135.925,-19.890,96.286,16.3474,-26.4427,-22.0771,96.301,503.470,79.374
23.750475,136.162,-26.412,101.383,14.8752,-19.4597,-22.7600,134.710,480.164,67.653
23.767142,136.026,-32.336,106.837,14.5323,-15.3623,-22.3503,152.999,457.067,39.492
23.783809,135.130,-37.607,112.975,15.5435,-12.6102,-21.3495,158.366,440.300,4.302
23.800476,132.887,-42.250,120.068,17.1377,-7.2931,-22.7962,139.916,431.229,-27.775
23.817143,128.569,-46.206,128.355,19.2393,-1.7193,-23.3766,89.406,427.617,-53.839
23.833810,121.552,-49.421,137.701,20.9845,4.0074,-22.4054,-3.710,421.512,-59.375
23.850477,111.860,-51.745,147.566,19.1774,10.2240,-19.6727,-122.307,400.746,-44.860
23.867144,101.049,-53.077,156.912,12.9839,14.3122,-16.7458,-202.643,352.879,-20.243
23.883811,91.957,-53.472,164.586,5.5571,15.0889,-13.8898,-175.337,278.197,-7.148
23.900478,85.920,-53.438,170.498,1.4597,14.7238,-12.6732,-76.368,212.909,2.540
23.917145,83.050,-53.030,175.091,2.3133,16.1185,-10.4624,49.115,167.947,-7.846
23.933812,81.891,-52.565,178.671,4.0166,18.3614,-6.4263,101.911,133.543,-10.053
23.950479,81.420,-52.334,-178.602,5.4240,18.5262,-2.7629,101.718,101.536,1.353
23.967146,80.861,-52.244,-176.688,4.2159,17.3851,-1.1593,57.370,70.775,6.025
23.983813,80.328,-52.154,-175.623,1.9966,15.4780,0.1079,18.517,39.816,1.615
24.000480,80.243,-51.921,-175.292,-0.5261,13.4266,0.7607,10.432,14.443,-11.204
24.017147,80.671,-51.669,-175.488,-0.9531,11.3810,1.7863,16.262,-4.778,-15.644
24.033814,81.822,-51.340,-176.184,0.5607,7.7484,1.9542,36.092,-22.951,-23.050
24.050481,83.425,-51.118,-177.114,1.3403,4.5979,2.0828,52.462,-33.272,-17.239
24.067148,85.024,-51.114,-178.144,1.5205,2.4215,2.3289,47.501,-38.994,-3.717
24.083815,86.386,-51.327,-179.136,1.2285,1.1807,2.5525,35.059,-38.550,10.367
24.100482,87.565,-51.586,179.925,0.4204,0.6455,2.1703,26.386,-36.286,14.112
24.117149,88.669,-51.756,179.103,-0.0255,0.4340,2.0004,27.221,-31.313,9.646
24.133816,89.744,-51.817,178.445,-0.3574,-0.0883,1.4991,33.232,-24.872,3.762
24.150483,90.731,-51.800,177.943,0.0015,-0.0990,1.1181,35.271,-18.985,-0.510
24.167150,91.449,-51.815,177.554,0.7063,0.3718,1.0750,24.442,-14.789,1.559
24.183817,91.916,-51.934,177.196,1.1695,0.6037,0.8892,10.888,-13.391,7.999
24.200484,92.297,-52.137,176.801,0.7265,0.2114,0.1387,3.972,-14.449,13.084
24.217151,92.755,-52.371,176.346,-0.0153,-0.0472,-0.4733,5.571,-16.440,15.231
24.233818,93.258,-52.608,175.870,-0.1236,-0.0356,-0.6225,7.288,-16.940,15.523
24.250485,93.820,-52.839,175.344,-0.0729,0.2986,-0.5138,8.393,-18.506,15.393
24.267152,94.326,-53.044,174.806,-0.4109,0.5968,-0.2891,4.334,-18.863,14.039
24.283819,94.680,-53.224,174.353,-0.6923,-0.0180,-0.2026,-0.715,-15.684,12.476
24.300486,94.953,-53.377,173.979,-0.7752,-0.4342,-0.1416,-1.780,-12.870,10.637
24.317153,95.101,-53.477,173.677,-0.5926,-0.2463,-0.2698,-5.924,-10.529,7.302
24.333820,95.161,-53.560,173.398,-0.1225,-0.2394,-0.4401,-10.055,-9.714,6.217
24.350487,95.251,-53.632,173.069,-0.2367,-0.6310,-0.5063,-10.716,-11.514,5.727
24.367154,95.422,-53.695,172.709,-0.7857,-0.7763,-0.5558,-7.312,-12.614,5.311
24.383821,95.673,-53.771,172.385,-0.9641,-0.8220,-0.2724,-0.814,-11.237,5.998
24.400488,95.906,-53.853,172.161,-0.8865,-0.9291,0.0209,2.938,-7.599,6.048
24.417155,96.057,-53.908,172.044,-0.7602,-0.7638,0.4161,3.223,-3.945,4.074
24.433822,96.053,-53.935,172.042,-0.6760,-0.3183,0.4166,-0.496,-0.061,1.938
24.450489,95.971,-53.935,172.100,-0.8299,0.2308,0.0156,-2.300,1.854,0.126
24.467156,95.936,-53.925,172.132,-0.5211,0.6350,-0.2004,-0.686,0.925,-0.434
24.483823,96.004,-53.914,172.085,-0.3808,0.7084,-0.2869,1.633,-1.887,-0.132
24.500490,96.127,-53.941,171.962,-0.3810,0.9327,-0.1301,1.245,-4.339,2.328
24.517157,96.285,-53.996,171.801,-0.5299,0.9984,-0.0326,1.498,-5.452,4.214
24.533824,96.434,-54.025,171.628,-0.6130,0.9564,-0.0396,0.373,-6.033,2.728
24.550491,96.531,-53.992,171.471,-0.7758,0.7648,-0.0897,-1.975,-5.938,-1.046
24.567158,96.571,-53.919,171.353,-0.4581,0.4570,-0.0117,-3.466,-4.814,-3.582
24.583825,96.619,-53.821,171.222,-0.3379,0.5986,0.0295,-3.640,-5.453,-5.020
24.600492,96.685,-53.751,171.067,-0.0967,0.5112,0.0779,-3.722,-6.160,-3.280
24.617159,96.810,-53.732,170.877,0.1599,0.0501,0.1591,-1.862,-7.008,-0.052
24.633826,96.963,-53.717,170.665,-0.0719,-0.2144,0.1176,-1.261,-7.794,0.299
24.650493,97.136,-53.694,170.468,-0.1195,-0.1386,0.2614,0.678,-7.301,-0.232
24.667160,97.246,-53.678,170.334,-0.1731,0.0650,0.2378,-0.018,-5.011,-0.045
24.683827,97.357,-53.661,170.197,-0.3115,0.6238,0.1765,-0.144,-5.145,-0.145
24.700494,97.501,-53.654,170.049,-0.1239,0.6052,0.1447,1.306,-5.440,0.580
24.717161,97.649,-53.651,169.904,-0.2689,0.1665,0.0121,1.706,-5.352,0.737
24.733828,97.809,-53.615,169.781,-0.3631,0.2243,0.1117,3.490,-4.805,-1.277
24.750495,97.864,-53.577,169.715,0.1685,0.3084,0.4065,-0.064,-2.827,-1.646
24.767162,97.847,-53.547,169.658,0.2540,0.3954,0.3368,-3.922,-2.422,-1.232
24.783829,97.765,-53.537,169.579,0.1332,0.5530,0.2505,-8.876,-3.058,0.087
24.800496,97.783,-53.568,169.447,0.0554,0.4886,0.0871,-5.474,-4.592,2.743
24.817163,97.960,-53.601,169.258,-0.2031,0.1081,-0.1323,1.313,-6.610,3.170
24.833830,98.243,-53.626,169.028,-0.0730,0.1649,0.0293,5.740,-8.058,2.885
24.850497,98.540,-53.648,168.808,-0.0301,0.1047,0.2087,7.007,-7.740,2.718
24.867164,98.757,-53.674,168.594,-0.1967,0.1877,0.2220,2.467,-7.499,2.977
24.883831,98.847,-53.711,168.440,-0.2530,0.0461,0.2848,-2.214,-5.241,3.276
24.900498,98.965,-53.741,168.307,-0.2871,-0.1550,0.1100,0.468,-4.586,2.767
24.917165,99.083,-53.761,168.204,-0.2186,-0.2417,0.1651,2.008,-3.582,2.015
24.933832,99.156,-53.798,168.134,-0.0692,-0.1667,0.1857,0.800,-2.285,2.878
24.950499,99.209,-53.843,168.055,-0.1652,-0.0722,0.1205,-0.835,-2.518,3.364
24.967166,99.269,-53.894,167.945,-0.1011,0.2754,0.1631,-1.881,-3.508,3.923
24.983833,99.388,-53.965,167.771,-0.2648,0.5054,0.0954,-1.491,-5.538,5.459
25.000500,99.593,-54.041,167.576,-0.6211,0.2454,0.0234,2.725,-6.204,5.885
25.017167,99.836,-54.091,167.389,-0.5488,0.2837,0.0449,5.283,-6.159,4.313
25.033834,100.053,-54.120,167.222,-0.3420,0.3696,0.1084,4.762,-5.653,2.973
25.050501,100.165,-54.144,167.075,-0.2342,0.6899,0.1381,-0.597,-5.012,2.582
25.067168,100.205,-54.186,166.931,-0.1938,1.1217,0.1084,-4.802,-4.742,3.600
25.083835,100.233,-54.238,166.762,-0.6034,1.1766,-0.0909,-6.695,-5.463,4.423
25.100502,100.305,-54.278,166.556,-0.6909,1.1133,-0.2832,-5.881,-6.897,3.844
25.117169,100.461,-54.280,166.273,-0.4639,1.3095,-0.2121,-4.645,-9.970,2.161
25.133836,100.664,-54.244,165.921,-0.4237,1.2793,-0.1757,-5.135,-12.758,0.366
25.150503,100.874,-54.202,165.530,-0.1438,1.1651,-0.1357,-6.653,-14.189,0.325
25.167170,101.087,-54.165,165.084,-0.1873,1.4646,-0.0500,-9.081,-16.064,1.046
25.183837,101.343,-54.146,164.568,-0.0477,1.5394,0.1149,-9.971,-18.274,2.658
25.200504,101.593,-54.167,163.976,0.2616,1.6414,0.2100,-13.990,-20.434,5.566
25.217171,101.743,-54.238,163.263,0.6758,2.0789,0.2381,-25.883,-23.960,9.489
25.233838,101.812,-54.373,162.351,0.9749,2.7284,0.0694,-40.547,-29.960,14.656
25.250505,101.855,-54.599,161.121,1.6616,3.0979,0.0404,-57.757,-39.533,22.300
25.267172,102.115,-54.894,159.508,1.4461,3.2062,-0.1214,-63.655,-51.380,29.161
25.283839,102.734,-55.230,157.439,1.3442,3.4167,-0.1770,-64.919,-65.545,35.207
25.300506,103.754,-55.607,154.950,1.3849,3.7502,-0.2387,-62.010,-77.799,41.649
25.317173,105.092,-55.980,152.076,1.6660,3.8220,-0.2412,-62.667,-88.838,46.060
25.333840,106.694,-56.305,148.883,1.5012,3.8170,-0.5363,-63.304,-97.875,48.235
25.350507,108.545,-56.561,145.452,1.2914,3.7818,-0.9263,-60.823,-104.452,49.329
25.367174,110.639,-56.739,141.819,1.3386,3.9161,-1.0647,-56.845,-109.960,50.468
25.383841,112.905,-56.866,137.933,2.2512,3.6800,-1.0507,-59.579,-116.450,54.615
25.400508,115.277,-56.901,133.769,2.5596,3.2199,-1.3455,-67.342,-124.434,57.889
25.417175,117.666,-56.810,129.389,2.4304,2.7315,-1.5795,-77.200,-131.813,59.394
25.433842,120.147,-56.574,124.845,2.3185,2.4133,-1.7840,-79.484,-138.693,60.234
25.450509,122.781,-56.198,120.130,2.7826,2.2094,-1.8285,-78.075,-146.163,62.735
25.467176,125.516,-55.730,115.238,3.6093,2.0037,-2.2350,-79.665,-152.503,69.229
25.483843,128.228,-55.182,110.154,4.0870,1.9651,-2.7624,-89.102,-158.897,77.812
25.500510,130.846,-54.533,104.958,3.6966,1.7789,-3.2998,-98.385,-164.012,84.460
25.517177,133.474,-53.723,99.720,3.1826,1.5728,-3.5312,-97.558,-169.971,87.873
25.533844,136.159,-52.652,94.490,3.1021,1.3446,-3.9124,-90.711,-179.491,87.296
25.550511,138.965,-51.290,89.385,2.7467,0.5623,-3.8440,-73.466,-188.445,84.442
25.567178,141.890,-49.716,84.474,2.8795,-0.1622,-3.6568,-52.467,-192.995,84.645
25.583845,144.468,-48.018,79.727,3.9056,-0.6895,-4.2526,-60.439,-194.667,89.311
25.600512,146.316,-46.262,75.101,4.2953,-1.6223,-5.3896,-93.116,-194.759,95.922
25.617179,147.652,-44.381,70.656,3.0465,-2.2302,-5.2182,-109.935,-197.574,96.114
25.633846,148.872,-42.242,66.551,1.8210,-1.9230,-4.8888,-96.241,-204.190,85.314
25.650513,150.074,-39.917,62.794,1.4660,-2.6962,-4.0140,-76.400,-207.254,75.867
25.667180,151.243,-37.631,59.272,1.4992,-3.0880,-3.9318,-62.579,-201.013,76.770
25.683847,151.781,-35.469,55.933,1.6133,-3.7424,-5.0065,-87.345,-191.451,79.910
25.700514,151.647,-33.228,52.701,1.4431,-3.7536,-4.9202,-117.657,-194.907,77.611
25.717181,151.023,-30.684,49.622,1.1090,-4.1648,-4.6839,-135.363,-209.731,64.579
25.733848,150.379,-27.842,46.764,0.1269,-5.6956,-3.7410,-122.610,-222.548,47.271
25.750515,150.204,-25.009,44.252,-2.2164,-5.6995,-1.4331,-77.554,-214.991,33.186
25.767182,150.059,-22.546,42.149,-2.3645,-5.1535,-2.3071,-59.551,-186.114,26.689
25.783849,148.608,-20.379,40.262,-0.5805,-6.8546,-4.8390,-128.382,-165.918,24.421
25.800516,145.778,-17.966,38.269,0.1299,-7.9094,-5.5129,-208.885,-183.236,16.555
25.817183,142.765,-15.020,36.235,-1.1478,-7.3960,-4.6840,-215.133,-211.993,-8.223
25.833850,139.958,-11.526,34.334,-2.7607,-8.1136,-1.9214,-194.201,-233.143,-44.343
25.850517,137.605,-8.211,32.641,-4.8774,-5.5313,2.2071,-158.096,-215.474,-55.904
25.867184,135.684,-5.518,31.420,-4.1510,-3.5634,1.0806,-123.567,-167.229,-58.242
25.883851,133.006,-3.301,30.443,-1.1953,-7.2582,-1.7125,-164.805,-134.497,-54.480
25.900518,129.337,-0.944,29.283,-0.7355,-10.6582,-3.9328,-222.188,-145.041,-60.918
25.917185,125.912,2.004,27.766,-2.7505,-11.0094,-1.7897,-204.052,-179.444,-84.815
25.933852,123.903,5.510,26.039,-5.1367,-6.0757,5.2444,-113.098,-204.260,-113.646
25.950519,123.139,8.792,24.601,-5.5879,-0.6027,7.1779,-34.539,-179.112,-117.210
25.967186,121.068,11.263,23.439,-2.8554,-2.4881,7.5407,-111.645,-135.875,-89.385
25.983853,117.341,13.063,22.385,-2.1036,-6.3085,5.6825,-209.790,-105.522,-64.318
26.000520,112.944,14.962,21.305,-3.4291,-9.8185,2.9861,-247.665,-104.049,-76.630
26.017187,109.054,17.427,19.758,-4.8831,-8.0618,1.7795,-206.977,-134.746,-106.199
26.033854,106.253,20.338,17.660,-5.7275,-1.0781,3.5119,-126.857,-164.773,-130.315
26.050521,104.582,23.216,15.387,-5.1043,5.1722,5.6963,-49.305,-166.226,-132.715
26.067188,103.409,25.671,13.298,-3.4508,5.9919,5.8810,-18.272,-144.782,-115.200
26.083855,102.099,27.832,11.564,-2.2392,1.8940,4.8116,-31.627,-117.720,-105.716
26.100522,100.592,30.133,9.976,-2.2674,-1.6198,3.3661,-44.152,-107.480,-118.733
26.117189,98.842,32.606,8.435,-1.8255,-2.4420,3.6282,-56.781,-101.414,-132.676
26.133856,96.949,35.005,6.830,-2.0068,0.0220,3.4652,-60.040,-97.511,-131.237
26.150523,95.020,37.300,5.134,-1.5547,4.3729,3.6134,-55.767,-94.574,-128.033
26.167190,93.025,39.366,3.495,-1.2953,5.8751,4.0965,-58.813,-84.305,-117.834
26.183857,91.074,41.288,1.788,-1.9885,4.0973,3.6188,-50.964,-80.913,-111.956
26.200524,89.547,43.243,0.072,-2.6370,2.2409,3.3389,-22.539,-75.718,-116.383
26.217191,88.460,45.314,-1.736,-2.3419,1.4694,4.1040,10.357,-74.465,-125.091
26.233858,87.458,47.305,-3.579,-1.9775,2.4590,5.2359,19.605,-71.133,-121.507
26.250525,86.218,49.045,-5.297,-1.4258,3.9089,5.8776,2.184,-61.972,-107.460
26.267192,84.503,50.487,-6.978,-1.6408,3.4235,4.8719,-26.136,-57.136,-90.907
26.283859,82.529,51.651,-8.852,-1.7798,3.0002,3.2405,-31.164,-61.621,-76.755
26.300526,80.767,52.608,-10.994,-1.6241,3.3959,2.4351,-4.447,-69.107,-67.619
26.317193,79.376,53.457,-13.443,-1.6468,3.5892,1.6673,33.764,-77.737,-64.722
26.333860,78.046,54.073,-15.966,-0.3760,4.6986,1.3861,42.148,-80.067,-53.108
26.350527,76.614,54.539,-18.396,0.2483,4.9672,1.1872,32.447,-76.591,-45.252
26.367194,74.993,54.873,-20.778,0.1730,4.4885,0.6139,19.264,-74.940,-39.004
26.383861,73.560,55.160,-23.141,-0.1228,4.7407,-0.2435,30.217,-73.501,-37.994
26.400528,72.409,55.394,-25.421,0.3304,4.4756,-0.0439,43.435,-70.432,-35.602
26.417195,71.426,55.511,-27.377,0.6832,3.7326,1.0444,37.745,-61.216,-26.706
26.433862,70.267,55.557,-29.154,0.8380,3.7553,1.7566,18.478,-56.300,-21.854
26.450529,68.739,55.513,-30.652,0.8435,5.2712,1.6097,-17.424,-48.862,-14.752
26.467196,67.468,55.423,-31.806,0.0341,6.0361,0.8810,-19.082,-38.838,-9.077
26.483863,66.656,55.431,-32.749,-0.1840,5.2667,0.5878,-1.937,-29.871,-12.442
26.500530,66.323,55.478,-33.630,-0.3878,3.6668,0.0204,23.931,-27.035,-14.001
26.517197,66.341,55.565,-34.460,-0.5847,2.3465,-0.2564,42.364,-24.378,-15.592
26.533864,66.474,55.754,-35.018,-0.2381,1.8558,-0.3780,35.966,-13.477,-17.469
26.550531,66.606,56.069,-35.334,0.0257,1.4480,-1.1586,23.951,-2.983,-21.023
26.567198,66.768,56.442,-35.456,0.4551,1.1963,-1.3180,16.121,4.413,-21.704
26.583865,66.967,56.806,-35.346,0.0108,0.3566,-0.9612,6.701,11.183,-18.124
26.600532,67.141,57.116,-35.131,-0.3789,-0.8495,0.1734,-0.036,13.048,-13.926
26.617199,67.484,57.385,-34.907,-0.6924,-0.7666,0.6559,9.572,12.270,-11.627
26.633866,68.018,57.656,-34.637,-0.3527,-0.8218,0.8891,18.621,13.591,-11.274
26.650533,68.583,57.879,-34.267,0.1881,-1.0269,1.1996,15.346,15.390,-7.587
26.667200,68.961,58.041,-33.759,0.3795,-0.9486,0.8668,-2.972,18.038,-2.705
26.683867,69.001,58.140,-33.156,0.4286,-1.0987,0.4956,-28.108,19.498,1.764
26.700534,68.771,58.186,-32.470,0.3605,-0.8968,0.0992,-48.661,20.795,5.686
26.717201,68.609,58.232,-31.837,-0.7982,-0.3157,-0.4613,-41.865,19.236,5.102
26.733868,68.696,58.311,-31.311,-1.2469,-0.1991,0.2788,-21.469,16.770,2.041
26.750535,69.003,58.437,-30.840,-0.9888,0.4464,0.6694,-5.549,16.164,-1.268
26.767202,69.394,58.622,-30.376,-0.2950,0.5613,0.6698,-0.206,17.153,-4.810
26.783869,69.610,58.780,-29.859,0.6217,0.4516,0.7969,-13.432,18.036,-2.835
26.800536,69.646,58.827,-29.309,0.7622,0.6759,0.6616,-25.964,16.626,3.733
26.817203,69.560,58.772,-28.711,0.4373,1.2181,-0.0941,-35.804,15.901,9.977
26.833870,69.527,58.693,-28.070,0.0872,1.7403,-0.5485,-34.756,16.665,11.757
26.850537,69.655,58.651,-27.379,-0.5238,1.7225,-0.6876,-27.636,18.909,10.289
26.867204,69.948,58.609,-26.684,-0.7073,1.1746,-0.4141,-17.953,19.068,10.223
26.883871,70.294,58.593,-26.076,-0.4628,1.1370,-0.5728,-10.271,17.124,7.709
26.900538,70.568,58.607,-25.640,0.0663,1.2534,-0.5851,-5.837,12.679,4.143
26.917205,70.724,58.632,-25.323,0.4001,1.0702,-0.5700,-6.790,9.400,2.214
26.933872,70.770,58.649,-25.052,0.4878,0.8571,-0.5054,-11.034,7.863,2.183
26.950539,70.812,58.664,-24.874,0.1251,0.4077,-0.2056,-6.509,5.090,1.363
26.967206,71.009,58.673,-24.788,0.0858,0.5455,-0.2970,7.490,2.258,0.675
26.983873,71.320,58.676,-24.738,0.5438,0.9697,-0.0054,16.198,1.102,0.665
27.000540,71.624,58.669,-24.651,0.3353,0.8603,0.5918,13.810,1.994,1.597
27.017207,71.853,58.631,-24.516,-0.3061,0.2019,1.1287,6.943,2.840,3.774
27.033874,72.026,58.562,-24.437,-0.5890,-0.0838,0.9696,6.355,0.626,5.052
27.050541,72.175,58.465,-24.500,-0.0416,0.2713,0.3510,12.246,-4.099,5.252
27.067208,72.283,58.423,-24.608,0.1647,0.3890,0.0854,12.039,-4.414,1.669
27.083875,72.380,58.426,-24.724,0.1024,0.8495,0.1372,11.786,-3.810,-0.954
27.100542,72.591,58.427,-24.753,-0.2240,0.6520,0.3806,14.224,-1.278,-0.022
27.117209,72.894,58.355,-24.611,-0.3098,0.5043,0.4489,10.966,2.564,5.753
27.133876,73.246,58.179,-24.324,-0.1366,0.4051,0.7586,6.508,5.202,13.054
27.150543,73.750,57.962,-23.961,-0.6240,0.7633,0.6112,11.837,6.913,16.116
27.167210,74.424,57.817,-23.576,-1.1311,0.6848,0.4248,20.844,9.027,12.042
27.183877,75.217,57.751,-23.190,-1.2185,-0.2054,0.3563,28.073,10.459,7.376
27.200544,76.073,57.734,-22.806,-1.5956,-0.8291,0.0271,31.887,11.270,4.360
27.217211,76.868,57.744,-22.440,-1.0442,-1.1965,-0.1240,29.187,11.147,2.538
27.233878,77.488,57.759,-22.095,-0.5493,-1.7205,-0.5386,19.712,10.629,1.887
27.250545,77.961,57.886,-21.803,-0.8082,-2.0555,-1.7421,13.526,10.450,-5.114
27.267212,78.518,58.178,-21.616,-0.6345,-2.5630,-2.2078,23.903,9.123,-15.561
27.283879,79.194,58.563,-21.519,-0.3113,-3.3695,-2.2673,35.518,7.244,-21.701
27.300546,79.871,58.946,-21.485,-0.1458,-4.2611,-2.0376,38.876,5.057,-22.064
27.317213,80.374,59.314,-21.725,-0.6958,-4.8759,-1.8455,42.380,-3.541,-22.684
27.333880,80.682,59.690,-22.408,-1.2350,-5.6355,-1.6574,53.646,-16.797,-25.296
27.350547,80.859,60.071,-23.770,-1.3145,-6.4440,-1.3613,81.137,-36.699,-28.773
27.367214,80.997,60.434,-25.899,-1.4868,-6.8204,-0.9718,118.946,-58.947,-31.200
27.383881,81.024,60.713,-28.646,-1.1791,-7.3055,-0.2126,144.867,-77.027,-28.806
27.400548,80.600,60.822,-31.778,-0.7166,-8.0804,0.7977,138.231,-89.116,-20.797
27.417215,79.484,60.786,-35.344,-1.2683,-8.9789,1.0776,119.399,-102.591,-15.687
27.433882,77.763,60.593,-39.357,-1.3678,-8.9591,1.6205,106.184,-117.128,-11.622
27.450549,75.533,60.150,-43.881,-1.8749,-8.5338,2.0518,101.614,-135.846,-4.964
27.467216,73.052,59.343,-48.849,-2.3446,-7.9600,3.1950,107.991,-156.682,6.120
27.483883,70.708,58.148,-54.218,-3.0805,-7.2266,4.1964,134.128,-180.045,16.270
27.500550,68.836,56.558,-59.923,-4.4226,-6.1081,4.3004,175.166,-205.007,25.755
27.517217,67.835,54.606,-65.848,-5.6900,-4.9083,5.1210,232.471,-228.679,34.675
27.533884,67.543,52.330,-71.897,-5.4476,-4.4429,6.5993,273.352,-250.319,44.271
27.550551,67.479,49.666,-77.711,-4.1687,-4.4275,8.4561,266.524,-262.582,63.596
27.567218,67.049,46.596,-83.077,-5.2477,-4.6421,10.2449,213.166,-267.833,86.658
27.583885,66.474,43.143,-88.062,-6.1538,-2.5611,10.7329,175.734,-274.970,106.547
27.600552,66.516,39.259,-92.793,-5.8471,1.0944,10.0351,188.829,-287.199,128.278
27.617219,67.644,35.034,-97.331,-6.0369,4.1578,10.3305,231.406,-297.075,148.698
27.633886,69.632,30.497,-101.701,-5.0061,6.6095,11.7314,260.602,-303.057,172.959
27.650553,71.933,25.628,-105.953,-3.5855,8.8338,13.0914,257.575,-307.422,201.473
27.667220,74.099,20.409,-110.088,-3.2617,11.2318,12.9028,226.595,-308.703,232.436
27.683887,76.020,14.844,-114.212,-1.8457,13.5916,11.6697,190.023,-312.999,261.494
27.700554,77.958,9.031,-118.351,0.6673,15.0080,8.9731,167.563,-314.603,284.796
27.717221,80.163,3.120,-122.466,2.9068,16.0507,5.8815,158.472,-308.016,301.400
27.733888,82.675,-2.836,-126.549,4.2332,17.2161,3.9442,151.401,-295.556,316.620
27.750555,85.653,-8.853,-130.698,6.5124,17.7928,1.1745,153.365,-283.415,333.945
27.767222,88.851,-14.820,-134.972,8.1504,16.7218,-1.4420,139.305,-268.610,345.636
27.783889,92.056,-20.775,-139.501,9.5094,15.5355,-3.7378,109.136,-256.947,359.609
27.800556,95.574,-26.607,-144.469,9.2940,13.7134,-5.8909,91.075,-250.438,367.698
27.817223,99.676,-32.091,-149.958,9.8928,10.9899,-8.2795,84.290,-242.408,364.777
27.833890,104.473,-37.140,-155.993,10.2248,8.4042,-10.1265,81.468,-229.730,359.268
27.850557,110.105,-41.656,-162.553,10.0255,5.7249,-12.1510,87.271,-211.621,349.941
27.867224,116.587,-45.489,-169.569,9.1089,1.7708,-14.2669,97.816,-190.591,332.993
27.883891,123.944,-48.512,-176.563,6.7328,-6.1652,-15.1079,133.578,-157.325,302.093
27.900558,131.029,-50.594,177.119,2.4992,-11.0499,-13.6034,135.779,-120.435,250.087
27.917225,136.857,-51.897,171.743,0.5343,-11.7224,-10.9652,97.468,-92.068,197.699
27.933892,140.992,-52.769,167.531,0.0118,-11.4683,-10.6059,47.501,-62.772,151.938
27.950559,143.381,-53.477,164.575,-0.7293,-10.6662,-10.8081,1.067,-32.218,111.125
27.967226,144.616,-54.104,162.862,-1.5236,-9.2852,-9.7391,-9.217,-5.650,72.076
27.983893,144.870,-54.660,162.490,-1.3941,-6.9821,-7.7547,-3.143,19.461,30.531
28.000560,144.447,-55.135,163.284,-0.4467,-5.4378,-6.3165,13.312,38.894,-5.261
28.017227,142.922,-55.567,165.326,0.8754,-4.3529,-5.9107,9.131,62.024,-40.284
28.033894,140.235,-56.036,168.467,1.9201,-3.3904,-5.5921,-5.524,87.842,-65.043
28.050561,136.518,-56.526,172.786,2.1872,-3.0530,-4.8698,-7.533,117.497,-87.624
28.067228,131.768,-56.954,178.417,2.5980,-3.1171,-5.1162,-2.570,150.827,-110.230
28.083895,126.198,-57.165,-174.730,3.6312,-2.5733,-6.8451,10.836,181.765,-130.395
28.100562,120.074,-56.977,-166.802,4.5069,-1.7952,-9.1540,31.835,210.363,-150.336
28.117229,113.439,-56.133,-158.014,5.7462,-0.9766,-10.6433,42.008,236.722,-175.465
28.133896,106.408,-54.528,-148.698,6.8325,0.4078,-11.9078,37.939,266.139,-198.205
28.150563,99.123,-51.937,-139.110,6.7999,2.8603,-13.5837,24.022,301.576,-226.782
28.167230,91.970,-48.187,-129.777,6.1407,5.9631,-15.2330,0.504,336.070,-257.599
28.183897,85.770,-43.219,-121.114,5.4098,9.6982,-17.3443,0.268,368.752,-289.611
28.200564,80.714,-37.113,-113.293,4.9172,15.4682,-18.3264,-0.497,399.104,-320.376
28.217231,76.726,-30.039,-106.293,5.2929,21.4611,-17.5475,-6.985,425.855,-346.593
28.233898,73.772,-22.208,-99.593,5.9615,27.2673,-15.0882,-0.410,468.035,-361.176
28.250565,71.257,-13.538,-93.227,4.3273,33.8978,-11.1314,-33.970,501.962,-385.608
28.267232,68.505,-4.189,-87.110,-1.6923,42.5377,-3.4194,-108.827,531.896,-400.581
28.283899,65.631,5.788,-80.737,-9.6126,48.2541,6.1789,-177.861,583.232,-400.928
28.300566,63.980,16.182,-73.316,-15.3647,51.5779,16.3017,-183.985,658.058,-376.680
28.317233,64.249,26.687,-64.440,-22.5258,52.3084,29.2514,-178.834,717.415,-348.633
28.333900,66.456,37.014,-53.348,-32.3187,45.0967,45.7767,-219.348,767.504,-324.608
28.350567,71.237,45.937,-38.703,-37.4372,28.7274,60.9695,-296.130,801.297,-257.825
28.367234,81.007,52.185,-19.328,-41.7828,9.7379,63.3059,-293.956,822.066,-176.435
28.383901,95.606,54.127,3.263,-37.7494,-11.1795,64.5893,-211.720,807.950,-89.412
28.400568,111.084,51.530,25.065,-31.9069,-29.5343,60.9870,-117.009,797.296,-31.174
28.417235,122.987,45.031,42.763,-26.0758,-44.6745,54.3521,-81.756,800.201,24.710
28.433902,129.162,36.056,55.670,-17.6611,-57.1550,42.5899,-135.359,788.386,87.969
28.450569,131.525,26.268,65.362,-12.2759,-66.0054,25.4091,-160.974,756.931,125.182
28.467236,131.809,16.361,73.152,3.4089,-68.5078,7.2114,-154.393,719.372,154.331
28.483903,130.969,7.190,79.182,12.4281,-58.1099,-5.1724,-125.526,629.663,178.439
28.500570,129.715,-1.187,83.842,10.4917,-44.2843,-10.1689,-90.932,539.329,202.179
28.517237,129.048,-8.992,87.705,8.1721,-36.4084,-16.5115,-20.262,477.306,215.230
28.533904,129.460,-16.276,91.316,9.4732,-30.2449,-19.5468,71.420,442.463,204.412
28.550571,130.344,-22.953,94.879,12.9458,-24.4726,-23.6550,124.471,413.973,177.861
28.567238,130.972,-29.211,98.727,13.2119,-17.7003,-24.9448,139.230,404.618,149.367
28.583905,131.248,-35.090,102.970,10.6650,-11.8093,-23.2769,152.393,396.966,123.633
28.600572,130.748,-40.370,107.719,9.1003,-7.5195,-21.3925,144.959,380.584,90.897
28.617239,129.266,-44.924,113.279,9.0988,-3.4757,-20.2484,137.935,366.090,51.128
28.633906,126.529,-48.877,119.737,11.9794,-1.4645,-19.5845,119.657,356.925,24.181
28.650573,121.890,-52.410,127.061,15.9076,1.9585,-20.0747,62.481,351.733,18.379
28.667240,114.983,-55.391,135.080,16.7316,8.7607,-19.6749,-24.434,336.405,22.211
28.683907,106.194,-57.723,143.249,14.7604,15.7920,-17.2586,-117.221,303.798,36.132
28.700574,97.438,-59.519,150.630,8.5920,19.0422,-14.6683,-146.366,249.281,58.673
28.717241,91.234,-60.802,156.366,1.2230,19.0804,-12.6678,-73.128,177.792,64.467
28.733908,87.991,-61.380,160.312,-1.1582,17.7195,-11.7081,13.097,115.183,36.103
28.750575,87.543,-61.441,162.729,1.5857,16.9327,-8.4294,100.730,69.935,6.947
28.767242,87.925,-61.285,163.963,2.1720,16.4933,-5.5614,88.047,36.333,-7.466
28.783909,88.465,-60.972,164.477,1.9346,14.6680,-3.7134,59.426,15.743,-17.778
28.800576,88.904,-60.518,164.557,0.6153,11.8715,-2.7334,30.479,3.035,-26.754
28.817243,89.568,-59.896,164.406,0.1372,8.5074,-1.7616,31.921,-4.061,-36.993
28.833910,90.304,-59.178,164.260,0.0762,5.1696,-0.3610,36.419,-4.589,-42.718
28.850577,90.743,-58.448,164.225,0.3573,3.0878,1.1872,24.342,-1.733,-43.404
28.867244,90.610,-57.721,164.327,0.5825,1.7758,2.0103,-3.024,2.426,-43.296
28.883911,89.974,-57.019,164.522,1.6080,0.5368,2.4688,-28.415,5.825,-41.811
28.900578,89.265,-56.403,164.650,1.4336,0.7417,2.2897,-36.340,4.134,-36.573
28.917245,88.799,-55.890,164.688,0.4618,0.8017,1.8656,-26.236,1.508,-30.402
28.933912,88.727,-55.538,164.687,0.3600,-0.0727,1.5734,-4.537,0.115,-20.774
28.950579,88.842,-55.253,164.669,0.9270,-0.4454,1.5987,5.757,-0.565,-16.730
28.967246,88.778,-55.009,164.708,1.2258,-0.1308,1.8111,-2.087,1.343,-14.278
28.983913,88.134,-54.846,164.930,1.7332,0.3999,1.9972,-27.918,7.649,-9.244
29.000580,87.045,-54.743,165.254,1.0814,1.7447,1.7917,-49.645,11.148,-5.308
29.017247,85.968,-54.642,165.533,0.2080,3.2397,1.2255,-51.163,9.723,-5.143
29.033914,85.184,-54.557,165.696,0.0112,3.0020,0.5344,-39.174,5.729,-4.282
29.050581,84.923,-54.450,165.635,0.5462,2.5136,-0.2204,-18.849,-1.927,-6.305
29.067248,85.125,-54.320,165.267,1.1175,2.6260,-0.1415,-6.062,-12.553,-8.585
29.083915,85.537,-54.235,164.664,0.9987,2.4690,0.0041,-4.863,-21.041,-6.470
29.100582,86.107,-54.222,163.832,0.8493,2.0445,0.1945,-6.555,-29.500,-2.615
29.117249,86.762,-54.275,162.852,0.4639,1.0984,0.4659,-8.551,-34.915,1.341
29.133916,87.436,-54.381,161.840,-0.1524,-0.0607,0.4342,-9.138,-36.156,4.862
29.150583,88.191,-54.490,160.855,-0.5803,-0.8892,0.3125,-3.013,-35.035,5.477
29.167250,88.962,-54.578,159.926,-0.5783,-1.5819,0.1432,0.693,-32.860,4.794
29.183917,89.689,-54.651,159.096,-0.7733,-1.8734,0.2174,2.818,-29.281,4.310
29.200584,90.319,-54.728,158.430,-1.0365,-1.7933,0.5315,5.002,-23.431,4.921
29.217251,90.814,-54.815,157.936,-0.8052,-1.4360,0.6774,5.301,-17.362,5.681
29.233918,91.133,-54.929,157.595,-0.5306,-1.5556,0.6598,2.252,-11.927,7.306
29.250585,91.358,-55.032,157.350,-0.8446,-1.7219,0.1995,1.251,-8.571,6.694
29.267252,91.480,-55.131,157.214,-0.9219,-1.5308,0.0202,0.493,-4.735,6.295
29.283919,91.575,-55.245,157.144,-0.7574,-0.8957,-0.1298,2.102,-2.391,7.179
29.300586,91.739,-55.364,157.100,-0.8729,-0.4683,-0.4212,7.554,-1.479,7.489
29.317253,91.995,-55.474,157.056,-0.8404,-0.3298,-0.1480,12.968,-1.471,6.927
29.333920,92.126,-55.593,157.058,-0.6730,-0.2702,-0.0004,7.880,0.196,7.399
29.350587,91.954,-55.698,157.207,-0.9078,-0.0576,0.1827,-3.080,5.114,6.402
29.367254,91.625,-55.761,157.467,-1.1045,0.6938,0.1117,-7.017,8.735,3.768
29.383921,91.314,-55.791,157.745,-0.8891,1.1094,-0.0213,-4.993,9.290,1.769
29.400588,91.150,-55.817,157.966,-0.4874,1.3372,-0.1036,0.940,7.338,1.655
29.417255,91.164,-55.831,158.056,-0.5516,1.2690,-0.3775,5.144,2.870,1.041
29.433922,91.297,-55.839,158.029,-0.3582,1.1817,-0.6138,6.474,-1.080,0.723
29.450589,91.526,-55.857,157.854,-0.2261,1.4046,-0.5595,4.896,-6.064,1.403
29.467256,91.888,-55.883,157.521,-0.5745,1.1988,-0.5800,4.993,-11.381,2.137
29.483923,92.259,-55.920,157.175,-0.6792,0.5880,-0.1914,4.896,-11.768,2.823
29.500590,92.578,-55.930,156.907,-0.7800,0.5587,0.0913,5.639,-9.210,1.221
29.517257,92.809,-55.891,156.733,-0.7125,0.4604,0.2262,5.007,-6.193,-1.871
29.533924,92.888,-55.829,156.661,-0.4570,0.2725,0.2111,0.952,-2.845,-3.423
29.550591,92.849,-55.798,156.638,-0.2093,0.5370,0.0334,-3.663,-1.095,-1.633
29.567258,92.786,-55.796,156.588,-0.2942,1.5146,-0.1910,-6.429,-1.925,0.117
29.583925,92.781,-55.829,156.450,-0.2904,1.7214,-0.0943,-7.342,-4.807,2.393
29.600592,92.855,-55.841,156.231,-0.6663,1.1531,-0.2407,-6.627,-7.594,1.279
29.617259,92.994,-55.788,155.959,-0.9411,0.9317,-0.2851,-5.370,-9.603,-2.528
29.633926,93.151,-55.686,155.702,-0.7478,1.0928,-0.2312,-3.527,-9.295,-5.491
29.650593,93.274,-55.561,155.434,-0.3720,1.2039,-0.1128,-6.105,-9.772,-6.827
29.667260,93.384,-55.438,155.135,-0.1607,1.2875,0.0297,-8.421,-10.884,-6.653
29.683927,93.487,-55.327,154.850,-0.4479,0.6587,0.1360,-8.073,-10.416,-5.922
29.700594,93.583,-55.213,154.580,-0.3500,0.5390,0.4051,-7.803,-9.969,-6.142
29.717261,93.687,-55.096,154.318,0.0036,0.6614,0.5264,-6.927,-9.755,-6.295
29.733928,93.770,-55.004,154.027,0.3034,0.7757,0.5122,-9.547,-10.681,-4.732
29.750595,93.846,-54.976,153.685,0.3875,0.9268,0.3750,-12.475,-12.196,-0.759
29.767262,93.934,-55.020,153.281,0.3072,0.8750,0.0863,-14.809,-14.037,3.696
29.783929,94.032,-55.048,152.851,-0.5530,0.8194,-0.3070,-15.519,-14.997,2.801
29.800596,94.119,-55.021,152.395,-0.2012,0.8935,-0.0085,-17.454,-16.126,-0.355
29.817263,94.191,-54.950,151.940,0.2150,1.0145,0.3645,-18.270,-16.303,-3.012
29.833930,94.340,-54.856,151.445,0.0837,0.7434,0.2890,-15.593,-17.837,-4.205
29.850597,94.550,-54.805,150.854,0.6234,0.2467,0.5720,-16.653,-20.980,-1.352
29.867264,94.830,-54.856,150.103,1.0222,0.1648,0.6528,-20.288,-26.005,5.249
29.883931,95.332,-55.021,149.087,1.2136,0.5635,0.5686,-20.013,-34.394,13.121
29.900598,96.100,-55.269,147.855,0.4899,0.7524,0.2437,-14.843,-40.953,19.121
29.917265,97.143,-55.583,146.425,0.2306,1.0878,0.0309,-8.367,-46.604,24.505
29.933932,98.431,-55.932,144.761,0.6542,1.6388,-0.1176,-5.440,-53.224,28.441
29.950599,99.881,-56.347,142.827,1.4744,1.6473,-0.0589,-9.657,-60.296,35.033
29.967266,101.520,-56.807,140.557,1.8805,2.0882,-0.3382,-15.623,-69.058,41.166
29.983933,103.485,-57.234,137.851,1.9269,2.1795,-1.0763,-18.600,-81.212,44.270
30.000600,105.946,-57.618,134.715,1.2831,1.4731,-1.2793,-11.264,-92.666,48.172
30.017267,108.764,-57.956,131.296,1.1628,1.3107,-1.1822,-4.804,-98.833,52.143
30.033934,111.636,-58.322,127.706,1.4992,1.8835,-0.8794,-10.978,-99.692,59.997
30.050601,114.374,-58.677,123.940,1.7045,3.3583,-0.9487,-28.751,-100.904,65.906
30.067268,117.057,-58.980,119.892,2.0439,4.4375,-1.5570,-47.247,-105.982,71.093
30.083935,119.800,-59.112,115.487,2.3760,4.2204,-1.9699,-62.515,-116.475,71.785
30.100602,122.577,-59.013,110.835,2.3917,3.3437,-2.2940,-73.288,-126.551,69.415
30.117269,125.310,-58.631,106.116,2.1938,2.7817,-2.6966,-78.821,-135.148,63.008
30.133936,127.790,-58.057,101.474,2.1163,2.1394,-2.4587,-88.812,-138.722,59.534
30.150603,130.040,-57.316,96.916,1.8769,2.2328,-2.5709,-96.722,-142.505,57.403
30.167270,132.121,-56.408,92.419,1.8440,2.1600,-2.6045,-101.671,-147.811,55.999
30.183937,134.048,-55.345,87.970,2.2664,1.6048,-2.7471,-106.011,-153.797,55.906
30.200604,135.750,-54.154,83.612,2.4439,-0.0055,-2.5037,-112.040,-158.194,56.064
30.217271,137.401,-52.824,79.408,1.9875,-0.7127,-2.3169,-104.342,-161.999,54.300
30.233938,138.755,-51.382,75.387,2.0616,-1.3393,-2.3553,-109.792,-164.219,52.676
30.250605,139.633,-49.926,71.498,1.9416,-1.4536,-2.7132,-128.382,-163.629,55.101
30.267272,139.859,-48.496,67.665,2.0534,-1.6437,-3.4784,-161.108,-163.363,59.405
30.283939,139.556,-47.107,63.916,1.5458,-1.8310,-3.9586,-185.310,-162.076,61.498
30.300606,138.959,-45.604,60.344,1.0426,-1.4640,-3.9914,-191.396,-165.588,53.429
30.317273,138.237,-43.990,57.010,0.6354,-2.0452,-2.6123,-184.732,-167.264,42.598
30.333940,137.478,-42.324,53.830,1.0317,-1.8804,-2.2617,-176.426,-168.203,36.255
30.350607,136.193,-40.824,50.701,1.4664,-3.0617,-2.1964,-202.113,-162.396,41.055
30.367274,134.240,-39.688,47.664,0.7063,-2.6889,-3.3752,-235.245,-146.999,50.757
30.383941,131.500,-38.819,44.863,0.5771,-2.2644,-5.3855,-270.992,-131.453,50.433
30.400608,128.517,-37.757,42.342,0.1241,-1.6421,-5.2563,-272.927,-132.432,27.574
30.417275,125.955,-36.227,39.952,0.0120,-1.9487,-3.6665,-240.191,-147.256,-3.751
30.433942,123.456,-34.401,37.652,-0.4769,-3.4974,-2.7255,-229.895,-155.445,-25.950
30.450609,120.460,-32.751,35.468,-1.2495,-2.9721,-3.0627,-252.316,-145.474,-26.203
30.467276,116.533,-31.514,33.627,-1.9306,-2.6656,-4.0060,-294.458,-117.983,-20.590
30.483943,111.860,-30.590,32.298,-2.2369,-2.9840,-5.3039,-321.469,-85.329,-22.612
30.500610,106.901,-29.509,31.268,-0.7031,-4.2737,-6.3315,-328.449,-72.204,-43.440
30.517277,102.253,-28.003,30.036,0.7910,-4.9868,-5.2419,-314.384,-85.640,-71.139
30.533944,97.756,-26.129,28.411,0.1175,-5.0732,-2.3535,-313.946,-105.148,-95.620
30.550611,93.177,-24.300,26.769,-2.1012,-3.8830,-1.0098,-316.364,-99.141,-100.722
30.567278,88.462,-22.680,25.517,-3.5971,-2.8470,-1.1210,-312.427,-70.217,-96.142
30.583945,83.913,-21.177,24.749,-3.6371,-3.4706,-2.8801,-289.775,-36.483,-92.693
30.600612,79.655,-19.422,24.116,-3.2891,-5.4903,-3.2250,-268.178,-20.005,-109.055
30.617279,75.712,-17.441,23.308,-3.8364,-5.1412,-0.7953,-251.368,-19.308,-125.607
30.633946,71.892,-15.306,22.366,-4.2916,-2.6205,1.1060,-244.559,-15.999,-137.667
30.650613,67.890,-13.053,21.468,-4.1914,-0.7829,1.8505,-252.716,-2.209,-144.384
30.667280,63.823,-10.793,20.838,-4.2094,-0.8323,1.5376,-251.249,22.081,-138.248
30.683947,59.751,-8.526,20.325,-4.8615,-3.6468,2.4946,-248.912,37.877,-133.493
30.700614,55.839,-6.208,19.774,-5.6642,-4.1347,3.2947,-238.408,46.727,-134.348
30.717281,52.320,-3.825,19.003,-5.8048,-2.4372,3.4693,-214.565,46.870,-141.812
30.733948,49.070,-1.406,17.998,-4.9668,-0.1322,3.2447,-197.166,45.599,-149.379
30.750615,45.708,0.975,16.908,-4.2777,2.0086,3.2599,-201.440,48.834,-148.261
30.767282,42.273,3.350,15.846,-3.5152,1.9137,2.5774,-203.274,58.370,-143.603
30.783949,38.916,5.751,14.719,-3.3124,1.0011,3.4169,-195.645,65.518,-143.803
30.800616,35.716,8.067,13.565,-3.4145,1.2001,4.7940,-183.371,68.795,-137.748
30.817283,32.583,10.208,12.302,-3.1661,1.4488,4.9388,-175.672,64.106,-132.858
30.833950,29.483,12.133,10.965,-2.9263,2.6554,4.2291,-170.239,58.159,-125.844
30.850617,26.427,13.868,9.585,-2.5343,3.3911,3.3610,-164.569,53.776,-118.991
30.867284,23.438,15.431,8.155,-2.1667,3.6221,2.5998,-157.542,49.635,-113.808
30.883951,20.650,16.838,6.661,-1.8060,4.0850,2.3989,-142.279,45.393,-110.633
30.900618,18.238,18.113,5.159,-1.5854,4.8525,2.6023,-117.653,42.934,-105.768
30.917285,16.209,19.213,3.682,-0.9760,5.1382,3.3490,-93.360,37.529,-99.179
30.933952,14.357,20.105,2.264,-0.8576,5.7491,3.6474,-82.563,29.786,-90.898
30.950619,12.629,20.799,0.973,-0.9324,5.7396,3.5089,-76.717,22.776,-80.078
30.967286,10.971,21.315,-0.225,-0.8255,5.1763,3.0770,-73.801,15.774,-71.896
30.983953,9.394,21.630,-1.339,-0.3582,4.6225,3.4802,-70.385,6.789,-64.632
31.000620,8.106,21.732,-2.332,-0.4545,4.4697,3.3189,-55.439,-3.273,-55.904
31.017287,7.256,21.646,-3.170,-0.5053,4.8536,3.1286,-32.649,-12.279,-45.974
31.033954,6.748,21.371,-3.824,-0.7145,4.9035,2.6868,-16.419,-21.763,-34.694
31.050621,6.418,20.960,-4.366,-0.6709,4.2315,1.6462,-8.349,-28.900,-28.017
31.067288,6.225,20.431,-4.852,-0.3174,3.7070,1.1953,-1.683,-35.579,-24.359
31.083955,6.087,19.754,-5.284,0.1124,3.2359,2.0330,0.217,-44.023,-20.783
31.100622,6.117,18.912,-5.669,0.1074,2.7766,2.6023,9.005,-53.541,-17.267
31.117289,6.445,17.964,-5.969,-0.2397,2.9586,2.5717,24.864,-59.463,-11.799
31.133956,7.044,17.020,-6.202,-0.5407,2.7450,1.3563,39.632,-58.935,-7.717
31.150623,7.782,16.129,-6.375,-0.5155,2.6137,0.9407,46.607,-55.404,-4.117
31.167290,8.568,15.266,-6.497,-0.3153,2.4371,1.5820,48.529,-53.445,-0.851
31.183957,9.371,14.361,-6.611,-0.1307,2.2439,2.1407,49.219,-55.844,0.630
31.200624,10.149,13.402,-6.733,-0.1168,2.5498,1.5452,47.695,-59.213,1.456
31.217291,11.028,12.383,-6.810,-0.2234,2.5942,0.8134,52.928,-62.187,5.469
31.233958,12.003,11.322,-6.823,-0.2995,2.3396,0.3224,57.841,-63.878,10.578
31.250625,13.158,10.212,-6.764,-0.3354,1.9214,-0.1389,67.682,-65.599,16.535
31.267292,14.485,9.033,-6.628,-0.2236,1.8640,-0.0943,77.223,-68.223,23.316
31.283959,15.845,7.787,-6.433,-0.1748,1.7784,-0.3230,78.802,-70.585,29.279
31.300626,17.168,6.486,-6.208,-0.1178,1.2245,-0.5748,76.575,-72.571,33.633
31.317293,18.452,5.133,-5.977,-0.1947,0.5678,-0.2235,74.409,-74.602,36.594
31.333960,19.790,3.761,-5.767,-0.3021,-0.1879,-0.2517,78.030,-75.256,37.517
31.350627,21.212,2.413,-5.596,-0.3332,-0.5535,-0.1379,83.500,-73.780,36.713
31.367294,22.607,1.095,-5.435,-0.4817,-0.5870,0.5899,82.054,-71.402,37.279
31.383961,23.854,-0.211,-5.294,-0.7669,-1.0721,0.8914,73.430,-70.236,37.596
31.400628,24.920,-1.533,-5.197,-0.8839,-1.7176,0.7865,62.682,-71.481,37.080
31.417295,25.775,-2.891,-5.143,-0.7919,-1.9874,1.0113,50.140,-73.860,36.957
31.433962,26.404,-4.310,-5.071,-0.9582,-1.9518,1.0328,36.658,-76.081,40.531
31.450629,26.993,-5.789,-5.049,-1.0419,-2.6421,1.2301,34.194,-80.236,40.368
31.467296,27.747,-7.332,-5.079,-1.1811,-3.3309,1.7660,43.786,-84.589,40.369
31.483963,28.583,-8.940,-5.177,-1.4249,-3.7762,2.5070,48.094,-89.230,39.973
31.500630,29.313,-10.614,-5.313,-1.4498,-3.6895,2.8276,41.316,-93.198,41.282
31.517297,29.926,-12.391,-5.473,-1.7586,-3.2395,2.7974,33.854,-98.701,44.290
31.533964,30.574,-14.291,-5.710,-2.0190,-3.4294,2.5119,34.657,-106.790,45.448
31.550631,31.311,-16.254,-6.029,-1.9120,-3.6886,1.7835,38.289,-111.791,44.750
31.567298,32.035,-18.139,-6.435,-1.3302,-3.4123,0.9312,35.522,-109.702,39.711
31.583965,32.579,-19.841,-6.979,-1.2041,-2.9165,1.5042,21.368,-104.013,28.755
31.600632,33.163,-21.388,-7.807,-1.7276,-1.8343,2.3752,16.976,-104.369,11.619
31.617299,33.913,-22.817,-8.895,-1.8570,-0.6264,2.5175,19.949,-106.029,-2.668
31.633966,34.991,-24.075,-10.206,-1.3494,-0.1671,1.3417,32.955,-104.251,-16.460
31.650633,36.431,-25.095,-11.685,-0.6852,0.8337,0.4977,49.071,-97.958,-29.337
31.667300,37.926,-25.857,-13.091,0.5530,2.0401,-0.3844,52.942,-83.702,-32.598
31.683967,39.121,-26.350,-14.280,1.4037,2.6339,-0.5580,39.852,-64.248,-31.257
31.700634,40.004,-26.697,-15.243,1.2358,2.3838,-0.0051,26.587,-50.197,-26.180
31.717301,40.614,-26.960,-15.991,0.5969,1.7702,0.0679,15.708,-39.186,-19.941
31.733968,41.011,-27.147,-16.574,0.3452,0.9561,-0.7288,7.251,-30.140,-15.897
31.750635,41.311,-27.230,-16.979,0.8540,0.6799,-1.5092,6.189,-19.242,-12.611
31.767302,41.515,-27.231,-17.133,1.0729,1.3198,-1.3308,7.249,-6.775,-5.728
31.783969,41.448,-27.140,-16.940,1.4987,1.9265,-1.5625,0.542,9.694,4.435
31.800636,41.145,-26.933,-16.470,2.1252,2.3859,-1.8642,-6.191,24.655,11.023
31.817303,40.761,-26.665,-15.773,2.2739,2.3256,-1.7243,-5.096,35.349,17.904
31.833970,40.135,-26.410,-14.884,1.5235,1.6725,-0.5473,-14.693,41.355,26.638
31.850637,39.016,-26.192,-13.791,1.0438,1.7811,-0.3206,-39.191,46.286,37.161
31.867304,37.695,-25.945,-12.641,1.4155,1.5626,-1.2260,-50.064,48.866,39.490
31.883971,36.339,-25.655,-11.458,1.5604,1.8664,-1.3291,-51.627,51.175,40.603
31.900638,34.958,-25.359,-10.216,1.3172,1.8950,-1.0499,-52.010,52.455,44.310
31.917305,33.590,-25.094,-8.932,0.8372,1.6132,-1.1965,-50.577,51.204,48.569
31.933972,32.255,-24.822,-7.698,0.9381,1.1583,-1.3715,-50.231,49.058,47.357
31.950639,31.025,-24.504,-6.550,1.4246,0.9479,-1.6376,-46.480,47.956,43.113
31.967306,29.861,-24.154,-5.525,1.3857,0.4270,-0.8829,-45.965,45.426,37.455
31.983973,28.724,-23.791,-4.597,1.0026,0.0258,-0.5759,-46.990,42.897,33.461
32.000640,27.939,-23.446,-3.834,0.4102,0.0872,-0.1014,-30.231,37.107,26.785
32.017307,27.461,-23.179,-3.270,-0.5143,0.8890,0.6740,-16.724,27.666,19.790
32.033974,27.089,-22.942,-2.976,-0.9730,1.3090,0.7394,-16.801,19.118,7.586
32.050641,26.792,-22.733,-2.883,-1.0865,1.7365,0.3399,-17.141,12.560,-1.480
32.067308,26.615,-22.495,-2.977,-1.2362,1.8750,-0.0470,-14.313,9.359,-11.471
32.083975,26.476,-22.230,-3.224,-1.5440,2.2579,0.7108,-15.540,7.072,-19.775
32.100642,26.296,-21.947,-3.591,-1.7008,1.8426,1.4479,-20.729,5.042,-26.264
32.117309,26.100,-21.653,-4.023,-1.7665,1.3994,1.9239,-23.030,4.011,-29.851
32.133976,25.975,-21.379,-4.426,-1.7655,1.1308,1.9082,-18.034,3.695,-27.945
32.150643,25.982,-21.133,-4.774,-1.4626,0.9812,1.3758,-8.895,3.502,-24.464
32.167310,26.120,-20.893,-5.088,-0.9748,0.8922,0.2518,-0.155,3.914,-22.625
32.183977,26.382,-20.639,-5.360,-0.3558,1.0142,-0.2403,8.201,5.577,-21.002
32.200644,26.737,-20.388,-5.532,0.1027,0.9914,-0.2217,16.009,7.830,-15.894
32.217311,27.092,-20.119,-5.654,0.2106,0.5925,0.0536,16.997,9.889,-13.983
32.233978,27.330,-19.832,-5.767,0.2264,0.4086,0.5399,10.257,11.085,-14.062
32.250645,27.410,-19.569,-5.798,0.5809,0.3819,1.2144,2.436,11.833,-9.374
32.267312,27.383,-19.368,-5.748,0.6691,0.0099,1.3207,-2.312,10.662,-3.605
32.283979,27.277,-19.213,-5.653,0.9084,0.1202,1.0106,-6.124,9.446,-0.089
32.300646,27.120,-19.113,-5.482,1.0970,0.1892,0.3591,-7.729,8.488,5.309
32.317313,26.967,-19.060,-5.312,0.8325,0.1916,0.3640,-7.513,5.964,6.567
32.333980,26.840,-19.058,-5.148,0.3163,0.2857,0.7914,-6.002,3.089,7.708
32.350647,26.697,-19.098,-4.997,-0.0572,0.2861,0.8259,-7.295,0.531,8.125
32.367314,26.524,-19.160,-4.894,-0.2553,0.0126,0.5362,-9.978,-1.916,6.310
32.383981,26.343,-19.247,-4.823,-0.4205,-0.1429,0.2913,-11.043,-4.077,5.313
32.400648,26.187,-19.340,-4.784,-0.5299,-0.3361,0.1023,-10.185,-5.132,3.888
32.417315,26.095,-19.424,-4.783,-0.5787,-0.2644,-0.0158,-7.056,-5.681,1.736
32.433982,26.060,-19.497,-4.799,-0.6462,-0.0757,-0.0117,-3.936,-5.504,0.564
32.450649,26.047,-19.555,-4.815,-0.6145,-0.0422,-0.1416,-2.609,-4.674,0.202
32.467316,26.011,-19.607,-4.803,-0.6457,0.1931,-0.1766,-3.423,-3.627,1.439
32.483983,25.949,-19.652,-4.763,-0.6158,0.2578,-0.2758,-4.428,-2.614,2.707
32.500650,25.880,-19.681,-4.717,-0.5840,0.2705,-0.2648,-4.720,-1.589,2.607
32.517317,25.833,-19.694,-4.659,-0.4577,0.4060,-0.1777,-3.083,-0.417,2.777
32.533984,25.816,-19.674,-4.603,-0.2543,0.4120,-0.1878,-1.346,1.283,1.845
32.550651,25.826,-19.638,-4.540,-0.1911,0.3936,0.0354,0.385,2.351,1.769
32.567318,25.850,-19.599,-4.474,-0.2371,0.2381,0.3229,1.333,2.554,1.849
32.583985,25.839,-19.570,-4.414,-0.2089,0.1135,0.3333,-0.909,1.906,1.821
32.600652,25.810,-19.548,-4.371,-0.0954,0.0495,0.1799,-2.333,1.127,1.090
32.617319,25.827,-19.534,-4.341,-0.0587,0.2011,0.0391,0.157,0.309,0.691
32.633986,25.870,-19.512,-4.322,0.0133,0.3557,-0.1744,1.591,0.549,-0.051
32.650653,25.947,-19.476,-4.320,0.0438,0.4366,-0.2056,3.218,0.908,-1.362
32.667320,26.062,-19.430,-4.328,-0.0562,0.3650,-0.0081,5.346,1.145,-2.093
32.683987,26.155,-19.375,-4.353,-0.1348,0.3221,0.1458,3.725,1.211,-3.160
32.700654,26.231,-19.304,-4.389,-0.0876,0.3801,0.1151,2.432,1.813,-4.186
32.717321,26.308,-19.227,-4.421,-0.1078,0.3586,0.2189,2.600,2.261,-4.181
32.733988,26.361,-19.161,-4.432,-0.1601,0.3157,0.3685,1.554,2.140,-2.819
32.750655,26.410,-19.109,-4.430,-0.1988,0.2714,0.2589,1.632,1.772,-1.763
32.767322,26.455,-19.074,-4.422,-0.2095,0.3447,0.1335,1.487,0.967,-0.950
32.783989,26.498,-19.049,-4.407,-0.1911,0.3241,-0.0040,1.484,0.618,-0.406
32.800656,26.577,-19.020,-4.396,-0.1971,0.3796,0.0082,3.652,0.743,-0.681
32.817323,26.689,-18.980,-4.385,-0.2381,0.4279,-0.0254,5.557,1.333,-0.974
32.833990,26.815,-18.929,-4.386,-0.2794,0.3445,-0.0017,6.191,1.625,-1.926
32.850657,26.907,-18.865,-4.395,-0.2982,0.3623,-0.0749,4.012,2.130,-2.638
32.867324,27.010,-18.797,-4.426,-0.3200,0.3680,-0.0713,4.273,1.738,-3.874
32.883991,27.130,-18.726,-4.472,-0.2811,0.3715,-0.0600,4.974,1.488,-4.735
32.900658,27.255,-18.660,-4.530,-0.2702,0.3580,0.0700,5.065,0.938,-5.194
32.917325,27.372,-18.606,-4.596,-0.2829,0.3552,0.2382,4.419,0.043,-5.294
32.933992,27.500,-18.581,-4.674,-0.3458,0.3308,0.3519,4.896,-1.790,-5.033
32.950659,27.614,-18.587,-4.761,-0.3670,0.2832,0.3676,3.875,-3.691,-4.681
32.967326,27.715,-18.623,-4.863,-0.3909,0.2634,0.2320,2.788,-5.769,-4.583
32.983993,27.798,-18.683,-4.982,-0.4011,0.2380,0.2182,1.445,-7.404,-4.742
33.000660,27.851,-18.763,-5.110,-0.3792,0.2388,0.1986,-0.533,-8.714,-4.597
33.017327,27.908,-18.849,-5.259,-0.2837,0.2529,0.0591,-0.735,-9.626,-5.524
33.033994,27.984,-18.940,-5.418,-0.2421,0.3667,0.0648,0.214,-10.191,-5.808
33.050661,28.103,-19.041,-5.572,-0.1839,0.4522,0.0463,2.854,-10.523,-5.294
33.067328,28.261,-19.136,-5.716,-0.0234,0.5956,-0.0096,5.390,-9.996,-4.858
33.083995,28.445,-19.224,-5.828,0.1139,0.6732,0.0218,7.602,-8.783,-3.496
33.100662,28.612,-19.278,-5.905,0.2577,0.5603,-0.1523,7.199,-5.991,-2.697
33.117329,28.759,-19.302,-5.961,0.3024,0.5052,-0.0669,6.450,-3.891,-2.495
33.133996,28.918,-19.290,-5.993,0.4264,0.2768,-0.1620,7.664,-1.303,-2.372
33.150663,29.063,-19.231,-6.024,0.4122,0.1702,-0.1552,6.840,1.155,-3.652
33.167330,29.154,-19.140,-6.051,0.2725,0.1684,-0.1267,3.651,3.022,-4.375
33.183997,29.159,-19.026,-6.074,0.0003,0.0861,0.0009,-1.358,4.271,-4.897
33.200664,29.125,-18.909,-6.093,-0.2038,0.2409,0.1212,-3.624,4.589,-4.734
33.217331,29.119,-18.799,-6.108,-0.3413,0.4060,0.1392,-1.886,4.295,-4.381
33.233998,29.139,-18.696,-6.120,-0.3336,0.4468,0.1990,-0.236,4.054,-3.988
33.250665,29.152,-18.608,-6.119,-0.3257,0.3455,0.3034,-0.359,3.608,-2.955
33.267332,29.147,-18.529,-6.126,-0.2433,0.0789,0.1476,-1.653,2.925,-3.054
33.283999,29.128,-18.472,-6.143,-0.2491,0.1940,0.2704,-2.644,1.496,-2.880
33.300666,29.104,-18.448,-6.145,-0.2881,0.2977,0.3749,-2.613,0.159,-1.171
33.317333,29.073,-18.450,-6.141,-0.2996,0.3304,0.3273,-2.978,-0.974,-0.179
33.334000,29.038,-18.471,-6.123,-0.3691,0.2712,0.2472,-2.896,-1.664,1.134
33.350667,29.030,-18.515,-6.097,-0.3623,0.2805,0.2060,-1.164,-2.585,2.208
33.367334,29.032,-18.581,-6.065,-0.3114,0.4378,0.1866,-0.397,-3.620,3.110
33.384001,29.020,-18.644,-6.044,-0.1376,0.3506,-0.1410,-1.442,-3.681,2.527
33.400668,29.015,-18.690,-6.047,-0.0560,0.3018,-0.2482,-1.539,-3.508,0.817
33.417335,29.043,-18.728,-6.060,-0.1003,0.3116,-0.0634,0.290,-3.379,0.075
33.434002,29.082,-18.753,-6.075,-0.0712,0.3925,0.0030,0.938,-2.723,-0.430
33.450669,29.121,-18.760,-6.093,-0.0350,0.4434,-0.0395,0.851,-1.817,-1.038
33.467336,29.156,-18.751,-6.102,-0.0667,0.3670,0.0098,0.835,-0.791,-1.059
33.484003,29.197,-18.730,-6.105,-0.0435,0.3158,0.0324,1.228,0.047,-1.177
33.500670,29.236,-18.701,-6.106,-0.0539,0.2756,0.1117,1.221,0.529,-1.255
33.517337,29.262,-18.673,-6.101,-0.0075,0.2369,0.0668,0.531,0.589,-0.942
33.534004,29.259,-18.656,-6.089,-0.0512,0.1338,0.1150,-1.070,0.261,-0.293
33.550671,29.267,-18.634,-6.089,-0.0456,-0.0778,-0.0723,-0.618,0.202,-1.000
33.567338,29.303,-18.602,-6.109,-0.0883,0.0158,-0.0599,0.703,0.202,-2.296
33.584005,29.365,-18.569,-6.136,-0.1630,0.2364,0.0755,2.195,0.035,-2.630
33.600672,29.421,-18.538,-6.179,-0.2307,0.2367,0.0797,1.451,-0.539,-3.370
33.617339,29.478,-18.512,-6.236,-0.3006,0.1942,0.1497,1.317,-1.164,-3.958
33.634006,29.532,-18.498,-6.293,-0.2888,0.2419,0.1711,1.088,-1.783,-3.573
33.650673,29.569,-18.485,-6.346,-0.1903,0.3677,0.1243,0.189,-1.731,-3.350
33.667340,29.592,-18.486,-6.378,-0.1028,0.5446,0.2176,-0.293,-1.888,-1.904
33.684007,29.611,-18.498,-6.390,-0.0321,0.4599,0.2536,-0.079,-1.879,-0.571
33.700674,29.631,-18.515,-6.378,0.0539,0.4323,0.1266,0.394,-1.518,0.768
33.717341,29.630,-18.534,-6.342,0.0596,0.3640,0.0355,-0.420,-0.875,2.040
33.734008,29.606,-18.561,-6.278,-0.0472,0.3928,0.1213,-1.261,-0.491,3.575
33.750675,29.555,-18.584,-6.200,-0.0634,0.3021,0.0735,-2.581,0.075,4.204
33.767342,29.474,-18.610,-6.111,-0.1924,0.2593,0.1701,-4.184,0.226,4.861
33.784009,29.406,-18.624,-6.025,-0.1578,0.1578,0.0051,-3.432,0.785,4.310
33.800676,29.365,-18.625,-5.946,-0.0966,0.2015,-0.1017,-1.992,1.302,3.595
33.817343,29.350,-18.607,-5.882,-0.0313,0.0781,-0.1131,-0.644,1.813,2.323
33.834010,29.356,-18.580,-5.823,-0.0391,0.0764,0.0252,0.509,2.171,1.815
33.850677,29.359,-18.555,-5.771,-0.0815,0.0776,0.1365,0.168,1.901,1.485
33.867344,29.347,-18.531,-5.732,-0.1393,0.0730,0.1167,-0.922,1.496,0.941
33.884011,29.314,-18.501,-5.707,-0.1594,-0.0033,-0.0258,-2.491,1.437,0.045
33.900678,29.273,-18.462,-5.695,-0.1539,0.0659,-0.0224,-3.217,1.503,-0.885
33.917345,29.224,-18.426,-5.686,-0.1691,0.1653,0.1031,-3.680,1.340,-0.906
33.934012,29.165,-18.395,-5.680,-0.1497,0.2522,0.2216,-4.331,0.948,-0.906
33.950679,29.115,-18.372,-5.674,-0.1197,0.2377,0.1809,-3.813,0.532,-0.690
33.967346,29.083,-18.363,-5.661,-0.1129,0.2721,0.1867,-2.609,0.007,0.080
33.984013,29.080,-18.357,-5.647,-0.0333,0.2790,0.1076,-0.826,-0.073,0.234
34.000680,29.078,-18.346,-5.640,0.0397,0.2145,0.0692,-0.921,-0.071,-0.281
34.017347,29.059,-18.330,-5.634,0.0243,0.1654,0.0751,-1.949,0.175,-0.466
34.034014,29.043,-18.313,-5.632,-0.0263,0.1732,0.0293,-1.839,0.178,-0.731
34.050681,29.040,-18.297,-5.631,-0.1442,0.1938,0.0757,-1.045,0.093,-0.699
34.067348,29.046,-18.278,-5.631,-0.1973,0.1427,0.0644,-0.481,0.213,-0.842
34.084015,29.067,-18.257,-5.626,-0.2510,0.1537,0.1046,0.448,0.420,-0.642
34.100682,29.088,-18.237,-5.614,-0.2021,0.2086,0.0478,0.611,0.599,-0.246
34.117349,29.082,-18.219,-5.600,-0.1428,0.2002,0.0344,-0.963,0.563,-0.116
34.134016,29.083,-18.209,-5.584,-0.1156,0.2365,0.1197,-0.524,0.203,0.200
34.150683,29.090,-18.204,-5.567,-0.1027,0.2370,0.1648,-0.109,-0.055,0.386
34.167350,29.104,-18.204,-5.560,-0.0932,0.1692,0.1957,0.097,-0.611,0.078
34.184017,29.119,-18.211,-5.553,-0.0742,0.1833,0.1704,0.161,-0.948,0.239
34.200684,29.122,-18.226,-5.553,-0.0813,0.1557,0.1618,-0.615,-1.497,0.171
34.217351,29.111,-18.248,-5.546,-0.0693,0.2285,0.1352,-1.378,-1.730,0.710
34.234018,29.097,-18.276,-5.534,-0.0632,0.1804,0.1004,-1.448,-1.858,1.166
34.250685,29.072,-18.308,-5.520,-0.0752,0.2394,0.1307,-2.095,-2.082,1.350
34.267352,29.034,-18.348,-5.502,-0.1249,0.2689,0.1443,-2.723,-2.300,1.803
34.284019,28.994,-18.392,-5.482,-0.1558,0.2524,0.1212,-2.895,-2.526,1.985
34.300686,28.948,-18.437,-5.456,-0.1713,0.2805,0.0888,-3.061,-2.383,2.299
34.317353,28.882,-18.477,-5.424,-0.1466,0.2906,-0.0454,-4.183,-1.979,2.501
34.334020,28.816,-18.513,-5.394,-0.1302,0.1975,-0.0052,-4.190,-1.775,2.325
34.350687,28.779,-18.541,-5.368,-0.1247,0.1131,0.0626,-2.435,-1.378,2.050
34.367354,28.755,-18.563,-5.354,-0.0817,0.0880,0.1078,-1.779,-1.223,1.494
34.384021,28.731,-18.583,-5.340,-0.0612,0.0861,0.0979,-1.875,-1.240,1.274
34.400688,28.701,-18.605,-5.334,-0.0425,0.0746,0.1012,-2.244,-1.409,1.174
34.417355,28.683,-18.627,-5.319,-0.0003,0.1390,0.0351,-1.614,-1.521,1.112
34.434022,28.673,-18.651,-5.267,0.0107,0.1786,0.0406,-1.152,-1.507,1.209
34.450689,28.679,-18.671,-5.251,0.0182,0.1740,0.0431,-0.122,-1.331,1.122
34.467356,28.683,-18.689,-5.230,-0.0276,0.1795,0.0733,-0.241,-1.166,1.100
34.484023,28.677,-18.699,-5.211,-0.0762,0.1196,0.0733,-0.974,-1.016,0.447
34.500690,28.668,-18.710,-5.276,-0.1110,0.1499,0.1216,-1.113,-1.159,0.169
34.517357,28.673,-18.720,-5.207,-0.1480,0.1439,0.0997,-0.602,-1.224,0.105
34.534024,28.676,-18.740,-5.176,-0.1598,0.0962,0.1348,-0.562,-1.660,0.448
34.550691,28.668,-18.761,-5.164,-0.1129,0.0984,0.0771,-1.054,-1.548,0.833
34.567358,28.662,-18.786,-5.146,-0.0950,0.1548,0.0732,-0.877,-1.640,1.076
34.584025,28.651,-18.805,-5.120,-0.0497,0.1524,0.0585,-1.249,-1.425,0.733
34.600692,28.647,-18.823,-5.171,-0.0365,0.1922,0.0913,-0.623,-1.248,0.896
34.617359,28.660,-18.828,-5.131,0.0402,0.1280,-0.0156,0.002,-0.911,-0.028
34.634026,28.683,-18.825,-5.164,0.0039,0.1464,0.0263,0.723,-0.522,-0.352
34.650693,28.691,-18.815,-5.152,0.0165,0.1080,0.0068,-0.220,-0.018,-0.425
34.667360,28.701,-18.802,-5.155,-0.0544,0.1241,0.0974,-0.014,0.136,-0.350
34.684027,28.729,-18.787,-5.166,-0.0516,0.1285,0.1100,1.103,0.331,-0.398
34.700694,28.750,-18.772,-5.260,-0.0431,0.1059,0.0650,0.769,0.205,-0.591
34.717361,28.769,-18.763,-5.285,-0.0432,0.0873,0.1198,0.396,-0.259,-0.696
34.734028,28.786,-18.760,-5.272,-0.0629,0.1095,0.1762,0.064,-0.752,-0.904
34.750695,28.784,-18.760,-5.344,-0.0824,0.1510,0.1562,-0.963,-1.043,-0.997
34.767362,28.785,-18.765,-5.351,-0.0641,0.1955,0.1589,-0.962,-1.328,-0.804
34.784029,28.784,-18.779,-5.357,-0.0628,0.2111,0.1449,-0.813,-1.476,-0.066
34.800696,28.789,-18.795,-5.402,-0.0035,0.1895,0.1069,-0.336,-1.482,0.171
34.817363,28.793,-18.813,-5.434,0.0551,0.2322,0.0930,-0.286,-1.395,0.526
34.834030,28.786,-18.826,-5.419,0.1633,0.2025,0.0150,-1.053,-1.171,0.361
34.850697,28.778,-18.840,-5.381,0.2145,0.2232,0.1292,-1.036,-1.178,0.605
34.867364,28.765,-18.858,-5.489,0.3277,0.0958,0.1765,-1.130,-1.261,0.649
34.884031,28.739,-18.881,-5.566,0.2829,-0.1004,0.2854,-2.075,-1.749,0.471
34.900698,28.703,-18.915,-5.548,0.1308,-0.1662,0.3342,-2.944,-2.544,0.569
34.917365,28.671,-18.963,-5.479,-0.1467,-0.1583,0.2655,-2.937,-3.421,0.575
34.934032,28.646,-19.020,-5.545,-0.4112,-0.1050,0.0468,-2.699,-4.418,-0.215
34.950699,28.636,-19.065,-5.590,-0.5263,-0.0050,-0.2587,-2.437,-4.576,-1.863
34.967366,28.653,-19.080,-5.643,-0.5530,0.1311,-0.4603,-1.248,-3.556,-3.795
34.984033,28.722,-19.060,-5.737,-0.4753,0.2033,-0.4164,1.646,-2.136,-5.525
35.000700,28.809,-19.012,-5.865,-0.3404,0.2164,-0.3270,2.782,-0.661,-6.380
35.017367,28.886,-18.931,-5.954,-0.2608,0.1120,-0.1975,2.254,1.187,-6.988
35.034034,28.969,-18.834,-5.962,-0.2831,0.0393,0.0820,2.587,2.128,-7.234
35.050701,29.046,-18.743,-5.979,-0.2411,0.0576,0.2212,2.465,2.139,-6.603
35.067368,29.101,-18.673,-5.958,-0.2174,0.0351,0.2601,1.052,0.940,-6.049
35.084035,29.144,-18.633,-6.002,-0.1717,-0.0149,0.2669,0.209,-1.058,-5.853
35.100702,29.197,-18.631,-6.078,-0.1401,-0.0424,0.2778,0.379,-3.567,-5.804
35.117369,29.258,-18.666,-6.457,-0.0691,-0.0389,0.3550,0.838,-6.109,-5.892
35.134036,29.332,-18.736,-6.410,0.0173,-0.0085,0.4587,0.627,-8.547,-5.722
35.150703,29.385,-18.838,-6.511,0.0451,0.0398,0.4571,-0.720,-10.661,-5.589
35.167370,29.403,-18.961,-6.724,0.0842,0.0407,0.3319,-2.844,-11.873,-5.178
35.184037,29.418,-19.095,-6.891,0.0533,0.1061,0.1979,-3.218,-12.606,-5.183
35.200704,29.453,-19.226,-7.086,0.0187,0.2059,0.0384,-2.018,-12.459,-5.224
35.217371,29.510,-19.347,-7.257,-0.0303,0.3411,-0.0751,-0.565,-11.666,-5.085
35.234038,29.578,-19.449,-7.420,-0.0760,0.4367,-0.1900,0.318,-10.350,-5.112
35.250705,29.626,-19.530,-7.564,-0.0634,0.5044,-0.2333,-0.507,-8.747,-4.728
35.267372,29.618,-19.587,-7.682,-0.0153,0.5713,-0.1898,-3.353,-6.722,-4.127
35.284039,29.595,-19.626,-7.770,-0.0312,0.5711,0.0217,-3.645,-4.962,-3.155
35.300706,29.590,-19.663,-7.822,0.0006,0.5987,0.2162,-1.865,-3.848,-1.537
35.317373,29.589,-19.703,-7.838,0.0370,0.6152,0.2675,-0.908,-3.017,0.406
35.334040,29.561,-19.757,-7.811,0.1670,0.7221,0.2295,-1.628,-2.516,2.896
35.350707,29.489,-19.830,-7.740,0.2405,0.6739,0.2342,-3.398,-2.315,5.577
35.367374,29.393,-19.920,-7.636,0.3092,0.4364,0.2450,-4.201,-2.268,7.770
35.384041,29.292,-20.015,-7.508,0.3222,0.2309,0.0977,-3.960,-1.923,9.036
35.400708,29.187,-20.101,-7.375,0.2502,0.0502,0.0020,-4.059,-1.242,9.051
35.417375,29.090,-20.181,-7.237,0.0537,0.0630,0.0391,-3.557,-0.872,9.025
35.434042,28.977,-20.252,-7.116,-0.0798,0.0345,0.0291,-4.735,-0.814,8.113
35.450709,28.847,-20.310,-7.006,-0.0964,0.0649,-0.1111,-6.062,-0.493,7.083
35.467376,28.745,-20.346,-6.913,-0.0214,-0.0040,-0.2868,-4.497,0.494,6.092
35.484043,28.698,-20.367,-6.818,0.0420,-0.1092,-0.1386,-1.261,1.109,5.399
35.500710,28.671,-20.380,-6.714,-0.0309,-0.2029,0.1086,-0.062,1.541,5.205
35.517377,28.636,-20.381,-6.624,-0.1053,-0.2228,0.0985,-0.848,1.854,4.170
35.534044,28.619,-20.377,-6.567,-0.1992,-0.1463,0.0956,-0.287,1.432,2.837
35.550711,28.613,-20.372,-6.523,-0.2499,-0.1330,0.1782,0.046,0.963,1.974
35.567378,28.588,-20.362,-6.535,-0.2014,-0.1912,0.1174,-1.526,0.665,0.688
35.584045,28.560,-20.353,-6.621,-0.0764,-0.1117,0.1443,-2.008,0.144,-0.203
35.600712,28.549,-20.355,-6.612,-0.0048,-0.0921,0.2401,-1.057,-0.391,0.293
35.617379,28.553,-20.366,-6.613,0.0750,-0.1016,0.2655,-0.180,-0.951,0.383
35.634046,28.537,-20.379,-6.606,0.1586,-0.0025,0.1855,-1.073,-0.639,1.135
35.650713,28.507,-20.402,-6.594,0.1830,0.0131,0.0855,-1.706,-0.882,1.997
35.667380,28.483,-20.422,-6.560,0.1561,0.0190,0.0417,-1.322,-0.760,1.865
35.684047,28.475,-20.441,-6.568,0.1282,0.0754,0.1095,-0.213,-0.521,2.112
35.700714,28.474,-20.454,-6.560,0.0868,0.0373,0.0959,0.080,-0.241,1.819
35.717381,28.491,-20.459,-6.534,0.0746,-0.0109,0.0037,1.081,-0.040,1.289
35.734048,28.522,-20.456,-6.492,0.0356,0.0271,-0.0574,1.914,0.449,1.037
35.750715,28.555,-20.433,-6.482,0.0283,0.0144,-0.0380,1.721,1.036,-0.238
35.767382,28.590,-20.403,-6.480,0.0122,0.1212,0.0624,1.752,1.355,-0.667
