t,roll,pitch,yaw,ax,ay,az,gx,gy,gz
0.000000,34.450,-53.311,23.508,-0.0011,-0.0833,-0.0797,0.000,0.000,0.000
0.016667,34.300,-53.236,23.637,-0.0954,-0.1907,0.0685,-0.705,2.613,-0.718
0.033334,33.978,-53.017,23.880,-0.2655,-0.3115,0.2094,-0.876,2.095,-0.056
0.050001,33.608,-52.623,24.185,-0.2392,-0.2680,0.2376,-0.079,1.204,0.070
0.066668,33.349,-52.272,24.338,-0.2651,-0.1749,0.2195,1.509,-0.066,-0.124
0.083335,33.233,-51.989,24.375,-0.1930,-0.0517,0.1736,2.951,-0.638,0.157
0.100002,33.234,-51.791,24.343,-0.0395,0.0400,0.1040,4.966,-0.385,0.728
0.116669,33.263,-51.671,24.294,0.0112,0.0707,0.0271,4.632,0.409,1.097
0.133336,33.291,-51.583,24.222,0.1772,0.0501,-0.0659,2.706,1.470,0.082
0.150003,33.275,-51.533,24.168,0.0604,0.1105,-0.0281,0.681,2.052,-0.069
0.166670,33.269,-51.498,24.100,-0.0309,0.0733,0.0394,0.335,2.164,-0.237
0.183337,33.281,-51.468,24.015,-0.1087,0.0243,0.1500,0.675,1.815,-0.240
0.200004,33.274,-51.441,23.950,-0.1357,-0.0979,0.2337,-0.379,1.518,0.213
0.216671,33.244,-51.419,23.902,-0.0384,-0.1589,0.2286,-0.495,1.155,1.099
0.233338,33.198,-51.408,23.867,-0.0068,-0.1052,0.1630,-1.025,0.424,1.283
0.250005,33.125,-51.408,23.830,-0.0782,0.0274,0.1064,-2.506,-0.154,1.417
0.266672,33.078,-51.415,23.747,-0.0259,0.0275,0.0187,-2.049,-0.801,1.105
0.283339,33.056,-51.425,23.669,-0.0832,-0.0198,0.0514,-1.265,-1.087,0.729
0.300006,33.049,-51.429,23.574,-0.0458,-0.0758,0.0460,-1.296,-1.177,-0.035
0.316673,33.026,-51.429,23.476,-0.0049,-0.0335,0.0889,-2.339,-1.034,-0.333
0.333340,32.982,-51.431,23.410,-0.0101,0.0423,0.0878,-3.277,-0.968,-0.146
0.350007,32.935,-51.429,23.339,0.0027,0.0934,0.0706,-3.731,-0.728,-0.435
0.366674,32.862,-51.418,23.277,0.0116,0.1932,0.0717,-5.180,-0.082,-0.608
0.383341,32.778,-51.404,23.244,0.0012,0.1971,0.0864,-5.703,0.390,-0.540
0.400008,32.728,-51.408,23.199,-0.0336,0.0774,0.1493,-3.101,-0.055,0.535
0.416675,32.721,-51.443,23.184,-0.0986,-0.1053,0.2393,0.371,-1.230,2.143
0.433342,32.725,-51.492,23.158,-0.1111,-0.1901,0.2676,0.972,-2.116,2.498
0.450009,32.731,-51.539,23.125,0.0005,-0.1953,0.1416,0.526,-2.420,2.001
0.466676,32.751,-51.574,23.117,0.1226,-0.0976,0.0256,0.415,-2.365,0.801
0.483343,32.776,-51.593,23.032,0.1894,0.0339,-0.1371,-0.163,-1.957,-0.428
0.500010,32.816,-51.597,22.932,0.2051,0.0864,-0.1526,0.441,-1.194,-1.223
0.516677,32.882,-51.592,22.850,0.1745,0.0414,-0.0912,1.919,-0.631,-1.601
0.533344,32.934,-51.581,22.751,0.1273,-0.0508,0.0285,1.232,-0.185,-1.797
0.550011,32.956,-51.555,22.662,0.1262,-0.0640,0.0732,-1.127,0.281,-2.700
0.566678,32.971,-51.527,22.615,0.0220,0.0086,0.1396,-1.171,0.546,-2.525
0.583345,32.983,-51.501,22.556,-0.0907,0.0621,0.2205,-1.174,0.531,-2.384
0.600012,32.995,-51.478,22.477,-0.0919,0.1011,0.2353,-1.169,0.420,-2.162
0.616679,33.014,-51.467,22.408,-0.0981,0.0799,0.2179,-0.245,0.012,-1.408
0.633346,33.016,-51.457,22.392,-0.0141,0.0601,0.0855,-0.530,0.286,-0.805
0.650013,32.994,-51.446,22.368,-0.0444,0.0891,0.0639,-1.732,0.439,-0.605
0.666680,32.953,-51.439,22.337,-0.1102,0.0584,0.0473,-2.607,0.420,-0.315
0.683347,32.906,-51.438,22.323,-0.1785,0.0017,0.0624,-2.296,0.351,0.382
0.700014,32.875,-51.445,22.302,-0.1803,0.0233,0.1024,-1.365,-0.137,0.682
0.716681,32.859,-51.464,22.282,-0.1165,0.0515,0.1056,-0.691,-0.782,0.952
0.733348,32.848,-51.486,22.263,-0.0624,0.0019,0.1250,-0.291,-0.932,1.128
0.750015,32.834,-51.504,22.247,-0.0218,-0.0595,0.1615,-0.693,-0.855,0.889
0.766682,32.817,-51.520,22.238,-0.0022,-0.0912,0.1654,-0.850,-0.694,0.795
0.783349,32.818,-51.535,22.206,0.0642,-0.0521,0.1099,0.154,-0.758,0.706
0.800016,32.822,-51.545,22.191,0.1300,0.0349,0.0029,0.034,-0.599,0.291
0.816683,32.805,-51.546,22.181,0.1449,0.1070,-0.0512,-0.967,-0.040,0.178
0.833350,32.779,-51.535,22.189,0.1042,0.0885,-0.0350,-0.750,0.935,0.197
0.850017,32.765,-51.509,22.179,0.0848,0.0665,0.0081,-0.569,1.480,-0.565
0.866684,32.755,-51.483,22.214,0.0393,0.0230,0.0826,-0.647,1.391,-0.819
0.883351,32.769,-51.461,22.202,-0.0238,-0.0289,0.1264,1.097,1.287,-0.512
0.900018,32.804,-51.434,22.194,0.0124,-0.0215,0.1162,1.586,1.201,-1.191
0.916685,32.819,-51.399,22.163,0.0564,0.0300,0.0556,0.124,1.509,-1.622
0.933352,32.833,-51.358,22.128,0.1272,0.1040,0.0258,0.173,1.832,-1.723
0.950019,32.863,-51.311,22.100,0.1052,0.1406,-0.0039,1.139,2.159,-1.979
0.966686,32.885,-51.254,22.099,0.0176,0.0354,0.0782,1.255,2.948,-1.873
0.983353,32.902,-51.197,22.115,-0.1182,-0.1488,0.1482,2.691,3.726,-0.711
1.000020,32.945,-51.160,22.108,-0.0979,-0.1410,0.1695,3.343,2.310,-0.678
1.016687,32.970,-51.146,22.073,-0.0118,-0.1336,0.1971,0.675,0.376,-0.968
1.033354,32.971,-51.154,22.025,-0.0750,-0.0562,0.1577,-1.143,-0.895,-0.570
1.050021,32.968,-51.176,21.990,-0.2500,0.0085,0.1432,-2.391,-2.040,-0.749
1.066688,32.960,-51.212,21.932,-0.2333,-0.0084,0.2247,-2.452,-2.716,-0.109
1.083355,32.947,-51.272,21.901,-0.2369,-0.0151,0.2324,-1.598,-3.390,1.455
1.100022,32.921,-51.343,21.874,-0.0973,-0.0456,0.1399,-2.150,-3.851,2.024
1.116689,32.862,-51.414,21.857,-0.1116,0.0596,0.1261,-4.394,-4.002,1.834
1.133356,32.798,-51.475,21.830,-0.0365,0.0729,0.0401,-4.710,-3.491,1.505
1.150023,32.767,-51.523,21.808,0.0132,0.0633,0.0668,-2.918,-2.901,0.973
1.166690,32.758,-51.563,21.828,0.0320,0.0658,0.0753,-0.468,-2.008,1.430
1.183357,32.780,-51.599,21.836,0.1006,0.0070,0.0900,2.005,-1.559,1.740
1.200024,32.811,-51.626,21.837,0.1948,0.0113,-0.0209,1.887,-1.337,0.994
1.216691,32.819,-51.629,21.792,0.2913,0.0097,-0.0676,-0.508,-0.611,-0.467
1.233358,32.801,-51.618,21.760,0.1985,-0.0144,-0.0497,-2.101,0.176,-1.018
1.250025,32.797,-51.596,21.738,0.0866,-0.0745,0.0532,-1.547,0.563,-1.498
1.266692,32.801,-51.578,21.684,-0.0868,-0.1373,0.1534,-1.605,0.126,-1.844
1.283359,32.823,-51.571,21.624,-0.0941,-0.0993,0.1667,-1.163,-0.710,-1.852
1.300026,32.849,-51.578,21.566,-0.1442,-0.0353,0.1261,-1.188,-1.528,-1.612
1.316693,32.883,-51.585,21.478,-0.0544,0.0258,0.0715,-1.454,-1.887,-2.081
1.333360,32.907,-51.586,21.409,-0.0409,0.1076,0.0774,-1.932,-1.509,-2.161
1.350027,32.923,-51.588,21.339,-0.0793,0.0700,0.0788,-2.013,-1.412,-1.891
1.366694,32.942,-51.591,21.279,-0.0565,0.0118,0.1204,-1.147,-1.126,-1.360
1.383361,32.951,-51.592,21.266,-0.0819,-0.0081,0.1156,-1.526,-0.959,-1.307
1.400028,32.961,-51.605,21.225,-0.1394,-0.0705,0.1307,-1.722,-1.628,-1.046
1.416695,33.001,-51.629,21.182,-0.1429,-0.1026,0.1500,-0.397,-2.464,-1.036
1.433362,33.070,-51.658,21.078,-0.1213,-0.0629,0.1118,-0.184,-3.360,-1.857
1.450029,33.135,-51.685,20.940,-0.0677,-0.0706,0.0857,-1.507,-3.750,-2.600
1.466696,33.210,-51.708,20.813,0.0163,-0.1451,0.1015,-1.859,-3.974,-3.378
1.483363,33.311,-51.737,20.670,0.0500,-0.1498,0.1867,-0.966,-4.537,-3.614
1.500030,33.443,-51.771,20.513,0.1010,-0.1747,0.3587,-0.375,-5.370,-4.329
1.516697,33.610,-51.812,20.295,0.0282,-0.2472,0.3051,-1.327,-7.126,-6.055
1.533364,33.855,-51.870,19.959,-0.1812,-0.3331,0.1022,-0.193,-9.458,-7.779
1.550031,34.246,-51.952,19.598,-0.4263,-0.3112,-0.2137,5.120,-12.264,-9.161
1.566698,34.782,-52.034,19.158,-0.4856,-0.2084,-0.1725,11.146,-13.540,-10.782
1.583365,35.377,-52.086,18.686,-0.3600,-0.2505,-0.2937,13.698,-12.611,-12.185
1.600032,35.988,-52.094,18.197,-0.3730,-0.2626,-0.3262,12.860,-11.469,-14.743
1.616699,36.615,-52.035,17.665,-0.2361,-0.3573,-0.1191,12.344,-9.093,-17.926
1.633366,37.275,-51.921,17.138,-0.2795,-0.2389,0.3229,14.277,-6.733,-19.903
1.650033,38.018,-51.783,16.650,-0.3089,-0.1764,0.6500,20.572,-5.277,-19.980
1.666700,38.904,-51.631,16.178,-0.2882,-0.1294,0.8320,31.504,-3.837,-18.995
1.683367,39.875,-51.467,15.768,-0.3356,-0.1586,1.1720,40.127,-1.948,-17.307
1.700034,40.835,-51.263,15.356,-0.3397,-0.3678,1.3569,38.749,-0.809,-19.304
1.716701,41.733,-51.021,14.848,-0.1930,-0.6437,1.4105,31.788,-1.249,-22.872
1.733368,42.645,-50.781,14.278,-0.0805,-0.6110,1.4503,28.951,-3.889,-25.168
1.750035,43.691,-50.577,13.588,-0.0594,-0.3959,1.4006,32.340,-8.637,-26.525
1.766702,44.911,-50.403,12.791,0.0096,-0.1633,1.2142,39.192,-12.654,-27.358
1.783369,46.296,-50.253,11.959,-0.1598,-0.1303,1.0265,46.831,-15.715,-27.462
1.800036,47.744,-50.110,11.127,-0.3000,-0.2362,0.5838,49.448,-17.519,-27.559
1.816703,49.174,-49.949,10.234,-0.3435,-0.3346,0.0183,48.595,-17.497,-27.921
1.833370,50.514,-49.737,9.430,-0.3109,-0.3196,-0.1160,45.129,-15.178,-28.905
1.850037,51.730,-49.464,8.603,-0.0817,-0.3780,-0.1326,39.791,-12.331,-30.445
1.866704,52.829,-49.137,7.907,0.2854,-0.6447,-0.3688,35.588,-9.316,-31.441
1.883371,53.721,-48.762,7.185,0.3111,-0.5327,-0.2812,25.209,-7.062,-32.807
1.900038,54.372,-48.320,6.506,0.4374,-0.5142,-0.2632,10.020,-5.979,-36.551
1.916705,54.779,-47.844,5.849,0.3889,-0.5718,-0.1522,-3.984,-5.047,-38.183
1.933372,55.010,-47.361,5.207,0.3123,-0.3398,-0.3255,-13.326,-4.517,-38.118
1.950039,55.214,-46.895,4.576,0.4408,0.2587,-0.6236,-14.540,-5.290,-37.374
1.966706,55.458,-46.463,3.914,0.4506,1.0612,-0.8612,-13.288,-7.791,-36.530
1.983373,55.704,-46.018,3.172,0.4866,1.6428,-1.2196,-16.598,-10.421,-39.185
2.000040,55.979,-45.572,2.356,0.5916,1.9554,-1.2770,-17.769,-13.152,-41.007
2.016707,56.260,-45.156,1.519,0.5610,2.1318,-1.1371,-18.180,-15.216,-40.076
2.033374,56.419,-44.741,0.741,0.4962,2.6094,-1.1854,-23.301,-13.747,-38.944
2.050041,56.438,-44.303,0.023,0.7599,3.2363,-1.2650,-28.650,-10.653,-38.546
2.066708,56.361,-43.802,-0.618,1.0618,3.7434,-1.4579,-31.045,-5.789,-39.920
2.083375,56.277,-43.249,-1.169,1.1065,3.8989,-1.3916,-28.087,-1.130,-40.648
2.100042,56.269,-42.655,-1.675,1.1953,4.0300,-1.3938,-21.659,1.907,-41.700
2.116709,56.455,-42.033,-2.185,1.7961,4.0173,-1.3356,-10.089,2.676,-43.278
2.133376,56.827,-41.387,-2.684,2.4485,3.6089,-1.0168,1.497,3.649,-44.317
2.150043,57.161,-40.688,-3.187,2.5781,2.6878,-0.6082,-0.828,4.990,-47.263
2.166710,57.273,-39.890,-3.716,2.8424,1.9133,-0.2883,-14.978,6.987,-53.152
2.183377,57.168,-39.011,-4.284,2.5278,1.3345,0.2291,-29.258,7.946,-58.430
2.200044,57.002,-38.094,-4.921,1.9807,0.9766,0.4300,-35.193,6.439,-62.388
2.216711,56.923,-37.195,-5.620,1.6723,0.7664,0.6586,-31.734,3.336,-63.340
2.233378,56.909,-36.370,-6.326,1.0885,0.5366,1.0680,-27.748,0.361,-60.070
2.250045,56.773,-35.628,-6.946,0.9194,0.5121,1.3692,-31.500,0.953,-53.826
2.266712,56.391,-34.957,-7.406,0.7523,0.3433,1.6315,-40.414,5.190,-46.092
2.283379,55.732,-34.376,-7.678,0.3004,-0.1212,2.0445,-50.428,10.182,-36.553
2.300046,54.884,-33.887,-7.733,0.4345,-0.5477,2.2470,-54.246,16.268,-25.788
2.316713,53.988,-33.529,-7.620,0.2781,-0.8539,2.5744,-51.539,18.901,-14.351
2.333380,53.131,-33.327,-7.367,-0.1304,-0.9626,2.3138,-44.468,19.176,-2.392
2.350047,52.478,-33.279,-6.939,-0.0167,-1.1047,1.7269,-26.417,20.573,10.543
2.366714,51.915,-33.348,-6.293,-0.2065,-1.2115,1.2991,-13.834,24.770,22.869
2.383381,51.155,-33.411,-5.465,-0.5438,-1.3922,0.9249,-19.393,31.793,28.565
2.400048,50.045,-33.387,-4.546,-0.8472,-1.5739,0.8234,-37.297,38.124,27.841
2.416715,48.703,-33.247,-3.635,-1.1449,-1.3496,0.7218,-51.414,41.670,23.181
2.433382,47.355,-33.024,-2.778,-1.4596,-1.2887,0.7136,-53.636,42.426,18.608
2.450049,46.049,-32.743,-1.988,-1.8385,-1.2154,0.6601,-53.401,41.897,14.881
2.466716,44.774,-32.425,-1.279,-1.9420,-1.0695,0.5861,-54.256,40.133,11.460
2.483383,43.660,-32.074,-0.629,-1.4960,-0.8702,0.3519,-46.651,39.223,8.897
2.500050,42.756,-31.665,-0.022,-1.2039,-0.6787,0.1891,-35.543,40.024,5.751
2.516717,41.935,-31.176,0.557,-1.1439,-0.6074,0.1141,-31.693,42.606,2.206
2.533384,41.113,-30.599,1.133,-1.2906,-0.4709,-0.0986,-32.063,46.432,-0.680
2.550051,40.379,-29.965,1.798,-1.6994,-0.3852,-0.4688,-24.361,52.089,1.355
2.566718,39.868,-29.243,2.719,-1.9269,0.2363,-1.2256,-3.792,64.812,8.971
2.583385,39.708,-28.396,4.059,-2.2939,0.6793,-1.7894,28.703,84.717,21.885
2.600052,39.888,-27.342,5.827,-2.7653,0.4131,-2.2241,59.885,109.137,31.833
2.616719,40.289,-25.969,7.911,-3.0033,-0.4185,-2.7843,79.612,135.411,32.868
2.633386,40.707,-24.281,10.134,-3.0090,-0.7606,-2.9806,81.141,155.737,26.593
2.650053,41.071,-22.337,12.510,-3.4368,-0.9180,-2.3492,77.679,173.998,23.248
2.666720,41.798,-20.192,15.039,-3.4391,-1.0346,-2.2932,98.054,190.077,21.543
2.683387,43.126,-17.859,17.757,-3.3633,-1.1069,-2.2006,132.127,207.188,20.116
2.700054,44.983,-15.293,20.599,-3.0767,-1.0371,-2.4769,159.363,224.045,11.365
2.716721,46.624,-12.396,23.442,-3.2803,-0.7935,-2.0288,138.475,239.568,-8.128
2.733388,47.665,-9.192,26.161,-3.6103,-0.8802,-1.3982,92.195,247.794,-30.711
2.750055,48.150,-5.860,28.828,-3.6144,-1.4058,0.6353,49.068,251.124,-40.751
2.766722,48.949,-2.592,31.434,-3.1307,-1.8774,1.2152,58.384,245.939,-42.328
2.783389,50.525,0.493,34.003,-1.7434,-2.0855,0.8710,96.238,236.408,-40.169
2.800056,52.646,3.518,36.450,-1.0630,-1.7115,-0.3908,120.975,226.821,-49.535
2.816723,54.645,6.543,38.788,-0.9060,-0.8105,-1.2280,106.445,219.182,-61.755
2.833390,55.721,9.514,41.140,-0.1639,-0.1840,1.6978,43.656,215.477,-64.971
2.850057,56.330,12.304,43.426,-0.6573,-0.3629,3.1545,9.388,204.239,-62.052
2.866724,56.976,14.911,45.547,0.6469,-1.0899,0.6571,7.577,188.269,-61.178
2.883391,58.020,17.326,47.542,1.4888,-0.6331,-0.3641,28.194,173.830,-59.018
2.900058,59.517,19.599,49.433,1.4827,-0.0438,-1.6961,52.809,161.747,-59.486
2.916725,61.220,21.804,51.302,1.7647,-0.2411,-2.2337,61.441,155.596,-61.828
2.933392,62.760,23.876,53.135,2.2663,-0.3600,-0.4181,48.753,147.018,-60.950
2.950059,63.785,25.773,54.878,2.5950,0.0677,2.0930,16.697,135.150,-57.862
2.966726,64.715,27.584,56.442,2.3483,-0.3896,0.4258,12.970,121.987,-60.426
2.983393,65.999,29.301,57.894,1.8024,0.2663,-1.4897,34.864,111.926,-60.694
3.000060,67.618,30.906,59.333,1.7470,0.6091,-1.8125,53.281,106.040,-58.143
3.016727,69.396,32.308,60.773,3.1901,0.3821,0.4819,60.859,98.757,-50.508
3.033394,71.370,33.620,62.033,3.6424,-0.5095,1.3250,76.933,85.817,-52.062
3.050061,73.295,34.805,62.997,3.2954,-0.6813,0.8204,82.713,66.928,-52.478
3.066728,75.253,35.841,63.735,2.6199,-0.2162,-0.2372,91.803,51.512,-49.354
3.083395,77.401,36.793,64.389,2.0735,0.7687,-0.0208,105.673,44.210,-47.384
3.100062,79.710,37.738,64.937,1.7316,0.3502,-0.6457,118.755,36.965,-49.840
3.116729,81.713,38.679,65.396,1.4557,0.3240,-0.4950,103.254,30.639,-51.695
3.133396,83.380,39.710,65.700,1.2579,-0.4101,-0.3405,88.702,22.274,-59.053
3.150063,84.557,40.873,65.784,1.4209,-0.7093,-0.2861,67.597,11.377,-68.507
3.166730,85.306,42.069,65.705,1.1775,-0.4539,0.1313,48.359,3.161,-71.362
3.183397,85.801,43.202,65.556,0.7374,-0.1857,0.7640,36.153,-0.955,-67.869
3.200064,86.047,44.277,65.334,0.4257,-0.2612,1.5011,24.268,-4.599,-64.623
3.216731,85.978,45.285,65.008,0.3511,-0.8224,1.3582,10.008,-9.235,-60.872
3.233398,85.764,46.181,64.624,0.2680,-0.6573,1.4047,4.080,-11.732,-54.378
3.250065,85.350,46.973,64.212,0.0816,-0.0081,1.6213,-6.531,-12.819,-48.290
3.266732,84.746,47.675,63.865,-0.2222,0.1779,1.6474,-20.522,-9.951,-42.732
3.283399,84.000,48.302,63.526,0.0241,-0.0503,1.6948,-29.316,-9.420,-38.408
3.300066,82.976,48.864,63.104,0.1977,-0.2485,1.9036,-42.045,-12.410,-34.968
3.316733,81.684,49.327,62.578,0.3830,-0.3670,1.5488,-53.307,-16.331,-29.898
3.333400,80.577,49.600,62.109,-0.6156,-0.0303,0.9809,-44.623,-15.108,-18.616
3.350067,80.307,49.684,61.903,-2.4313,0.2267,0.0587,-6.422,-6.639,-5.873
3.366734,79.788,49.808,61.717,-0.0960,1.1471,1.8576,-22.343,-5.511,-8.122
3.383401,78.289,50.075,61.497,-0.5203,-0.4002,0.2698,-79.595,-4.977,-16.974
3.400068,76.943,50.435,61.324,-1.1104,-1.4736,-1.6113,-72.506,-1.590,-22.064
3.416735,76.025,50.788,61.220,-0.8364,-0.2151,-0.6456,-49.998,1.321,-21.060
3.433402,75.328,51.095,61.172,-0.3631,0.6137,-0.1293,-39.381,2.969,-17.764
3.450069,74.766,51.348,61.238,0.5328,1.5672,0.8692,-36.592,6.465,-13.524
3.466736,74.177,51.552,61.371,0.2239,1.6059,0.7195,-41.366,8.272,-10.094
3.483403,73.747,51.645,61.586,-0.3348,0.9008,-0.0950,-35.745,9.424,-2.765
3.500070,73.304,51.722,61.802,-0.6916,0.1801,0.0529,-36.625,9.185,-1.823
3.516737,73.130,51.858,62.010,-1.8190,-0.8287,-1.0158,-20.128,9.891,-5.260
3.533404,73.223,52.030,62.226,-1.4915,-0.4820,-0.4199,-4.506,10.689,-7.222
3.550071,73.348,52.232,62.454,-1.1103,0.0034,-0.0258,-3.298,11.529,-8.717
3.566738,73.454,52.424,62.717,-0.6394,0.7947,0.3845,-6.059,12.491,-7.893
3.583405,73.331,52.609,63.002,-0.2826,0.4747,0.4581,-20.979,13.083,-7.248
3.600072,73.013,52.832,63.332,0.0144,0.0157,0.0626,-34.804,15.263,-8.947
3.616739,72.792,53.086,63.702,0.3126,-0.4245,-0.6433,-30.969,17.186,-10.248
3.633406,72.784,53.338,64.059,0.6376,-0.1646,-0.6658,-17.613,16.647,-10.213
3.650073,72.920,53.566,64.390,0.6771,0.1036,-0.3130,-7.763,15.290,-9.220
3.666740,73.044,53.771,64.726,0.1233,0.4422,0.0933,-8.781,15.012,-7.851
3.683407,73.078,53.964,65.077,-0.0588,0.2520,0.2417,-14.948,15.254,-7.125
3.700074,72.956,54.172,65.386,-0.1417,-0.2335,0.1570,-22.299,14.050,-8.446
3.716741,72.876,54.371,65.674,-0.4504,-0.2057,-0.1108,-18.803,13.131,-8.067
3.733408,73.012,54.484,65.902,-0.5024,0.1622,0.2460,-2.876,9.550,-3.811
3.750075,73.085,54.616,66.046,0.1296,0.1566,-0.0122,-2.695,7.067,-5.725
3.766742,72.857,54.790,66.147,0.2647,-0.2787,0.2119,-18.552,6.357,-8.609
3.783409,72.571,55.012,66.219,0.2633,-0.6407,-0.1731,-20.716,6.314,-11.649
3.800076,72.245,55.295,66.246,0.4756,-0.4143,-0.1046,-20.824,5.977,-15.494
3.816743,72.010,55.485,66.209,-0.1563,-0.2277,0.9284,-12.211,2.292,-10.912
3.833410,71.895,55.685,66.116,-0.3223,-0.1506,0.2833,-2.216,0.715,-11.991
3.850077,71.736,55.880,66.034,-0.6683,-0.2073,-0.3117,-5.428,0.982,-11.589
3.866744,71.671,56.075,65.944,-0.7673,0.3657,-0.1932,0.618,0.775,-11.674
3.883411,71.521,56.272,65.836,-0.3755,0.5852,0.1310,-3.567,0.215,-11.941
3.900078,71.379,56.444,65.710,-0.2991,0.3479,0.3831,-2.219,-0.778,-10.759
3.916745,71.223,56.619,65.535,-0.3254,-0.1881,0.3995,-0.567,-2.230,-11.434
3.933412,71.082,56.791,65.303,-0.4480,-0.4183,0.1411,3.176,-3.985,-11.882
3.950079,70.939,56.953,65.015,-0.1018,-0.1480,0.1595,5.941,-5.940,-11.834
3.966746,70.707,57.129,64.649,0.1127,-0.2662,0.2110,4.492,-7.928,-13.504
3.983413,70.441,57.340,64.213,-0.1201,-0.7292,-0.1676,6.046,-9.252,-16.260
4.000080,70.175,57.572,63.705,-0.0047,-0.9342,-0.3822,9.793,-10.882,-18.213
4.016747,69.924,57.757,63.120,0.5422,-0.2020,0.2263,14.651,-14.012,-16.403
4.033414,69.552,57.931,62.469,0.6542,-0.0624,0.3142,10.806,-15.970,-16.562
4.050081,69.066,58.104,61.777,0.5202,-0.6935,0.0025,6.106,-16.977,-17.068
4.066748,68.630,58.268,61.065,0.1805,-0.6671,-0.1081,10.317,-17.545,-16.829
4.083415,68.309,58.420,60.374,-0.3950,-0.4652,-0.2374,16.074,-16.927,-16.032
4.100082,68.001,58.561,59.765,-0.5185,0.0302,0.0260,12.827,-14.642,-14.496
4.116749,67.553,58.697,59.215,-0.4158,0.2631,0.1498,1.413,-12.917,-13.557
4.133416,67.051,58.821,58.709,-0.5592,0.0693,0.0188,-4.065,-11.740,-12.522
4.150083,66.577,58.937,58.200,-0.6459,-0.0492,-0.0610,-2.197,-11.897,-12.118
4.166750,66.319,59.018,57.669,-0.4752,-0.0947,-0.2073,11.862,-13.248,-10.538
4.183417,66.157,59.082,57.126,0.0857,0.2381,0.2122,18.362,-13.946,-9.840
4.200084,65.908,59.163,56.582,0.1319,0.3141,0.1927,13.136,-13.496,-10.721
4.216751,65.601,59.257,56.059,-0.0968,0.2759,0.0775,8.633,-12.471,-11.301
4.233418,65.335,59.350,55.547,-0.4236,0.1649,-0.1630,10.538,-12.094,-11.127
4.250085,65.120,59.443,55.026,-0.3661,0.0609,-0.2096,14.086,-12.239,-11.276
4.266752,64.762,59.539,54.474,-0.0775,0.1488,0.0390,7.116,-12.941,-11.937
4.283419,64.370,59.642,53.898,-0.5372,-0.0289,-0.3586,6.351,-13.319,-12.624
4.300086,64.056,59.739,53.305,-0.2964,-0.1206,-0.0958,12.012,-13.816,-12.637
4.316753,63.832,59.820,52.704,-0.4084,0.0278,0.0846,17.744,-14.351,-11.858
4.333420,63.691,59.899,52.157,-0.7971,0.5693,0.0999,19.986,-12.882,-11.056
4.350087,63.560,59.966,51.681,-0.7447,0.5607,0.0299,16.900,-11.261,-9.516
4.366754,63.394,60.016,51.263,-0.3261,0.4731,0.1025,11.844,-10.140,-7.835
4.383421,63.190,60.057,50.889,-0.1628,0.0823,-0.0689,7.174,-9.130,-6.792
4.400088,63.050,60.094,50.566,0.0027,-0.1675,-0.1399,8.446,-7.887,-5.880
4.416755,62.929,60.127,50.264,0.0889,-0.0864,-0.1331,8.501,-7.411,-5.424
4.433422,62.815,60.160,49.966,0.0902,0.1040,-0.2088,8.719,-7.250,-5.385
4.450089,62.645,60.184,49.737,-0.1131,0.8832,-0.0290,1.719,-5.645,-3.951
4.466756,62.422,60.168,49.611,0.2564,1.3636,0.3514,-6.747,-3.998,-0.492
4.483423,61.954,60.129,49.537,1.0128,1.3724,0.3880,-24.238,-3.272,1.420
4.500090,61.258,60.079,49.513,0.3398,0.6670,-0.3926,-40.483,-2.251,2.627
4.516757,60.525,59.997,49.499,-0.4420,0.6019,-0.7115,-43.286,-2.937,4.431
4.533424,59.874,59.897,49.482,-1.1230,0.6799,-0.7091,-38.171,-3.604,5.251
4.550091,59.506,59.832,49.561,-1.7054,0.2467,-0.8752,-26.225,-0.137,4.862
4.566758,59.269,59.815,49.752,-1.8652,0.0396,-0.3340,-24.140,4.174,4.100
4.583425,59.126,59.841,49.973,-1.4660,-0.1582,0.4358,-20.163,6.196,2.402
4.600092,58.966,59.884,50.161,-1.2242,0.0786,0.8865,-19.432,5.791,1.065
4.616759,58.827,59.911,50.362,-0.7063,0.3536,0.6653,-18.830,5.612,2.038
4.633426,58.775,59.916,50.562,-0.7952,0.3847,0.3917,-13.616,4.848,3.257
4.650093,58.907,59.918,50.782,-0.7708,-0.2989,-0.0659,-3.586,5.254,3.679
4.666760,59.098,59.918,50.992,-0.2734,-0.2943,0.0266,0.435,4.922,3.592
4.683427,59.193,59.912,51.114,0.3835,-0.1146,0.3780,-0.771,2.503,2.556
4.700094,59.048,59.901,51.131,1.0683,0.1498,0.7940,-9.658,-0.383,1.174
4.716761,58.604,59.895,51.022,0.5278,0.1769,0.3431,-21.050,-3.436,-1.012
4.733428,58.363,59.855,50.981,-0.3648,0.2708,-0.1943,-12.419,-2.669,1.708
4.750095,58.361,59.801,51.032,-0.4710,0.3337,0.0390,-2.891,-0.801,3.891
4.766762,58.366,59.740,51.119,-0.0331,0.2617,0.0885,-4.318,-0.115,4.854
4.783429,58.236,59.673,51.198,0.1838,-0.1314,0.0895,-12.030,-0.477,4.994
4.800096,58.052,59.624,51.230,-0.0256,-0.3027,-0.2190,-12.712,-1.128,3.290
4.816763,57.909,59.658,51.209,-0.6505,-0.2615,-1.6511,-7.635,0.133,-1.714
4.833430,57.882,59.706,51.223,-0.1208,0.3913,-1.3001,-2.462,1.500,-1.895
4.850097,57.871,59.742,51.303,0.4783,1.0360,-0.3105,-4.896,2.760,-0.193
4.866764,57.673,59.769,51.396,0.8415,0.9683,-0.1070,-16.748,2.853,0.391
4.883431,57.366,59.771,51.453,0.7188,0.3041,0.0352,-21.549,1.178,1.121
4.900098,57.235,59.743,51.492,0.0895,-0.4090,-0.0944,-9.930,-0.257,2.280
4.916765,57.300,59.701,51.508,-0.3831,-0.7216,-0.2108,2.958,-1.256,2.624
4.933432,57.432,59.673,51.546,-0.7324,-0.0323,0.2941,5.786,-0.265,2.332
4.950099,57.407,59.651,51.671,-0.9263,0.7076,0.6867,-8.045,2.166,3.404
4.966766,57.344,59.604,51.878,-0.7937,0.7597,0.8310,-14.604,3.359,6.075
4.983433,57.259,59.550,52.149,-0.6432,0.2008,0.3619,-19.278,4.807,7.424
5.000100,57.218,59.501,52.408,-0.6807,-0.4255,-0.3298,-15.974,4.607,6.994
5.016767,57.346,59.474,52.634,-0.7550,-0.2057,-0.6561,-4.134,4.508,5.333
5.033434,57.537,59.481,52.866,-0.2433,0.6506,-0.1153,-0.698,5.728,3.758
5.050101,57.619,59.521,53.041,0.3533,0.6733,0.1855,-4.263,5.340,1.079
5.066768,57.466,59.574,53.100,0.8082,0.3533,0.4386,-12.408,2.813,-1.456
5.083435,57.212,59.609,52.994,0.1065,-0.2240,0.0488,-9.895,-1.952,-3.307
5.100102,57.195,59.623,52.877,-0.3925,-0.2314,-0.2295,4.933,-2.958,-2.382
5.116769,57.241,59.637,52.843,-0.7012,0.4100,0.0134,4.313,-0.790,-1.031
5.133436,57.262,59.663,52.932,-0.7563,0.3244,0.0359,-3.459,2.681,0.408
5.150103,57.209,59.716,53.160,-0.1936,0.1035,0.1289,-15.186,7.091,1.298
5.166770,56.926,59.783,53.436,0.1780,0.0984,0.4122,-31.460,8.787,1.375
5.183437,56.643,59.826,53.707,0.0613,-0.1308,0.0790,-31.144,7.807,2.557
5.200104,56.454,59.838,53.933,0.1126,0.2997,0.1124,-23.262,5.697,3.352
5.216771,56.424,59.828,54.111,-0.1500,0.1885,-0.2070,-11.219,3.726,3.712
5.233438,56.565,59.809,54.245,-0.2849,0.2685,-0.1799,1.376,2.347,3.366
5.250105,56.643,59.796,54.326,-0.3038,0.6077,0.1236,0.319,1.220,2.184
5.266772,56.704,59.777,54.396,-0.4051,0.3117,0.1814,-0.116,0.706,2.304
5.283439,56.730,59.763,54.434,-0.3177,0.1165,0.1397,-0.622,0.081,1.563
5.300106,56.725,59.765,54.474,-0.5405,-0.0090,-0.0027,-2.560,0.671,0.708
5.316773,56.760,59.777,54.513,-0.4222,0.0407,0.2000,-0.104,0.929,0.246
5.333440,56.802,59.785,54.539,-0.2965,-0.0259,0.0918,0.959,0.499,0.203
5.350107,56.886,59.793,54.563,0.0314,-0.1521,0.0046,3.610,0.421,0.195
5.366774,56.952,59.793,54.566,0.3889,-0.3950,-0.0523,3.620,-0.397,0.275
5.383441,56.962,59.793,54.536,0.3607,-0.3879,-0.0830,1.964,-1.190,-0.299
5.400108,56.963,59.802,54.515,-0.1286,-0.2320,-0.2680,1.027,-0.654,-0.586
5.416775,57.012,59.826,54.547,-0.1059,0.1180,-0.3347,1.076,1.221,-0.498
5.433442,57.053,59.855,54.619,0.0720,0.3379,-0.1587,-1.471,2.336,-0.030
5.450109,57.061,59.881,54.701,-0.0035,0.1804,-0.1165,-3.885,2.515,0.190
5.466776,57.065,59.909,54.736,0.0750,-0.2618,-0.0943,-1.777,1.416,-0.632
5.483443,57.052,59.939,54.730,0.2894,-0.2287,-0.0298,-0.650,0.433,-1.406
5.500110,56.965,59.984,54.699,0.0025,-0.0723,-0.1603,-3.769,0.300,-2.571
5.516777,56.901,60.051,54.691,-0.3972,-0.0102,-0.1866,-3.606,1.632,-3.278
5.533444,56.843,60.139,54.712,-0.1663,0.1650,0.0279,-4.750,3.015,-3.861
5.550111,56.737,60.221,54.705,0.0832,0.0936,0.1414,-6.141,2.135,-4.012
5.566778,56.693,60.267,54.680,0.0123,0.1851,0.0846,-1.527,0.527,-2.536
5.583445,56.668,60.287,54.645,-0.1360,0.1445,-0.0418,0.198,-0.592,-1.387
5.600112,56.625,60.305,54.579,-0.0785,-0.1018,-0.1137,0.686,-1.412,-1.793
5.616779,56.526,60.327,54.473,-0.0991,-0.1254,-0.0540,-0.561,-2.305,-2.598
5.633446,56.446,60.366,54.353,-0.2297,-0.2402,-0.1846,1.255,-2.027,-3.742
5.650113,56.324,60.430,54.219,-0.0079,-0.2502,-0.1411,-0.442,-1.579,-5.180
5.666780,56.164,60.514,54.079,-0.0816,-0.2043,-0.2479,-2.465,-1.013,-6.283
5.683447,56.043,60.618,53.933,-0.1968,-0.1957,-0.3882,0.242,-0.463,-7.358
5.700114,55.951,60.726,53.811,-0.1809,0.1839,-0.2179,0.663,0.297,-7.164
5.716781,55.880,60.841,53.741,-0.1494,0.2038,-0.1793,-0.711,1.788,-6.645
5.733448,55.832,60.965,53.718,0.2602,-0.0276,-0.0280,-1.846,3.231,-6.315
5.750115,55.726,61.105,53.675,0.5049,-0.3758,-0.0450,-4.264,3.341,-7.468
5.766782,55.503,61.268,53.637,0.5301,0.0184,0.1548,-11.505,4.264,-8.466
5.783449,55.275,61.430,53.578,0.1062,-0.0816,0.1010,-10.721,3.792,-8.727
5.800116,55.150,61.574,53.475,-0.1086,0.0294,0.1177,-2.178,2.166,-8.558
5.816783,55.076,61.707,53.343,-0.1689,0.0063,0.0866,2.396,1.160,-8.483
5.833450,54.980,61.839,53.175,-0.2438,-0.1865,0.0816,2.917,0.328,-8.994
5.850117,54.848,61.979,52.960,-0.4068,-0.2455,-0.0682,3.399,-0.478,-10.179
5.866784,54.667,62.136,52.716,-0.3837,-0.0894,-0.0340,1.899,-0.521,-11.403
5.883451,54.482,62.296,52.461,-0.2089,-0.1438,-0.0044,2.305,-0.575,-11.721
5.900118,54.236,62.459,52.171,0.1825,-0.1849,0.2471,0.492,-1.179,-12.447
5.916785,53.934,62.599,51.883,-0.3117,0.0063,0.1999,-2.914,-1.862,-11.246
5.933452,53.755,62.726,51.648,-0.4138,0.0771,0.0521,1.697,-1.113,-9.703
5.950119,53.567,62.833,51.420,-0.1117,0.0054,0.1681,0.693,-1.568,-8.670
5.966786,53.337,62.927,51.126,0.0120,-0.3505,0.0845,1.842,-3.475,-9.077
5.983453,53.091,62.994,50.775,0.1761,-0.1236,0.3298,3.839,-5.612,-8.688
6.000120,52.850,63.055,50.368,0.0010,-0.1712,-0.0053,7.183,-6.977,-9.361
6.016787,52.562,63.124,49.921,0.0016,0.2474,0.0520,6.509,-7.468,-10.398
6.033454,52.267,63.206,49.503,-0.1719,0.2185,-0.3861,4.591,-6.333,-10.554
6.050121,52.058,63.280,49.160,-0.0487,0.3714,-0.3391,5.712,-4.925,-8.955
6.066788,51.801,63.323,48.820,0.1610,0.5170,-0.0008,2.655,-5.932,-7.471
6.083455,51.569,63.311,48.469,-0.0764,0.4337,0.2861,4.748,-8.234,-5.051
6.100122,51.445,63.292,48.113,-0.3157,-0.0479,-0.0860,11.492,-8.527,-4.877
6.116789,51.353,63.272,47.740,-0.2197,-0.1486,-0.0602,14.375,-8.969,-5.123
6.133456,51.202,63.250,47.383,-0.2237,0.3253,0.3470,9.931,-8.674,-4.808
6.150123,51.097,63.207,47.055,-0.2686,0.4404,0.2587,11.161,-8.865,-3.327
6.166790,51.040,63.164,46.823,-0.3911,0.8141,0.1975,8.845,-6.885,-1.712
6.183457,51.019,63.127,46.737,-0.6285,1.1434,-0.0144,3.142,-3.536,0.440
6.200124,51.085,63.102,46.786,-0.8003,0.8914,-0.2734,1.208,-0.270,2.147
6.216791,51.322,63.083,46.921,-0.7221,0.3862,-0.3743,6.843,1.707,3.354
6.233458,51.724,63.059,47.070,-0.4254,0.1421,-0.2493,15.968,1.862,3.786
6.250125,52.054,63.052,47.204,-0.1172,0.4079,0.0606,12.442,2.192,2.695
6.266792,52.173,63.068,47.304,-0.4505,0.2923,-0.1221,1.639,2.302,1.042
6.283459,52.421,63.078,47.446,-0.6051,0.3373,-0.2447,7.120,2.982,1.996
6.300126,52.730,63.075,47.590,-0.3338,0.4709,0.0147,10.644,2.544,2.636
6.316793,53.160,63.034,47.700,-0.0690,0.1903,0.0967,19.683,0.461,3.893
6.333460,53.951,62.949,47.784,-0.0428,-0.2804,-0.0088,42.831,-1.688,5.584
6.350127,55.122,62.827,47.780,-0.1133,-0.8576,-0.2271,70.264,-4.761,5.993
6.366794,56.566,62.683,47.695,-0.1553,-0.4913,-0.1618,91.002,-7.264,6.013
6.383461,58.054,62.545,47.595,-0.6600,0.2003,-0.1683,94.407,-7.249,5.660
6.400128,59.705,62.424,47.600,-1.5071,0.6354,-0.0530,98.570,-4.093,6.458
6.416795,61.825,62.309,47.797,-1.7399,0.7767,0.2068,116.519,0.902,8.888
6.433462,64.076,62.209,48.117,-1.3694,1.0345,0.3898,117.871,4.642,9.599
6.450129,65.969,62.153,48.421,-1.2616,0.9254,0.3305,97.204,5.694,6.841
6.466796,67.823,62.045,48.860,-1.4307,1.2301,0.4588,87.747,8.148,11.031
6.483463,69.962,61.945,49.430,-1.6030,1.0479,0.6076,97.894,12.151,11.530
6.500130,72.189,61.846,50.076,-1.0350,0.6712,0.3962,99.154,14.597,11.756
6.516797,74.108,61.736,50.784,-0.1961,0.9466,1.4410,77.421,16.545,12.357
6.533464,75.538,61.609,51.457,-0.1467,0.8278,1.7020,49.944,15.729,12.545
6.550131,76.714,61.457,52.119,-0.1102,0.5529,1.6020,35.353,15.421,13.608
6.566798,77.702,61.316,52.741,0.0733,0.2776,1.6635,26.216,14.762,12.397
6.583465,78.627,61.161,53.362,0.2617,0.2200,1.6811,22.525,14.870,12.944
6.600132,79.845,60.972,54.076,-0.0244,0.1631,1.7535,35.236,17.478,15.228
6.616799,81.402,60.723,54.843,0.1633,-0.1356,2.0974,52.934,18.918,18.579
6.633466,83.361,60.436,55.566,0.4955,-0.7674,2.5868,79.524,18.056,20.076
6.650133,85.641,60.147,56.180,0.7047,-1.0870,2.6494,104.471,15.790,19.209
6.666800,87.896,59.893,56.656,0.6927,-1.2552,2.3351,110.248,12.694,16.280
6.683467,89.864,59.713,56.958,0.6326,-1.3673,1.7613,102.162,8.238,11.248
6.700134,91.393,59.622,57.057,0.8475,-1.1244,1.4044,86.266,2.470,5.767
6.716801,92.535,59.623,56.917,1.0350,-1.1252,1.0568,75.541,-4.852,0.376
6.733468,93.542,59.730,56.606,0.8467,-1.0196,0.5140,76.284,-10.280,-5.558
6.750135,94.360,59.928,56.010,1.0211,-0.8767,0.2300,79.688,-19.215,-10.268
6.766802,95.003,60.180,55.105,1.1542,-0.4694,0.0973,85.428,-28.710,-12.461
6.783469,95.622,60.453,54.003,0.9531,-0.0161,0.0340,94.373,-34.532,-12.923
6.800136,96.232,60.704,52.789,1.0598,0.3946,0.0502,99.887,-37.558,-10.912
6.816803,96.704,60.928,51.533,1.3967,0.7859,0.1522,93.904,-38.398,-8.857
6.833470,96.887,61.180,50.202,1.4491,0.7278,-0.0999,80.653,-40.521,-10.131
6.850137,96.775,61.438,48.714,1.1904,0.5335,-0.6064,71.375,-44.746,-9.957
6.866804,96.551,61.676,47.089,0.9982,0.5158,-1.0369,72.127,-48.133,-8.509
6.883471,96.362,61.873,45.360,0.9100,0.7870,-1.2519,79.879,-50.395,-5.993
6.900138,96.239,62.040,43.565,0.7690,0.9320,-1.2908,87.443,-51.752,-4.155
6.916805,96.128,62.210,41.708,0.5944,0.8555,-1.3498,91.667,-53.224,-4.285
6.933472,96.029,62.394,39.765,0.4175,0.9113,-1.4341,97.049,-55.393,-5.026
6.950139,96.172,62.577,37.793,0.0398,1.3019,-1.5198,113.304,-55.864,-4.904
6.966806,96.700,62.744,35.898,-0.2552,1.5324,-1.4522,132.514,-53.411,-3.945
6.983473,97.629,62.903,34.127,-0.2064,1.7104,-1.1408,149.993,-49.751,-3.166
7.000140,98.945,63.055,32.523,-0.2179,1.6894,-0.6981,164.446,-45.034,-2.527
7.016807,100.533,63.210,31.054,-0.2450,1.4474,-0.2273,173.696,-41.343,-2.201
7.033474,102.220,63.367,29.638,-0.1544,1.0861,0.1960,176.853,-39.829,-1.441
7.050141,103.847,63.550,28.213,-0.2255,0.6974,0.3992,173.811,-40.245,-1.816
7.066808,105.311,63.757,26.806,-0.5190,0.5622,0.3385,163.183,-39.958,-2.342
7.083475,106.592,63.968,25.456,-0.8636,0.7249,0.3044,149.312,-38.367,-2.029
7.100142,107.715,64.143,24.159,-0.9807,0.9626,0.3605,137.056,-36.227,0.363
7.116809,108.707,64.271,22.965,-0.7823,1.1115,0.3967,123.759,-32.641,2.837
7.133476,109.519,64.368,21.889,-0.4195,1.1094,0.3402,106.596,-28.960,4.069
7.150143,110.182,64.442,20.973,-0.2861,1.0110,0.2077,89.065,-24.479,4.365
7.166810,110.770,64.494,20.238,-0.2925,0.8493,-0.0235,74.760,-19.577,4.186
7.183477,111.405,64.532,19.671,-0.3532,0.7113,-0.3196,68.491,-15.160,3.635
7.200144,112.128,64.560,19.293,-0.3299,0.4954,-0.6181,63.545,-10.375,2.515
7.216811,112.916,64.594,19.144,-0.2974,0.2626,-0.7823,55.050,-5.007,0.108
7.233478,113.782,64.647,19.198,-0.3237,0.1568,-0.8529,48.713,-0.668,-2.934
7.250145,114.786,64.744,19.460,-0.2548,0.1113,-0.8026,45.728,3.033,-7.566
7.266812,115.923,64.908,19.912,0.0209,0.0010,-0.6494,43.325,5.557,-13.282
7.283479,117.159,65.154,20.537,0.1561,-0.1571,-0.6406,39.879,6.894,-19.736
7.300146,118.492,65.461,21.341,0.1424,-0.3357,-0.6735,35.859,8.562,-25.173
7.316813,119.941,65.809,22.309,0.2078,-0.4306,-0.7847,33.781,10.049,-29.436
7.333480,121.466,66.173,23.396,0.3819,-0.5768,-0.8490,31.616,11.048,-31.815
7.350147,123.042,66.530,24.566,0.5535,-0.7312,-0.8797,29.910,11.783,-32.647
7.366814,124.627,66.874,25.770,0.7095,-0.9132,-0.9071,28.537,11.627,-32.581
7.383481,126.213,67.203,26.966,0.8194,-1.0547,-0.7678,28.811,10.854,-31.816
7.400148,127.834,67.517,28.128,0.8723,-1.1281,-0.5734,32.664,9.534,-30.773
7.416815,129.513,67.811,29.267,1.0027,-1.2541,-0.3652,37.287,8.753,-29.597
7.433482,131.232,68.065,30.368,1.0969,-1.4353,-0.1175,41.627,8.568,-27.324
7.450149,132.917,68.260,31.391,1.1121,-1.6865,0.0834,43.937,8.665,-23.625
7.466816,134.443,68.384,32.277,1.0780,-1.9648,0.1378,41.929,8.700,-18.625
7.483483,135.662,68.442,32.951,1.0226,-2.1920,0.0927,35.283,7.699,-12.706
7.500150,136.508,68.439,33.366,0.8917,-2.2719,0.0432,27.440,6.215,-6.182
7.516817,136.986,68.376,33.497,0.7667,-2.2415,0.0928,21.153,4.486,0.680
7.533484,137.140,68.268,33.360,0.7438,-2.1979,0.1138,16.749,2.490,6.840
7.550151,137.005,68.119,33.028,0.6622,-2.2036,0.1505,10.169,1.363,11.655
7.566818,136.581,67.935,32.533,0.5954,-2.1273,0.1902,1.927,0.325,15.779
7.583485,135.953,67.732,31.906,0.3545,-2.0621,0.2501,-2.913,-1.038,18.830
7.600152,135.182,67.514,31.181,0.2450,-2.0127,0.2874,-6.205,-2.269,21.054
7.616819,134.304,67.292,30.382,0.1700,-1.9692,0.2900,-8.546,-3.681,22.509
7.633486,133.357,67.064,29.522,0.0826,-1.8493,0.2626,-9.398,-4.885,23.786
7.650153,132.349,66.829,28.606,-0.0703,-1.7258,0.1765,-10.045,-6.049,25.073
7.666820,131.238,66.574,27.657,-0.1106,-1.6780,0.0917,-14.451,-6.468,26.441
7.683487,130.012,66.307,26.660,-0.1939,-1.5077,-0.0237,-18.847,-7.540,27.769
7.700154,128.710,66.013,25.628,-0.4182,-1.3579,-0.1822,-21.521,-7.970,29.578
7.716821,127.341,65.695,24.601,-0.3519,-1.1839,-0.2747,-26.018,-7.839,30.644
7.733488,125.969,65.355,23.617,-0.4755,-0.8675,-0.1961,-28.674,-7.190,31.029
7.750155,124.778,64.992,22.793,-0.6029,-0.6143,-0.1562,-26.676,-4.044,29.850
7.766822,123.808,64.625,22.182,-0.6079,-0.5547,-0.0039,-25.061,-0.261,27.046
7.783489,123.036,64.269,21.800,-0.5617,-0.5340,0.0286,-25.722,3.823,23.405
7.800156,122.432,63.925,21.632,-0.6357,-0.4837,-0.0823,-27.185,7.726,19.839
7.816823,121.938,63.596,21.648,-0.6671,-0.4658,-0.2553,-30.613,11.194,16.643
7.833490,121.494,63.293,21.804,-0.7549,-0.3434,-0.5338,-35.061,13.407,13.409
7.850157,121.089,63.017,22.099,-0.7547,-0.2901,-0.6034,-40.116,15.703,10.146
7.866824,120.700,62.770,22.498,-0.5386,-0.3293,-0.2306,-44.649,17.267,7.317
7.883491,120.402,62.600,23.006,-0.5153,-0.2188,-0.0113,-45.032,17.524,1.886
7.900158,120.245,62.524,23.601,-0.4582,0.0750,-0.0024,-41.179,16.818,-4.145
7.916825,120.364,62.506,24.322,-0.3351,0.3439,0.0028,-31.263,18.078,-8.898
7.933492,120.688,62.503,25.139,0.2933,0.1916,0.0857,-24.076,19.861,-11.067
7.950159,121.035,62.501,25.935,0.9084,-0.0160,0.1802,-21.596,19.254,-10.980
7.966826,121.293,62.510,26.595,0.8911,0.0817,-0.0672,-19.670,15.628,-9.676
7.983493,121.462,62.508,27.080,0.6488,0.2869,-0.5376,-15.774,11.820,-6.624
8.000160,121.571,62.490,27.377,0.7551,0.5171,-0.6970,-9.317,7.844,-3.177
8.016827,121.677,62.468,27.535,0.9864,0.6773,-0.5432,-2.085,4.671,-0.935
8.033494,121.791,62.461,27.602,1.2897,0.5687,-0.1765,3.159,2.059,-0.403
8.050161,121.977,62.482,27.644,1.3011,0.5045,0.2223,8.876,0.546,-1.497
8.066828,122.252,62.530,27.648,1.1620,0.4604,0.4025,16.236,-1.225,-2.330
8.083495,122.595,62.605,27.558,1.2051,0.7229,0.3488,25.299,-4.303,-2.291
8.100162,122.988,62.668,27.350,1.0740,0.9736,0.1749,34.648,-6.659,0.099
8.116829,123.285,62.701,27.030,1.1277,0.9926,0.0794,34.781,-8.314,3.264
8.133496,123.403,62.718,26.550,1.0179,1.1028,0.0727,32.618,-11.427,6.523
8.150163,123.426,62.737,25.946,0.7726,1.2948,0.0324,33.528,-14.352,8.315
8.166830,123.341,62.765,25.205,0.7867,1.3463,0.1741,34.314,-17.811,9.869
8.183497,123.208,62.809,24.345,0.8280,1.4569,0.1479,37.846,-21.094,10.862
8.200164,123.098,62.860,23.402,0.6934,1.4759,-0.0146,43.635,-23.255,11.660
8.216831,123.017,62.917,22.361,0.6250,1.3810,-0.1373,50.625,-25.702,12.716
8.233498,122.989,62.989,21.244,0.4964,1.2463,-0.2679,57.904,-27.918,13.059
8.250165,122.930,63.077,20.052,0.4813,1.0655,-0.2619,60.074,-30.112,13.295
8.266832,122.808,63.191,18.799,0.5057,0.9546,-0.2839,59.686,-32.353,12.738
8.283499,122.595,63.335,17.434,0.3566,1.0657,-0.4546,60.194,-35.730,12.704
8.300166,122.319,63.465,15.976,0.3450,1.2136,-0.6192,61.609,-37.357,14.526
8.316833,121.990,63.567,14.463,0.4098,1.0566,-0.6836,61.384,-37.647,16.453
8.333500,121.599,63.659,12.931,0.3259,0.8091,-0.6036,58.723,-37.781,16.889
8.350167,121.199,63.720,11.428,0.2824,0.6838,-0.5500,56.676,-36.185,17.792
8.366834,120.856,63.738,10.005,0.2962,0.6300,-0.4366,55.857,-33.140,18.643
8.383501,120.550,63.708,8.716,0.3469,0.4220,-0.1839,50.812,-28.715,19.097
8.400168,120.126,63.646,7.569,0.3495,0.1860,0.0313,36.107,-24.639,18.764
8.416835,119.551,63.534,6.512,0.0898,0.2583,0.2458,22.155,-21.341,19.953
8.433502,118.945,63.357,5.596,-0.0856,0.3615,0.4814,12.650,-16.478,21.341
8.450169,118.254,63.112,4.788,0.1544,0.2902,0.6523,1.696,-12.369,23.447
8.466836,117.471,62.826,4.044,0.2296,0.3672,0.6297,-7.437,-10.110,24.772
8.483503,116.699,62.475,3.338,0.0807,0.5747,0.2075,-8.848,-7.975,27.692
8.500170,115.993,62.074,2.681,0.0014,0.6240,-0.0018,-7.626,-5.974,29.825
8.516837,115.383,61.618,2.106,-0.1390,0.6606,0.0787,-6.324,-3.061,31.826
8.533504,114.890,61.141,1.661,-0.2110,0.6049,0.1495,-6.315,0.310,31.404
8.550171,114.483,60.678,1.373,-0.2487,0.5391,0.4031,-9.525,3.716,28.903
8.566838,114.135,60.237,1.237,-0.2011,0.6017,0.3875,-13.979,6.957,25.873
8.583505,113.811,59.839,1.245,-0.2024,0.6896,0.3591,-19.997,9.635,21.858
8.600172,113.505,59.461,1.381,-0.1410,0.7887,0.3834,-25.604,12.612,19.261
8.616839,113.186,59.099,1.591,-0.1374,0.8912,-0.0280,-30.185,14.229,17.540
8.633506,112.861,58.747,1.835,-0.2388,0.8823,-0.4657,-32.205,14.891,16.614
8.650173,112.528,58.409,2.106,-0.2333,0.7749,-0.7566,-34.035,15.332,15.601
8.666840,112.178,58.121,2.406,-0.2917,0.7210,-0.8695,-36.526,15.008,12.506
8.683507,111.791,57.905,2.741,-0.1066,0.7209,-0.8888,-40.456,14.386,8.237
8.700174,111.415,57.787,3.131,0.0148,0.7469,-0.9501,-42.594,13.847,2.141
8.716841,111.082,57.768,3.569,-0.0287,0.6757,-0.9758,-42.372,13.125,-3.848
8.733508,110.722,57.841,4.059,-0.0356,0.6329,-1.0733,-46.709,12.716,-9.549
8.750175,110.356,57.969,4.584,-0.0709,0.6043,-1.1326,-48.870,12.602,-12.897
8.766842,110.093,58.133,5.196,-0.0938,0.6350,-1.0540,-47.151,14.451,-15.838
8.783509,109.910,58.317,5.940,-0.0309,0.6318,-0.7700,-49.159,17.932,-18.269
8.800176,109.850,58.507,6.859,-0.1979,0.5050,-0.5426,-50.770,22.897,-20.409
8.816843,109.860,58.682,7.933,-0.0937,0.4766,-0.1710,-54.613,27.645,-21.147
8.833510,109.959,58.836,9.188,-0.3467,0.3930,0.1223,-58.662,33.187,-21.815
8.850177,109.952,58.957,10.552,-0.6450,0.1854,0.3624,-70.737,36.866,-21.130
8.866844,109.763,59.058,11.989,-1.0084,-0.0407,0.7267,-85.435,39.289,-20.648
8.883511,109.360,59.156,13.457,-1.1339,-0.2302,0.9715,-99.947,40.256,-20.579
8.900178,108.788,59.285,14.956,-1.2204,-0.3027,1.1980,-111.814,40.584,-22.192
8.916845,108.129,59.466,16.489,-1.3223,-0.2919,1.2670,-118.846,40.618,-25.022
8.933512,107.437,59.733,18.064,-1.2949,-0.3339,1.2563,-123.216,40.283,-29.729
8.950179,106.626,60.116,19.685,-0.9509,-0.1790,1.1671,-133.032,39.517,-36.066
8.966846,105.826,60.543,21.346,-0.5637,0.2913,0.6708,-134.778,39.846,-38.285
8.983513,105.036,60.992,22.965,-0.1082,0.1464,-0.0330,-132.363,38.217,-38.441
9.000180,104.222,61.424,24.492,-0.0259,-0.0322,-0.8097,-129.332,35.812,-36.104
9.016847,103.385,61.800,25.860,-0.3964,-0.2505,-1.3322,-122.644,32.172,-31.086
9.033514,102.697,62.115,27.191,-0.6574,-0.6495,-1.1240,-111.943,31.968,-26.759
9.050181,102.240,62.406,28.587,-0.4625,-1.0066,-0.3356,-101.693,33.971,-25.377
9.066848,101.965,62.755,30.104,-0.2757,-1.0311,0.6152,-97.472,36.290,-29.136
9.083515,102.022,63.154,31.899,-0.4061,-0.8723,1.4341,-92.718,42.640,-33.479
9.100182,102.327,63.603,34.008,-0.2280,-0.8715,1.8578,-94.942,49.480,-38.132
9.116849,102.539,64.071,36.264,0.0505,-0.8143,1.6197,-108.974,51.978,-40.173
9.133516,102.683,64.483,38.571,-0.1001,-0.6713,1.1294,-116.249,52.992,-37.099
9.150183,102.842,64.804,40.832,-0.0074,-0.6074,0.7111,-113.193,52.189,-31.430
9.166850,103.020,64.999,42.961,0.1565,-0.4516,0.3514,-105.110,49.956,-23.409
9.183517,103.222,65.061,44.834,-0.1792,-0.4431,-0.0534,-89.876,45.151,-14.247
9.200184,103.741,64.971,46.753,0.0294,-0.1007,-0.4359,-73.413,48.358,-5.952
9.216851,104.499,64.809,48.753,0.5405,0.0955,-0.2912,-63.297,51.557,-2.848
9.233518,105.398,64.630,50.727,0.5667,0.3087,-0.2747,-53.349,51.455,-2.544
9.250185,106.472,64.431,52.788,0.4252,-0.0723,-0.2435,-47.315,54.212,-2.976
9.266852,107.592,64.190,54.815,0.4755,-0.5650,0.0350,-42.537,54.492,-1.477
9.283519,108.830,63.868,56.906,0.7074,-0.7680,0.4658,-38.608,58.023,1.284
9.300186,110.066,63.410,58.999,1.2017,-0.6490,1.1123,-38.499,61.581,7.482
9.316853,111.427,62.875,61.207,1.2467,-0.7760,1.1706,-36.663,67.203,8.941
9.333520,113.125,62.242,63.585,0.8087,-1.1954,0.4990,-24.906,75.133,10.366
9.350187,114.826,61.543,65.819,0.7863,-1.3945,0.5834,-16.248,74.605,12.789
9.366854,116.036,60.843,67.776,1.6578,-1.3111,0.2548,-30.374,69.076,13.820
9.383521,116.861,60.069,69.894,1.2197,-1.2273,-0.7090,-61.220,76.738,13.809
9.400188,117.560,59.163,72.155,0.3631,-1.2371,-1.0966,-75.103,85.830,17.155
9.416855,118.155,58.198,74.324,0.8176,-0.7000,-0.1057,-75.569,86.861,19.804
9.433522,118.523,57.221,76.483,1.3646,-0.5191,0.2491,-87.551,88.726,18.895
9.450189,118.585,56.235,78.610,1.3915,-0.7350,0.4957,-103.095,89.805,18.738
9.466856,118.390,55.225,80.793,1.0711,-1.2167,0.4173,-119.970,93.726,18.286
9.483523,117.775,54.219,82.951,1.0948,-1.4322,0.6720,-142.663,94.431,18.268
9.500190,116.657,53.272,85.103,1.6391,-1.3993,1.2229,-171.234,93.964,15.902
9.516857,115.181,52.453,87.237,1.7259,-1.7913,1.4225,-190.749,91.133,10.700
9.533524,113.511,51.796,89.309,1.8274,-1.7373,1.4206,-198.333,85.896,4.775
9.550191,111.871,51.280,91.190,1.5052,-1.6673,0.8998,-186.830,76.812,1.795
9.566858,110.430,50.813,92.765,1.2275,-1.6068,-0.1870,-159.934,65.633,5.089
9.583525,109.366,50.353,93.946,0.9399,-0.7874,-0.8176,-118.665,51.866,11.099
9.600192,108.744,50.002,94.783,0.6803,-0.2404,-1.3767,-75.979,37.423,9.851
9.616859,108.120,49.825,95.295,0.7696,-0.0849,-2.0124,-60.942,22.257,4.222
9.633526,107.145,49.807,95.648,0.7705,0.4525,-1.8159,-74.763,13.492,-2.642
9.650193,105.886,49.907,95.853,0.6863,0.4505,-1.4576,-84.959,6.044,-7.551
9.666860,104.844,50.158,95.937,0.0582,0.7727,-1.0544,-66.374,-0.751,-14.928
9.683527,104.304,50.603,95.939,-0.4033,0.8050,-1.2731,-32.548,-6.498,-25.467
9.700194,103.851,51.152,95.907,-0.8297,1.0299,-1.4246,-25.689,-9.080,-31.208
9.716861,103.126,51.721,95.807,-1.2013,1.0503,-1.5346,-38.834,-11.479,-31.925
9.733528,102.485,52.337,95.717,-1.2042,0.8583,-1.4518,-34.217,-11.347,-34.937
9.750195,101.988,53.014,95.616,-1.1665,0.5622,-1.0505,-25.076,-12.088,-38.539
9.766862,101.780,53.782,95.624,-0.7378,0.4743,-0.5826,-12.859,-9.142,-44.814
9.783529,101.674,54.666,95.632,-0.4489,0.2364,-0.4236,-6.804,-10.436,-51.660
9.800196,101.490,55.636,95.557,-0.4660,0.5254,-0.3563,-7.369,-14.139,-56.122
9.816863,101.220,56.674,95.413,-0.5864,0.6027,-0.2231,-9.049,-16.924,-59.769
9.833530,101.151,57.694,95.360,-1.2686,1.3006,-0.0923,-1.539,-13.501,-59.409
9.850197,100.980,58.683,95.244,-2.1763,1.6565,0.3289,-4.439,-14.937,-57.207
9.866864,100.568,59.565,95.018,-2.0042,1.3016,0.0074,-13.140,-16.694,-50.424
9.883531,99.993,60.335,94.614,-1.7015,1.2731,0.0869,-13.549,-20.198,-43.034
9.900198,99.168,61.033,93.948,-1.7523,1.5873,0.2861,-14.711,-26.283,-37.825
9.916865,98.336,61.656,93.046,-2.3942,1.8051,-0.0086,-2.577,-31.340,-32.762
9.933532,97.750,62.232,92.129,-2.0487,1.5611,-0.3339,13.349,-30.504,-30.423
9.950199,97.195,62.791,91.144,-1.4477,1.6492,-0.1423,19.031,-31.484,-29.553
9.966866,96.639,63.347,90.183,-1.1447,1.8738,0.0329,17.925,-30.015,-29.847
9.983533,96.088,63.850,89.232,-1.2554,1.8007,0.3236,18.005,-28.669,-27.063
10.000200,95.719,64.251,88.239,-1.7335,1.4217,0.6689,31.306,-28.514,-21.219
10.016867,95.375,64.543,87.119,-2.3833,1.9984,1.0968,39.923,-30.734,-14.512
10.033534,94.874,64.694,86.054,-2.6711,2.3673,0.8958,27.535,-28.242,-6.589
10.050201,94.218,64.737,85.189,-1.9382,2.0478,0.5531,7.465,-22.480,-0.828
10.066868,93.549,64.770,84.479,-1.7027,1.6872,-0.0636,-1.750,-18.469,-0.736
10.083535,93.132,64.806,83.954,-1.6522,1.3281,-0.6125,3.384,-13.746,-1.437
10.100202,92.984,64.861,83.506,-1.4598,1.4087,-0.9069,15.323,-11.822,-2.731
10.116869,93.013,64.918,83.166,-1.2406,1.2786,-1.4247,20.045,-9.069,-3.035
10.133536,93.141,64.976,83.007,-0.9636,1.3071,-1.3876,16.191,-4.504,-3.368
10.150203,93.396,65.060,83.009,-0.7378,1.2175,-1.0054,15.001,-0.499,-5.162
10.166870,93.917,65.197,83.335,-0.3319,1.2989,-0.3131,13.406,7.377,-8.848
10.183537,94.723,65.416,83.940,0.2817,1.0942,0.3128,15.237,13.846,-14.348
10.200204,95.916,65.709,84.698,0.8598,0.2345,0.7153,30.068,16.786,-19.418
10.216871,97.509,66.009,85.501,1.1093,-0.0054,1.1313,51.531,17.167,-20.329
10.233538,99.252,66.263,86.337,1.3568,0.6209,1.6829,58.572,17.561,-18.166
10.250205,100.636,66.495,87.164,1.2859,0.7871,2.0291,37.477,16.881,-17.332
10.266872,101.635,66.646,87.893,1.2612,0.6322,1.8316,19.675,15.038,-12.397
10.283539,102.376,66.685,88.639,1.4931,0.8855,1.7203,3.329,16.557,-6.120
10.300206,102.850,66.679,89.351,1.5193,0.5347,1.3245,-10.859,16.322,-3.534
10.316873,103.261,66.650,90.062,1.3060,-0.1988,0.4574,-14.531,16.574,-2.282
10.333540,103.704,66.612,90.794,0.7602,-0.6250,-0.2078,-13.756,17.223,-2.026
10.350207,104.262,66.558,91.672,0.3678,-0.8672,-0.8688,-14.896,20.855,-2.099
10.366874,104.781,66.450,92.763,0.9111,-0.1486,-0.6192,-28.929,26.670,-0.406
10.383541,105.226,66.328,93.873,1.4389,0.0358,-0.6181,-34.338,27.432,0.014
10.400208,105.769,66.224,94.891,1.6361,-0.1711,-1.0953,-23.369,25.133,-0.712
10.416875,106.164,66.135,95.706,1.9928,-0.1582,-1.3355,-21.019,20.249,-0.452
10.433542,106.271,66.047,96.368,2.0333,0.2634,-1.0127,-29.864,16.756,0.417
10.450209,105.998,66.014,96.947,1.7176,0.4823,-0.5798,-48.136,13.961,-2.172
10.466876,105.259,66.074,97.281,1.4616,0.4594,-0.3081,-62.617,6.731,-5.773
10.483543,104.250,66.199,97.341,1.0522,0.0892,-0.6625,-63.768,-0.646,-7.833
10.500210,103.122,66.302,97.280,0.9527,-0.2258,-0.9336,-64.254,-2.997,-5.789
10.516877,101.834,66.400,97.066,1.0378,-0.0453,-0.5031,-65.445,-6.398,-4.798
10.533544,100.365,66.513,96.728,0.7599,0.1056,-0.1185,-69.480,-9.334,-5.258
10.550211,98.720,66.644,96.179,-0.1460,-0.3867,0.1398,-68.441,-14.291,-5.704
10.566878,97.040,66.772,95.380,-1.1020,-0.9884,0.1586,-56.685,-19.908,-5.200
10.583545,95.412,66.908,94.405,-1.9069,-1.0038,0.2648,-43.869,-23.820,-5.712
10.600212,93.828,67.075,93.285,-2.4507,-0.9917,0.2209,-33.156,-27.063,-7.967
10.616879,92.330,67.264,92.008,-2.5399,-0.7340,0.2958,-19.235,-30.398,-9.864
10.633546,90.964,67.469,90.735,-2.6161,0.1271,0.6444,-11.476,-29.853,-11.532
10.650213,89.664,67.693,89.544,-2.5223,0.6441,0.8205,-12.003,-27.453,-13.392
10.666880,88.519,67.923,88.394,-2.6095,0.3758,0.6070,-4.867,-26.000,-14.303
10.683547,87.623,68.130,87.229,-2.7629,0.4838,0.5910,10.972,-25.900,-13.353
10.700214,86.963,68.304,86.059,-2.8829,0.2366,0.4871,25.452,-25.718,-11.785
10.716881,86.321,68.461,85.039,-2.8208,0.7569,0.6515,18.239,-22.180,-10.791
10.733548,85.628,68.606,84.073,-2.6570,0.8448,0.8025,12.232,-20.792,-10.311
10.750215,85.121,68.712,83.173,-2.5720,0.7274,0.4694,19.789,-19.358,-8.022
10.766882,84.772,68.747,82.257,-2.1199,1.1468,0.2213,30.123,-19.980,-3.938
10.783549,84.548,68.756,81.429,-1.5766,1.2036,-0.3774,32.681,-18.186,-2.363
10.800216,84.418,68.741,80.802,-1.0998,0.8946,-0.6877,27.061,-13.989,-0.571
10.816883,84.321,68.708,80.265,-0.8668,0.9361,-0.8320,23.985,-12.169,0.693
10.833550,84.204,68.674,79.934,-0.4759,1.3735,-0.5499,11.306,-7.735,1.120
10.850217,83.969,68.638,79.679,-0.1490,0.5902,-0.3268,-0.054,-6.124,1.443
10.866884,83.893,68.577,79.523,0.1779,0.3202,-0.1741,3.991,-4.155,3.071
10.883551,83.967,68.521,79.513,0.6287,0.6691,0.3740,4.785,-0.933,3.132
10.900218,84.281,68.472,79.664,0.4595,0.3132,0.4033,10.228,2.647,3.086
10.916885,84.867,68.425,80.069,0.2742,0.9926,0.4774,12.405,8.245,3.463
10.933552,85.590,68.419,80.720,0.3023,1.3446,0.5586,6.934,13.928,1.364
10.950219,86.444,68.450,81.565,0.0276,1.0451,0.5724,3.923,18.355,-0.783
10.966886,87.445,68.486,82.651,0.1196,1.2080,1.0397,-0.712,23.628,-1.133
10.983553,88.623,68.493,83.973,0.2983,1.0514,1.2424,-3.261,28.724,0.322
11.000220,89.999,68.459,85.511,0.2652,1.1893,1.4660,-3.403,33.456,2.211
11.016887,91.477,68.377,87.195,0.5234,1.2524,1.4936,-5.381,36.852,4.176
11.033554,93.047,68.280,88.952,0.5356,0.9966,0.7879,-3.908,38.765,3.988
11.050221,94.575,68.132,90.768,0.3023,0.4198,0.1705,-9.524,40.585,5.878
11.066888,96.409,67.915,92.754,0.4688,0.1082,-0.0874,-0.563,45.277,8.366
11.083555,98.550,67.691,94.951,1.0167,0.5140,0.1776,6.290,50.758,6.518
11.100222,100.767,67.522,97.138,1.1752,0.1644,-0.1431,11.717,50.606,1.324
11.116889,103.071,67.328,99.277,1.1664,0.1293,-0.3456,19.655,50.261,0.920
11.133556,105.306,67.067,101.264,1.1483,0.6275,-0.0946,24.184,48.288,3.542
11.150223,107.281,66.760,103.081,0.9557,0.4762,-0.3229,18.176,45.874,5.428
11.166890,109.103,66.430,104.799,0.4841,0.4846,-0.6224,14.810,44.710,5.708
11.183557,110.637,66.147,106.562,1.0262,0.9527,-0.2498,-4.845,45.451,1.225
11.200224,111.918,65.851,108.489,0.4570,0.4989,-0.6710,-28.741,49.931,-0.818
11.216891,112.908,65.569,109.977,-0.2990,-0.6120,-0.1098,-21.919,40.073,1.301
11.233558,113.714,65.280,111.058,-0.3159,-0.7348,0.2950,-10.545,31.310,4.973
11.250225,114.266,65.002,111.813,-0.4572,-0.9671,0.1013,-7.986,23.854,7.223
11.266892,114.761,64.696,112.442,-1.0503,-0.8456,0.0229,-4.384,21.887,9.787
11.283559,115.027,64.409,112.992,-0.7843,-0.1387,-0.0199,-13.825,19.772,9.398
11.300226,115.139,64.208,113.384,-0.6272,0.0369,-0.3271,-14.465,13.991,6.322
11.316893,115.361,64.052,113.540,-0.7721,0.1113,-0.3108,4.918,7.361,6.503
11.333560,115.734,63.896,113.489,-0.2607,0.4964,-0.0086,25.099,2.484,8.769
11.350227,116.270,63.757,113.248,-0.4634,-0.2311,-0.0323,45.152,-2.425,10.082
11.366894,116.753,63.609,112.818,-0.9954,-0.1207,-0.1085,52.121,-6.647,12.834
11.383561,116.895,63.445,112.191,-1.1396,0.4141,-0.1793,42.144,-10.874,16.126
11.400228,116.849,63.237,111.347,-1.2466,0.4985,-0.2251,42.509,-15.051,21.163
11.416895,116.847,63.037,110.379,-1.2588,0.0744,-0.5961,51.561,-18.370,22.350
11.433562,116.796,62.854,109.490,-0.7632,0.1209,-0.7522,44.392,-17.107,20.557
11.450229,116.584,62.718,108.572,-0.3086,-0.0293,-0.4002,36.260,-19.298,18.361
11.466896,116.334,62.606,107.603,-0.2509,-0.2406,-0.1330,36.513,-21.321,17.739
11.483563,115.942,62.508,106.644,0.1366,0.1739,0.1471,27.496,-21.665,16.764
11.500230,115.314,62.447,105.722,0.1393,-0.0700,-0.0708,11.262,-21.892,14.155
11.516897,114.629,62.402,104.821,-0.1288,-0.1044,-0.1572,6.783,-22.002,12.817
11.533564,113.932,62.360,103.905,0.0203,0.2653,0.0133,6.784,-22.609,12.619
11.550231,113.204,62.326,102.980,0.3045,0.2360,-0.0811,5.387,-23.239,11.968
11.566898,112.611,62.299,102.066,0.1082,-0.1673,-0.1573,12.865,-23.286,11.200
11.583565,112.105,62.307,101.225,0.2924,-0.0544,-0.0130,14.231,-22.322,8.298
11.600232,111.475,62.359,100.483,0.6736,0.3245,0.1630,1.550,-20.762,4.643
11.616899,110.958,62.426,99.919,0.8490,-0.1640,0.2252,-1.150,-16.509,1.732
11.633566,110.590,62.480,99.520,1.1755,-0.1931,0.4789,-0.914,-11.944,0.741
11.650233,110.345,62.501,99.235,1.2365,-0.2906,0.5794,0.362,-8.230,1.417
11.666900,110.070,62.509,99.064,1.5185,-0.4007,0.3670,-7.437,-5.048,0.983
11.683567,109.821,62.519,99.003,1.2554,-0.3166,0.1430,-11.806,-2.147,-0.112
11.700234,109.707,62.547,99.023,0.6722,-0.2827,0.1656,-7.971,-0.439,-1.967
11.716901,109.575,62.588,99.173,0.1902,0.2767,0.0700,-15.963,2.708,-3.832
11.733568,109.330,62.655,99.475,0.2856,0.5020,-0.0215,-30.841,6.145,-6.716
11.750235,108.848,62.726,99.778,0.1950,-0.6228,-0.5493,-45.178,6.121,-6.955
11.766902,108.461,62.787,100.272,0.1307,-0.4871,-0.7772,-49.610,11.325,-7.962
11.783569,108.622,62.797,101.212,0.1283,0.2306,-0.4036,-40.511,23.906,-8.917
11.800236,108.608,62.838,101.891,-0.0453,0.0723,0.0731,-37.163,16.527,-8.395
11.816903,108.543,62.873,102.399,0.1346,0.3747,0.1885,-31.083,12.157,-6.589
11.833570,108.526,62.871,102.904,-0.0340,0.8815,-0.0601,-28.022,12.802,-4.415
11.850237,108.494,62.844,103.493,-0.1205,1.6977,-0.2306,-33.414,15.466,-3.789
11.866904,108.451,62.856,104.038,-0.7450,0.7294,-0.8612,-31.777,13.591,-5.594
11.883571,108.588,62.817,104.646,-0.6501,1.0118,-0.5697,-24.256,16.180,-3.262
11.900238,108.951,62.733,105.384,-0.6419,0.6780,0.0925,-17.595,20.437,-1.930
11.916905,109.379,62.601,106.090,-0.6672,0.3320,0.5022,-11.933,20.599,0.841
11.933572,109.797,62.517,106.686,-0.7035,-0.4613,0.6504,-6.743,16.851,-0.981
11.950239,110.145,62.489,107.173,-0.9056,-0.6866,0.7619,-5.000,12.873,-3.221
11.966906,110.381,62.491,107.497,-1.6950,0.2596,0.7565,-3.191,8.009,-3.447
11.983573,110.539,62.505,107.662,-2.2160,0.3447,0.2000,0.676,3.613,-2.533
12.000240,110.670,62.516,107.667,-1.5805,0.4391,-0.1306,7.519,-0.491,-0.854
12.016907,110.843,62.532,107.565,-1.2584,0.6535,-0.1771,15.733,-3.411,-0.100
12.033574,111.087,62.509,107.449,-1.1600,0.7033,-0.0710,20.764,-2.944,2.220
12.050241,111.291,62.465,107.271,-0.8729,0.7543,0.4046,21.623,-4.091,4.061
12.066908,111.425,62.381,107.025,-0.7662,0.3281,0.4097,21.033,-4.967,6.952
12.083575,111.484,62.262,106.811,-0.8391,0.1357,0.4439,14.814,-3.398,8.665
12.100242,111.317,62.155,106.711,-0.7302,0.1354,0.4812,-4.789,-0.736,6.751
12.116909,111.151,62.096,106.756,-0.6106,-0.6889,-0.0645,-12.501,2.000,2.641
12.133576,111.231,62.048,106.994,-0.1940,-0.8345,-0.1513,-7.895,6.801,0.079
12.150243,111.334,62.009,107.291,0.6694,-0.6046,-0.1716,-9.660,8.180,-1.005
12.166910,111.500,61.979,107.559,0.6909,-0.8130,-0.5143,-4.384,7.243,-1.237
12.183577,111.615,61.958,107.891,0.1789,0.0519,-0.8820,-10.832,8.708,-2.473
12.200244,111.597,61.946,108.261,0.1570,0.7681,-0.3757,-20.791,9.538,-3.318
12.216911,111.517,61.935,108.662,0.6925,0.9728,0.3884,-26.125,10.346,-3.674
12.233578,111.527,61.887,109.094,1.1928,0.1388,0.6495,-22.355,11.954,-1.991
12.250245,111.569,61.807,109.448,1.8853,-0.0981,0.7846,-16.295,10.650,0.595
12.266912,111.791,61.712,109.711,1.7804,-0.5363,0.2853,-0.670,8.647,2.397
12.283579,112.087,61.624,109.952,1.4748,-0.2678,-0.1499,4.985,7.938,2.157
12.300246,112.225,61.609,110.187,1.1625,-0.0903,-0.6455,-4.179,6.138,-1.878
12.316913,112.245,61.617,110.424,0.8568,-0.1107,-0.6311,-11.380,5.716,-3.125
12.333580,112.210,61.611,110.593,0.9814,-0.1624,-0.2074,-11.069,4.227,-1.687
12.350247,112.122,61.576,110.682,0.8171,-0.4029,-0.1794,-10.038,2.807,0.873
12.366914,112.028,61.487,110.643,0.5173,-0.3316,-0.0816,-3.602,0.602,5.224
12.383581,112.141,61.385,110.506,0.1230,-0.0928,-0.3538,13.938,-1.683,6.988
12.400248,112.336,61.304,110.361,0.0682,0.3909,-0.6933,19.278,-2.370,5.949
12.416915,112.463,61.267,110.240,0.0311,0.7193,-0.8306,13.916,-2.722,3.269
12.433582,112.496,61.277,110.137,0.2098,0.6450,-0.7731,7.373,-3.322,0.437
12.450249,112.592,61.308,110.052,0.4836,0.3455,-0.4623,10.195,-3.339,-0.930
12.466916,112.767,61.340,109.921,0.8417,0.4977,0.1096,17.439,-4.591,-0.452
12.483583,112.968,61.374,109.737,1.0171,0.2477,0.3257,21.693,-6.035,0.008
12.500250,113.104,61.393,109.505,1.2052,0.3560,0.4638,20.385,-6.934,1.403
12.516917,113.131,61.398,109.196,1.6517,0.3859,0.5106,17.904,-8.620,3.065
12.533584,113.028,61.409,108.789,1.8993,-0.0158,0.3856,15.256,-11.349,3.806
12.550251,112.755,61.469,108.291,2.0203,0.1183,-0.0889,9.866,-14.886,2.071
12.566918,112.312,61.571,107.651,1.9328,0.3692,-0.5356,7.207,-19.586,1.186
12.583585,111.781,61.683,106.819,2.2057,0.6692,-0.6445,12.108,-24.815,2.520
12.600252,111.144,61.788,105.768,2.4958,1.0647,-0.5196,17.381,-30.395,4.908
12.616919,110.392,61.882,104.502,2.6545,1.4457,-0.3799,21.931,-35.804,7.261
12.633586,109.437,61.992,103.045,2.8039,1.5249,-0.2069,19.975,-41.240,7.541
12.650253,108.289,62.103,101.337,3.1046,1.2966,-0.1323,21.708,-47.859,8.991
12.666920,106.935,62.183,99.320,3.7209,1.0218,0.2017,25.741,-55.499,12.328
12.683587,105.223,62.199,97.002,4.2099,0.5688,-0.0395,20.624,-62.980,16.740
12.700254,103.228,62.156,94.313,4.9217,0.5876,0.2961,23.219,-72.621,20.667
12.716921,100.840,62.077,91.203,5.3445,0.6281,0.3700,21.925,-84.592,22.519
12.733588,98.146,61.890,87.716,5.6081,0.4723,0.5689,23.301,-95.269,26.939
12.750255,95.296,61.544,83.898,5.8431,0.5067,1.3941,31.051,-105.542,32.880
12.766922,92.493,61.016,79.628,5.6152,-0.3166,1.7692,56.813,-120.830,39.542
12.783589,89.729,60.266,75.146,5.8005,-0.0697,2.4861,68.891,-131.060,47.108
12.800256,86.933,59.279,70.337,5.8769,-0.6518,3.4254,81.919,-147.047,54.416
12.816923,84.321,57.993,65.382,5.1596,-0.4153,3.9836,97.507,-160.253,64.585
12.833590,81.865,56.411,60.409,4.5932,-0.8029,4.5678,103.828,-171.951,74.135
12.850257,79.679,54.493,55.418,4.3858,-1.7374,5.3342,115.832,-186.155,85.718
12.866924,78.103,52.195,50.512,3.4934,-2.2449,6.0274,141.884,-199.077,100.742
12.883591,76.911,49.412,45.827,4.0138,-2.6414,7.0631,146.714,-209.670,123.837
12.900258,76.583,46.047,41.281,3.1628,-3.6775,8.8382,182.446,-224.992,153.746
12.916925,77.404,42.151,36.753,0.6240,-5.0407,8.5614,238.554,-242.842,183.104
12.933592,79.047,37.801,32.378,-1.3412,-5.0059,7.6442,267.400,-250.395,213.728
12.950259,80.420,33.177,28.139,-1.5218,-4.0454,8.4027,230.112,-253.377,235.386
12.966926,80.626,28.242,24.300,0.0067,-1.6965,13.7505,130.174,-244.280,258.792
12.983593,80.286,23.272,20.904,-4.1884,-5.0434,11.7455,68.302,-230.588,262.972
13.000260,79.751,18.372,17.645,-6.3059,-5.7405,7.6184,37.592,-231.108,257.240
13.016927,79.717,13.513,14.384,-8.0657,-5.2583,6.9056,51.824,-237.173,252.852
13.033594,80.287,8.541,11.240,-9.6699,-4.2348,6.1834,70.368,-234.192,261.181
13.050261,81.924,3.417,8.113,-11.3116,-3.3222,1.9747,117.888,-231.946,274.519
13.066928,84.933,-1.812,4.859,-12.0874,-2.6123,-0.1832,183.265,-229.916,289.084
13.083595,88.933,-6.943,1.411,-12.1705,-1.1983,-1.8670,224.246,-222.498,296.193
13.100262,93.325,-11.680,-2.092,-9.9700,1.6375,-4.3279,229.554,-201.858,288.175
13.116929,97.205,-16.157,-5.505,-8.0597,2.7431,-2.6265,183.603,-173.366,285.670
13.133596,99.693,-20.587,-8.521,-10.4096,2.3991,1.8796,92.346,-130.941,288.154
13.150263,102.160,-24.876,-11.745,-10.6457,2.8206,-4.9960,73.342,-126.534,286.561
13.166930,105.339,-28.996,-15.212,-7.5130,2.4303,-8.0476,96.639,-121.486,284.366
13.183597,109.590,-32.957,-19.022,-5.2949,3.1872,-7.4933,137.382,-115.805,285.719
13.200264,115.732,-36.741,-23.279,-2.1442,5.3410,-7.1634,222.477,-106.144,290.496
13.216931,123.297,-40.372,-27.829,-1.1558,4.9607,-4.5559,283.595,-78.592,295.079
13.233598,129.142,-43.727,-32.077,-4.3592,3.0200,-0.5544,179.814,-33.916,274.519
13.250265,132.151,-46.472,-35.872,-2.9613,3.7544,-1.8471,19.221,-14.733,230.051
13.266932,134.864,-48.826,-39.850,1.3852,4.1226,-4.4641,-13.685,-19.461,213.515
13.283599,139.500,-51.016,-44.116,0.2395,2.7075,-4.6947,82.135,-15.677,210.596
13.300266,146.068,-53.076,-48.879,-2.7323,1.6010,-5.3000,168.544,-7.939,215.137
13.316933,152.871,-55.167,-54.218,-5.6364,0.9045,-3.6483,148.375,12.627,225.811
13.333600,157.942,-57.221,-59.640,-6.6947,1.1491,-3.3723,33.800,36.687,216.313
13.350267,161.335,-58.955,-64.803,-0.8103,2.1118,-4.2336,-59.475,40.555,190.203
13.366934,165.348,-60.406,-70.334,1.9247,1.1407,-4.9001,-45.768,35.366,185.983
13.383601,170.993,-61.551,-76.382,-1.1958,1.2049,-5.1905,21.220,31.186,186.890
13.400268,177.767,-62.303,-82.983,-2.9937,2.7988,-6.2322,56.847,26.668,190.390
13.416935,-175.499,-62.821,-89.382,1.1983,3.5855,-5.7267,63.163,34.652,176.776
13.433602,-170.042,-63.152,-95.223,4.3594,2.3254,-3.6577,15.085,39.874,155.956
13.450269,-164.734,-63.165,-100.684,6.1851,1.2943,-3.4314,25.929,33.221,144.762
13.466936,-158.881,-62.925,-105.786,4.6173,0.9029,-4.7817,78.174,29.821,136.794
13.483603,-153.266,-62.454,-110.589,0.7462,0.6211,-5.2725,80.666,28.035,132.764
13.500270,-148.580,-61.818,-115.173,-0.9041,0.5849,-5.1819,37.807,29.373,131.314
13.516937,-145.103,-61.130,-118.963,1.5970,0.0091,-3.6737,8.649,25.092,113.937
13.533604,-142.733,-60.580,-121.857,3.8662,-1.6577,-1.8566,-9.598,23.333,88.240
13.550271,-141.210,-60.170,-123.743,5.3231,-2.9737,-1.3511,-7.164,15.310,59.626
13.566938,-140.187,-60.009,-125.033,5.7190,-3.0664,-0.3768,-5.882,17.133,36.347
13.583605,-139.636,-60.001,-125.971,4.7534,-2.0198,0.3172,-15.800,17.801,22.182
13.600272,-139.479,-60.060,-126.302,5.1492,-0.7414,1.9172,-8.009,9.214,5.540
13.616939,-139.491,-60.148,-126.173,4.5876,-0.0114,2.7118,5.879,1.582,-6.171
13.633606,-139.618,-60.372,-125.801,2.6384,0.2668,1.8049,11.538,3.086,-16.922
13.650273,-140.099,-60.708,-125.171,1.2391,0.7359,-0.0780,3.781,3.486,-27.014
13.666940,-140.938,-61.072,-124.255,0.4289,0.5022,-0.8450,-2.563,-0.051,-34.352
13.683607,-141.962,-61.405,-123.139,-0.5613,0.2015,-0.6387,-2.992,-4.420,-37.465
13.700274,-142.994,-61.702,-122.080,-1.2017,0.4507,0.1029,-6.318,-4.184,-34.685
13.716941,-143.987,-62.012,-121.220,-1.2195,0.1706,0.7199,-14.330,0.551,-30.450
13.733608,-144.953,-62.346,-120.445,-0.5241,-0.7083,1.1449,-17.090,3.757,-29.107
13.750275,-145.897,-62.681,-119.609,0.6407,-1.2598,2.0071,-12.406,3.430,-30.251
13.766942,-146.585,-63.028,-118.885,0.2926,-0.9298,2.0573,-2.858,6.351,-27.872
13.783609,-147.009,-63.386,-118.287,-0.4648,-0.3641,1.2077,6.344,9.125,-25.116
13.800276,-147.400,-63.692,-117.729,-1.0941,0.1833,0.7056,6.289,7.372,-22.312
13.816943,-147.807,-63.955,-117.118,-0.5493,0.6778,0.5764,8.271,4.652,-21.926
13.833610,-148.346,-64.247,-116.521,-0.5407,0.3344,0.2560,-0.354,6.584,-22.342
13.850277,-149.182,-64.519,-115.885,-0.6141,-0.1909,-0.3734,-16.000,5.442,-22.392
13.866944,-150.092,-64.764,-115.189,0.0875,-0.7341,-0.6433,-17.084,3.640,-22.646
13.883611,-150.850,-64.995,-114.509,0.3246,-1.1091,-0.5191,-8.790,3.478,-21.689
13.900278,-151.319,-65.185,-113.928,0.2305,-0.6518,-0.7038,3.279,2.880,-18.191
13.916945,-151.469,-65.279,-113.403,0.1291,0.5847,-1.0738,19.384,-1.404,-14.095
13.933612,-151.728,-65.324,-112.940,-0.6443,0.8851,-0.7126,9.412,-3.183,-11.306
13.950279,-152.507,-65.446,-112.503,-1.2304,-0.0711,0.2654,-23.075,1.300,-12.880
13.966946,-153.410,-65.666,-112.076,-0.5274,-0.4181,0.6351,-31.058,6.944,-15.274
13.983613,-153.942,-65.922,-111.698,0.1283,-0.1397,0.7238,-11.497,9.584,-14.931
14.000280,-153.981,-66.127,-111.434,0.5177,0.1684,0.6491,11.914,8.160,-10.973
14.016947,-153.446,-66.230,-111.512,0.2065,0.8595,0.8645,27.582,6.342,-0.841
14.033614,-152.413,-66.266,-111.963,-0.4143,1.4132,1.2610,37.017,6.863,8.890
14.050281,-151.191,-66.326,-112.666,-1.3425,0.7613,0.3325,34.454,11.153,13.454
14.066948,-149.820,-66.354,-113.419,-1.8413,0.2497,-0.6686,40.635,10.383,15.138
14.083615,-148.230,-66.334,-114.332,-2.1295,-0.0570,-1.1401,44.983,10.292,19.675
14.100282,-146.090,-66.277,-115.365,-1.3243,-0.5691,-0.9270,71.433,10.633,22.991
14.116949,-143.199,-66.178,-116.830,-1.1207,-0.8301,-0.9341,92.787,15.646,32.567
14.133616,-139.652,-65.974,-118.750,-1.8939,-1.5669,-1.6219,107.360,19.494,44.389
14.150283,-135.807,-65.565,-120.899,-3.2687,-1.5601,-2.9885,112.899,17.425,55.891
14.166950,-132.658,-65.006,-122.857,-3.9233,-1.7425,-3.1248,82.096,11.714,58.555
14.183617,-130.564,-64.363,-124.444,-2.8865,-0.5670,-2.2194,39.417,4.762,56.157
14.200284,-129.409,-63.880,-125.781,-1.7837,0.2013,-1.1692,-2.936,8.092,45.016
14.216951,-128.797,-63.542,-126.900,-0.1522,0.9462,-0.4270,-23.635,10.207,34.834
14.233618,-128.609,-63.446,-127.612,0.9981,0.5308,-0.7515,-27.004,11.155,16.748
14.250285,-129.011,-63.616,-127.639,2.5123,0.1039,-0.8247,-25.677,6.874,-7.180
14.266952,-129.852,-64.091,-126.867,4.8478,0.4605,-0.8631,-9.034,2.271,-34.704
14.283619,-131.214,-64.747,-125.156,5.3548,1.2614,-1.2126,10.727,-8.191,-58.466
14.300286,-133.766,-65.654,-122.243,4.9482,2.3224,-1.9839,5.353,-17.384,-89.389
14.316953,-138.099,-66.853,-117.775,4.9281,3.4389,-3.2641,-14.771,-23.470,-127.375
14.333620,-144.730,-68.331,-111.216,4.6411,4.3985,-5.0447,-34.262,-24.308,-172.317
14.350287,-154.458,-69.838,-101.658,4.0919,5.8298,-7.2850,-48.072,-25.712,-221.957
14.366954,-168.192,-70.939,-87.842,5.1923,7.0940,-9.7960,-43.025,-26.657,-283.996
14.383621,173.933,-70.960,-69.963,4.8928,7.8232,-12.7472,-58.118,-16.119,-348.496
14.400288,153.645,-69.063,-50.284,2.3742,7.6479,-15.6647,-106.759,4.627,-417.276
14.416955,135.019,-64.802,-32.760,0.0394,7.1061,-18.2737,-148.904,34.225,-481.193
14.433622,120.552,-58.323,-19.035,-1.8671,6.1523,-22.5773,-142.532,73.069,-545.230
14.450289,109.871,-49.788,-8.417,-6.5896,6.4881,-27.3206,-123.822,121.091,-620.920
14.466956,101.162,-39.209,0.655,-16.1565,8.0892,-31.7291,-139.554,204.997,-714.057
14.483623,93.421,-26.436,8.565,-33.3746,7.8871,-32.8154,-205.456,298.994,-809.606
14.500290,86.886,-11.853,16.149,-50.7791,2.6894,-29.8621,-241.041,428.267,-874.746
14.516957,82.800,3.837,24.346,-72.1598,-10.0129,-12.3316,-210.057,573.916,-891.397
14.533624,81.207,20.124,34.312,-86.9613,-25.2560,11.0320,-220.568,715.852,-882.809
14.550291,84.013,34.847,47.393,-84.4325,-46.6842,45.1002,-197.951,803.843,-780.627
14.566958,91.469,46.248,64.254,-54.4711,-53.6007,77.3914,-216.830,793.405,-645.241
14.583625,104.419,52.666,86.053,-29.0596,-53.3508,83.7388,-225.013,785.254,-490.412
14.600292,119.982,52.665,112.292,-1.6481,-55.3075,92.8691,-327.625,877.087,-356.755
14.616959,131.874,47.769,135.254,30.3684,-44.9320,93.3972,-354.199,878.466,-280.396
14.633626,137.632,38.975,154.640,63.0304,-39.3692,89.4519,-461.193,964.928,-224.198
14.650293,138.862,28.360,169.501,99.0128,-26.7163,64.0166,-426.290,965.023,-133.557
14.666960,138.827,17.462,179.912,110.2221,14.6766,23.2225,-249.780,868.903,-6.355
14.683627,137.792,7.643,-173.298,82.1960,27.6234,2.4217,-153.899,703.847,92.397
14.700294,134.170,-1.358,-167.921,54.2597,32.9936,8.1068,-236.989,612.550,141.706
14.716961,125.335,-10.621,-162.990,52.3315,34.3952,-2.3691,-499.686,582.835,237.885
14.733628,116.673,-18.920,-158.591,47.1829,25.1154,-36.4315,-452.661,476.693,294.880
14.750295,112.071,-28.081,-154.950,30.6743,21.9934,-37.8643,-189.508,410.544,417.983
14.766962,110.310,-37.365,-151.206,20.6882,20.2397,-28.4471,15.166,378.841,451.379
14.783629,108.855,-44.988,-146.310,11.4532,15.8620,-23.6169,105.506,362.779,357.218
14.800296,105.756,-51.814,-140.062,5.5099,16.2557,-21.1999,93.995,360.485,317.371
14.816963,101.750,-57.361,-132.209,0.6459,13.2389,-25.6325,143.297,345.202,258.671
14.833630,96.693,-61.259,-122.534,-1.3314,11.3167,-26.3568,195.347,330.640,183.586
14.850297,89.760,-63.852,-110.930,-2.0889,12.2655,-25.1897,201.478,329.670,137.470
14.866964,81.169,-65.301,-98.184,-5.2014,12.0769,-23.1968,174.796,320.856,112.879
14.883631,71.913,-65.703,-85.241,-9.2701,11.2088,-20.7306,150.772,307.872,98.886
14.900298,63.080,-65.221,-73.495,-13.6073,9.2531,-17.0437,110.519,281.744,85.989
14.916965,55.233,-64.299,-63.694,-16.5603,4.8174,-12.5380,60.379,243.906,81.770
14.933632,48.839,-63.142,-56.012,-16.9082,0.5446,-8.4942,28.861,203.862,71.406
14.950299,44.244,-61.875,-50.184,-15.8378,-2.5218,-7.1982,33.746,169.671,56.369
14.966966,41.630,-60.563,-45.824,-16.2602,-2.6465,-7.7062,71.741,143.607,39.006
14.983633,40.492,-59.236,-42.662,-17.2995,-2.7882,-4.2965,95.227,122.591,19.828
15.000300,39.826,-57.997,-40.269,-17.7559,-3.9506,-1.1808,82.036,105.040,9.478
15.016967,39.645,-56.957,-38.690,-16.2766,-2.6515,1.0809,68.585,80.397,-0.458
15.033634,39.772,-56.186,-37.967,-14.2734,-2.7926,2.1288,43.444,50.672,-10.962
15.050301,39.798,-55.705,-37.823,-12.6131,-2.9817,1.1862,8.438,24.922,-14.505
15.066968,39.878,-55.482,-38.161,-10.2875,-2.3646,0.5061,-12.205,2.552,-17.204
15.083635,40.267,-55.541,-38.863,-7.7698,-1.1061,0.2272,-11.602,-18.469,-15.822
15.100302,40.933,-55.759,-39.811,-5.1269,-0.9982,0.0828,-7.177,-31.284,-15.672
15.116969,41.968,-56.033,-40.841,-2.0943,-1.2302,0.3474,10.807,-35.760,-14.914
15.133636,43.188,-56.300,-41.831,-0.0248,-0.8528,0.7545,23.699,-34.659,-13.336
15.150303,44.203,-56.527,-42.680,0.8245,-0.4315,1.0477,18.347,-29.786,-10.834
15.166970,44.914,-56.699,-43.408,0.8017,0.3483,0.9279,6.059,-24.640,-9.735
15.183637,45.517,-56.775,-44.167,0.8184,-0.6865,0.4691,-2.030,-21.372,-14.203
15.200304,46.073,-56.730,-44.916,0.5474,-1.0742,0.4316,-4.371,-16.229,-18.976
15.216971,46.636,-56.604,-45.616,0.3554,-0.6985,0.5314,-1.432,-11.865,-21.268
15.233638,47.117,-56.417,-46.238,0.5446,-0.1391,0.5019,-2.390,-7.762,-22.113
15.250305,47.458,-56.121,-46.811,0.4915,0.1973,0.2379,-8.327,-2.373,-25.870
15.266972,47.626,-55.756,-47.341,0.1834,0.2454,0.1615,-16.404,1.255,-28.025
15.283639,47.799,-55.374,-47.904,-0.0129,0.1180,0.1989,-17.630,0.928,-29.672
15.300306,48.087,-54.992,-48.475,-0.4124,-0.0396,0.2031,-10.967,0.517,-30.019
15.316973,48.510,-54.639,-49.048,-0.6174,-0.0718,0.1413,-2.872,-1.070,-28.856
15.333640,48.988,-54.353,-49.614,-0.4026,0.4467,0.1150,0.872,-3.882,-25.755
15.350307,49.497,-54.114,-50.199,-0.0328,0.3505,0.1289,1.869,-6.525,-24.135
15.366974,49.907,-53.903,-50.746,-0.0676,0.6686,0.3661,-2.065,-6.829,-22.023
15.383641,50.301,-53.744,-51.280,-0.3901,0.6673,0.5203,-2.370,-8.754,-19.275
15.400308,50.741,-53.674,-51.801,-0.3877,0.8176,0.4260,1.022,-11.921,-14.907
15.416975,51.311,-53.681,-52.365,0.0388,0.5360,0.1943,6.750,-16.174,-12.149
15.433642,52.050,-53.741,-52.945,0.4959,0.1475,0.0751,16.103,-18.723,-9.789
15.450309,52.697,-53.816,-53.443,0.5506,0.6328,0.6179,14.552,-17.062,-7.075
15.466976,53.175,-53.880,-53.866,0.3904,0.7059,0.9011,8.031,-14.542,-5.826
15.483643,53.487,-53.914,-54.210,0.0854,0.3424,0.6387,1.823,-11.290,-5.502
15.500310,53.785,-53.935,-54.543,-0.1673,-0.1416,0.2615,1.547,-10.553,-5.792
15.516977,54.122,-53.969,-54.885,-0.2360,-0.1673,-0.0939,3.454,-11.244,-5.342
15.533644,54.511,-54.035,-55.288,-0.4374,0.0342,-0.2673,3.583,-14.178,-4.901
15.550311,54.989,-54.113,-55.771,-0.4493,-0.3439,-0.1516,5.062,-16.849,-5.853
15.566978,55.577,-54.226,-56.304,-0.5092,-0.5995,-0.1460,9.111,-19.539,-4.979
15.583645,56.276,-54.360,-56.847,-0.4439,-0.4877,-0.0737,15.340,-20.562,-3.838
15.600312,57.058,-54.516,-57.405,-0.2692,-0.0075,0.0426,19.510,-21.684,-2.764
15.616979,57.759,-54.652,-57.965,-0.0108,0.0601,0.1508,14.458,-21.077,-3.490
15.633646,58.267,-54.739,-58.500,-0.0565,-0.0817,0.2847,4.100,-18.813,-5.220
15.650313,58.700,-54.791,-59.030,-0.2418,-0.3592,0.2050,-0.148,-17.543,-6.824
15.666980,59.119,-54.812,-59.575,-0.2483,-0.5061,-0.0461,-1.764,-17.081,-8.524
15.683647,59.536,-54.836,-60.134,-0.1378,-0.1096,-0.2075,-2.602,-17.630,-8.499
15.700314,59.963,-54.885,-60.707,0.0591,0.1233,-0.2696,-2.675,-18.850,-7.310
15.716981,60.462,-54.934,-61.296,0.3724,-0.3587,-0.3492,0.851,-19.380,-7.423
15.733648,61.040,-54.983,-61.872,0.2332,-0.3712,-0.2328,6.209,-19.004,-6.992
15.750315,61.619,-55.028,-62.436,0.0280,-0.2164,-0.0434,6.806,-18.627,-6.818
15.766982,62.147,-55.067,-62.990,0.0025,-0.0820,0.1717,4.233,-18.152,-6.812
15.783649,62.470,-55.089,-63.489,0.1777,0.3976,0.3076,-5.326,-16.037,-6.688
15.800316,62.626,-55.061,-63.959,0.2919,0.1582,0.2919,-13.914,-13.807,-8.790
15.816983,62.777,-54.978,-64.406,0.2531,-0.1491,0.1326,-13.131,-11.643,-11.354
15.833650,62.997,-54.873,-64.842,0.1438,-0.0127,0.2141,-8.401,-10.761,-12.344
15.850317,63.241,-54.784,-65.259,0.0009,0.3925,0.3198,-5.984,-10.693,-11.174
15.866984,63.481,-54.721,-65.659,-0.0297,0.5758,0.4147,-5.381,-10.968,-9.435
15.883651,63.758,-54.701,-66.087,-0.1731,0.5642,0.5385,-4.569,-13.011,-7.537
15.900318,64.045,-54.752,-66.539,-0.3351,0.5067,0.3351,-5.113,-15.662,-4.025
15.916985,64.318,-54.872,-66.999,-0.3201,0.4814,0.1937,-6.389,-17.707,-0.367
15.933652,64.609,-55.031,-67.503,-0.8286,0.0318,0.1459,-7.446,-20.038,1.290
15.950319,64.968,-55.243,-68.094,-1.8165,-0.6449,-0.3713,-7.736,-23.994,2.969
15.966986,65.474,-55.520,-68.862,-3.0726,-0.9654,-1.3523,-7.798,-31.022,4.256
15.983653,66.198,-55.861,-69.939,-4.1262,-1.0080,-2.4810,-10.079,-41.880,3.909
16.000320,67.254,-56.242,-71.435,-4.8218,-1.4399,-3.3694,-11.292,-55.381,1.269
16.016987,68.674,-56.617,-73.346,-5.1723,-2.0395,-3.3508,-10.487,-67.521,-2.808
16.033654,70.448,-56.944,-75.674,-5.6946,-2.0810,-3.0678,-10.568,-78.879,-8.263
16.050321,72.389,-57.224,-78.329,-6.0277,-1.0931,-3.5523,-17.384,-87.751,-11.572
16.066988,74.373,-57.473,-81.266,-6.0453,-0.1163,-3.8683,-29.510,-95.742,-12.817
16.083655,76.069,-57.605,-84.351,-6.4919,0.0308,-3.6718,-54.558,-98.481,-17.610
16.100322,77.507,-57.538,-87.631,-6.6635,0.3061,-3.2234,-79.913,-102.241,-27.970
16.116989,78.931,-57.190,-91.097,-7.0098,-0.3419,-2.4461,-89.809,-105.983,-43.309
16.133656,80.501,-56.533,-94.742,-6.8571,-0.4666,-2.1285,-89.013,-111.053,-60.109
16.150323,82.333,-55.561,-98.497,-6.2334,0.7724,-3.0642,-77.054,-116.214,-76.374
16.166990,84.358,-54.267,-102.323,-5.3860,1.6081,-3.4110,-66.458,-122.578,-92.393
16.183657,86.377,-52.698,-106.110,-4.8142,2.3331,-3.6827,-61.553,-127.699,-104.703
16.200324,88.207,-50.896,-109.802,-4.4417,3.4299,-3.8085,-64.345,-132.288,-114.487
16.216991,89.560,-48.929,-113.296,-3.2258,4.7015,-3.4975,-79.238,-133.202,-120.616
16.233658,90.623,-46.791,-116.666,-2.2384,5.3958,-3.9621,-86.235,-136.450,-128.013
16.250325,91.582,-44.487,-119.983,-1.5878,5.1968,-4.8205,-84.770,-142.392,-135.527
16.266992,92.539,-42.038,-123.224,-0.7501,5.0585,-5.0946,-75.852,-147.361,-141.701
16.283659,93.589,-39.424,-126.415,-0.0928,5.4487,-5.1537,-61.968,-153.845,-148.873
16.300326,94.459,-36.687,-129.497,1.2867,6.4954,-4.2229,-61.753,-157.345,-153.554
16.316993,94.995,-33.862,-132.430,2.5865,6.6917,-3.2035,-69.452,-157.723,-156.980
16.333660,95.283,-30.932,-135.227,3.1971,5.8193,-2.9135,-72.559,-157.438,-162.349
16.350327,95.441,-27.936,-137.846,3.9115,4.8831,-2.3351,-67.710,-153.641,-166.132
16.366994,95.544,-24.887,-140.306,4.4556,4.3675,-1.6509,-59.363,-149.622,-169.319
16.383661,95.469,-21.807,-142.571,5.5879,4.2972,-0.4788,-58.310,-142.439,-171.886
16.400328,95.193,-18.656,-144.658,6.2451,3.6515,1.1857,-59.732,-135.015,-177.207
16.416995,94.794,-15.461,-146.698,7.1236,2.0789,2.5558,-59.703,-133.702,-180.631
16.433662,94.636,-12.405,-148.779,7.6377,-2.1089,3.5332,-39.453,-136.254,-172.605
16.450329,94.817,-9.617,-150.697,7.0282,-3.2171,3.9998,-11.032,-126.755,-157.217
16.466996,95.108,-7.154,-152.455,5.0326,-1.5195,4.4426,2.112,-117.065,-138.053
16.483663,95.209,-4.855,-154.086,4.9283,0.0301,4.7504,-4.090,-109.619,-128.431
16.500330,95.254,-2.654,-155.729,5.6365,-0.0020,3.4645,-3.758,-110.258,-122.285
16.516997,95.415,-0.555,-157.456,3.9674,-1.3625,2.0793,6.799,-115.104,-115.556
16.533664,95.863,1.211,-159.075,3.4988,-1.2522,-0.2054,27.428,-107.357,-95.665
16.550331,96.744,2.906,-160.630,3.4623,0.1603,-0.0463,56.158,-104.009,-90.590
16.566998,97.743,4.643,-162.145,4.3384,0.2602,0.9199,65.937,-103.366,-91.677
16.583665,98.839,6.309,-163.618,5.2992,0.3777,0.5006,74.182,-101.665,-85.908
16.600332,99.926,7.819,-165.157,4.4309,-0.4891,0.8465,76.528,-105.330,-74.188
16.616999,101.468,9.346,-166.881,3.3922,-1.3542,-0.3110,107.906,-117.682,-70.736
16.633666,104.002,10.827,-168.716,4.1533,-1.2574,-1.5193,171.243,-125.434,-62.433
16.650333,107.412,12.308,-170.702,4.8438,-0.9896,-1.7220,228.403,-136.535,-53.638
16.667000,111.671,13.842,-172.802,5.5676,-0.8639,-1.1265,283.899,-146.546,-45.319
16.683667,116.333,15.387,-174.988,5.7967,-0.3770,0.7098,312.723,-153.723,-32.766
16.700334,120.970,16.954,-177.367,6.3120,-0.0594,1.8554,317.813,-165.444,-16.391
16.717001,125.374,18.545,-179.978,6.5833,-0.2718,2.8413,311.852,-177.066,2.042
16.733668,129.511,20.075,177.259,5.7128,-1.9403,2.9448,302.919,-179.939,22.606
16.750335,132.658,21.470,174.487,5.5447,-0.3776,3.7695,247.693,-172.097,39.407
16.767002,134.472,22.953,171.577,5.6982,1.5823,3.4021,174.759,-178.222,47.250
16.783669,135.199,24.696,168.465,6.8588,0.8109,0.2960,119.014,-194.601,46.589
16.800336,135.251,26.590,165.153,6.6047,-1.7921,-1.2882,89.102,-206.483,47.414
16.817003,135.697,28.539,161.655,2.4705,-4.6721,-0.8633,123.876,-213.485,50.942
16.833670,136.604,30.351,158.270,1.2765,-4.8775,0.5799,154.218,-200.581,52.482
16.850337,137.093,32.061,155.009,2.9918,-2.7417,2.6735,130.634,-188.904,52.148
16.867004,136.678,33.944,151.935,5.1330,-0.9707,3.6901,75.527,-187.751,35.933
16.883671,135.535,36.112,149.055,4.7827,-1.2124,4.2828,30.649,-191.431,12.019
16.900338,134.273,38.507,146.585,1.0404,-3.7072,2.6619,14.053,-184.411,-18.352
16.917005,132.971,40.816,144.399,-0.1008,-4.4914,1.2381,5.602,-168.197,-30.428
16.933672,131.788,42.950,142.196,1.2652,-3.6194,2.3545,17.177,-158.503,-28.009
16.950339,130.758,45.079,140.000,1.4674,-2.4186,4.1954,29.705,-155.012,-33.259
16.967006,129.328,47.244,137.822,0.3482,-1.4555,5.1033,8.400,-152.360,-40.986
16.983673,127.416,49.268,135.710,-2.6454,-1.4886,3.9477,-20.317,-140.981,-42.576
17.000340,125.092,50.966,133.704,-4.1162,-1.2754,2.2908,-47.178,-122.045,-36.306
17.017007,122.675,52.527,131.771,-2.9827,-0.7119,2.2527,-54.024,-111.419,-37.459
17.033674,120.325,54.244,129.805,-1.3399,-1.0877,1.8100,-46.452,-113.411,-50.800
17.050341,117.708,55.983,127.816,-1.2426,-1.0104,1.7581,-59.322,-109.914,-57.860
17.067008,114.843,57.519,125.776,-2.0042,-0.7525,2.5227,-69.648,-100.637,-52.645
17.083675,112.107,58.870,123.737,-2.1785,-0.9144,2.7369,-60.432,-91.101,-48.373
17.100342,109.266,60.135,121.659,-2.2723,-0.1225,2.5212,-63.172,-85.739,-48.377
17.117009,106.302,61.319,119.398,-2.5646,0.2203,2.1145,-59.717,-84.606,-47.066
17.133676,103.493,62.413,116.924,-2.7623,-0.7756,0.7295,-37.808,-84.318,-45.181
17.150343,100.686,63.220,114.405,-3.1474,-0.0978,0.3236,-34.197,-77.478,-32.570
17.167010,97.851,63.755,111.693,-3.5631,0.6695,0.9637,-24.643,-76.743,-19.730
17.183677,94.928,64.076,108.769,-3.8490,0.1375,0.6758,-18.104,-78.681,-10.255
17.200344,92.231,64.111,106.190,-5.0595,0.6924,0.9906,-22.795,-67.570,2.363
17.217011,90.034,64.081,104.002,-4.5906,0.4552,1.7948,-13.987,-57.280,3.167
17.233678,87.854,64.096,102.007,-4.1967,0.0926,2.0117,-23.331,-52.327,-1.669
17.250345,85.694,64.100,100.183,-4.3858,-0.2796,2.0391,-31.320,-47.805,-2.716
17.267012,83.757,63.978,98.480,-4.6463,-0.3088,1.3564,-24.609,-45.312,3.333
17.283679,82.306,63.779,96.946,-4.3050,-0.4653,0.8583,-4.590,-41.833,7.114
17.300346,81.081,63.516,95.372,-3.7452,-0.2564,0.6014,10.917,-43.945,9.751
17.317013,80.049,63.185,93.698,-3.2634,-0.4861,0.3041,27.589,-47.919,12.407
17.333680,79.380,62.756,91.937,-3.1958,-0.7571,0.0752,53.784,-52.073,16.902
17.350347,79.095,62.262,90.077,-3.5471,-1.0763,-0.0234,81.655,-56.420,19.665
17.367014,79.287,61.678,88.492,-4.7726,-0.1567,-0.1449,95.273,-50.741,26.175
17.383681,79.635,61.076,87.303,-4.3231,0.5549,0.5034,83.238,-40.527,29.396
17.400348,79.634,60.551,86.377,-3.1215,0.6117,0.4939,48.201,-32.655,26.314
17.417015,79.318,60.104,85.651,-2.3686,0.3456,0.2600,18.691,-26.469,22.553
17.433682,78.808,59.645,85.037,-2.5566,-0.1450,-0.1725,1.008,-23.744,23.678
17.450349,78.526,59.140,84.497,-2.4679,-0.9587,-0.8876,10.786,-22.534,26.598
17.467016,78.751,58.669,84.066,-2.0506,-1.2305,-1.1879,35.332,-19.030,25.208
17.483683,79.327,58.224,83.851,-2.3700,0.1006,-0.5514,45.313,-12.101,25.072
17.500350,80.332,57.928,83.879,-2.6405,-0.4647,-0.9735,58.657,-2.682,17.787
17.517017,81.468,58.060,84.147,-2.4999,-2.5648,-2.7444,54.258,9.255,-6.330
17.533684,82.427,58.390,84.881,-2.3390,-3.0018,-2.3367,19.839,25.296,-16.167
17.550351,83.595,58.742,85.911,-0.9190,-2.1889,-0.9603,17.115,34.107,-16.841
17.567018,85.199,59.088,87.003,0.0831,-1.4458,0.0800,39.924,35.251,-17.199
17.583685,87.099,59.472,87.952,1.0627,-0.9572,0.4748,64.756,30.168,-20.845
17.600352,89.411,59.881,88.735,1.5349,-1.2907,-0.1123,97.935,24.028,-23.547
17.617019,92.141,60.222,89.530,2.5040,-1.2935,-0.4327,122.208,23.152,-20.598
17.633686,94.821,60.504,90.275,3.4333,-0.0266,0.2205,121.705,20.673,-18.024
17.650353,96.774,60.926,90.883,3.3782,0.2501,-0.0275,85.082,14.884,-26.714
17.667020,97.873,61.398,91.513,2.6357,0.3920,-0.2156,32.663,14.154,-30.231
17.683687,98.384,61.856,92.169,2.7142,1.4306,-0.0906,-4.235,14.359,-29.621
17.700354,98.689,62.335,92.815,2.4094,1.1668,-0.2135,-16.171,13.409,-30.918
17.717021,99.134,62.827,93.239,3.0511,-0.5850,-1.1341,3.889,6.759,-30.747
17.733688,99.815,63.328,93.468,3.4711,-0.5313,-1.5121,28.345,0.981,-30.530
17.750355,100.704,63.789,93.546,3.5970,0.1353,-1.2271,48.937,-3.070,-27.403
17.767022,101.192,64.177,93.434,4.2174,2.2241,0.1241,35.142,-7.490,-22.105
17.783689,101.059,64.523,92.913,4.8233,2.4293,0.3295,19.956,-17.415,-17.581
17.800356,100.625,64.801,91.801,5.1469,1.9801,-0.0583,33.999,-31.292,-10.887
17.817023,99.929,65.034,90.108,5.2047,1.7129,-0.3508,50.065,-44.956,-5.938
17.833690,98.868,65.135,87.898,5.0811,1.6057,-0.1587,56.436,-56.153,3.251
17.850357,97.606,65.115,85.177,5.2145,1.7682,-0.1209,72.141,-67.813,11.111
17.867024,96.227,64.996,81.920,5.3240,2.1473,-0.1039,94.280,-80.945,17.086
17.883691,94.848,64.793,78.217,4.9678,2.0203,-0.3360,118.234,-92.626,21.269
17.900358,93.065,64.350,74.237,6.9478,3.7648,1.1302,108.497,-100.390,33.591
17.917025,91.641,63.576,69.878,7.9156,3.0718,2.3804,149.368,-112.713,51.094
17.933692,90.301,62.428,65.054,8.4357,2.8000,3.4207,177.294,-130.091,70.964
17.950359,89.272,60.901,59.839,8.5989,1.7121,3.9302,213.508,-148.688,90.846
17.967026,89.024,58.936,54.545,7.8301,0.3965,3.7512,259.759,-160.776,115.296
17.983693,89.366,56.470,49.532,7.8118,0.3360,4.3990,274.610,-162.625,145.371
18.000360,89.498,53.474,44.853,9.7016,1.8782,7.5754,237.597,-162.730,177.777
18.017027,90.084,50.088,40.239,7.7085,0.0266,9.2548,252.477,-171.857,202.058
18.033694,90.948,46.255,35.881,4.9735,-1.3765,9.7264,246.466,-172.165,231.027
18.050361,92.374,41.982,31.698,2.7650,-3.9036,10.3431,260.055,-172.544,260.986
18.067028,95.276,37.222,27.539,0.6571,-5.6981,10.2698,332.884,-172.735,297.284
18.083695,99.043,31.861,23.657,0.3203,-5.7120,12.4147,357.739,-150.312,342.578
18.100362,102.873,26.113,19.888,-1.8266,-6.7985,14.2995,339.074,-128.772,375.703
18.117029,105.892,20.246,16.361,-4.9002,-7.3878,13.2056,264.155,-101.106,388.833
18.133696,107.188,14.283,13.254,-7.1597,-7.3995,13.0478,132.996,-68.898,393.127
18.150363,107.742,8.226,10.282,-10.7396,-8.1146,10.9288,67.980,-57.929,398.731
18.167030,109.377,1.781,7.092,-14.1043,-7.6505,7.2434,114.682,-57.890,426.878
18.183697,112.658,-5.033,3.880,-15.6768,-4.9429,5.2788,191.168,-33.457,450.538
18.200364,116.248,-12.116,0.711,-16.7350,-2.8856,4.1982,186.828,4.419,464.570
18.217031,119.070,-19.191,-2.441,-18.2684,-1.0669,2.2075,118.026,35.371,460.550
18.233698,121.542,-25.927,-5.724,-17.4805,1.2508,-2.3977,72.588,46.530,440.840
18.250365,124.547,-32.383,-9.199,-14.1125,3.4508,-6.3326,78.425,58.194,424.283
18.267032,128.429,-38.722,-12.955,-12.4773,4.1114,-7.7170,101.516,78.323,415.162
18.283699,133.316,-44.754,-17.313,-11.3337,3.8274,-8.9733,118.624,88.906,401.754
18.300366,139.252,-50.364,-22.538,-9.8087,4.0926,-9.8823,124.178,96.679,385.963
18.317033,146.506,-55.530,-28.897,-8.5848,4.4709,-9.9611,129.985,107.929,370.796
18.333700,154.954,-60.144,-36.576,-7.7249,4.2188,-10.4060,116.012,121.044,349.666
18.350367,164.610,-64.015,-45.747,-5.6418,3.3907,-11.6559,92.386,128.334,322.346
18.367034,176.008,-66.943,-56.556,-1.8330,3.6402,-12.7890,93.024,127.188,295.187
18.383701,-170.987,-68.937,-68.586,0.9905,3.8578,-12.6855,110.544,130.861,265.896
18.400368,-157.610,-70.025,-80.883,2.1379,2.2470,-12.4123,110.955,132.486,231.613
18.417035,-146.010,-70.374,-91.845,5.1096,0.8290,-12.0036,76.624,123.564,186.868
18.433702,-137.829,-70.199,-99.908,9.2280,0.7564,-10.7781,35.086,92.425,135.354
18.450369,-132.852,-69.957,-104.756,12.4052,1.7560,-8.8451,24.870,59.398,81.117
18.467036,-130.017,-69.900,-107.139,12.7268,2.2574,-7.6609,35.576,34.518,35.386
18.483703,-129.298,-70.178,-107.303,10.5401,2.6059,-8.1661,33.653,13.167,-10.423
18.500370,-131.488,-70.869,-104.656,8.7891,3.8600,-8.8064,18.081,-13.550,-65.680
18.517037,-136.681,-71.912,-98.925,7.4190,5.2294,-8.6675,14.124,-35.397,-121.114
18.533704,-145.127,-73.076,-89.648,5.4805,6.8268,-9.5297,23.937,-51.568,-173.650
18.550371,-157.530,-73.931,-76.151,3.7809,7.6957,-11.0816,32.406,-65.484,-225.774
18.567038,-173.804,-73.863,-58.739,1.8413,8.0894,-12.7454,27.607,-75.519,-278.779
18.583705,168.647,-72.273,-40.121,-0.7194,8.4189,-14.5249,16.341,-79.556,-328.001
18.600372,153.071,-68.960,-23.465,-4.3188,7.7175,-15.7528,8.906,-77.504,-376.977
18.617039,140.559,-63.918,-10.077,-8.4257,5.7593,-15.4819,-13.453,-76.097,-432.896
18.633706,130.609,-57.188,0.348,-11.1427,4.1643,-15.2755,-51.439,-72.219,-501.057
18.650373,122.920,-48.769,8.368,-12.9586,3.2266,-16.7256,-76.162,-69.456,-577.210
18.667040,116.655,-38.697,14.914,-16.0120,1.8310,-19.6053,-103.436,-53.285,-664.817
18.683707,111.453,-27.114,20.555,-23.0089,-1.3445,-22.7750,-127.355,-23.181,-749.835
18.700374,107.651,-14.165,26.096,-34.4882,-6.7754,-23.1586,-110.291,33.811,-835.513
18.717041,105.017,0.050,32.485,-49.9978,-19.0266,-12.6536,-110.646,126.037,-924.327
18.733708,103.368,15.683,40.281,-60.7605,-33.0767,12.4318,-163.221,220.485,-1021.136
18.750375,102.718,31.899,50.115,-58.0152,-39.8263,39.9128,-278.257,307.850,-1066.624
18.767042,103.332,45.835,63.979,-41.8054,-38.3143,61.0174,-487.433,443.797,-955.391
18.783709,108.938,54.804,82.745,-25.7894,-36.5859,64.6199,-533.749,540.711,-709.571
18.800376,122.615,57.741,105.565,-13.6303,-39.5821,69.8926,-322.380,604.662,-483.704
18.817043,136.065,55.518,127.972,11.1175,-37.3208,73.3202,-319.859,650.846,-364.092
18.833710,143.205,49.065,146.430,37.7544,-18.3275,72.1416,-451.077,728.029,-266.066
18.850377,145.513,40.461,159.743,57.9577,-7.6298,61.6584,-426.197,746.367,-160.958
18.867044,144.257,30.580,168.811,75.0542,-2.0167,39.8011,-392.771,737.794,-21.830
18.883711,140.076,19.179,174.623,77.1724,11.8026,19.6394,-398.021,733.714,169.315
18.900378,137.118,7.950,177.868,70.0227,18.2385,13.2296,-223.854,630.464,303.522
18.917045,135.477,-3.344,-179.817,61.2402,25.6455,-3.9441,-104.734,586.147,367.868
18.933712,133.737,-15.114,-178.538,54.8257,25.7391,-14.8052,-92.546,550.633,449.745
18.950379,136.089,-26.751,-178.379,40.3433,27.9834,-32.1775,143.510,500.390,488.617
18.967046,141.943,-37.904,-179.563,26.6909,31.3199,-35.5285,311.899,467.061,484.853
18.983713,149.897,-48.219,177.519,14.2359,29.1149,-35.4243,356.281,442.135,453.497
19.000380,159.619,-57.358,172.655,0.6715,22.2029,-34.5926,349.585,421.609,394.118
19.017047,171.614,-64.947,164.370,-8.6686,19.5124,-31.6856,283.145,381.607,345.829
19.033714,-170.832,-70.107,149.489,-13.9365,16.3311,-27.6476,226.836,310.380,339.176
19.050381,-147.121,-71.686,128.400,-16.7891,10.4347,-23.6924,225.575,235.561,351.914
19.067048,-124.583,-69.494,108.699,-18.3518,8.5677,-20.5965,236.212,179.971,371.684
19.083715,-109.710,-65.044,96.462,-19.9744,9.4989,-19.2949,214.468,131.295,366.337
19.100382,-101.933,-60.269,90.602,-21.5665,4.1158,-16.1783,154.172,77.594,320.010
19.117049,-97.738,-55.710,88.242,-22.2335,-3.9126,-10.2418,131.604,27.374,282.958
19.133716,-94.828,-51.452,87.515,-20.7802,-7.2110,-4.2044,139.480,-2.221,257.377
19.150383,-92.761,-47.453,87.473,-15.9502,-6.1853,-1.4111,122.056,-14.340,240.056
19.167050,-91.302,-44.049,87.858,-10.7319,-7.3023,1.8870,103.932,-23.475,204.062
19.183717,-90.147,-41.316,87.886,-2.1883,-5.6351,3.8187,70.257,-3.457,164.323
19.200384,-88.877,-39.640,87.478,1.2017,-9.4024,6.2949,60.083,19.312,100.745
19.217051,-86.753,-38.194,86.819,-2.6247,-7.2989,5.7913,102.452,33.879,85.843
19.233718,-84.114,-36.712,86.314,-5.2396,-3.9012,2.6495,139.678,30.894,86.966
19.250385,-81.440,-35.205,86.200,-4.8488,-2.9038,-0.2731,156.203,16.703,89.232
19.267052,-79.410,-34.044,86.495,-4.7005,-1.0128,-3.6811,131.595,-2.959,71.329
19.283719,-78.182,-33.529,87.101,-4.3725,-0.8062,-2.6725,93.626,-23.868,36.344
19.300386,-77.820,-33.146,87.789,-3.5148,-1.5299,-0.2905,44.098,-29.161,29.835
19.317053,-77.677,-32.764,88.328,-2.0670,-1.7487,1.1692,25.868,-21.873,28.370
19.333720,-77.289,-32.481,88.675,-0.0506,-0.9905,2.4650,34.214,-13.667,20.520
19.350387,-76.864,-32.278,88.713,1.0306,0.1791,1.5499,26.375,0.666,12.470
19.367054,-76.690,-32.226,88.415,1.1161,0.7536,0.0460,0.623,15.204,-0.302
19.383721,-76.716,-32.341,87.799,0.3524,1.0725,0.1151,-21.624,28.620,-13.707
19.400388,-76.688,-32.494,87.037,-0.1151,1.2033,-0.3966,-23.138,35.224,-17.673
19.417055,-76.562,-32.675,86.274,-0.2255,1.1193,-0.9739,-17.368,34.797,-19.347
19.433722,-76.411,-32.810,85.594,0.5824,0.7850,-0.3005,-13.302,31.277,-15.727
19.450389,-76.235,-32.796,84.970,1.5196,0.8709,-0.0950,-9.988,30.551,-6.414
19.467056,-76.070,-32.698,84.396,2.1139,0.9395,0.1654,-8.982,29.331,-1.080
19.483723,-75.965,-32.534,83.862,2.0402,0.4943,0.0585,-11.272,28.351,3.235
19.500390,-75.909,-32.343,83.383,1.7047,-0.1774,0.3494,-12.291,26.153,5.364
19.517057,-75.860,-32.156,82.919,1.5889,-1.1182,0.9155,-12.112,25.336,5.333
19.533724,-75.834,-31.971,82.525,1.0011,-1.2711,0.6044,-11.253,21.969,6.015
19.550391,-75.814,-31.873,82.253,0.3280,-1.3700,0.4839,-7.629,14.646,2.451
19.567058,-75.842,-31.881,82.118,-0.3929,-1.0842,0.6291,-6.179,6.392,-2.010
19.583725,-75.951,-31.938,82.111,-0.9850,-0.6793,0.4877,-6.961,-0.724,-3.243
19.600392,-75.996,-32.039,82.198,-0.8744,-0.2954,0.2777,-0.137,-5.963,-4.635
19.617059,-75.951,-32.214,82.306,-0.5111,0.1408,0.0252,5.940,-8.052,-8.737
19.633726,-75.958,-32.424,82.399,-0.4749,0.5125,-0.3800,2.347,-7.861,-10.983
19.650393,-76.129,-32.681,82.427,-0.6109,0.9005,-0.2381,-9.631,-5.279,-14.459
19.667060,-76.397,-32.968,82.361,-0.5862,1.0434,0.2105,-18.397,-1.077,-17.368
19.683727,-76.574,-33.258,82.213,-0.4400,0.9984,0.3309,-15.746,2.975,-18.555
19.700394,-76.794,-33.484,82.021,-0.7170,1.2303,-0.0754,-19.767,6.045,-15.212
19.717061,-77.057,-33.660,81.809,-0.6943,1.3010,0.2555,-23.063,7.684,-12.557
19.733728,-77.275,-33.767,81.562,-0.7202,0.9795,0.3807,-21.545,10.391,-8.818
19.750395,-77.551,-33.824,81.304,-0.5023,0.5621,0.4771,-25.416,11.627,-6.013
19.767062,-77.837,-33.814,81.011,-0.3517,0.2649,0.5886,-27.177,14.182,-2.324
19.783729,-78.089,-33.800,80.705,-0.1775,-0.0971,0.2327,-25.598,14.875,-2.223
19.800396,-78.284,-33.842,80.411,-0.0888,-0.3384,0.0207,-21.813,13.621,-5.276
19.817063,-78.441,-33.893,80.117,-0.0665,-0.4679,0.3511,-19.461,13.501,-5.826
19.833730,-78.547,-33.971,79.809,-0.1763,-0.5330,0.4115,-16.946,13.886,-7.465
19.850397,-78.729,-34.151,79.542,-0.5315,-0.2094,0.1587,-20.134,10.684,-13.062
19.867064,-78.964,-34.402,79.284,-0.5878,-0.0848,0.0528,-23.097,9.412,-17.119
19.883731,-79.091,-34.714,79.017,-0.2491,-0.0191,-0.2608,-16.975,9.166,-20.758
19.900398,-79.153,-35.054,78.774,-0.0959,0.0760,-0.5616,-12.281,7.683,-22.092
19.917065,-79.225,-35.414,78.557,-0.3981,0.3028,-0.6874,-12.112,6.182,-23.109
19.933732,-79.341,-35.835,78.344,-0.4723,0.2257,-0.4374,-14.632,5.299,-26.602
19.950399,-79.454,-36.294,78.116,-0.2603,0.0319,0.2859,-15.142,5.571,-28.976
19.967066,-79.469,-36.725,77.830,-0.1587,-0.1612,0.7695,-11.354,8.602,-27.752
19.983733,-79.465,-37.153,77.557,-0.4274,0.2168,0.2994,-9.859,7.954,-27.521
20.000400,-79.536,-37.642,77.334,-0.6058,0.0807,0.2580,-12.637,4.912,-30.650
20.017067,-79.580,-38.191,77.146,-0.7078,-0.0454,0.3942,-9.845,2.524,-33.853
20.033734,-79.713,-38.793,77.014,-0.9424,0.1800,0.1917,-13.157,-0.606,-36.521
20.050401,-80.069,-39.460,76.976,-1.3199,0.2408,0.2795,-23.107,-5.497,-39.561
20.067068,-80.469,-40.167,76.984,-1.3055,-0.0951,0.7167,-23.936,-7.797,-41.629
20.083735,-80.856,-40.909,76.968,-1.5059,-0.4301,0.4874,-24.107,-6.756,-43.908
20.100402,-81.471,-41.690,76.959,-1.7380,-0.1787,-0.2881,-37.625,-7.008,-46.232
20.117069,-82.510,-42.612,76.974,-1.9547,-0.1135,-0.7675,-61.952,-8.663,-54.571
20.133736,-84.279,-43.686,77.100,-2.6767,0.2589,-1.7018,-101.336,-13.127,-63.254
20.150403,-87.124,-44.912,77.506,-3.1546,0.7018,-2.8578,-153.990,-23.196,-71.919
20.167070,-91.102,-46.251,78.414,-2.5630,0.2296,-3.3220,-200.095,-39.663,-79.655
20.183737,-95.696,-47.646,79.669,-1.7997,-0.3723,-2.0218,-220.962,-46.642,-86.467
20.200404,-100.800,-48.968,81.176,-1.2236,-0.0742,-1.2692,-239.037,-48.445,-87.055
20.217071,-106.745,-50.199,82.911,-0.8549,0.7367,-0.8305,-277.755,-48.318,-87.740
20.233738,-113.859,-51.361,84.847,-2.0154,1.3113,-0.8017,-337.182,-45.002,-90.822
20.250405,-122.449,-52.334,87.251,-2.5534,2.4235,-1.5257,-402.307,-51.394,-93.440
20.267072,-130.643,-53.196,90.073,-1.7472,0.1056,0.3598,-357.143,-51.893,-102.498
20.283739,-137.211,-54.250,93.026,-2.7063,-3.1001,2.6102,-251.604,-31.977,-118.262
20.300406,-142.190,-55.383,95.903,-3.3374,-3.3952,2.2769,-158.006,-12.842,-119.786
20.317073,-146.635,-56.475,98.577,-3.3827,-0.4002,-0.5491,-134.214,0.634,-111.196
20.333740,-151.837,-57.612,101.353,-2.4775,2.1238,-2.3515,-172.694,11.862,-112.753
20.350407,-157.750,-58.677,104.490,-2.3161,2.8965,-3.1482,-195.329,15.151,-117.136
20.367074,-163.978,-59.607,108.118,-3.0466,1.9075,-2.5326,-187.141,15.698,-123.812
20.383741,-170.344,-60.520,112.095,-3.0799,1.4643,-2.4563,-175.550,26.470,-128.306
20.400408,-176.947,-61.321,116.510,-2.0326,2.1261,-3.1497,-165.110,33.052,-133.307
20.417075,175.899,-61.856,121.306,-1.3599,2.4837,-3.5958,-176.470,32.895,-136.686
20.433742,168.313,-62.117,126.494,-1.2451,2.8855,-3.7745,-180.704,35.109,-142.732
20.450409,159.836,-62.012,132.312,-0.7389,3.4456,-4.2113,-200.465,38.357,-159.076
20.467076,150.693,-61.501,138.417,0.3143,3.8214,-5.2792,-226.138,44.159,-170.344
20.483743,141.502,-60.338,144.604,0.8060,3.2834,-6.0989,-227.238,42.289,-188.711
20.500410,133.197,-58.456,150.473,0.1196,2.2843,-6.5711,-195.372,37.927,-208.399
20.517077,125.995,-55.794,155.590,1.2323,3.0030,-6.8830,-174.310,26.177,-229.317
20.533744,119.700,-52.503,159.614,3.8977,4.0571,-6.5010,-182.068,11.220,-242.695
20.550411,113.970,-48.651,162.635,5.6287,2.9156,-6.2711,-203.792,-2.116,-258.300
20.567078,109.118,-44.509,164.802,6.2049,1.4321,-5.9742,-196.620,-8.619,-264.049
20.583745,105.960,-40.098,166.236,5.8226,0.8368,-6.1658,-131.542,-19.534,-271.589
20.600412,104.244,-35.380,167.121,5.9511,0.8363,-5.0085,-70.458,-33.644,-284.250
20.617079,103.247,-30.386,167.555,7.0232,-0.0477,-3.8186,-45.609,-50.371,-296.236
20.633746,102.390,-25.214,167.652,7.4645,0.0433,-3.3417,-48.643,-64.192,-303.654
20.650413,101.578,-19.902,167.622,8.5720,0.1852,-2.1097,-49.343,-68.094,-311.284
20.667080,101.153,-14.463,167.527,9.0526,-0.9675,-0.3593,-27.102,-69.932,-318.615
20.683747,101.032,-8.990,167.334,7.8627,-1.4158,0.8954,-9.519,-74.495,-319.809
20.700414,101.000,-3.562,167.170,7.0442,-1.0733,1.6648,-2.856,-72.010,-317.436
20.717081,100.947,1.916,166.990,7.5168,-0.7480,1.9888,-3.261,-73.243,-320.242
20.733748,100.931,7.397,166.696,8.1850,-0.4197,2.6070,0.602,-79.698,-319.071
20.750415,101.216,12.892,166.266,8.7292,-0.7641,3.2455,21.684,-88.252,-318.183
20.767082,101.977,18.264,165.661,8.3827,-1.1409,3.4552,55.467,-98.920,-308.079
20.783749,103.249,23.499,165.059,7.1213,-1.9956,4.6759,89.187,-101.348,-298.572
20.800416,105.017,28.521,164.559,5.7058,-2.2879,5.3404,119.254,-99.503,-284.888
20.817083,106.850,33.398,164.224,4.8078,-1.7032,5.8367,120.202,-96.587,-275.964
20.833750,108.413,38.134,163.868,4.7090,-0.9666,6.4174,106.157,-102.242,-264.906
20.850417,109.817,42.678,163.386,4.6258,-0.8437,6.6129,102.889,-109.693,-249.609
20.867084,111.124,46.875,162.488,4.2153,-0.6068,7.4902,116.199,-123.423,-221.819
20.883751,112.729,50.554,160.987,2.0024,-1.2985,8.5417,163.897,-137.074,-181.821
20.900418,114.903,53.500,159.067,0.5908,-1.4413,7.9490,221.035,-135.677,-132.407
20.917085,117.143,56.023,156.939,0.3315,-1.5029,6.3062,238.483,-132.035,-103.053
20.933752,117.907,58.320,154.188,-0.4133,-0.6112,4.9841,184.426,-142.455,-80.214
20.950419,116.834,60.424,150.838,-0.7978,0.4903,4.6282,108.396,-148.329,-64.416
20.967086,114.426,62.318,146.377,-0.8956,0.1247,4.4190,90.316,-164.108,-46.386
20.983753,111.760,63.860,140.577,-1.8952,-1.1927,3.1779,150.249,-180.451,-22.715
21.000420,109.279,64.804,134.190,-5.4932,-0.6996,2.7942,196.433,-174.644,5.610
21.017087,106.089,65.266,127.920,-5.6475,0.9733,3.1045,149.570,-159.063,22.258
21.033754,101.723,65.740,121.700,-3.7458,0.1478,1.7666,77.545,-156.471,9.913
21.050421,96.900,66.442,115.481,-3.0361,-1.5279,-0.1623,51.677,-155.512,-16.794
21.067088,92.491,67.054,109.501,-6.9097,-0.5492,0.1471,65.057,-143.691,-24.679
21.083755,89.882,67.257,104.701,-8.9552,-0.3605,0.6587,108.721,-111.659,-9.581
21.100422,88.097,67.379,100.973,-6.8859,-0.0146,2.0109,99.218,-85.865,-8.659
21.117089,85.648,67.645,97.439,-4.8092,0.5563,1.9316,48.780,-79.925,-20.204
21.133756,83.295,67.927,94.137,-4.4298,0.9125,2.0835,42.059,-72.807,-23.894
21.150423,81.054,68.040,90.665,-4.0491,-0.1737,2.1096,58.553,-76.386,-17.203
21.167090,79.531,67.714,87.222,-4.2751,-1.1160,1.0687,99.768,-79.960,6.253
21.183757,79.114,67.031,84.204,-6.0757,-0.2966,0.9662,142.000,-76.099,27.401
21.200424,79.392,66.208,81.928,-6.1290,0.4827,1.5834,141.780,-62.556,38.509
21.217091,79.387,65.467,80.175,-4.5649,0.2588,1.4163,95.417,-50.705,35.821
21.233758,78.859,64.879,78.655,-3.7335,-0.4351,0.8279,50.891,-44.538,27.520
21.250425,78.263,64.367,77.266,-3.7498,-1.0193,0.3597,39.315,-41.414,23.115
21.267092,77.829,63.944,76.227,-3.5255,-1.4506,-0.5522,29.869,-32.201,19.277
21.283759,77.423,63.625,75.484,-3.2678,-1.9240,-0.8714,15.348,-23.736,14.563
21.300426,77.141,63.382,74.884,-3.2889,-2.2529,-1.3163,15.045,-19.321,10.852
21.317093,77.209,63.146,74.363,-3.5402,-1.4431,-1.0326,31.736,-17.324,10.818
21.333760,77.667,62.947,73.994,-3.3228,-1.4593,-0.8157,46.958,-12.932,9.662
21.350427,78.335,62.806,73.735,-3.0595,-1.2276,-1.1599,53.690,-9.253,6.998
21.367094,78.981,62.800,73.677,-2.8877,-0.7374,-1.4681,41.543,-2.234,0.284
21.383761,79.264,62.949,73.752,-2.3263,-0.6817,-1.2650,12.678,3.079,-8.176
21.400428,79.264,63.177,73.957,-1.8948,-0.6289,-0.9910,-11.310,7.382,-12.174
21.417095,79.203,63.419,74.184,-1.3470,-0.8748,-0.0441,-16.074,8.019,-12.860
21.433762,79.291,63.696,74.499,-0.6470,-1.0074,0.5650,-11.947,10.673,-14.501
21.450429,79.623,63.946,74.917,-0.3135,-1.4477,0.8549,-2.903,12.906,-12.408
21.467096,80.188,64.138,75.263,-0.4738,-1.1925,0.7837,14.920,10.263,-9.446
21.483763,81.112,64.306,75.682,-0.9999,-0.8438,0.2861,32.543,11.700,-7.869
21.500430,82.062,64.535,76.193,-0.7303,-0.0331,-0.1713,29.023,14.404,-11.343
21.517097,82.593,64.896,76.759,0.2395,0.8417,-0.1369,0.818,16.543,-19.234
21.533764,83.063,65.287,77.345,1.1495,-0.0777,-0.7631,-3.929,16.889,-21.117
21.550431,83.900,65.556,78.073,1.3005,0.2331,-0.6987,10.182,19.179,-13.647
21.567098,84.893,65.724,78.910,2.1357,1.0978,0.2636,13.550,20.907,-7.671
21.583765,85.869,65.835,79.704,2.6028,1.2524,0.5074,14.808,19.389,-4.777
21.600432,86.811,65.964,80.422,2.6314,0.2667,0.2635,16.975,17.420,-6.320
21.617099,87.460,66.088,81.069,2.6736,0.6160,0.1137,3.169,15.572,-6.412
21.633766,87.593,66.185,81.686,2.9392,1.7068,0.3969,-26.182,14.680,-4.904
21.650433,87.267,66.280,82.061,3.2869,0.8402,-0.2245,-40.340,8.823,-5.052
21.667100,86.998,66.338,82.186,3.3966,-0.5685,-0.7456,-23.279,2.744,-3.125
21.683767,86.928,66.348,82.136,4.0661,-0.2562,-0.9264,-1.699,-1.545,-0.480
21.700434,86.935,66.306,81.750,4.0301,-0.2182,-0.8658,21.396,-9.736,2.224
21.717101,86.924,66.196,80.840,4.0346,-0.2367,-1.2034,49.124,-22.582,5.634
21.733768,86.835,66.063,79.498,4.3507,0.4409,-0.9890,68.107,-33.149,6.404
21.750435,86.537,65.920,77.745,4.9918,1.0029,-0.3468,77.932,-43.323,6.301
21.767102,85.755,65.748,75.487,6.0307,1.7060,0.4752,76.510,-56.068,6.733
21.783769,84.448,65.474,72.763,6.8589,1.8775,0.7850,70.299,-68.599,10.705
21.800436,82.830,65.009,69.461,6.9591,0.9257,0.9750,82.659,-85.387,18.620
21.817103,81.180,64.302,65.643,6.7589,0.6452,1.5648,107.945,-102.737,28.359
21.833770,79.474,63.318,61.554,6.1551,2.0941,2.5437,117.608,-116.277,39.948
21.850437,77.437,62.096,57.514,6.4251,1.9288,3.3507,93.093,-123.112,49.435
21.867104,75.212,60.624,53.464,6.3653,1.3286,4.3283,79.709,-133.508,58.038
21.883771,73.363,58.841,49.235,5.4711,-0.5930,5.2720,108.162,-151.457,68.009
21.900438,72.150,56.587,44.977,4.6243,-1.4493,5.7308,143.149,-169.747,88.339
21.917105,71.829,53.784,40.896,3.8891,-1.7326,6.4537,181.782,-184.212,116.225
21.933772,72.298,50.438,36.954,2.9837,-2.3280,7.2898,214.734,-199.271,145.740
21.950439,73.305,46.579,33.107,2.1650,-3.0264,8.3972,233.354,-213.812,175.365
21.967106,74.744,42.146,29.361,1.1279,-3.0533,9.7739,243.508,-226.997,210.806
21.983773,76.412,37.166,25.771,0.1266,-2.7016,11.6065,237.559,-234.387,247.311
22.000440,77.867,31.791,22.274,-1.0830,-3.4844,12.7515,206.167,-239.822,275.163
22.017107,78.749,26.174,18.870,-3.1165,-3.7197,12.9280,151.987,-242.712,292.988
22.033774,79.871,20.287,15.475,-5.7325,-6.2926,10.6172,147.852,-249.002,311.502
22.050441,82.587,13.842,11.993,-7.9877,-8.2119,9.9867,224.311,-256.069,351.009
22.067108,86.682,6.753,8.362,-10.3888,-5.6445,9.5055,284.650,-253.132,402.792
22.083775,90.696,-0.623,4.827,-11.3296,-3.8189,11.1568,252.160,-221.909,437.100
22.100442,94.158,-8.036,1.193,-13.9464,-1.7238,9.1662,191.370,-198.686,453.161
22.117109,97.413,-15.592,-2.531,-13.8832,1.0315,5.4245,149.613,-172.224,472.897
22.133776,101.358,-23.301,-6.344,-13.6352,2.0185,2.3472,160.384,-137.970,491.548
22.150443,106.722,-31.073,-10.531,-13.2009,2.5398,-0.6345,206.680,-104.314,506.879
22.167110,113.148,-38.730,-15.262,-14.6699,3.2364,-0.8746,222.554,-62.951,511.713
22.183777,120.371,-45.960,-20.746,-16.3317,3.7247,-3.6023,211.021,-22.572,497.491
22.200444,128.150,-52.514,-27.331,-14.8728,3.6586,-7.9187,166.682,7.424,471.056
22.217111,138.344,-58.345,-35.867,-10.6289,3.7925,-12.3543,188.880,27.224,454.848
22.233778,152.200,-63.428,-47.277,-9.7837,3.8830,-13.3208,231.922,59.803,448.150
22.250445,170.008,-67.140,-62.292,-6.8832,2.8903,-14.8963,248.477,87.361,429.071
22.267112,-169.684,-68.977,-80.203,-4.7303,2.1055,-14.4513,220.146,110.336,401.797
22.283779,-150.023,-68.796,-97.982,-1.9567,0.8748,-15.8123,183.213,122.199,365.141
22.300446,-133.042,-67.060,-113.187,1.5507,1.0676,-16.1080,172.508,132.315,333.910
22.317113,-120.190,-64.330,-124.879,3.1305,0.4243,-15.5447,131.037,134.756,304.623
22.333780,-110.870,-61.312,-133.308,8.0132,1.2511,-13.0133,108.851,131.003,264.170
22.350447,-103.586,-58.307,-139.325,9.8047,1.2260,-10.5923,124.626,120.525,227.242
22.367114,-97.710,-55.716,-143.507,11.4437,0.1572,-7.8330,141.958,105.964,179.205
22.383781,-93.148,-53.837,-146.557,10.6955,0.5048,-4.4236,124.060,94.741,123.216
22.400448,-90.076,-52.955,-148.564,11.5851,2.4907,-2.3020,87.427,70.550,55.702
22.417115,-88.242,-52.985,-149.326,11.4147,2.6247,-1.7603,73.392,27.631,-1.580
22.433782,-86.841,-54.024,-149.441,11.1298,2.3520,-1.2530,78.362,1.476,-62.053
22.450449,-86.273,-55.965,-148.532,10.7585,1.9063,-3.0764,78.560,-38.242,-114.173
22.467116,-86.658,-58.698,-146.459,8.3282,2.5934,-4.9144,81.444,-77.266,-159.416
22.483783,-88.726,-61.884,-142.847,6.8933,4.1034,-6.4961,64.042,-115.212,-186.676
22.500450,-92.805,-65.423,-137.233,5.0826,4.6088,-8.2577,57.127,-146.859,-214.256
22.517117,-99.972,-69.216,-128.583,3.5903,5.1595,-11.4811,49.043,-173.758,-248.050
22.533784,-112.652,-72.891,-114.529,2.4846,4.9718,-13.1643,37.344,-200.963,-287.205
22.550451,-132.912,-75.530,-92.887,-0.5166,6.0269,-14.4769,35.059,-211.423,-321.461
22.567118,-160.134,-75.614,-64.296,-3.6932,5.4766,-14.6076,29.850,-229.572,-356.172
22.583785,175.095,-72.412,-38.627,-6.2753,5.7846,-14.2801,-3.598,-240.676,-393.385
22.600452,157.864,-66.652,-21.114,-8.6761,5.9329,-15.0018,-47.566,-246.610,-436.444
22.617119,146.724,-59.324,-9.242,-10.4930,7.0758,-16.1557,-32.510,-236.883,-489.849
22.633786,138.710,-50.876,-0.216,-15.6948,5.4086,-17.0261,-35.761,-214.228,-552.925
22.650453,131.792,-40.954,7.170,-19.8255,2.5835,-17.3777,-95.814,-204.515,-637.509
22.667120,124.467,-29.467,13.650,-25.5172,-1.6293,-16.9928,-214.223,-174.542,-737.716
22.683787,116.540,-16.376,19.961,-33.5213,-6.3317,-14.6677,-326.448,-96.988,-853.078
22.700454,108.316,-1.704,26.748,-43.3209,-13.4419,-10.2670,-427.336,37.221,-966.091
22.717121,100.264,14.356,34.219,-52.9972,-25.0311,1.2904,-530.239,195.336,-1042.152
22.733788,92.582,31.124,43.596,-55.2357,-31.0446,25.9760,-676.425,404.534,-1055.211
22.750455,87.219,45.777,55.508,-42.8817,-36.9434,47.7589,-766.333,561.394,-873.937
22.767122,86.341,55.589,70.880,-17.9207,-19.7259,65.8586,-768.105,614.195,-549.411
22.783789,92.164,60.728,88.544,-28.6016,-38.1820,45.7583,-553.447,558.780,-296.459
22.800456,104.283,61.811,111.650,-11.4878,-26.2006,59.4373,-492.178,643.687,-156.786
22.817123,115.246,59.691,134.205,18.6101,-21.2787,59.0505,-526.514,658.106,-104.289
22.833790,123.455,53.970,153.368,35.8498,-24.3002,49.8504,-473.469,709.704,-11.832
22.850457,127.171,45.529,167.910,45.0600,-15.5576,43.4278,-445.991,747.726,84.723
22.867124,127.664,36.709,177.775,43.8159,-1.4036,39.3177,-361.804,672.588,147.818
22.883791,126.312,28.101,-175.406,40.7998,1.3446,32.4550,-302.031,584.643,203.741
22.900458,122.673,19.548,-169.779,43.9017,2.5923,22.5362,-355.934,543.950,247.268
22.917125,117.900,11.063,-164.605,47.9306,4.0547,7.7944,-369.442,514.752,287.964
22.933792,114.330,2.404,-159.545,47.8990,9.6137,-4.5933,-251.048,499.355,333.264
22.950459,113.343,-5.958,-154.531,46.3854,15.1339,-14.0845,-51.506,478.073,337.135
22.967126,114.265,-13.518,-149.822,39.6613,21.1078,-22.3758,101.326,438.585,302.585
22.983793,115.227,-20.169,-145.439,26.7890,21.4409,-23.7646,132.298,396.678,257.283
23.000460,115.608,-26.139,-141.064,16.6517,17.9191,-22.3052,124.620,372.968,220.273
23.017127,114.789,-31.515,-136.273,8.3022,15.2060,-19.5765,88.225,366.499,185.044
23.033794,112.774,-36.198,-130.935,3.0573,15.7550,-19.3333,56.575,358.041,150.187
23.050461,109.642,-39.936,-125.192,1.1442,17.8146,-20.8606,23.609,335.296,111.336
23.067128,105.462,-42.916,-119.313,-2.0731,16.3584,-20.4200,-18.223,307.260,91.146
23.083795,100.682,-45.348,-113.404,-5.2399,12.0513,-18.1107,-40.611,282.021,85.163
23.100462,96.242,-47.372,-107.738,-7.3301,7.6357,-16.0250,-21.088,250.912,86.200
23.117129,92.582,-49.189,-102.416,-8.0156,5.6197,-13.4326,18.103,221.150,92.959
23.133796,89.681,-50.704,-97.439,-7.7744,5.0279,-12.3807,53.853,194.731,87.686
23.150463,87.030,-51.876,-92.737,-8.0485,4.8227,-9.4704,60.422,175.019,75.944
23.167130,84.149,-52.708,-88.219,-8.4460,3.2141,-7.3284,40.987,162.072,63.131
23.183797,81.212,-53.275,-83.984,-8.8923,2.2274,-6.2448,26.174,147.866,53.790
23.200464,78.346,-53.572,-80.176,-8.9345,1.2626,-6.0665,10.961,131.244,42.235
23.217131,75.995,-53.666,-76.899,-8.6169,-0.3468,-5.8234,16.747,112.760,31.968
23.233798,74.404,-53.652,-74.133,-8.1046,-1.0840,-5.1599,37.752,95.485,24.839
23.250465,73.438,-53.616,-71.798,-8.1021,-0.8468,-4.4457,54.388,80.587,21.402
23.267132,72.954,-53.609,-69.843,-7.9142,-0.1623,-3.5613,64.993,66.791,20.180
23.283799,72.829,-53.604,-68.288,-7.0626,-0.6286,-3.2168,67.198,52.966,16.441
23.300466,73.049,-53.566,-67.125,-6.4349,-1.9106,-2.3981,69.009,40.201,10.366
23.317133,73.537,-53.469,-66.291,-5.7711,-2.5600,-1.8068,69.168,30.016,3.409
23.333800,74.295,-53.303,-65.742,-5.1484,-2.4041,-1.0251,71.622,21.475,-3.773
23.350467,75.173,-53.025,-65.409,-4.7190,-2.2083,-0.7620,68.397,15.713,-12.591
23.367134,75.973,-52.654,-65.229,-4.6618,-1.5896,-0.2134,56.305,11.597,-19.596
23.383801,76.641,-52.198,-65.220,-4.0865,-1.0206,-0.2029,40.265,6.507,-26.241
23.400468,77.349,-51.665,-65.426,-3.1572,-1.3128,-0.7112,32.525,-0.561,-32.540
23.417135,78.271,-51.123,-65.811,-2.5662,-1.4425,-0.8271,37.070,-7.550,-34.551
23.433802,79.295,-50.623,-66.274,-2.1836,-1.1303,-0.8810,39.674,-11.731,-32.516
23.450469,80.562,-50.172,-66.826,-1.9790,-1.0210,-0.7807,50.389,-16.394,-30.078
23.467136,81.952,-49.717,-67.381,-1.5707,-1.2589,-0.2743,57.698,-17.395,-29.982
23.483803,83.242,-49.200,-67.910,-1.6176,-1.0251,-0.2140,53.146,-16.834,-33.174
23.500470,84.377,-48.623,-68.472,-1.9882,-0.2423,-0.0064,42.509,-18.688,-36.548
23.517137,85.367,-47.976,-69.137,-2.0404,-0.3021,-0.6669,29.448,-23.365,-40.789
23.533804,86.300,-47.331,-69.805,-1.5942,-0.6623,-0.9979,26.255,-24.512,-40.325
23.550471,87.340,-46.702,-70.439,-1.8330,-1.0502,-1.1211,34.393,-24.195,-38.874
23.567138,88.539,-46.081,-71.038,-1.6928,-0.6405,-0.9651,45.831,-23.840,-37.860
23.583805,89.825,-45.439,-71.667,-1.5497,-0.1776,-1.1352,49.976,-26.185,-38.715
23.600472,91.152,-44.790,-72.348,-2.0756,0.1031,-1.0668,50.552,-29.572,-38.416
23.617139,92.407,-44.165,-73.081,-2.6952,0.1630,-0.8387,44.390,-32.943,-36.280
23.633806,93.583,-43.544,-73.834,-2.6838,-0.1346,-0.6679,39.133,-34.913,-35.296
23.650473,94.833,-42.901,-74.634,-2.5581,-0.1705,-0.6538,42.085,-38.096,-35.626
23.667140,96.070,-42.252,-75.522,-2.5877,0.2703,-0.0892,38.080,-43.211,-34.806
23.683807,97.232,-41.596,-76.502,-2.1250,0.5977,0.0883,30.371,-48.446,-33.774
23.700474,98.443,-40.960,-77.570,-1.4011,0.8285,0.1438,30.346,-53.373,-31.006
23.717141,99.727,-40.371,-78.691,-0.8986,0.9592,0.4659,33.132,-56.403,-26.583
23.733808,101.024,-39.835,-79.817,-0.3209,1.2087,0.9797,34.263,-57.056,-22.040
23.750475,102.368,-39.315,-80.929,0.3710,1.5117,1.3852,38.082,-57.114,-19.873
23.767142,103.722,-38.796,-81.995,1.0631,1.4328,2.0945,40.896,-55.834,-18.865
23.783809,105.020,-38.295,-82.954,1.4250,1.3944,2.9796,41.979,-51.398,-17.657
23.800476,106.116,-37.856,-83.780,1.3808,1.8970,3.8352,35.110,-45.042,-14.625
23.817143,106.973,-37.484,-84.492,1.1006,1.8695,4.0917,25.191,-39.162,-11.518
23.833810,107.614,-37.202,-85.134,0.9922,1.8611,4.0049,15.024,-34.578,-6.773
23.850477,108.030,-37.027,-85.708,1.0522,1.7974,3.5324,4.078,-29.664,-1.292
23.867144,108.362,-36.941,-86.241,1.0706,1.6278,3.1479,0.521,-26.208,3.390
23.883811,108.677,-36.944,-86.735,0.7000,1.4043,2.4856,0.985,-22.725,7.949
23.900478,108.861,-37.036,-87.225,0.1954,1.5825,2.5316,-6.784,-20.708,13.114
23.917145,108.901,-37.165,-87.696,0.2188,1.1972,1.9586,-14.767,-19.117,14.918
23.933812,108.952,-37.345,-88.159,-0.0174,0.7459,1.5853,-13.864,-17.665,17.652
23.950479,109.036,-37.550,-88.656,-0.8853,0.7285,1.3482,-13.257,-18.676,19.645
23.967146,109.023,-37.804,-89.187,-1.4535,0.4774,0.9751,-20.381,-19.158,22.946
23.983813,108.978,-38.128,-89.763,-1.9568,0.8368,0.7409,-24.116,-19.696,27.534
24.000480,108.929,-38.465,-90.429,-2.4224,0.6009,-0.0724,-27.770,-23.396,29.610
24.017147,108.959,-38.813,-91.212,-2.5604,0.3560,-0.7750,-27.691,-28.244,31.953
24.033814,109.093,-39.156,-92.107,-2.6949,0.2814,-1.0225,-25.834,-33.118,33.356
24.050481,109.387,-39.448,-93.154,-3.2508,0.0516,-0.9317,-22.220,-40.466,32.869
24.067148,109.645,-39.666,-94.321,-3.9397,0.0892,-0.8966,-29.224,-46.883,30.703
24.083815,109.725,-39.895,-95.553,-3.8779,0.2021,-1.2467,-42.526,-49.251,32.344
24.100482,109.764,-40.135,-96.878,-3.8113,0.4748,-1.3079,-48.810,-52.866,34.428
24.117149,109.774,-40.295,-98.312,-3.9283,0.3873,-1.7270,-54.962,-59.037,31.599
24.133816,109.780,-40.336,-99.852,-4.0859,-0.1498,-2.3689,-59.480,-65.953,26.422
24.150483,109.954,-40.236,-101.500,-4.2065,-0.5081,-2.8989,-53.449,-73.486,20.298
24.167150,110.300,-39.971,-103.271,-4.4850,-0.4702,-3.4255,-47.680,-82.339,13.311
24.183817,110.691,-39.611,-105.146,-4.5018,0.1715,-3.8134,-48.545,-89.117,10.274
24.200484,111.258,-39.151,-107.158,-4.2395,0.7836,-4.1583,-42.488,-97.587,7.906
24.217151,111.969,-38.567,-109.276,-3.8922,1.0347,-4.3592,-36.988,-105.521,4.089
24.233818,112.796,-37.824,-111.489,-3.6469,1.4341,-4.3929,-32.381,-114.104,-1.222
24.250485,113.860,-36.894,-113.782,-3.6408,1.9066,-4.9379,-19.554,-123.182,-7.699
24.267152,115.130,-35.767,-116.160,-3.1856,2.6196,-5.6423,-8.213,-133.368,-13.660
24.283819,116.465,-34.526,-118.554,-2.4528,3.2971,-5.8968,-2.443,-138.835,-15.658
24.300486,117.846,-33.149,-120.940,-1.9389,3.8901,-5.7276,3.300,-144.238,-19.022
24.317153,119.361,-31.633,-123.351,-1.4525,4.7874,-5.1921,13.603,-151.457,-21.123
24.333820,120.803,-29.949,-125.799,-1.1487,6.0755,-4.9963,11.541,-160.536,-23.914
24.350487,121.813,-28.101,-128.316,-0.5382,7.0594,-5.4197,-12.435,-171.127,-25.880
24.367154,122.345,-26.107,-130.910,0.7455,7.7388,-6.6927,-38.691,-181.594,-27.463
24.383821,122.536,-23.954,-133.529,2.3790,8.0453,-7.1625,-54.749,-190.124,-32.316
24.400488,122.666,-21.616,-136.161,3.2397,7.4247,-6.9518,-52.960,-198.855,-39.369
24.417155,122.959,-19.139,-138.863,4.0823,7.2368,-6.3227,-38.535,-208.817,-42.189
24.433822,123.720,-16.456,-141.585,6.2169,6.7803,-6.6019,-3.797,-218.890,-48.665
24.450489,124.762,-13.572,-144.250,8.2681,5.9299,-6.2647,21.463,-225.494,-55.784
24.467156,126.000,-10.525,-146.818,9.6799,4.9612,-4.6374,42.541,-229.064,-61.417
24.483823,127.898,-7.272,-149.327,10.1914,2.9072,-3.8109,90.970,-236.415,-66.116
24.500490,130.405,-3.907,-151.781,10.4738,1.2613,-2.9213,136.487,-241.297,-63.638
24.517157,132.957,-0.586,-154.177,10.9149,1.1591,-1.4032,147.776,-239.831,-52.866
24.533824,134.930,2.775,-156.413,11.0833,2.4255,-0.9242,121.264,-236.390,-51.740
24.550491,135.637,6.398,-158.414,11.1753,3.6681,-0.9576,52.377,-238.506,-67.470
24.567158,135.336,10.290,-160.211,12.1484,2.5385,1.1113,-2.117,-240.920,-87.214
24.583825,135.270,14.173,-161.848,11.5372,-1.3756,3.0391,17.118,-232.674,-95.203
24.600492,135.695,17.986,-163.664,10.1228,-1.5890,3.5639,55.910,-236.020,-85.307
24.617159,136.019,21.745,-165.821,10.4706,-0.8436,3.3253,63.623,-245.936,-69.286
24.633826,136.008,25.376,-168.265,11.7344,-1.0986,3.3787,58.059,-249.358,-54.098
24.650493,135.616,28.858,-170.829,11.3377,-1.8459,5.3817,46.676,-244.409,-46.965
24.667160,135.410,32.235,-173.366,9.1197,-4.6411,7.6647,65.081,-235.461,-47.931
24.683827,135.728,35.637,-175.958,7.7975,-4.9249,8.8162,105.832,-235.054,-50.200
24.700494,136.104,39.243,-178.822,6.9154,-4.5080,8.6542,126.974,-249.286,-52.020
24.717161,136.121,42.708,178.177,3.5978,-6.4436,8.4641,118.964,-242.960,-45.597
24.733828,135.373,45.952,175.277,1.2905,-5.9093,7.1580,76.557,-225.094,-46.118
24.750495,134.031,49.076,172.161,0.9470,-5.9921,7.5274,57.138,-220.492,-43.872
24.767162,132.970,52.085,168.866,0.0094,-6.7030,8.0947,88.865,-214.231,-43.980
24.783829,132.548,54.880,165.288,-3.5516,-6.6218,7.6965,146.952,-206.576,-35.827
24.800496,132.320,57.280,160.898,-3.6569,-6.4217,6.3818,204.616,-204.647,-6.583
24.817163,132.211,59.175,155.381,-3.6890,-5.2326,6.3419,274.581,-204.502,33.573
24.833830,131.320,60.561,149.105,-4.4840,-1.9537,7.1596,271.901,-195.488,64.271
24.850497,128.476,61.671,142.335,-5.3708,0.6193,8.3333,184.861,-192.389,75.097
24.867164,124.828,62.643,136.094,-5.6047,-3.3914,6.0069,112.090,-174.356,57.872
24.883831,120.690,63.623,130.664,-6.5324,-5.2630,2.9541,42.106,-154.970,30.464
24.900498,115.929,64.533,125.485,-6.8428,-3.6425,2.7903,-6.363,-144.919,16.695
24.917165,111.064,65.345,120.184,-6.8107,-1.4588,4.1773,-3.938,-142.570,9.297
24.933832,107.082,65.906,114.839,-8.2971,-2.7761,3.7083,52.925,-135.749,11.744
24.950499,104.438,65.875,110.106,-9.1630,-4.2867,2.2151,100.411,-110.955,33.599
24.967166,102.092,65.536,105.796,-8.1791,-3.7013,0.7712,94.707,-98.817,44.472
24.983833,99.109,65.095,101.860,-6.8699,-1.8599,0.3444,35.426,-92.134,44.448
25.000500,95.460,64.815,98.215,-7.2149,-0.0410,1.1585,-21.021,-89.830,28.689
25.017167,92.137,64.704,95.044,-9.8273,-2.0583,-1.0952,-27.478,-80.739,12.359
25.033834,90.192,64.446,93.328,-9.4173,-4.3981,-2.6940,-23.971,-44.204,16.695
25.050501,88.647,64.061,92.260,-6.3765,-1.7119,-1.9282,-35.243,-28.523,23.176
25.067168,87.171,63.870,91.290,-4.9658,-0.1538,-0.9364,-36.512,-26.454,10.833
25.083835,85.560,63.932,90.345,-3.9561,-0.1240,-0.5655,-45.949,-25.220,-4.977
25.100502,83.653,63.826,89.204,-2.1558,-0.8525,0.0011,-53.230,-31.204,3.827
25.117169,82.916,63.336,87.933,-2.2767,-1.5055,-0.6983,23.893,-37.760,25.550
25.133836,83.825,62.697,87.121,-2.8287,0.0135,0.1440,97.681,-26.985,35.850
25.150503,84.802,62.111,86.223,-1.6453,1.0507,1.0774,106.123,-28.944,32.795
25.167170,85.360,61.890,85.438,-0.7741,-0.5678,-0.5296,74.787,-23.795,11.651
25.183837,85.695,61.852,85.006,-2.0546,-1.3002,-1.7430,42.753,-12.973,1.621
25.200504,86.184,61.891,85.222,-3.1471,-0.4981,-2.3764,17.699,5.629,-1.573
25.217171,86.503,62.057,85.870,-2.0376,-0.3430,-1.4145,-15.418,18.220,-8.456
25.233838,86.919,62.349,86.627,-0.9089,-0.9950,-0.6291,-15.553,21.520,-15.977
25.250505,87.782,62.809,87.387,-0.4467,-1.4173,-0.6206,11.102,21.593,-26.256
25.267172,88.826,63.307,88.014,-0.2422,-0.5446,-0.3222,28.862,17.299,-29.065
25.283839,90.243,63.832,88.641,-0.0926,-0.5658,-0.3830,51.135,16.379,-31.022
25.300506,91.762,64.190,89.652,0.6144,1.5444,1.0102,36.341,25.611,-21.639
25.317173,92.811,64.557,90.369,2.3037,1.0845,0.7475,23.933,17.131,-22.402
25.333840,93.800,64.891,90.858,2.4760,0.3358,-0.1578,32.558,10.828,-20.475
25.350507,94.816,65.157,91.239,2.2279,0.3563,-0.3414,40.023,7.936,-16.345
25.367174,95.558,65.318,91.641,2.0029,1.2467,-0.3726,22.413,8.722,-10.280
25.383841,96.089,65.422,92.041,1.6959,1.3299,-0.3350,9.807,8.883,-6.955
25.400508,96.645,65.564,92.332,1.8502,0.8480,-0.4385,17.272,5.863,-9.038
25.417175,97.052,65.695,92.555,1.5225,0.7131,-0.1128,11.996,4.176,-8.222
25.433842,97.476,65.825,92.787,0.9807,0.8769,0.3143,12.514,4.331,-8.249
25.450509,97.727,65.974,93.042,0.6520,1.0597,0.7078,0.898,4.660,-9.475
25.467176,97.596,66.112,93.359,0.5596,1.4486,1.1431,-25.435,6.228,-9.054
25.483843,97.198,66.267,93.505,0.7483,0.8466,0.7554,-32.162,1.995,-9.506
25.500510,96.946,66.422,93.580,0.3662,0.3085,-0.0431,-19.371,0.331,-9.265
25.517177,96.881,66.521,93.662,0.0976,0.0033,-0.2317,-8.651,0.937,-5.970
25.533844,96.859,66.563,93.712,0.3710,0.0840,-0.0849,-4.273,0.576,-2.524
25.550511,96.467,66.595,93.721,0.1995,0.5848,0.3378,-24.248,-0.295,-1.761
25.567178,95.739,66.688,93.821,-0.4419,0.7860,0.5239,-49.386,1.492,-5.651
25.583845,94.002,66.921,93.657,0.1294,1.4173,0.5566,-95.432,-5.329,-13.451
25.600512,91.575,67.184,93.273,0.6199,1.0392,-0.0169,-124.577,-10.039,-15.223
25.617179,89.588,67.380,93.134,0.2712,-0.2582,-0.6201,-111.725,-3.608,-11.637
25.633846,88.215,67.506,93.473,-0.1682,-0.3889,-0.6983,-101.367,7.681,-7.293
25.650513,87.025,67.579,93.931,-0.4948,0.3576,0.4936,-96.974,10.376,-3.785
25.667180,85.850,67.723,94.540,-0.9526,0.5782,-0.0289,-104.530,14.137,-7.692
25.683847,84.397,67.799,95.156,-0.8401,1.1460,0.8344,-121.560,14.048,-3.239
25.700514,83.042,67.864,95.421,-0.5811,-0.0226,0.1283,-96.266,6.107,-3.107
25.717181,81.963,67.848,95.559,-0.5233,-0.0034,0.0394,-72.587,2.692,1.417
25.733848,81.202,67.739,95.431,-0.2583,-0.2148,-0.3461,-38.806,-4.120,6.157
25.750515,80.623,67.501,94.916,0.0319,-0.9384,-0.5825,-6.344,-14.168,12.318
25.767182,80.079,67.121,94.217,-1.0143,-0.9019,-0.5127,5.882,-20.059,19.884
25.783849,79.973,66.747,93.276,-1.6596,-0.6205,0.3904,45.336,-25.965,18.370
25.800516,80.028,66.462,92.003,-0.8598,-0.1569,0.6552,73.244,-33.151,11.650
25.817183,79.834,66.188,90.800,-0.5922,1.1058,1.0268,54.261,-31.745,11.269
25.833850,79.290,65.935,89.674,-0.3432,0.4698,0.4316,28.839,-30.003,10.030
25.850517,78.804,65.732,88.862,0.0971,-1.0652,-0.9622,15.088,-22.223,8.277
25.867184,78.927,65.584,88.640,-0.1091,-0.9480,-1.2210,19.324,-7.422,7.778
25.883851,79.449,65.454,88.759,-1.3460,0.8870,0.0828,24.598,1.136,8.311
25.900518,79.922,65.467,89.022,-0.7504,-0.1135,-0.0424,13.904,6.243,0.516
25.917185,80.291,65.581,89.494,-0.6428,-0.1941,-0.1248,-3.896,12.410,-4.633
25.933852,80.501,65.725,89.829,-0.0585,0.2136,0.1522,-5.938,9.281,-7.019
25.950519,80.696,65.806,90.109,0.3709,0.8224,0.5630,-3.822,7.272,-3.573
25.967186,81.050,65.832,90.115,0.3228,-0.7095,0.1564,20.737,0.084,-1.442
25.983853,81.584,65.833,89.770,-0.3524,-1.1403,-0.0969,50.696,-8.692,-1.242
26.000520,81.985,65.813,89.425,-0.4175,0.1091,0.0545,42.726,-8.873,0.110
26.017187,82.175,65.795,89.162,-0.2849,0.9400,0.3507,25.566,-6.871,0.301
26.033854,82.181,65.818,88.907,0.3163,0.5568,-0.0766,14.144,-6.347,-2.092
26.050521,82.016,65.809,88.683,1.0332,1.0654,0.4448,2.147,-5.841,-0.151
26.067188,81.771,65.764,88.310,1.3375,0.7468,0.3347,5.512,-9.786,1.511
26.083855,82.008,65.713,88.010,0.7489,-0.6720,-0.8223,30.384,-8.010,2.040
26.100522,82.666,65.582,87.924,0.1179,-0.6717,-1.1533,43.981,-3.434,7.629
26.117189,83.408,65.439,88.105,-0.0876,0.9253,0.2246,34.468,3.145,9.193
26.133856,83.610,65.326,88.303,0.5819,1.4595,0.9257,1.115,3.885,7.387
26.150523,83.910,65.296,88.674,0.0942,-0.6978,-0.1668,-2.390,8.768,2.852
26.167190,84.438,65.265,89.077,-0.4680,-0.3611,-0.4350,9.434,9.623,3.019
26.183857,84.723,65.190,89.442,-0.5978,0.5880,-0.1965,-2.977,8.451,5.397
26.200524,84.764,65.128,89.749,-0.5050,0.3838,-0.1672,-14.448,7.089,4.513
26.217191,84.694,65.112,89.950,-0.4540,-0.0353,-0.3056,-15.339,4.686,1.510
26.233858,84.688,65.116,90.186,-0.4620,-0.3623,-0.4239,-13.411,5.661,0.430
26.250525,84.700,65.100,90.250,-0.7819,-0.1801,-0.0964,-2.995,1.260,1.204
26.267192,84.861,65.028,90.120,-1.7465,-1.0848,-0.5566,16.596,-3.974,4.069
26.283859,85.062,64.854,89.936,-1.9007,-0.2521,-0.2862,21.831,-5.881,10.098
26.300526,85.331,64.762,89.816,-1.4000,1.8155,1.2520,22.462,-3.841,5.352
26.317193,84.976,64.781,89.432,-0.6498,0.6450,1.2128,-0.690,-10.029,-1.847
26.333860,84.452,64.754,88.985,0.0944,-0.3161,0.5556,-7.401,-11.872,0.617
26.350527,83.856,64.586,88.505,-0.2745,-1.3613,-0.6270,-9.902,-13.620,8.866
26.367194,84.035,64.498,88.311,-0.8803,-0.2756,-0.1091,21.026,-5.867,4.791
26.383861,84.096,64.456,88.003,-1.0001,-0.4357,-0.1147,20.116,-8.534,1.779
26.400528,84.173,64.521,87.875,-0.9634,0.3865,-0.0385,11.355,-3.264,-4.091
26.417195,84.144,64.601,87.816,-0.8630,0.5729,0.0512,1.268,-1.377,-4.838
26.433862,84.230,64.681,87.763,-0.6535,0.5099,0.1714,7.810,-1.248,-4.800
26.450529,84.617,64.786,87.859,-0.4367,0.4052,0.2791,17.787,2.681,-5.983
26.467196,85.218,64.917,88.118,-0.5006,0.2021,0.2284,21.837,6.889,-7.166
26.483863,85.883,65.032,88.558,-0.4214,0.1596,-0.0270,15.743,11.279,-5.874
26.500530,86.630,65.156,89.152,-0.6614,0.0430,-0.0876,12.286,15.079,-6.364
26.517197,87.240,65.291,89.757,-0.2492,0.2517,-0.2778,3.483,15.232,-7.200
26.533864,87.640,65.410,90.236,-0.0269,-0.0341,-0.1543,-2.329,11.894,-6.543
26.550531,88.106,65.496,90.711,0.5602,-0.3286,-0.8092,1.887,11.616,-4.585
26.567198,88.824,65.554,91.380,0.5132,-0.2946,-0.5338,6.302,16.345,-2.980
26.583865,89.565,65.600,91.988,0.6831,0.1604,-0.1154,11.024,14.752,-2.467
26.600532,90.095,65.659,92.347,1.0831,0.3208,0.3199,11.977,8.536,-3.421
26.617199,90.288,65.632,92.362,0.7251,0.1052,0.0506,10.583,0.035,1.758
26.633866,90.820,65.580,92.275,0.3195,0.3198,-0.0238,36.464,-2.466,3.205
26.650533,91.394,65.587,92.141,0.6562,1.4057,1.0428,41.584,-3.668,-0.280
26.667200,91.063,65.564,91.774,1.1861,2.1882,1.7171,0.021,-9.403,1.676
26.683867,90.232,65.449,90.972,1.8356,0.4996,0.8003,-6.293,-20.166,7.147
26.700534,89.773,65.185,90.378,0.2740,-0.8933,-0.5760,4.653,-15.172,15.941
26.717201,90.137,64.904,90.152,-0.1914,-0.1092,-0.0510,33.879,-6.004,16.867
26.733868,90.811,64.684,90.243,-0.2322,0.4944,-0.1043,35.320,2.146,13.295
26.750535,91.433,64.530,90.699,-0.2015,1.0143,-0.2491,12.390,11.633,9.037
26.767202,92.057,64.457,91.426,-0.4013,0.5143,-0.3288,-2.097,18.620,3.882
26.783869,92.580,64.455,92.193,-0.9117,0.0329,-0.4458,-10.341,19.543,-0.629
26.800536,92.807,64.483,92.533,-0.8482,0.1836,-0.0944,-5.021,8.409,-2.056
26.817203,93.244,64.560,93.135,-1.2789,0.3182,-0.1802,-6.522,14.948,-5.378
26.833870,93.542,64.584,93.356,-0.8883,0.1426,0.1482,5.700,5.265,-1.725
26.850537,93.863,64.551,93.559,-0.6391,0.0785,0.4444,8.037,5.011,1.647
26.867204,94.002,64.503,93.607,-0.1654,0.1267,0.6737,5.556,1.082,2.860
26.883871,94.030,64.472,93.563,-0.1014,-0.2570,0.1215,3.874,-1.359,1.961
26.900538,93.979,64.437,93.486,-0.2773,-0.3509,-0.3558,0.928,-2.196,2.290
26.917205,93.903,64.427,93.372,-0.4446,-0.3431,-0.6564,1.437,-3.255,0.876
26.933872,93.749,64.420,93.251,-0.5446,-0.1065,-0.7786,-2.972,-3.438,0.685
26.950539,93.537,64.427,93.182,-0.6376,0.1160,-0.4973,-9.111,-2.192,-0.296
26.967206,93.213,64.452,93.095,-0.6717,0.3142,-0.2709,-14.972,-2.686,-1.282
26.983873,92.770,64.494,93.003,-0.6319,0.1355,0.2281,-21.778,-2.904,-2.329
27.000540,92.402,64.560,92.926,-0.6387,-0.2107,0.3408,-18.063,-2.551,-3.847
27.017207,92.270,64.631,92.912,-0.7029,-0.4153,0.2137,-7.393,-0.930,-4.161
27.033874,92.373,64.706,92.974,-0.8623,-0.2353,0.0303,2.612,1.012,-4.522
27.050541,92.477,64.790,93.084,-0.8022,0.1403,-0.0503,0.125,2.173,-5.099
27.067208,92.532,64.869,93.211,-0.6658,0.1301,-0.1264,-3.797,2.595,-4.831
27.083875,92.727,64.950,93.366,-0.4439,-0.0628,-0.2295,3.102,3.285,-4.926
27.100542,93.049,65.019,93.540,0.0478,0.3004,0.0475,9.675,3.756,-4.306
27.117209,93.486,65.089,93.790,0.2636,0.3814,0.0232,12.414,5.635,-4.509
27.133876,94.076,65.151,94.144,0.3979,0.3523,-0.2165,15.907,8.254,-4.268
27.150543,94.645,65.217,94.519,0.3733,0.4521,-0.2463,13.503,8.694,-4.593
27.167210,95.142,65.315,94.820,0.6755,0.3755,-0.4057,13.249,6.605,-6.468
27.183877,95.640,65.435,95.011,1.0882,0.2585,-0.5095,19.292,3.668,-7.584
27.200544,96.244,65.569,95.102,1.6260,-0.0288,-0.7442,31.099,1.027,-8.191
27.217211,97.040,65.669,95.124,1.8983,-0.2434,-0.8688,46.404,-0.537,-5.991
27.233878,98.348,65.801,94.978,2.4210,-0.3228,-0.6284,86.260,-4.948,-7.296
27.250545,99.960,65.957,94.379,3.2494,-0.0805,-0.4971,129.335,-16.286,-6.868
27.267212,101.797,66.097,93.214,4.1776,0.2940,-0.6897,173.845,-29.707,-2.823
27.283879,103.528,66.168,91.149,4.9370,0.9851,-0.7027,217.003,-50.036,6.883
27.300546,104.979,66.081,88.503,4.6500,2.3303,-0.8924,232.038,-61.099,20.904
27.317213,106.230,65.816,85.573,4.2715,3.0927,-0.8475,235.372,-64.793,34.510
27.333880,106.814,65.477,82.336,5.4751,3.6343,-0.0970,211.758,-71.008,42.133
27.350547,106.557,65.149,78.818,6.2789,3.7129,0.4307,176.105,-78.732,43.973
27.367214,105.926,64.672,74.999,6.2928,3.3521,0.5057,169.416,-85.175,54.333
27.383881,105.414,63.890,70.796,6.2976,3.5331,0.8696,196.238,-92.552,74.273
27.400548,105.150,62.754,66.383,6.4488,3.6270,1.5883,220.504,-96.543,96.553
27.417215,104.743,61.245,61.813,6.9282,3.2021,2.8586,217.386,-100.830,119.989
27.433882,104.339,59.385,57.174,6.9905,2.5398,4.0005,217.288,-105.213,141.783
27.450549,104.080,57.179,52.477,6.9315,1.5492,4.9772,223.883,-110.922,163.724
27.467216,104.159,54.588,47.693,6.8870,0.7189,6.1443,242.106,-118.017,188.925
27.483883,105.227,51.581,43.029,5.9429,-0.0162,6.8293,287.471,-116.642,215.967
27.500550,107.268,48.160,38.680,5.6382,-0.9530,7.9648,321.612,-103.953,242.839
27.517217,109.428,44.377,34.561,6.1454,-2.2878,10.1517,307.702,-90.644,267.803
27.533884,111.449,40.281,30.638,5.0824,-3.8353,11.4793,279.391,-77.256,289.595
27.550551,113.766,35.887,26.912,2.4790,-4.6289,11.0315,276.531,-61.140,309.450
27.567218,116.250,31.148,23.436,0.8518,-5.3350,10.5650,263.788,-37.463,329.629
27.583885,118.232,26.024,20.192,-0.1022,-6.5296,11.4158,211.767,-11.409,349.985
27.600552,119.451,20.494,17.082,-1.6122,-7.5888,12.5406,146.649,9.674,371.726
27.617219,120.574,14.735,14.086,-5.5477,-7.3770,11.3706,121.671,24.181,383.347
27.633886,121.907,8.622,11.118,-9.0929,-6.3531,9.4619,116.029,40.825,402.610
27.650553,123.909,2.124,8.161,-11.3962,-5.9945,8.5987,136.707,63.203,422.064
27.667220,126.221,-4.499,5.135,-13.1888,-5.9289,7.1609,135.008,79.307,428.550
27.683887,128.554,-11.212,2.108,-15.6547,-3.7058,5.1952,115.212,101.115,428.529
27.700554,130.939,-17.977,-1.041,-16.8809,-1.8595,3.2842,95.541,118.450,428.633
27.717221,133.250,-24.760,-4.284,-17.6872,-1.0580,0.7746,67.762,137.881,423.406
27.733888,135.528,-31.410,-7.787,-17.4518,-0.1473,-3.0032,37.626,146.101,415.141
27.750555,138.128,-37.867,-11.731,-15.9665,1.0126,-5.6884,21.322,148.894,407.598
27.767222,141.558,-44.143,-16.318,-15.0221,1.7642,-6.4433,24.820,153.476,402.464
27.783889,146.094,-50.096,-21.818,-14.2772,3.0660,-7.8815,29.788,155.402,393.158
27.800556,151.840,-55.631,-28.423,-11.8353,4.8748,-9.7833,28.065,160.876,377.395
27.817223,159.223,-60.590,-36.544,-8.3327,5.4504,-11.5497,28.359,163.870,358.780
27.833890,168.874,-64.769,-46.653,-4.2962,4.4559,-12.4207,39.024,164.166,337.797
27.850557,-178.626,-67.756,-59.168,-1.3650,3.8201,-12.4754,61.475,152.455,317.550
27.867224,-163.726,-69.364,-73.853,-1.4555,2.7240,-12.0093,72.605,144.508,304.449
27.883891,-148.915,-69.544,-88.629,-1.3746,2.0473,-12.3779,57.445,135.178,281.503
27.900558,-136.220,-68.686,-101.663,0.2431,2.0861,-12.2313,30.112,129.269,253.575
27.917225,-126.315,-67.263,-112.009,3.2471,2.4508,-11.7679,18.187,119.444,218.722
27.933892,-119.151,-65.637,-119.680,5.9074,1.6153,-10.9941,7.401,102.675,182.590
27.950559,-114.279,-64.162,-124.934,8.6162,1.4581,-10.1800,6.415,80.363,140.238
27.967226,-111.300,-63.111,-128.258,10.6071,1.1007,-9.4202,-0.226,57.765,93.408
27.983893,-110.026,-62.638,-129.930,12.0881,1.2129,-8.0753,-13.193,33.242,43.473
28.000560,-110.220,-62.826,-130.211,12.4080,1.5942,-6.3784,-26.880,11.427,-7.369
28.017227,-111.765,-63.818,-129.056,12.0630,2.2869,-5.3133,-30.965,-7.572,-66.356
28.033894,-115.168,-65.643,-125.940,11.1188,2.7732,-5.1981,-35.272,-29.584,-132.002
28.050561,-121.313,-68.140,-120.194,9.0317,2.7097,-6.4311,-51.638,-48.401,-195.866
28.067228,-131.562,-70.878,-110.565,6.0492,3.1220,-7.9486,-73.535,-65.436,-251.858
28.083895,-147.643,-73.227,-95.118,4.1044,4.7214,-8.9827,-82.632,-78.318,-307.690
28.100562,-169.898,-74.216,-73.408,2.9570,6.2906,-10.4395,-83.745,-77.222,-359.921
28.117229,165.758,-72.810,-49.580,1.1935,6.9567,-12.7781,-88.171,-67.965,-406.150
28.133896,145.181,-68.745,-29.776,-2.1083,6.9480,-15.2312,-110.868,-56.951,-454.625
28.150563,129.935,-62.581,-15.583,-5.9666,7.2426,-16.8977,-137.164,-34.374,-506.697
28.167230,118.852,-54.763,-5.501,-9.1338,6.3661,-18.7090,-146.900,-4.380,-563.621
28.183897,110.589,-45.495,2.205,-14.0375,4.9368,-20.0707,-139.799,37.515,-628.296
28.200564,104.112,-34.733,8.534,-20.3452,3.1247,-21.9064,-143.051,85.338,-702.245
28.217231,98.524,-22.468,14.307,-29.5136,0.9722,-22.4369,-168.643,154.405,-780.352
28.233898,94.256,-8.540,20.447,-42.7423,-1.9066,-19.8582,-157.089,260.350,-868.646
28.250565,90.602,6.880,27.305,-58.5550,-12.2239,-7.4158,-213.002,372.276,-939.765
28.267232,87.536,23.318,35.561,-68.3342,-28.4723,11.2734,-313.268,494.230,-975.317
28.283899,87.472,38.426,46.847,-65.8333,-41.3785,42.6321,-353.375,619.019,-875.187
28.300566,92.839,49.982,62.231,-38.8969,-38.5021,66.0417,-325.595,656.758,-687.754
28.317233,102.021,56.819,81.640,-25.8119,-30.0296,65.7245,-387.850,630.793,-488.924
28.333900,115.787,59.069,104.916,-20.3029,-41.7806,64.8652,-361.646,650.895,-362.103
28.350567,129.736,56.334,128.388,9.4133,-27.5678,75.1890,-357.951,712.591,-267.778
28.367234,138.633,49.885,147.287,34.0174,-20.9557,69.8931,-376.860,749.398,-197.493
28.383901,140.017,41.329,160.947,50.2734,-13.6152,60.0671,-504.828,757.341,-101.085
28.400568,136.868,31.217,171.621,61.5522,-14.4692,46.2203,-569.023,792.919,14.979
28.417235,131.565,20.642,-179.655,68.3835,-1.2790,29.5021,-547.734,777.840,125.305
28.433902,126.427,10.669,-172.665,66.2437,9.9363,17.8479,-422.402,689.440,210.026
28.450569,121.751,1.243,-167.006,61.6429,13.0144,5.6361,-316.831,596.567,278.488
28.467236,117.703,-7.644,-161.802,60.1330,16.3737,-11.0647,-226.652,535.841,308.114
28.483903,114.454,-15.691,-156.734,49.6339,24.6067,-29.8305,-134.616,481.050,302.806
28.500570,111.964,-22.891,-151.727,31.7119,27.4375,-36.3793,-51.262,432.612,285.632
28.517237,110.240,-29.338,-147.068,18.6743,24.9878,-31.4213,18.595,375.439,271.148
28.533904,109.153,-35.160,-142.709,11.6464,19.3803,-26.4029,73.486,328.070,255.194
28.550571,108.832,-40.533,-138.575,6.6434,13.7200,-24.1107,132.200,292.223,241.959
28.567238,108.961,-45.487,-134.348,2.5991,10.4600,-22.5956,180.238,273.880,222.005
28.583905,108.549,-49.879,-129.534,-0.7293,10.0388,-21.6865,188.422,270.915,187.791
28.600572,106.795,-53.696,-123.812,-3.3216,11.0029,-20.2385,164.201,273.766,154.359
28.617239,103.413,-56.880,-117.165,-6.0450,12.2087,-17.7658,124.735,270.762,125.783
28.633906,98.092,-59.384,-109.736,-8.5012,11.9065,-14.8216,59.217,260.780,104.211
28.650573,90.883,-61.173,-101.714,-9.9390,9.3610,-12.7426,-14.622,247.621,88.987
28.667240,82.101,-62.221,-93.270,-11.3927,6.1434,-11.7158,-80.836,237.048,78.170
28.683907,72.807,-62.584,-84.995,-12.9522,3.0656,-10.8149,-117.722,220.692,72.091
28.700574,64.657,-62.456,-77.833,-14.3132,-0.2688,-9.6066,-108.014,188.289,65.649
28.717241,59.044,-62.084,-72.249,-14.3577,-2.9901,-8.2877,-40.421,148.569,54.722
28.733908,56.438,-61.596,-68.287,-14.1888,-4.1604,-6.6861,52.906,110.896,35.887
28.750575,55.862,-61.141,-65.644,-13.1790,-2.9709,-5.0453,104.230,78.579,20.267
28.767242,56.413,-60.817,-63.960,-12.0835,-1.4026,-3.2411,121.089,51.665,11.728
28.783909,57.088,-60.639,-62.842,-10.5431,0.7237,-0.9258,98.723,33.303,9.530
28.800576,57.442,-60.519,-62.144,-8.8560,1.2409,0.2110,57.417,21.060,5.548
28.817243,57.418,-60.385,-61.771,-7.3433,0.3495,0.3149,17.703,13.415,-0.389
28.833910,57.308,-60.235,-61.706,-5.5852,-0.5964,0.7610,-3.514,6.182,-6.113
28.850577,57.492,-60.071,-61.850,-3.9875,-1.5278,1.0431,3.222,1.328,-10.200
28.867244,58.038,-59.892,-62.087,-3.2085,-1.5326,1.1573,20.220,-0.659,-12.528
28.883911,58.843,-59.663,-62.353,-3.0444,-0.9761,1.3014,34.204,-0.091,-15.535
28.900578,59.714,-59.398,-62.610,-2.4148,-0.4925,1.2981,38.674,0.959,-17.339
28.917245,60.476,-59.139,-62.871,-2.1833,0.0718,1.0663,32.012,0.385,-17.179
28.933912,60.882,-58.875,-63.173,-2.5096,0.5203,1.1219,8.530,-0.851,-18.085
28.950579,61.070,-58.575,-63.549,-2.4170,-0.0149,0.7493,-8.253,-2.016,-21.085
28.967246,61.288,-58.278,-63.989,-2.2910,-0.6392,0.3257,-9.659,-4.026,-21.991
28.983913,61.707,-57.990,-64.505,-2.1792,-0.9310,0.1303,-1.401,-6.622,-22.712
29.000580,62.406,-57.729,-65.101,-1.8406,-0.7740,-0.0623,11.397,-9.984,-22.493
29.017247,63.432,-57.515,-65.811,-1.6094,-0.4615,-0.1197,25.355,-14.998,-21.582
29.033914,64.543,-57.351,-66.631,-1.4331,0.5737,0.1357,25.016,-19.992,-20.237
29.050581,65.526,-57.223,-67.546,-1.2878,1.0656,0.4510,12.581,-24.190,-19.219
29.067248,66.321,-57.118,-68.486,-0.9363,0.9301,0.6977,0.087,-25.869,-18.013
29.083915,66.943,-57.040,-69.373,-0.4802,0.7363,0.5384,-7.612,-25.242,-15.534
29.100582,67.548,-56.992,-70.239,0.0110,0.4631,0.6096,-7.458,-25.504,-13.344
29.117249,68.304,-56.966,-71.092,0.3020,0.3467,0.4417,2.190,-25.795,-11.657
29.133916,69.074,-56.988,-71.884,0.4559,0.5839,0.5203,6.184,-25.108,-7.968
29.150583,69.719,-57.055,-72.617,0.4552,0.8976,0.6502,1.590,-24.292,-4.415
29.167250,70.160,-57.156,-73.277,0.5969,0.9317,0.6860,-7.000,-22.772,-1.450
29.183917,70.502,-57.280,-73.885,0.6739,0.5221,0.5558,-10.367,-21.550,0.577
29.200584,70.831,-57.420,-74.430,0.7346,0.0736,0.3075,-7.984,-19.864,2.329
29.217251,71.191,-57.566,-74.943,0.7667,0.0989,0.0142,-4.575,-18.944,3.154
29.233918,71.610,-57.695,-75.455,0.7545,-0.0011,-0.0875,-0.997,-18.475,2.353
29.250585,71.942,-57.809,-75.891,0.7240,0.0930,-0.1058,-2.397,-15.795,2.373
29.267252,72.146,-57.895,-76.282,0.4956,0.1152,-0.0301,-7.846,-13.862,1.271
29.283919,72.282,-57.946,-76.639,0.5989,-0.1763,-0.1736,-10.224,-12.154,-0.324
29.300586,72.455,-57.984,-76.966,0.6918,-0.3471,-0.3043,-6.483,-10.989,-0.770
29.317253,72.656,-58.010,-77.251,0.6371,-0.3036,-0.3880,-2.599,-9.464,-1.006
29.333920,72.897,-58.017,-77.535,0.5240,-0.2599,-0.2062,-0.236,-9.076,-2.064
29.350587,73.112,-58.001,-77.802,0.5199,0.0331,0.0891,-0.866,-8.181,-3.181
29.367254,73.235,-57.975,-78.051,0.3481,0.1282,0.2070,-5.519,-7.462,-3.604
29.383921,73.259,-57.948,-78.245,0.3234,0.0816,0.2369,-8.649,-5.755,-3.143
29.400588,73.303,-57.931,-78.401,0.2054,0.0313,0.1561,-5.494,-4.785,-2.217
29.417255,73.394,-57.925,-78.538,0.2900,-0.0939,0.2608,-1.685,-4.389,-1.366
29.433922,73.542,-57.933,-78.668,0.2781,-0.0487,0.3315,2.016,-4.421,-0.546
29.450589,73.668,-57.952,-78.789,0.0230,0.2715,0.3376,1.202,-4.317,0.196
29.467256,73.729,-57.968,-78.896,-0.1531,0.2613,0.2579,-1.956,-3.819,0.157
29.483923,73.735,-57.986,-78.975,-0.1383,0.1182,0.2040,-3.891,-3.023,0.536
29.500590,73.698,-58.015,-79.022,-0.1950,0.0019,0.1339,-4.842,-2.231,1.417
29.517257,73.678,-58.033,-79.075,-0.2686,-0.2264,0.0527,-4.069,-2.223,0.785
29.533924,73.713,-58.039,-79.159,-0.2679,-0.1755,0.1001,-2.384,-2.962,-0.228
29.550591,73.777,-58.040,-79.283,-0.3438,-0.1389,0.0850,-2.699,-4.083,-0.911
29.567258,73.869,-58.051,-79.427,-0.1986,-0.1354,-0.0122,-2.008,-4.858,-0.453
29.583925,73.994,-58.078,-79.572,-0.1337,0.0328,-0.0150,-0.116,-5.205,0.492
29.600592,74.132,-58.120,-79.720,-0.2712,0.0441,0.1821,0.586,-5.484,1.279
29.617259,74.203,-58.177,-79.853,-0.4395,0.0782,0.3372,-2.698,-5.281,2.324
29.633926,74.195,-58.233,-79.981,-0.4833,0.0421,0.3453,-7.248,-5.136,2.276
29.650593,74.224,-58.288,-80.142,-0.6148,-0.0848,0.0605,-6.719,-6.092,1.950
29.667260,74.270,-58.348,-80.320,-0.8022,-0.2435,0.0897,-6.509,-6.699,2.147
29.683927,74.319,-58.425,-80.523,-1.1639,-0.0989,0.2313,-7.612,-7.697,2.879
29.700594,74.402,-58.506,-80.789,-1.4042,0.1047,0.1098,-8.857,-9.694,2.538
29.717261,74.609,-58.606,-81.164,-1.7427,-0.1605,-0.2124,-6.940,-13.262,2.810
29.733928,74.915,-58.762,-81.646,-2.0622,-0.0569,-0.1908,-6.533,-17.312,5.214
29.750595,75.309,-58.954,-82.268,-2.5271,-0.0662,-0.1564,-8.543,-22.023,6.338
29.767262,75.825,-59.181,-83.072,-2.7064,0.0604,-0.1587,-10.605,-27.815,7.129
29.783929,76.481,-59.443,-84.109,-2.8771,0.1730,-0.2545,-14.280,-35.024,7.790
29.800596,77.326,-59.750,-85.371,-3.1782,-0.2376,-0.4231,-14.826,-41.983,9.395
29.817263,78.482,-60.099,-86.855,-3.4114,-0.3610,-0.7985,-7.885,-48.537,11.245
29.833930,79.900,-60.489,-88.606,-3.4528,0.0306,-0.8894,-6.338,-56.067,13.302
29.850597,81.439,-60.874,-90.622,-3.3365,0.2284,-0.8499,-13.288,-62.755,13.312
29.867264,83.027,-61.219,-92.858,-3.0747,0.3525,-0.9136,-22.285,-67.758,11.839
29.883931,84.729,-61.511,-95.285,-2.7144,0.1516,-1.1860,-25.889,-71.899,10.031
29.900598,86.601,-61.739,-97.869,-2.4851,-0.1961,-1.3816,-24.265,-75.192,8.157
29.917265,88.505,-61.889,-100.552,-2.3899,-0.3107,-1.3983,-27.812,-77.022,5.773
29.933932,90.187,-61.924,-103.230,-2.4482,-0.2323,-1.4592,-41.052,-76.426,1.309
29.950599,91.741,-61.793,-105.926,-2.7933,-0.7734,-1.5819,-49.526,-77.136,-6.557
29.967266,93.459,-61.451,-108.680,-3.6827,-1.7051,-2.0543,-42.501,-80.148,-16.899
29.983933,95.246,-61.018,-111.235,-2.9338,-1.4374,-2.4501,-27.335,-76.328,-20.328
30.000600,97.287,-60.483,-113.568,-2.5672,-1.0551,-3.2555,0.128,-72.312,-24.476
30.017267,99.463,-59.779,-115.830,-2.8829,-0.6010,-3.6136,12.683,-73.857,-31.962
30.033934,101.409,-58.883,-118.055,-2.8185,0.4359,-3.5998,1.676,-77.602,-40.599
30.050601,103.078,-57.779,-120.257,-2.4870,0.7199,-3.9647,-12.419,-82.729,-50.095
30.067268,104.402,-56.511,-122.391,-2.2788,0.9015,-4.6327,-28.349,-86.467,-57.433
30.083935,105.468,-55.037,-124.443,-1.9235,0.9544,-5.1610,-37.975,-90.631,-67.678
30.100602,106.304,-53.380,-126.396,-1.4301,1.4368,-5.2549,-45.007,-94.099,-76.935
30.117269,106.863,-51.523,-128.245,-1.1959,1.9849,-5.0931,-54.547,-97.552,-87.580
30.133936,106.858,-49.545,-129.939,-1.1388,2.4282,-5.3765,-78.867,-97.248,-94.904
30.150603,106.344,-47.400,-131.485,-0.9613,2.7502,-6.3168,-100.333,-96.660,-105.838
30.167270,105.809,-44.958,-132.968,-0.0793,2.4086,-7.1129,-96.345,-100.776,-123.839
30.183937,105.703,-42.198,-134.447,0.9462,2.3155,-7.4201,-67.527,-107.832,-141.981
30.200604,105.861,-39.155,-135.880,1.5077,2.8390,-7.3558,-46.572,-113.357,-158.018
30.217271,105.727,-35.939,-137.164,1.5510,3.7858,-7.3524,-54.925,-112.178,-169.111
30.233938,105.145,-32.521,-138.302,2.6162,4.9599,-7.5630,-73.214,-109.890,-182.715
30.250605,104.499,-28.794,-139.370,4.3357,5.0450,-7.2328,-71.266,-111.364,-202.032
30.267272,104.317,-24.726,-140.428,5.8654,4.7929,-6.5692,-39.317,-116.357,-222.245
30.283939,104.627,-20.387,-141.502,6.9583,4.6015,-6.0149,-5.863,-123.352,-237.104
30.300606,105.031,-15.993,-142.492,7.9156,5.4308,-5.5916,5.937,-122.604,-240.179
30.317273,105.224,-11.570,-143.399,8.8790,7.1268,-5.1396,-1.155,-120.720,-242.087
30.333940,105.415,-6.955,-144.296,9.5965,7.0358,-3.4887,3.066,-124.662,-252.605
30.350607,106.227,-2.181,-145.229,10.2959,4.9325,-1.2642,44.512,-131.987,-259.858
30.367274,107.774,2.621,-146.297,10.9328,5.6903,0.1249,93.254,-145.518,-256.212
30.383941,109.479,7.274,-147.574,11.4924,6.9049,1.8774,109.018,-161.379,-239.396
30.400608,110.885,11.653,-149.016,11.6079,5.9833,4.3494,98.710,-170.424,-216.367
30.417275,111.998,15.942,-150.661,11.0668,4.9751,4.7273,90.382,-182.768,-203.513
30.433942,113.375,20.231,-152.511,10.7451,3.2941,5.1079,117.075,-195.951,-195.784
30.450609,115.454,24.494,-154.706,9.9397,3.6868,7.2498,174.777,-215.817,-181.451
30.467276,118.070,28.773,-157.586,10.6082,5.0000,8.3453,234.276,-252.638,-158.623
30.483943,120.681,32.844,-160.947,9.9583,0.6021,10.1722,259.788,-269.629,-126.807
30.500610,122.837,36.309,-164.534,6.7542,-2.3462,10.7323,251.234,-258.790,-82.410
30.517277,124.257,39.716,-168.523,4.8933,-1.5906,11.1913,232.427,-268.790,-65.179
30.533944,125.349,43.241,-172.953,4.1143,0.2861,11.8814,241.353,-282.809,-59.037
30.550611,126.517,47.006,-178.311,5.1144,0.5853,12.2327,297.615,-314.725,-48.915
30.567278,127.553,50.618,174.909,3.4054,-3.9487,11.1095,368.117,-342.731,-10.806
30.583945,128.394,53.257,166.957,-0.0378,-6.6206,9.1823,425.890,-327.684,56.794
30.600612,128.009,55.045,157.404,-0.9541,-4.4371,9.0480,441.415,-328.493,123.773
30.617279,125.828,56.236,146.271,-0.2741,-2.2231,10.0161,420.527,-342.646,169.459
30.633946,122.374,56.781,134.175,0.0956,-1.5270,11.1868,398.181,-348.299,197.329
30.650613,117.964,56.432,121.689,-0.5400,-4.1498,10.3153,361.159,-344.462,224.763
30.667280,113.529,54.902,109.630,-2.2417,-5.4237,8.6869,331.744,-326.469,259.079
30.683947,109.612,52.415,99.060,-4.1031,-5.6269,7.2206,276.117,-293.650,275.963
30.700614,105.856,49.245,89.974,-4.0540,-4.2599,6.9649,197.685,-269.266,285.139
30.717281,102.467,45.720,82.263,-3.9015,-4.1982,6.5398,137.951,-250.744,280.765
30.733948,99.586,42.001,75.627,-3.9559,-5.1403,4.8568,103.311,-238.574,273.274
30.750615,97.334,38.142,69.949,-4.5826,-5.6574,2.9893,84.402,-223.388,266.823
30.767282,95.758,34.150,65.119,-5.9735,-5.2269,1.6116,76.602,-204.834,264.276
30.783949,94.744,30.152,61.147,-6.5556,-4.4873,0.5193,66.119,-178.723,257.030
30.800616,93.845,26.309,57.870,-6.2808,-3.7671,0.5476,39.147,-155.335,242.758
30.817283,92.677,22.805,55.132,-5.6582,-3.6986,0.0542,-1.694,-137.117,218.349
30.833950,91.036,19.693,52.894,-5.4753,-3.3444,-0.5825,-49.734,-119.030,190.710
30.850617,89.231,16.925,51.104,-6.1092,-2.2491,-2.1121,-74.549,-101.631,166.441
30.867284,87.704,14.404,49.758,-6.2597,-1.4276,-4.0813,-69.785,-81.949,149.340
30.883951,86.394,12.139,48.756,-6.2812,-0.7187,-3.5273,-64.922,-65.576,133.000
30.900618,86.244,10.292,48.195,-7.8042,-0.6811,-4.7228,-2.546,-40.311,108.767
30.917285,87.194,9.395,47.970,-8.3183,-1.9098,-9.0154,59.144,-16.698,53.308
30.933952,87.129,9.247,48.049,-7.3353,-1.3014,-9.3708,-4.960,3.833,9.549
30.950619,85.379,9.375,48.281,-5.8607,-1.9711,-5.3747,-107.534,13.736,-6.269
30.967286,83.564,9.296,48.493,-3.5858,-2.5229,-1.1672,-111.290,11.537,6.472
30.983953,83.014,9.134,48.537,-2.4335,-2.4767,1.0609,-33.743,0.958,10.478
31.000620,83.281,8.999,48.318,-1.1605,-1.5005,3.1840,17.726,-14.400,7.068
31.017287,82.879,8.859,47.875,-0.2407,-1.6221,5.1264,-20.299,-27.632,5.722
31.033954,82.417,8.723,47.092,1.0742,-3.0029,0.1957,-20.829,-47.616,2.720
31.050621,82.783,8.467,45.940,-0.0149,-1.9837,-1.8276,32.026,-70.255,6.981
31.067288,84.236,8.037,44.583,-1.8425,-1.6420,-0.4231,98.571,-83.425,17.119
31.083955,86.162,7.698,43.235,-3.2267,-2.1409,-0.1139,126.414,-82.000,14.081
31.100622,87.036,7.535,41.916,-4.3575,-2.7910,-0.9023,62.685,-79.382,5.728
31.117289,86.425,7.080,40.534,-4.8157,-3.3501,3.4184,-26.308,-84.140,23.174
31.133956,85.252,6.571,39.268,-3.6857,-1.9986,3.9455,-61.598,-77.972,25.675
31.150623,83.382,6.078,38.375,-2.2922,2.0550,1.0189,-106.482,-56.481,24.816
31.167290,82.246,5.661,38.074,-1.6024,6.4357,-3.7194,-66.615,-21.474,23.264
31.183957,82.331,5.082,38.258,-0.3891,5.8446,-4.6069,3.775,5.611,36.462
31.200624,82.764,4.506,38.578,-0.1127,2.0617,-2.7087,24.024,13.950,37.329
31.217291,82.632,4.069,38.666,-0.1885,-1.5106,0.5507,-8.676,1.331,27.185
31.233958,81.974,3.717,38.367,0.7172,-2.5239,2.8430,-38.615,-21.105,19.068
31.250625,81.204,3.400,37.803,0.9331,-0.8110,1.9741,-44.451,-36.676,14.373
31.267292,81.004,2.919,37.279,0.3936,1.2778,0.0890,-10.516,-36.004,24.167
31.283959,81.503,2.383,36.893,-0.8635,2.1825,-1.7580,30.714,-28.281,28.688
31.300626,82.569,1.833,36.667,-2.1254,2.4634,-2.6896,64.089,-18.438,31.285
31.317293,84.454,1.256,36.573,-2.3873,2.2338,-2.9105,112.945,-9.965,34.167
31.333960,87.116,0.599,36.645,-1.9292,1.3573,-1.9688,159.247,0.927,40.119
31.350627,90.265,-0.200,36.762,-1.2451,0.0186,-0.5900,188.532,5.422,48.559
31.367294,93.276,-1.237,36.817,-1.0371,-1.5875,1.7391,180.282,4.789,62.557
31.383961,95.069,-2.586,36.773,-1.5207,-3.6171,4.3680,107.114,2.887,81.360
31.400628,95.584,-3.812,36.872,-2.4389,-2.1351,2.4872,30.855,12.338,73.209
31.417295,95.957,-4.889,37.171,-3.0193,-0.0406,-2.1513,23.359,23.879,63.013
31.433962,97.381,-5.840,37.675,-2.1757,0.1414,-4.5859,87.890,36.161,53.720
31.450629,99.062,-6.399,38.713,-1.6531,0.6458,-5.0331,107.046,65.712,24.847
31.467296,99.822,-6.695,40.187,-1.5266,-0.2739,-3.1119,55.277,89.164,3.640
31.483963,98.916,-6.696,42.106,-1.9710,-0.4698,-1.5606,-41.413,112.487,-18.002
31.500630,97.316,-6.329,44.252,-2.5414,-0.3366,-2.2272,-81.822,123.183,-39.345
31.517297,95.775,-5.523,46.591,-2.1693,-0.1348,-3.5769,-78.415,132.748,-63.453
31.533964,94.324,-4.419,49.184,-1.8139,-0.6652,-2.8121,-74.077,148.112,-79.095
31.550631,93.234,-3.137,52.022,-1.8606,-1.8395,-1.5692,-54.718,164.042,-87.440
31.567298,92.374,-1.740,55.061,-1.2771,-2.9248,-0.9446,-44.345,177.401,-92.132
31.583965,91.421,-0.151,58.256,-0.8389,-3.4437,0.1069,-54.492,187.962,-101.139
31.600632,90.421,1.594,61.460,-0.2255,-3.6331,0.3577,-62.950,190.046,-107.240
31.617299,89.348,3.367,64.587,0.6305,-3.6995,0.7820,-72.964,187.179,-105.500
31.633966,88.513,5.096,67.571,1.2577,-3.6634,1.3339,-63.770,179.985,-99.892
31.650633,88.127,6.913,70.354,1.5809,-3.3234,0.4340,-41.097,168.679,-103.620
31.667300,88.042,8.767,73.097,1.3217,-2.2060,-0.0356,-28.034,166.239,-105.212
31.683967,87.828,10.606,75.868,1.8213,-2.1103,1.3812,-41.192,167.250,-103.884
31.700634,87.494,12.423,78.476,2.6337,-2.1612,2.5841,-51.715,157.216,-102.227
31.717301,87.466,14.197,80.882,3.6898,-1.8205,2.2586,-35.279,144.571,-99.690
31.733968,88.146,15.883,83.045,4.5078,-1.5002,1.0269,6.745,128.705,-95.794
31.750635,89.671,17.422,84.982,4.7001,-0.8143,0.8280,57.897,112.747,-89.805
31.767302,91.894,18.927,86.769,5.0734,-0.0495,1.6979,99.624,100.301,-91.216
31.783969,94.375,20.424,88.318,4.9487,0.3559,1.7478,117.291,82.250,-94.033
31.800636,96.794,21.892,89.653,4.5991,0.9865,1.5922,116.021,65.591,-94.532
31.817303,99.338,23.305,90.782,3.5400,1.0780,1.6401,126.423,49.871,-92.384
31.833970,102.204,24.676,91.732,2.6005,0.9358,1.2576,148.625,35.661,-90.159
31.850637,105.162,25.992,92.622,2.4981,1.3926,1.1594,154.491,28.197,-87.813
31.867304,107.972,27.275,93.476,2.6085,1.7479,0.9761,145.521,21.875,-86.570
31.883971,110.357,28.547,94.269,2.6403,2.0853,0.6129,120.689,14.648,-85.619
31.900638,112.400,29.762,95.010,2.3138,2.2569,0.7495,100.814,9.588,-81.843
31.917305,114.335,30.987,95.751,1.8995,1.9876,0.4562,93.501,6.099,-82.488
31.933972,115.901,32.242,96.490,1.5564,1.6567,-0.1823,70.638,2.258,-84.012
31.950639,116.628,33.479,97.166,0.8730,1.6905,0.3579,21.564,-2.248,-81.496
31.967306,116.566,34.681,97.708,0.2105,1.4923,0.7288,-22.037,-8.182,-76.452
31.983973,115.983,35.860,98.184,-0.1570,1.6921,0.4347,-51.550,-10.355,-73.614
32.000640,114.948,36.983,98.649,-0.3044,2.2840,0.3840,-78.786,-8.664,-70.434
32.017307,113.538,38.064,99.139,-0.4746,2.2050,0.7042,-102.582,-5.371,-68.598
32.033974,111.865,39.148,99.603,-0.5777,1.5341,0.6907,-117.862,-5.055,-68.365
32.050641,109.733,40.205,100.056,-0.2751,2.2761,0.8032,-145.400,-2.974,-66.654
32.067308,107.184,41.264,100.427,-0.3389,2.0042,0.3358,-167.530,-4.143,-65.555
32.083975,104.451,42.347,100.611,-0.7817,1.7890,-0.3647,-171.454,-9.836,-64.724
32.100642,102.154,43.279,100.887,-2.3986,2.4176,-0.1076,-149.222,-1.084,-57.184
32.117309,100.703,44.063,101.356,-2.9110,1.8911,-0.4010,-106.647,10.539,-50.127
32.133976,99.880,44.674,101.822,-2.5540,1.5350,-0.2324,-69.039,12.972,-39.613
32.150643,99.395,45.232,102.294,-1.5281,1.2399,-0.7240,-49.300,14.032,-36.394
32.167310,98.637,45.575,102.549,-0.8870,1.1441,-0.2316,-56.521,7.180,-22.006
32.183977,98.060,45.873,102.729,-0.3587,0.8070,0.0014,-42.508,4.700,-18.798
32.200644,97.553,46.218,102.834,0.1457,0.3042,-0.3271,-35.114,1.313,-21.151
32.217311,96.838,46.592,102.841,-0.2412,0.2675,-0.8173,-43.376,-2.694,-22.311
32.233978,96.087,46.916,102.822,0.3345,0.7875,-0.7572,-44.355,-3.185,-19.267
32.250645,95.741,47.164,102.946,0.1797,0.7721,-0.4838,-26.419,3.344,-15.332
32.267312,95.361,47.314,103.174,0.7563,0.7456,0.0396,-32.971,8.188,-9.943
32.283979,94.397,47.358,103.270,0.4545,0.9679,0.6662,-62.236,3.501,-2.964
32.300646,93.383,47.436,103.269,-0.2469,0.8685,0.4654,-60.970,-0.548,-4.719
32.317313,92.279,47.627,103.346,0.0985,0.5243,-0.3070,-69.798,2.381,-11.686
32.333980,90.604,47.866,103.412,0.1801,0.1069,-0.1486,-103.592,2.181,-14.444
32.350647,88.876,48.232,103.483,-0.0372,-0.3681,-0.6312,-107.020,2.793,-22.008
32.367314,87.527,48.752,103.601,-0.7554,-1.3241,-1.6018,-86.374,5.505,-31.100
32.383981,86.522,49.356,103.738,-0.5635,-0.5058,-1.0990,-66.657,7.087,-35.944
32.400648,85.460,49.943,103.746,-0.2923,-0.6454,-0.2156,-64.224,2.612,-35.128
32.417315,84.271,50.520,103.817,-0.9141,-0.3324,0.8294,-74.797,5.642,-34.233
32.433982,83.117,51.102,103.825,-0.6247,-0.1283,1.1487,-69.790,3.958,-34.716
32.450649,82.050,51.656,103.731,-0.5127,-0.1130,1.0457,-59.793,0.599,-33.395
32.467316,81.006,52.259,103.557,0.0460,0.9144,1.6745,-54.591,-1.226,-36.762
32.483983,79.315,52.805,103.163,0.0390,1.0987,1.5067,-82.860,-8.756,-34.766
32.500650,76.938,53.332,102.431,-0.1131,1.1707,1.3640,-107.718,-19.477,-36.392
32.517317,74.143,53.751,101.230,0.9188,1.2062,0.9786,-109.907,-35.367,-35.071
32.533984,71.715,53.980,99.862,0.7405,0.6591,0.2412,-79.518,-42.410,-27.413
32.550651,69.856,54.229,98.610,0.2589,1.0202,-0.1455,-50.887,-36.804,-28.643
32.567318,67.732,54.519,97.433,-0.6979,0.7808,-0.3269,-70.198,-32.180,-31.113
32.583985,65.300,54.916,96.247,-0.8812,-0.0333,-0.9187,-87.977,-28.349,-38.291
32.600652,62.733,55.371,95.103,-0.8004,-0.3417,-0.8413,-97.878,-23.436,-41.801
32.617319,60.227,55.848,94.048,-0.8431,-0.3782,-0.3453,-98.360,-17.872,-42.288
32.633986,58.116,56.272,93.097,-0.4180,-0.1042,0.4263,-79.436,-14.513,-38.222
32.650653,56.307,56.637,92.125,-0.0348,-0.1808,0.6927,-60.150,-15.381,-35.929
32.667320,54.455,56.945,91.106,0.3039,0.1785,0.5313,-60.198,-17.199,-34.294
32.683987,52.786,57.178,90.236,-1.0895,-0.0186,-0.1506,-56.510,-14.735,-28.145
32.700654,52.262,57.382,89.518,-0.4502,-0.5291,-1.1702,4.635,-11.219,-23.912
32.717321,52.978,57.487,88.806,-0.2840,-0.7432,-0.7821,78.702,-14.591,-19.050
32.733988,55.127,57.415,88.258,-0.4637,0.0410,-0.6899,156.484,-17.099,-6.913
32.750655,59.248,57.225,87.918,-0.2729,-0.7187,-1.2137,264.266,-15.623,3.513
32.767322,64.747,56.944,88.007,-1.4810,-0.0545,-1.0334,325.179,-5.584,16.202
32.783989,70.283,56.526,88.367,-1.8020,2.3076,0.9876,313.909,1.069,27.689
32.800656,75.039,56.018,88.678,-0.9276,2.6514,2.0343,269.621,0.492,32.103
32.817323,78.779,55.594,88.995,-1.1908,2.5045,0.9882,208.476,4.325,27.072
32.833990,81.053,55.215,89.591,-1.3631,2.1939,0.3589,106.777,15.643,25.751
32.850657,82.477,54.785,90.227,0.2359,1.5336,0.3036,53.993,17.578,28.488
32.867324,84.875,54.392,90.809,0.1458,-1.9627,-1.9460,115.197,17.119,25.457
32.883991,86.873,53.839,91.048,0.6726,1.2364,0.0294,108.000,5.602,33.594
32.900658,88.716,53.428,91.129,1.4118,0.2614,0.0161,106.481,1.537,24.546
32.917325,90.551,52.983,90.881,1.6715,-1.5104,-1.8740,121.823,-9.459,26.457
32.933992,92.780,52.523,90.610,1.1408,-0.0589,-0.1264,146.448,-9.354,27.790
32.950659,94.916,52.146,90.244,0.0741,0.1574,0.4635,145.340,-12.230,23.318
32.967326,96.655,51.807,89.922,-0.6967,0.5834,0.1502,119.328,-10.116,21.283
32.983993,97.935,51.448,89.569,-0.7803,0.8946,0.2167,93.204,-10.675,22.919
33.000660,98.905,51.052,89.330,-0.4361,0.8074,0.4366,69.228,-5.804,24.699
33.017327,99.600,50.591,89.200,0.0993,0.8996,0.8601,47.486,-0.805,27.965
33.033994,100.290,50.151,89.149,0.4322,-0.0413,0.5878,43.522,2.233,26.152
33.050661,101.390,49.673,89.066,-0.4346,-0.4636,0.1519,69.656,1.839,28.619
33.067328,102.584,49.163,88.954,-0.3404,0.2777,0.2640,76.493,1.696,30.701
33.083995,104.020,48.605,88.711,0.0751,0.2756,-0.1991,96.907,-2.065,34.682
33.100662,105.734,48.072,88.399,0.4228,0.6080,-0.6790,116.619,-4.244,33.986
33.117329,107.436,47.501,88.166,0.0094,1.1153,-0.1884,112.237,0.368,35.387
33.133996,108.913,46.958,87.985,-0.4303,1.0372,-0.0164,96.387,2.696,33.095
33.150663,110.242,46.433,87.803,-0.5260,0.3883,-0.2752,87.426,3.068,32.067
33.167330,111.817,45.838,87.640,-0.4893,0.3136,-0.1890,101.340,5.980,35.603
33.183997,113.939,45.246,87.464,-0.7244,0.1643,-0.3091,134.651,6.501,35.512
33.200664,115.922,44.627,87.234,-0.0296,0.4431,0.1598,128.468,6.273,37.676
33.217331,117.624,44.092,87.057,-0.1085,-0.2113,-0.0582,109.251,7.176,31.924
33.233998,119.094,43.624,86.825,0.2856,-0.7200,-0.3224,97.623,3.966,29.386
33.250665,120.365,43.269,86.565,0.3067,-0.7426,-0.2673,86.759,0.227,24.080
33.267332,121.213,43.006,86.252,-0.0518,-0.5024,-0.2604,63.449,-4.205,20.475
33.283999,121.709,42.815,85.961,-0.2205,-0.5190,-0.3612,41.459,-5.448,16.439
33.300666,121.973,42.707,85.720,-0.2949,-0.7527,-0.4980,25.373,-6.091,11.062
33.317333,121.791,42.719,85.485,0.1725,-1.1675,-0.0129,-1.596,-9.669,4.848
33.334000,120.353,42.973,85.264,0.3743,-1.4969,-0.1494,-77.496,-16.693,-8.052
33.350667,117.043,43.294,85.042,0.6436,-0.0987,1.6091,-189.758,-18.237,-12.266
33.367334,112.646,43.767,84.939,-0.0507,0.7231,2.5895,-259.787,-16.420,-23.861
33.384001,108.295,44.317,84.928,-2.2749,-0.2963,1.3390,-260.826,-12.407,-30.851
33.400668,104.483,44.687,85.093,-2.3979,0.9979,0.3767,-235.903,0.047,-23.330
33.417335,101.335,45.049,85.366,-1.3520,0.5406,-0.4259,-200.684,5.968,-23.817
33.434002,98.422,45.347,85.676,0.2782,0.7276,-0.2368,-188.280,9.343,-19.918
33.450669,95.750,45.681,85.923,0.6433,0.5267,-0.8476,-171.140,7.303,-21.255
33.467336,93.638,45.985,86.045,0.8449,0.5934,-1.7044,-132.270,3.132,-18.692
33.484003,92.160,46.318,86.154,0.6002,0.5475,-2.8438,-93.612,3.062,-20.345
33.500670,91.047,46.666,86.222,0.7268,-0.0208,-3.0708,-70.012,1.780,-21.088
33.517337,90.214,47.202,86.225,0.3299,-1.4937,-3.4670,-50.317,-0.662,-32.324
33.534004,89.453,47.948,86.173,0.6138,-2.2654,-3.0093,-43.624,-2.367,-44.893
33.550671,88.081,48.779,85.823,1.5310,-2.1692,0.1158,-66.800,-13.288,-50.233
33.567338,86.389,49.565,85.357,1.0629,-0.7330,2.4273,-80.606,-16.310,-48.044
33.584005,85.408,50.295,85.083,0.2037,0.1161,2.6561,-46.504,-7.730,-44.481
33.600672,84.508,50.766,85.169,0.6245,2.4205,3.8202,-58.160,5.446,-27.905
33.617339,82.619,50.938,85.122,0.1060,2.2583,4.4548,-111.373,-0.916,-10.507
33.634006,80.973,50.915,85.200,-0.8203,0.7978,1.7833,-102.588,2.445,1.673
33.650673,80.053,50.704,85.360,-0.3694,1.1090,0.8430,-62.864,3.599,13.319
33.667340,79.800,50.441,85.601,-0.3715,0.7281,-0.0937,-26.515,5.976,16.987
33.684007,80.052,50.133,85.876,-0.1022,0.2181,-1.3425,2.164,6.850,19.874
33.700674,80.050,49.888,86.051,-0.4278,0.3471,-1.2273,-8.361,3.811,15.452
33.717341,79.647,49.722,86.035,-0.3107,0.0209,-1.4946,-23.654,-2.686,9.546
33.734008,79.475,49.626,85.925,-0.5794,-0.4112,-1.8088,-5.464,-5.582,4.679
33.750675,79.807,49.608,85.831,-0.6742,-0.3295,-1.6089,23.918,-4.104,0.245
33.767342,80.399,49.652,85.787,-0.6441,-0.2567,-0.5140,37.318,-1.571,-3.030
33.784009,80.893,49.736,85.666,-0.0742,0.0306,0.6432,35.009,-4.200,-5.950
33.800676,80.874,49.868,85.527,-0.1822,0.6454,1.8231,4.987,-4.415,-8.808
33.817343,80.294,49.811,85.440,0.2674,1.3531,3.1732,-31.071,-4.251,2.682
33.834010,79.923,49.620,85.353,-0.0314,0.9301,2.5368,-18.462,-5.675,10.526
33.850677,79.962,49.315,85.295,-0.1576,0.4055,0.6663,4.764,-5.783,17.404
33.867344,80.292,49.042,85.337,-0.4372,-0.2465,-1.2720,17.634,-1.542,16.172
33.884011,80.862,48.827,85.478,-0.3338,-0.6995,-2.1241,27.612,3.011,13.434
33.900678,81.593,48.700,85.682,-0.2059,-0.9018,-1.8102,34.412,6.405,8.616
33.917345,82.337,48.637,85.704,0.0496,-0.8082,-1.0125,43.373,-0.031,3.706
33.934012,83.056,48.682,85.636,-0.3380,-0.3520,-1.1439,45.955,-2.706,-3.173
33.950679,83.490,48.744,85.545,-0.4604,-0.0485,-0.9967,29.983,-3.570,-4.299
33.967346,83.941,48.923,85.685,-0.5238,-0.2047,-1.5822,20.496,6.261,-10.185
33.984013,84.038,49.221,85.979,-0.0829,-0.4091,-1.2033,-7.762,12.950,-16.683
34.000680,83.760,49.722,86.285,0.4260,-1.2223,-1.1365,-30.866,14.631,-28.737
34.017347,83.172,50.314,86.484,0.5884,-1.5929,-0.8551,-44.619,11.242,-34.534
34.034014,82.247,50.862,86.394,-0.3735,-1.6188,-0.5546,-51.601,0.385,-33.118
34.050681,81.030,51.560,86.351,-0.4587,-0.2905,0.2960,-71.188,4.097,-41.684
34.067348,79.588,52.312,86.459,0.2766,0.3170,1.4701,-91.899,11.146,-43.874
34.084015,78.199,53.034,86.911,1.0164,1.2838,2.5816,-105.094,24.097,-39.384
34.100682,76.957,53.585,87.784,0.8393,1.8730,2.1543,-116.735,37.308,-25.625
34.117349,75.829,53.972,89.021,0.5612,2.0889,1.6336,-127.745,47.754,-12.327
34.134016,74.636,54.260,90.098,0.5392,2.4214,1.3015,-124.137,40.747,-7.206
34.150683,73.063,54.302,90.852,0.7360,2.6242,1.1498,-131.289,25.810,4.752
34.167350,71.314,54.110,91.156,0.5803,1.9674,0.4599,-119.925,6.404,14.034
34.184017,69.967,53.818,91.374,-0.8474,2.4604,0.1081,-91.596,1.259,18.814
34.200684,68.446,53.557,91.363,0.3214,1.7562,-0.0780,-90.867,-6.100,14.177
34.217351,66.172,53.136,91.058,1.6760,1.1265,-0.2148,-121.929,-19.993,18.790
34.234018,63.429,52.679,90.642,0.9495,1.1521,-0.2634,-144.823,-25.405,18.073
34.250685,60.472,52.278,90.169,0.3294,0.9516,-0.0729,-155.092,-26.634,12.812
34.267352,57.729,51.907,89.859,-0.2732,0.4888,-0.0162,-150.025,-21.237,12.877
34.284019,55.599,51.553,89.623,-0.3357,-0.6079,-0.6258,-116.828,-19.044,12.622
34.300686,53.902,51.255,89.303,-0.3724,-1.3542,-0.9928,-87.010,-20.104,7.414
34.317353,52.199,51.071,88.985,-0.7802,-1.2990,-1.0329,-87.462,-16.217,1.312
34.334020,50.789,50.992,88.869,-1.5157,-2.0192,-1.0328,-79.362,-6.427,0.724
34.350687,50.114,51.018,88.806,-1.5700,-2.9577,-1.1512,-37.776,-0.925,-2.949
34.367354,50.588,51.109,88.884,-2.1427,-3.3116,-1.5539,24.594,5.556,-2.513
34.384021,53.484,51.049,89.271,-1.9255,-3.9817,-2.6752,155.533,9.054,11.576
34.400688,59.593,50.717,89.897,-1.7269,-4.4209,-3.1730,337.124,8.459,29.582
34.417355,68.607,50.194,90.510,-2.3190,-3.9939,-1.8840,512.212,6.934,38.427
34.434022,79.195,49.635,90.819,-1.8508,-2.3331,0.6720,620.822,1.628,35.649
34.450689,90.090,49.058,90.979,-1.6980,-0.3866,3.0239,646.129,2.418,35.193
34.467356,100.790,48.516,91.227,-2.2655,-0.3627,2.9917,630.531,12.249,31.680
34.484023,110.729,47.970,91.555,-2.8352,1.0206,3.2997,581.256,20.933,28.277
34.500690,119.505,47.261,91.750,-1.8030,1.7029,3.5387,517.603,24.581,35.556
34.517357,126.412,46.538,91.558,0.4460,3.3568,3.6682,422.478,16.334,41.096
34.534024,131.660,45.876,91.257,2.4804,2.8132,3.5542,327.557,14.650,39.134
34.550691,135.555,45.382,90.799,2.5828,1.6558,2.5174,252.995,5.892,35.039
34.567358,138.249,45.048,90.305,2.1111,1.1691,1.2859,182.354,-0.230,29.215
34.584025,139.595,44.774,89.699,2.6262,1.4319,1.2657,106.202,-5.119,30.451
34.600692,139.795,44.604,88.960,3.0324,1.1862,1.1291,42.897,-13.163,30.832
34.617359,139.790,44.471,88.164,1.1647,0.8988,0.4397,32.961,-16.405,31.273
34.634026,140.309,44.139,87.154,-0.2680,1.3019,0.1291,73.263,-13.097,46.149
34.650693,141.750,43.488,85.883,0.1163,0.8279,-0.1304,138.976,-4.750,67.437
34.667360,143.643,42.859,84.425,2.5567,0.0276,-0.1904,173.173,-9.223,73.697
34.684027,144.832,42.463,82.962,3.2666,-0.7168,-0.7899,130.652,-18.928,66.381
34.700694,145.022,42.164,81.443,0.8342,-0.2706,-1.3733,72.500,-24.514,65.448
34.717361,144.929,41.778,79.905,-0.3159,0.8304,-1.2840,55.955,-20.825,69.463
34.734028,144.769,41.287,78.280,1.8386,0.9302,-0.7198,54.826,-18.397,76.645
34.750695,145.136,40.854,76.748,0.1405,0.1276,-1.6051,82.212,-19.022,71.626
34.767362,145.080,40.377,75.345,1.5829,1.1963,-1.2544,51.234,-13.550,68.736
34.784029,144.290,39.957,73.937,-0.1632,-0.1484,-1.5642,6.921,-17.184,67.176
34.800696,143.661,39.575,72.668,0.3733,0.1158,-2.3410,10.695,-16.366,60.706
34.817363,143.275,39.231,71.595,-2.2761,0.1863,-2.7243,17.577,-13.483,52.229
34.834030,143.721,38.988,70.796,-3.8696,0.2594,-4.0884,56.748,-10.885,38.524
34.850697,144.423,38.814,70.229,-4.6422,0.6776,-4.7705,63.232,-7.599,27.670
34.867364,145.066,38.668,69.730,-3.6610,1.2547,-3.8214,56.992,-6.910,24.274
34.884031,145.400,38.535,69.202,-1.3226,1.3764,-1.3036,39.450,-8.150,25.153
34.900698,145.617,38.482,68.610,0.2433,0.9687,0.5390,34.750,-13.737,24.955
34.917365,145.809,38.484,67.896,0.0471,0.7350,0.4527,37.844,-19.653,27.922
34.934032,146.193,38.466,67.046,-0.3828,0.0707,0.1233,54.346,-22.048,33.966
34.950699,146.596,38.539,66.089,-0.2098,-0.9365,-0.6231,59.567,-29.160,35.283
34.967366,146.984,38.830,65.066,-0.3939,-1.6692,-1.0748,61.261,-41.478,30.781
34.984033,147.259,39.387,64.050,0.2645,-1.8618,-1.0005,54.597,-54.321,21.912
35.000700,147.179,40.194,63.003,1.1796,-1.9614,-0.5739,35.052,-67.367,14.681
35.017367,146.754,41.174,61.823,1.3899,-1.6555,0.1331,20.328,-79.036,13.238
35.034034,146.213,42.131,60.469,0.9257,-1.0844,0.9481,21.236,-81.817,19.227
35.050701,145.795,42.919,59.066,0.5321,0.1623,1.8693,31.559,-74.296,25.237
35.067368,145.524,43.413,57.736,0.4682,1.3424,2.9451,38.014,-57.700,31.558
35.084035,145.225,43.731,56.566,0.9345,1.0380,2.8434,30.198,-45.052,31.268
35.100702,144.932,43.926,55.597,0.4015,0.7786,2.1007,22.348,-34.034,27.857
35.117369,144.680,44.027,54.809,0.7452,0.5712,1.6536,17.445,-25.016,24.522
35.134036,144.385,44.082,54.183,0.4565,0.3044,1.1197,8.153,-18.834,20.220
35.150703,144.140,44.100,53.705,0.3104,0.0814,0.8513,4.992,-13.382,16.294
35.167370,143.995,44.103,53.354,0.2174,-0.0242,0.7382,5.636,-9.469,12.296
35.184037,143.912,44.082,53.110,0.0875,-0.1307,0.6141,4.911,-5.614,9.385
35.200704,143.837,44.037,52.929,0.1572,-0.1456,0.7305,2.805,-2.902,8.050
35.217371,143.713,43.984,52.766,0.1621,-0.2095,0.7101,-0.923,-2.006,7.685
35.234038,143.570,43.908,52.597,0.0914,-0.0084,0.6100,-1.824,-1.090,8.744
35.250705,143.446,43.821,52.421,0.0179,0.2324,0.4430,-0.390,-0.765,9.386
35.267372,143.321,43.730,52.248,0.0380,0.2673,0.2742,-0.582,-0.539,9.362
35.284039,143.202,43.645,52.090,0.0170,0.3037,0.1910,-0.885,-0.447,8.694
35.300706,143.121,43.552,51.934,-0.0702,0.3774,0.1922,1.299,-0.038,8.900
35.317373,143.107,43.438,51.783,-0.2650,0.4313,0.2102,5.162,1.096,9.514
35.334040,143.133,43.290,51.639,-0.2236,0.3715,0.3329,7.197,2.871,10.532
35.350707,143.185,43.122,51.514,-0.0877,0.2876,0.2545,7.957,4.301,10.532
35.367374,143.266,42.946,51.414,0.0536,0.1493,0.0872,8.690,5.368,9.995
35.384041,143.340,42.781,51.338,0.2410,-0.0451,0.0546,7.261,5.488,8.729
35.400708,143.412,42.633,51.283,0.2823,-0.1018,0.0441,6.295,5.211,7.387
35.417375,143.496,42.504,51.250,0.2569,-0.1580,0.0455,6.059,4.931,5.932
35.434042,143.598,42.388,51.248,0.1725,-0.1265,0.1132,5.910,5.122,4.321
35.450709,143.718,42.277,51.290,0.2230,-0.1893,0.3205,5.269,5.999,2.558
35.467376,143.830,42.181,51.371,0.2046,-0.2658,0.3969,3.155,6.350,0.642
35.484043,143.909,42.099,51.473,0.2294,-0.3418,0.3407,0.378,6.217,-0.634
35.500710,143.979,42.034,51.575,0.1586,-0.2581,0.2471,-0.193,5.403,-1.294
35.517377,144.037,41.976,51.665,0.0927,-0.1185,0.1928,-0.341,4.729,-1.116
35.534044,144.109,41.918,51.752,-0.0758,0.1351,0.1741,0.571,4.720,-0.985
35.550711,144.185,41.849,51.834,-0.0377,0.1673,0.2157,0.965,5.076,-0.461
35.567378,144.266,41.771,51.919,-0.0735,0.1511,0.1366,1.228,5.594,-0.228
35.584045,144.354,41.696,51.997,0.0165,0.0381,0.0577,1.894,5.286,-0.130
35.600712,144.445,41.630,52.069,0.0809,-0.0221,-0.0819,2.338,4.726,-0.194
35.617379,144.533,41.580,52.131,0.2160,-0.1084,-0.0799,2.561,3.642,-0.387
35.634046,144.634,41.534,52.189,0.1573,-0.0522,0.0861,3.498,3.330,-0.475
35.650713,144.749,41.485,52.254,0.1153,-0.0340,0.2332,4.045,3.715,-0.561
35.667380,144.863,41.423,52.331,0.0199,-0.0277,0.2257,3.554,4.604,-0.604
35.684047,144.970,41.361,52.418,0.0652,-0.0649,0.1016,2.712,4.925,-0.980
35.700714,145.096,41.304,52.513,0.0554,-0.0154,0.0168,3.545,4.842,-1.458
35.717381,145.254,41.254,52.619,0.0315,0.0347,-0.0150,5.040,4.799,-2.124
35.734048,145.451,41.199,52.749,-0.0314,0.1661,0.0530,6.463,5.676,-2.855
35.750715,145.693,41.132,52.905,-0.0458,0.2290,0.0710,8.124,6.896,-3.444
35.767382,145.988,41.053,53.084,-0.0060,0.2241,0.0606,10.374,8.089,-3.921
35.784049,146.263,40.967,53.273,0.2021,0.0706,-0.0221,8.847,8.632,-4.160
35.800716,146.530,40.886,53.465,0.1028,0.0846,-0.1692,8.175,8.478,-4.470
35.817383,146.784,40.814,53.644,0.1035,0.0164,-0.1707,7.976,7.695,-4.314
35.834050,146.995,40.748,53.805,0.0671,0.0048,-0.0727,6.116,6.923,-3.882
35.850717,147.168,40.686,53.933,0.0864,-0.0116,0.0153,5.188,5.898,-2.742
35.867384,147.324,40.619,54.031,0.0294,0.0377,0.1180,5.287,5.404,-1.505
35.884051,147.442,40.546,54.099,0.0308,-0.0137,0.1135,4.154,4.977,-0.193
35.900718,147.517,40.468,54.141,-0.0101,-0.0546,0.0268,2.648,4.568,0.976
35.917385,147.564,40.396,54.164,0.0050,-0.1082,-0.0497,1.679,3.864,1.526
35.934052,147.572,40.331,54.174,0.0556,-0.1073,-0.0174,-0.169,3.106,1.784
35.950719,147.574,40.272,54.177,-0.0152,0.0247,0.0828,-0.196,2.666,1.867
35.967386,147.580,40.209,54.179,-0.0401,0.1046,0.1394,0.046,2.885,2.038
35.984053,147.586,40.137,54.186,-0.0570,0.1156,0.2348,-0.178,3.464,2.116
36.000720,147.592,40.056,54.202,-0.1538,0.0770,0.1880,-0.423,4.092,2.093
36.017387,147.600,39.970,54.219,-0.2081,0.0257,0.0541,-0.448,4.437,2.175
36.034054,147.608,39.888,54.239,-0.2272,0.0778,-0.0127,-0.520,4.255,1.969
36.050721,147.621,39.808,54.257,-0.2313,0.1540,0.0053,-0.133,4.107,1.938
36.067388,147.645,39.725,54.279,-0.2193,0.2106,0.0665,0.362,4.382,1.938
36.084055,147.677,39.632,54.305,-0.2078,0.1761,0.0497,0.662,4.966,2.040
36.100722,147.720,39.537,54.332,-0.2445,0.1363,0.0029,1.293,5.102,2.119
36.117389,147.759,39.440,54.355,-0.1818,0.0884,0.0178,1.219,5.138,2.297
36.134056,147.797,39.344,54.376,-0.1942,0.1070,-0.0156,1.209,4.986,2.346
36.150723,147.840,39.248,54.395,-0.1504,0.1281,0.0252,1.636,4.955,2.467
36.167390,147.879,39.148,54.405,-0.1322,0.1576,0.0846,1.683,5.001,2.923
36.184057,147.927,39.044,54.411,-0.1987,0.2213,0.1088,2.449,5.050,3.189
36.200724,148.002,38.925,54.417,-0.2162,0.2595,0.2009,3.992,5.796,3.663
36.217391,148.089,38.802,54.419,-0.1391,0.1683,0.1366,4.943,5.918,3.985
36.234058,148.189,38.677,54.416,-0.0973,0.0637,0.0811,5.829,5.895,4.172
36.250725,148.275,38.557,54.407,0.0110,0.0295,0.1164,5.236,5.534,4.327
36.267392,148.355,38.443,54.391,0.0571,0.0544,0.0809,5.155,5.031,4.354
36.284059,148.441,38.333,54.372,0.1325,0.0722,0.0447,5.564,4.809,4.331
36.300726,148.525,38.229,54.352,0.2303,0.0492,0.0744,5.565,4.389,4.190
36.317393,148.607,38.130,54.326,0.2511,-0.0267,0.1175,5.661,4.042,4.274
36.334060,148.672,38.037,54.292,0.2288,-0.0505,0.0896,4.888,3.583,4.375
36.350727,148.734,37.950,54.252,0.2503,-0.0719,0.1016,4.965,3.081,4.455
36.367394,148.774,37.869,54.203,0.2597,-0.0544,0.1557,3.975,2.595,4.621
36.384061,148.819,37.787,54.156,0.3184,-0.0024,0.1784,4.209,2.684,4.581
36.400728,148.859,37.706,54.106,0.3804,-0.0125,0.1805,3.929,2.565,4.615
36.417395,148.899,37.622,54.057,0.3744,-0.0144,0.1732,4.016,2.711,4.666
36.434062,148.933,37.540,54.008,0.3912,-0.0859,0.1516,3.569,2.645,4.621
36.450729,148.954,37.462,53.959,0.3669,-0.1615,0.0806,2.835,2.442,4.515
36.467396,148.967,37.391,53.905,0.3156,-0.1489,-0.0133,2.525,1.974,4.485
36.484063,148.967,37.331,53.849,0.3661,-0.1901,0.0108,1.847,1.346,4.230
36.500730,148.961,37.285,53.792,0.3724,-0.1608,0.0308,1.500,0.614,3.812
36.517397,148.950,37.246,53.738,0.3584,-0.1255,0.1364,1.113,0.319,3.486
36.534064,148.940,37.204,53.688,0.2617,-0.0697,0.2461,1.002,0.568,3.380
36.550731,148.912,37.156,53.640,0.2178,-0.0085,0.2120,-0.154,0.910,3.510
36.567398,148.886,37.110,53.590,0.2062,0.0582,0.1151,0.023,0.823,3.532
36.584065,148.873,37.066,53.547,0.2340,0.1010,0.0588,0.568,0.850,3.159
36.600732,148.873,37.029,53.510,0.2873,0.0812,0.0568,1.145,0.641,2.699
36.617399,148.878,36.999,53.471,0.3284,-0.0108,0.0292,1.523,0.203,2.590
36.634066,148.876,36.979,53.427,0.3092,-0.0857,0.0208,1.282,-0.409,2.435
36.650733,148.870,36.967,53.377,0.2909,-0.1130,0.0601,1.245,-0.983,2.461
36.667400,148.854,36.959,53.322,0.2903,-0.1042,0.1457,0.859,-1.303,2.528
36.684067,148.827,36.960,53.266,0.2915,-0.1020,0.1482,0.216,-1.761,2.329
36.700734,148.796,36.958,53.211,0.2918,-0.0827,0.1585,-0.062,-1.580,2.324
36.717401,148.767,36.961,53.160,0.2765,-0.1441,0.1539,-0.061,-1.796,1.995
36.734068,148.735,36.963,53.111,0.2444,-0.1698,0.1977,-0.315,-1.650,1.971
36.750735,148.699,36.968,53.068,0.2616,-0.2173,0.2093,-0.802,-1.642,1.623
36.767402,148.655,36.976,53.034,0.2366,-0.1855,0.1965,-1.550,-1.594,1.166
36.784069,148.611,36.991,53.012,0.2174,-0.0889,0.1449,-2.063,-1.622,0.446
36.800736,148.581,37.004,53.004,0.1253,0.0127,0.1302,-1.636,-1.245,-0.087
36.817403,148.570,37.014,53.009,0.1386,0.0522,0.1203,-0.995,-0.664,-0.487
36.834070,148.584,37.021,53.027,0.1233,0.0162,0.0845,-0.012,-0.266,-0.991
36.850737,148.608,37.030,53.054,0.1316,-0.0635,0.0553,0.321,-0.094,-1.357
36.867404,148.637,37.049,53.089,0.0771,-0.0763,0.0168,0.335,-0.426,-1.999
36.884071,148.675,37.079,53.126,0.0201,0.0310,0.0617,0.787,-0.925,-2.460
36.900738,148.739,37.115,53.174,-0.0274,0.0990,0.1361,1.952,-0.979,-3.084
36.917405,148.841,37.153,53.228,-0.0602,0.0862,0.1950,3.973,-0.929,-3.363
36.934072,148.979,37.196,53.282,-0.0680,-0.0178,0.1913,6.177,-1.174,-3.534
36.950739,149.118,37.248,53.327,0.0242,-0.1850,0.1947,6.560,-1.913,-3.439
36.967406,149.241,37.315,53.358,0.0793,-0.3220,0.1522,6.057,-3.018,-3.335
36.984073,149.328,37.398,53.372,0.0655,-0.3447,0.1857,4.541,-4.210,-3.090
37.000740,149.385,37.488,53.379,0.0226,-0.3498,0.3008,3.056,-4.816,-3.043
37.017407,149.411,37.586,53.384,0.0021,-0.3336,0.3154,1.169,-5.224,-3.179
37.034074,149.409,37.693,53.390,0.0173,-0.3342,0.2590,-0.481,-5.703,-3.506
37.050741,149.382,37.810,53.396,0.0025,-0.2952,0.2330,-1.968,-6.184,-3.804
37.067408,149.339,37.935,53.403,0.0284,-0.2406,0.1939,-3.023,-6.546,-4.079
37.084075,149.291,38.065,53.414,0.0170,-0.1277,0.1610,-3.410,-6.704,-4.381
37.100742,149.253,38.192,53.432,0.0498,0.0047,0.1375,-3.066,-6.423,-4.611
37.117409,149.224,38.312,53.460,0.0597,0.0836,0.0568,-2.960,-5.777,-4.803
37.134076,149.217,38.418,53.501,0.1005,0.0824,0.0285,-2.067,-4.770,-4.887
37.150743,149.223,38.515,53.552,0.1181,0.0083,-0.0079,-1.722,-4.043,-5.015
37.167410,149.219,38.606,53.605,0.1251,-0.0321,-0.0973,-2.312,-3.720,-4.910
37.184077,149.214,38.695,53.662,0.1343,0.0117,-0.1390,-2.637,-3.465,-4.995
37.200744,149.207,38.781,53.727,0.1396,0.1227,-0.1467,-3.004,-3.169,-5.231
37.217411,149.216,38.856,53.798,0.1278,0.2446,-0.0714,-2.250,-2.446,-5.147
37.234078,149.241,38.918,53.874,0.1021,0.2865,-0.0060,-1.530,-1.691,-4.960
37.250745,149.280,38.971,53.948,0.0286,0.2177,0.0052,-0.588,-1.253,-4.577
37.267412,149.321,39.019,54.005,0.0821,0.0793,0.0485,0.134,-1.381,-3.722
37.284079,149.345,39.072,54.034,0.1376,-0.0017,0.0736,0.266,-2.377,-2.756
37.300746,149.354,39.133,54.029,0.1703,-0.0454,0.1060,0.520,-3.543,-1.660
37.317413,149.350,39.191,53.997,0.1802,-0.0434,0.1654,0.858,-4.042,-0.471
37.334080,149.331,39.243,53.943,0.2983,-0.1300,0.1947,0.735,-4.251,0.576
37.350747,149.278,39.293,53.871,0.3262,-0.2462,0.1182,-0.530,-4.602,1.368
37.367414,149.195,39.348,53.787,0.3451,-0.2413,-0.0173,-1.973,-5.098,1.669
37.384081,149.073,39.407,53.699,0.2973,-0.1041,-0.1031,-4.086,-5.411,1.713
37.400748,148.941,39.458,53.615,0.2409,0.1033,-0.1030,-4.838,-4.903,1.787
37.417415,148.818,39.495,53.546,0.2165,0.2830,-0.0597,-4.856,-3.855,1.589
37.434082,148.733,39.514,53.501,0.1211,0.3515,0.0028,-3.541,-2.370,1.195
37.450749,148.692,39.523,53.482,0.1276,0.2131,0.0879,-1.826,-1.186,0.503
37.467416,148.672,39.528,53.487,0.1486,0.0074,0.1478,-1.537,-0.432,-0.358
37.484083,148.650,39.534,53.502,0.1566,-0.0907,0.1783,-2.005,-0.258,-0.754
37.500750,148.617,39.542,53.519,0.1068,-0.0847,0.1685,-2.733,-0.322,-0.919
37.517417,148.579,39.552,53.532,0.1056,-0.0286,0.1134,-2.943,-0.489,-0.821
37.534084,148.542,39.561,53.538,0.0819,-0.0121,0.0106,-2.544,-0.635,-0.508
37.550751,148.550,39.569,53.523,0.0253,-0.0570,-0.1072,0.965,-1.039,0.371
37.567418,148.640,39.577,53.462,0.1103,-0.1818,-0.2153,7.510,-2.156,2.118
37.584085,148.706,39.596,53.352,0.1521,-0.1903,-0.1858,8.025,-3.878,3.716
37.600752,148.662,39.632,53.191,0.1447,-0.2013,0.0293,3.441,-6.004,5.266
37.617419,148.547,39.679,52.996,0.0019,-0.1479,0.0545,0.394,-7.415,6.217
37.634086,148.403,39.731,52.799,-0.0121,-0.0526,0.0637,-1.157,-7.689,6.159
37.650753,148.273,39.801,52.631,-0.0063,-0.0453,0.0162,-1.463,-7.941,4.417
37.667420,148.155,39.878,52.483,0.0700,-0.1178,0.0970,-1.507,-7.815,3.368
37.684087,148.025,39.964,52.361,0.0769,-0.1730,0.1288,-3.384,-7.500,1.914
37.700754,147.884,40.055,52.262,0.0083,-0.1474,0.0929,-5.124,-7.111,0.649
37.717421,147.736,40.145,52.201,-0.0275,0.0248,0.1951,-6.732,-6.284,-0.572
37.734088,147.609,40.221,52.180,-0.0981,0.1376,0.2968,-6.796,-4.731,-1.504
37.750755,147.519,40.281,52.192,-0.0818,0.1678,0.3463,-6.025,-3.002,-2.415
37.767422,147.467,40.329,52.225,-0.0411,0.0961,0.4238,-4.793,-1.689,-2.997
37.784089,147.432,40.363,52.290,-0.0154,0.0459,0.3997,-4.471,-0.555,-3.375
37.800756,147.400,40.389,52.362,-0.0257,0.0555,0.2338,-4.730,0.049,-3.471
37.817423,147.369,40.411,52.419,0.0067,0.0355,0.0682,-4.444,0.173,-3.115
37.834090,147.344,40.431,52.478,-0.0106,0.0478,-0.0722,-3.577,-0.073,-2.589
37.850757,147.312,40.453,52.516,-0.0142,0.0485,-0.1551,-3.302,-0.612,-1.936
37.867424,147.289,40.473,52.556,-0.0052,0.0430,-0.1250,-1.764,-1.151,-1.032
37.884091,147.294,40.498,52.529,0.0397,-0.0304,-0.0106,1.373,-2.297,0.395
37.900758,147.345,40.520,52.454,0.0682,-0.1008,0.0567,6.453,-3.635,2.737
37.917425,147.353,40.542,52.313,0.1009,-0.0460,0.1750,5.878,-4.929,4.779
37.934092,147.325,40.559,52.140,-0.1349,0.1283,0.2095,5.167,-5.498,6.286
37.950759,147.297,40.559,51.935,-0.2000,0.1675,0.2572,6.443,-5.541,8.124
37.967426,147.269,40.554,51.701,0.0082,0.0372,0.2599,7.084,-5.614,8.963
37.984093,147.201,40.552,51.459,0.1964,-0.0495,0.2129,4.774,-5.849,8.999
38.000760,147.095,40.557,51.234,0.2707,-0.1083,0.1020,2.712,-6.377,8.858
38.017427,146.962,40.569,51.002,0.2804,-0.1390,0.0115,1.005,-6.710,8.545
38.034094,146.807,40.585,50.768,0.2241,-0.1379,-0.0450,-0.314,-6.898,8.451
38.050761,146.616,40.603,50.535,0.2384,-0.1036,-0.0380,-2.656,-6.893,8.122
38.067428,146.395,40.626,50.316,0.2089,-0.0973,-0.0350,-4.995,-6.817,7.444
38.084095,146.141,40.650,50.128,0.1331,-0.0170,-0.0814,-8.302,-6.062,6.114
38.100762,145.847,40.674,50.003,0.1834,0.2054,-0.0856,-12.746,-4.730,4.078
38.117429,145.571,40.699,49.941,0.1239,0.4411,-0.0587,-14.165,-3.153,1.550
38.134096,145.349,40.707,49.936,0.0709,0.5629,0.0519,-13.238,-0.837,-0.060
38.150763,145.227,40.692,49.980,0.0357,0.5393,0.1853,-9.195,1.574,-1.114
38.167430,145.161,40.651,50.051,0.0209,0.3559,0.3470,-6.804,3.558,-1.162
38.184097,145.157,40.586,50.131,-0.0950,0.1126,0.3464,-3.490,4.917,-0.743
38.200764,145.150,40.512,50.189,-0.0162,-0.0594,0.3514,-2.669,4.803,0.506
38.217431,145.118,40.419,50.195,0.0909,-0.0265,0.4981,-2.188,4.353,3.062
38.234098,145.101,40.303,50.162,-0.1318,0.4030,0.7870,0.262,4.468,5.388
38.250765,145.209,40.128,50.188,-0.6730,1.3831,1.5286,5.809,8.668,5.427
38.267432,145.466,39.829,50.378,-1.0417,2.4202,2.2166,7.834,19.461,2.934
38.284099,145.898,39.401,50.866,-1.1763,2.9398,2.0688,7.385,33.359,-3.821
38.300766,146.413,38.850,51.692,-1.0068,3.2712,1.4260,0.132,47.990,-12.854
38.317433,146.925,38.191,52.715,-0.5012,3.5327,1.1817,-10.309,60.908,-20.697
38.334100,147.170,37.391,53.973,0.6980,3.8671,1.6601,-33.102,73.237,-25.142
38.350767,146.823,36.411,55.448,2.5285,4.6473,2.6864,-74.883,87.869,-27.894
38.367434,145.453,35.355,57.172,4.0253,4.8497,2.6946,-141.113,97.238,-32.367
38.384101,142.664,34.489,59.002,3.0188,4.2933,0.2867,-230.492,94.412,-42.595
38.400768,139.009,33.731,60.985,0.0747,4.7342,-2.9354,-286.119,96.806,-47.683
38.417435,136.259,32.931,63.393,-4.0685,3.6366,-6.8342,-244.456,116.054,-56.919
38.434102,134.461,31.772,66.004,-3.5842,2.0674,-6.6542,-191.807,141.693,-45.424
38.450769,133.547,30.225,68.583,-1.2455,0.4474,-4.7044,-134.708,159.111,-25.498
38.467436,133.238,28.589,71.056,0.8499,-0.5259,-3.7450,-91.549,160.604,-17.619
38.484103,132.634,27.063,73.387,2.3349,0.1385,-2.6214,-101.654,152.184,-17.331
38.500770,132.530,25.855,75.375,3.4931,-0.5716,-2.9908,-59.527,126.924,-19.041
38.517437,133.933,25.232,77.553,1.5764,-0.6545,-5.5033,27.767,110.723,-53.690
38.534104,135.386,24.846,80.045,0.7467,0.1996,-5.6923,23.901,111.924,-78.863
38.550771,136.782,24.655,82.891,0.1860,-1.0304,-5.5600,12.258,115.111,-103.889
38.567438,136.811,24.704,85.904,2.8927,-0.9673,-2.8672,-73.702,109.590,-121.869
38.584105,134.605,25.268,88.996,5.7093,-0.7330,-0.2573,-210.617,92.588,-144.098
38.600772,129.710,26.413,92.337,6.0491,0.4235,0.7461,-380.780,87.078,-172.219
38.617439,122.539,28.063,95.486,4.5406,-0.7723,-0.3598,-516.301,76.820,-179.322
38.634106,113.687,30.337,98.013,4.8671,-1.6229,-0.3849,-604.566,52.015,-183.105
38.650773,103.431,33.160,99.784,4.7419,-0.4463,1.5204,-670.724,31.437,-189.823
38.667440,92.527,36.019,100.946,3.1843,1.5576,3.8956,-693.145,32.793,-178.289
38.684107,82.461,38.882,101.672,0.1026,-0.0729,3.1734,-629.748,41.942,-170.525
38.700774,75.290,41.426,102.230,-1.4240,-2.2723,1.3590,-451.228,54.445,-145.058
38.717441,72.723,43.395,103.014,-1.1029,-3.5337,0.1619,-185.238,65.887,-104.150
38.734108,74.164,44.953,103.805,-0.0735,-4.1119,-0.5221,53.871,59.172,-79.963
38.750775,77.959,46.216,104.542,0.2090,-5.1958,-1.4035,196.510,48.203,-66.092
38.767442,83.222,47.392,105.123,-0.4723,-6.2544,-1.1220,290.790,34.983,-65.641
38.784109,89.700,48.632,105.160,-2.3324,-5.9204,1.2791,387.314,5.988,-74.151
38.800776,96.411,49.825,104.632,-4.4590,-3.7463,3.1721,426.948,-24.612,-70.260
38.817443,102.581,50.854,103.926,-4.7967,-1.4812,4.3646,402.964,-36.953,-56.347
38.834110,107.199,51.692,103.082,-3.4915,0.4596,4.9243,316.677,-43.646,-40.293
38.850777,109.629,52.395,102.059,-1.3554,1.8442,4.7890,194.339,-49.319,-28.025
38.867444,110.431,53.102,100.811,-0.3138,0.6557,3.8702,107.765,-57.236,-24.213
38.884111,110.403,53.781,99.397,-0.7666,-1.0401,2.5328,66.537,-61.731,-20.527
38.900778,110.027,54.270,97.949,-1.2050,-2.0281,1.3220,47.813,-58.171,-9.772
38.917445,109.704,54.528,96.357,-1.4705,-2.1537,0.6018,58.341,-57.726,4.408
38.934112,109.275,54.556,94.601,-1.4675,-1.2093,0.3925,60.092,-58.328,18.878
38.950779,108.359,54.517,92.497,-1.7663,-0.2608,0.6820,47.825,-68.723,25.982
38.967446,107.343,54.504,90.463,-2.0852,0.4227,0.4398,38.321,-67.344,22.566
38.984113,106.287,54.572,88.552,-2.1285,0.2839,0.2217,29.950,-65.024,15.461
39.000780,105.059,54.708,86.821,-2.0266,0.6238,-0.3485,10.935,-60.291,8.480
39.017447,103.891,54.913,85.385,-1.6125,-0.1217,-1.1958,0.219,-51.339,0.609
39.034114,102.868,55.197,84.195,-1.1809,-0.5733,-1.6181,-3.024,-43.936,-7.034
39.050781,102.039,55.590,83.150,-0.6919,-0.6761,-1.3206,1.705,-40.070,-15.214
39.067448,101.467,56.099,82.215,-0.6574,-1.1409,-1.2898,11.944,-37.280,-23.387
39.084115,100.976,56.763,81.604,-1.2280,-0.8253,-0.6250,0.941,-27.873,-35.001
39.100782,100.130,57.643,81.396,-1.3563,-0.7963,0.2779,-40.567,-16.507,-50.498
39.117449,98.871,58.583,81.227,-0.5407,-1.6085,0.2467,-67.086,-14.847,-54.594
39.134116,97.872,59.403,80.984,-0.1899,-1.1382,0.4188,-47.714,-14.784,-47.374
39.150783,97.254,60.077,80.430,0.4383,0.0856,0.9802,-8.596,-22.148,-37.704
39.167450,96.865,60.633,80.056,0.4404,1.1301,0.5962,-4.082,-15.317,-31.541
39.184117,96.484,61.079,79.927,0.1640,1.4649,0.7188,-16.365,-7.066,-25.971
39.200784,96.021,61.437,79.927,0.3225,1.9090,0.8809,-27.963,-2.593,-21.225
39.217451,95.666,61.743,80.030,0.3053,1.2364,0.6247,-26.971,0.837,-18.399
39.234118,95.564,61.978,80.139,-0.1523,-0.0207,0.0202,-12.099,1.464,-14.262
39.250785,95.794,62.109,80.325,-0.4193,-0.2169,0.1296,3.731,4.190,-8.168
39.267452,96.278,62.173,80.594,-0.4045,-0.3688,0.2149,14.569,6.843,-4.518
39.284119,96.579,62.212,80.896,-0.1800,0.2018,0.5063,1.810,7.896,-3.143
39.300786,96.386,62.275,81.151,0.2338,0.7303,0.8263,-25.361,6.419,-4.446
39.317453,96.098,62.390,81.382,0.1541,0.0859,0.3103,-29.720,5.391,-7.440
39.334120,95.880,62.495,81.459,0.0689,0.1543,-0.0079,-17.429,1.238,-6.374
39.350787,95.833,62.629,81.330,-0.1773,-0.1302,-0.5652,3.873,-4.617,-7.482
39.367454,95.910,62.732,81.116,-0.6762,-0.0780,-0.5813,15.822,-6.754,-5.454
39.384121,96.350,62.831,81.053,-0.9850,0.6114,-0.1895,29.525,-2.587,-5.571
39.400788,96.697,62.904,80.981,-0.5101,0.8566,0.4100,24.456,-2.713,-4.068
39.417455,96.824,63.004,80.817,-0.5434,0.3434,0.6624,16.112,-5.410,-5.300
39.434122,96.792,63.102,80.441,-0.2390,-0.6338,0.2841,17.980,-11.114,-4.531
39.450789,96.736,63.139,80.117,0.3086,-0.1908,0.4346,13.735,-9.254,-1.044
39.467456,96.977,63.212,80.182,0.2674,0.0931,0.2214,10.778,0.953,-4.422
39.484123,96.924,63.288,80.224,-0.1143,0.1757,0.2400,-5.697,0.331,-4.556
39.500790,96.610,63.402,80.109,-0.3500,-0.0398,-0.3555,-12.936,-4.143,-6.334
39.517457,96.184,63.531,79.890,-0.5290,-0.2373,-0.2704,-14.007,-6.975,-6.908
39.534124,95.961,63.665,79.736,-0.6285,-0.0234,-0.1202,-5.344,-5.211,-7.485
39.550791,96.008,63.792,79.694,-0.1976,0.6556,0.3445,4.789,-2.166,-7.338
39.567458,96.149,63.923,79.721,-0.4064,0.2890,0.1479,6.739,-0.393,-7.788
39.584125,96.298,64.035,79.868,-0.7616,0.1755,-0.0012,0.738,2.851,-6.964
39.600792,96.406,64.158,80.099,-0.7405,-0.2242,-0.0091,-6.220,4.910,-7.892
39.617459,96.362,64.302,80.139,-1.5205,-0.4136,0.0737,-5.076,-0.196,-8.639
39.634126,96.598,64.444,80.193,-1.8675,0.0520,0.2660,10.948,0.128,-8.492
39.650793,97.097,64.602,80.376,-0.7306,-0.0084,0.4543,19.683,3.272,-9.830
39.667460,97.679,64.766,80.609,-0.0792,-0.5235,0.0569,21.918,4.375,-10.389
39.684127,98.529,64.844,80.939,-0.0923,-0.2003,-0.0247,32.800,7.367,-5.724
39.700794,99.475,64.873,81.384,-0.0636,-0.3390,-0.0963,32.201,10.638,-3.346
39.717461,100.379,64.873,81.774,0.1009,-0.3544,-0.0344,32.718,9.505,-1.573
39.734128,101.185,64.886,82.143,0.4018,0.0403,-0.0122,27.973,8.787,-2.368
39.750795,101.911,64.871,82.725,0.8971,0.3129,0.0726,11.603,14.419,-1.967
39.767462,102.543,64.846,83.401,0.7700,-0.1823,0.0456,0.877,16.881,-2.091
39.784129,102.861,64.820,83.895,0.6894,0.1377,0.0809,-8.089,12.375,-1.063
39.800796,102.946,64.810,84.082,0.5371,0.0525,0.0342,-5.319,4.504,-0.372
39.817463,102.842,64.814,83.950,0.2494,-0.1330,-0.1882,0.683,-3.632,0.635
39.834130,102.951,64.839,83.894,0.3057,0.0312,-0.1443,9.236,-1.998,-1.052
39.850797,103.041,64.873,83.803,0.3499,0.0762,-0.0414,10.072,-2.987,-1.344
39.867464,103.162,64.899,83.748,0.4451,0.4257,0.0008,9.994,-1.984,-1.068
39.884131,103.178,64.915,83.599,0.3694,0.5290,-0.0319,8.806,-4.169,0.073
39.900798,103.102,64.927,83.362,0.2751,0.4908,-0.0887,8.000,-6.297,0.756
39.917465,102.989,64.935,83.069,0.1504,0.4982,-0.1020,8.902,-7.641,1.293
39.934132,103.013,64.923,82.794,0.4131,0.5939,-0.0156,16.160,-6.904,2.415
39.950799,102.908,64.879,82.439,0.7332,0.8151,-0.0924,12.707,-8.475,4.675
39.967466,102.613,64.833,82.024,1.1533,0.8184,-0.4403,4.635,-10.005,5.094
39.984133,102.305,64.764,81.593,1.7971,0.7479,-1.0092,4.703,-10.120,6.496
40.000800,102.001,64.684,81.086,2.2370,1.4585,-0.6009,9.115,-11.937,7.509
40.017467,101.782,64.626,80.422,2.6605,0.9138,-0.2679,22.750,-16.259,6.910
40.034134,101.706,64.482,79.482,3.4632,0.8838,-0.0229,46.230,-22.210,13.418
40.050801,101.948,64.216,78.242,3.8753,1.1153,0.2158,81.573,-28.511,22.261
40.067468,102.168,63.837,76.683,4.3046,1.4180,0.6035,97.286,-35.558,30.737
40.084135,102.084,63.388,74.773,4.4074,2.1342,1.1883,97.787,-44.408,36.989
40.100802,101.731,62.860,72.572,4.0346,2.1539,1.0728,96.714,-52.117,43.195
40.117469,101.408,62.207,70.193,4.5097,2.5225,1.3125,107.523,-56.939,51.456
40.134136,101.053,61.409,67.526,4.9721,2.5272,1.4047,120.018,-65.110,61.464
40.150803,100.738,60.392,64.677,4.6261,2.1794,1.0657,130.800,-70.424,75.417
40.167470,100.482,59.078,61.654,4.4592,1.8012,1.0071,141.719,-75.711,93.989
40.184137,100.474,57.470,58.630,4.5317,1.3839,1.3542,154.382,-76.706,111.909
40.200804,100.963,55.614,55.494,4.6181,0.1649,1.9043,186.857,-81.711,128.280
40.217471,102.206,53.450,52.261,4.7886,-0.9423,2.1616,233.063,-84.718,149.417
40.234138,103.874,50.766,49.118,6.1105,-0.2911,4.5069,249.481,-77.157,182.546
40.250805,105.335,47.654,46.025,6.9612,-0.5230,7.1497,228.815,-70.975,210.828
40.267472,106.255,44.275,42.856,4.8883,-1.8130,7.0840,192.592,-72.817,230.562
40.284139,107.509,40.434,39.675,2.4467,-3.0739,4.3603,204.500,-69.004,260.971
40.300806,109.410,35.959,36.751,2.8576,-3.0189,5.5116,223.108,-46.819,297.866
40.317473,110.940,31.013,33.946,2.9123,-4.6303,8.6703,185.286,-30.554,326.574
40.334140,111.998,25.717,31.065,0.2497,-5.8824,9.9712,146.109,-26.491,350.953
40.350807,113.428,20.029,28.376,-1.9658,-5.3566,10.7247,148.967,-6.572,371.890
40.367474,114.963,14.107,25.807,-4.0385,-3.8490,10.8884,137.675,9.946,384.215
40.384141,116.451,7.857,23.484,-6.5862,-1.7471,9.3685,115.989,38.193,397.001
40.400808,118.042,1.248,21.301,-7.9066,-1.9732,8.8945,105.925,64.291,412.164
40.417475,119.952,-5.572,19.214,-10.2508,-1.8933,7.3656,109.820,87.856,418.487
40.434142,122.204,-12.397,17.242,-11.7873,-1.4598,4.6187,116.491,110.385,411.022
40.450809,124.481,-19.097,15.429,-12.1691,-1.7788,0.6824,106.858,132.745,393.452
40.467476,126.836,-25.500,13.584,-11.6919,-1.8724,-3.4431,99.081,140.178,371.918
40.484143,129.457,-31.605,11.653,-10.5162,-2.2552,-5.9462,101.739,145.836,351.000
40.500810,132.412,-37.408,9.754,-10.0290,-0.9663,-7.5927,112.667,157.007,324.668
40.517477,135.373,-42.893,7.987,-9.6161,0.0630,-8.2508,109.299,169.671,293.496
40.534144,137.655,-47.820,6.458,-7.9460,-0.1222,-9.8914,71.816,170.156,250.328
40.550811,139.385,-52.092,5.328,-5.3672,1.1241,-12.4801,52.146,163.243,202.625
40.567478,140.692,-55.709,4.567,-3.7330,1.2848,-13.7906,41.899,149.253,160.225
40.584145,141.646,-58.439,4.136,-0.9812,3.2331,-15.7693,35.924,118.951,113.840
40.600812,142.339,-60.214,4.060,1.9538,4.9130,-17.6021,38.039,82.666,67.624
40.617479,142.463,-60.858,4.530,4.4892,5.2918,-18.2785,32.320,39.238,12.736
40.634146,141.923,-60.350,5.389,4.1207,5.7259,-17.7908,12.705,-8.402,-38.492
40.650813,140.512,-58.652,6.888,2.0799,6.4898,-17.0471,-7.029,-50.755,-99.303
40.667480,138.039,-55.795,8.880,-0.8284,6.2451,-15.9576,-47.894,-87.614,-160.774
40.684147,134.778,-51.916,11.230,-3.7098,5.6925,-14.8929,-81.745,-111.071,-220.626
40.700814,131.028,-47.056,13.753,-6.1272,4.2370,-14.0317,-109.884,-126.257,-280.467
40.717481,127.221,-41.194,16.353,-8.0128,3.5193,-14.3430,-119.748,-134.772,-343.501
40.734148,123.402,-34.250,19.031,-10.5923,1.7506,-14.2349,-130.710,-136.687,-413.355
40.750815,119.124,-26.139,21.817,-13.9165,0.0419,-12.7642,-172.399,-128.435,-490.826
40.767482,114.282,-16.802,24.929,-18.0103,-0.8369,-10.4738,-221.813,-95.638,-578.419
40.784149,109.221,-6.341,28.583,-22.6765,-2.8200,-6.7762,-259.238,-31.930,-662.248
40.800816,104.767,5.182,32.907,-26.2350,-7.2596,-1.1536,-264.419,47.648,-736.493
40.817483,102.648,17.368,38.130,-28.8787,-13.3492,4.8898,-189.307,127.246,-782.070
40.834150,104.478,29.601,44.802,-30.4328,-22.6029,11.2141,-52.451,186.959,-797.871
40.850817,108.731,41.175,54.345,-27.5450,-28.7347,28.5668,-80.874,251.346,-796.080
40.867484,113.506,51.498,66.508,-9.5633,-27.5331,45.1847,-246.866,249.202,-755.517
40.884151,120.836,58.756,82.808,0.4262,-13.6772,44.1761,-368.630,300.289,-637.846
40.900818,131.173,61.714,101.317,1.2442,-4.0173,39.6224,-349.645,341.553,-464.074
40.917485,138.208,61.049,118.811,3.2481,-5.2322,34.1200,-504.329,383.833,-324.089
40.934152,139.323,57.250,133.405,9.7130,-5.1189,30.5218,-689.325,465.468,-188.141
40.950819,137.766,51.493,143.983,19.1003,-6.1074,28.0985,-613.381,502.290,-49.757
40.967486,136.624,45.205,151.705,30.9571,-4.9187,19.0339,-418.485,485.096,28.975
40.984153,134.557,38.315,157.550,31.5382,1.6071,11.9511,-360.730,477.993,100.936
41.000820,130.628,30.619,161.926,29.5584,5.8934,8.8066,-386.644,471.973,192.085
41.017487,126.891,22.480,165.034,28.0509,5.7152,5.1142,-309.277,436.104,275.274
41.034154,124.556,14.316,167.228,26.1612,7.2183,2.9156,-183.102,387.771,323.876
41.050821,122.646,5.910,168.844,24.9603,6.5774,-1.8386,-132.679,359.059,366.734
41.067488,121.135,-2.590,170.175,22.5167,7.1592,-7.0229,-93.799,337.488,390.603
41.084155,120.652,-10.903,171.315,18.4532,8.2865,-12.0640,-21.685,314.581,393.238
41.100822,121.729,-18.903,172.239,13.2066,10.1692,-14.8552,78.108,294.518,383.248
41.117489,123.730,-26.362,172.952,8.8331,11.1958,-14.1476,135.712,275.134,355.712
41.134156,125.738,-33.106,173.171,5.6470,9.8883,-12.5179,126.219,239.820,326.761
41.150823,128.024,-39.280,172.628,2.2505,6.7810,-12.3918,117.077,201.116,312.906
41.167490,131.182,-44.938,171.358,-0.7094,5.4081,-12.4842,137.601,172.673,298.441
41.184157,135.529,-50.050,169.489,-3.4392,5.0197,-12.9051,177.311,155.302,275.832
41.200824,140.513,-54.620,167.115,-5.1167,5.5413,-11.8448,185.365,145.421,248.858
41.217491,145.726,-58.625,164.146,-5.1764,6.7268,-9.6765,163.291,133.235,223.278
41.234158,151.317,-62.029,160.426,-4.2635,6.4058,-7.5184,140.806,116.245,201.445
41.250825,157.657,-64.725,156.005,-4.4607,3.5159,-7.0370,142.611,94.544,177.499
41.267492,164.108,-66.931,151.001,-3.5172,1.2469,-5.4791,112.547,84.490,159.983
41.284159,170.383,-68.746,145.561,-3.7205,-0.6997,-5.0628,73.607,78.740,144.568
41.300826,176.646,-70.372,139.805,-3.5108,-1.7243,-3.9227,51.732,83.001,131.218
41.317493,-177.032,-71.693,134.097,-3.2182,-1.4022,-2.9529,54.978,78.609,111.912
41.334160,-170.642,-72.605,128.713,-2.8630,0.2724,-2.3007,75.518,64.809,92.843
41.350827,-164.996,-73.227,124.172,-1.6898,1.1898,-2.6950,77.970,53.139,70.622
41.367494,-160.964,-73.532,120.741,-1.6317,0.5486,-2.7383,44.333,34.507,51.194
41.384161,-158.351,-73.591,118.175,-2.3360,-0.8803,-2.1818,8.794,18.199,39.871
41.400828,-156.578,-73.565,116.454,-3.0080,-2.4922,-1.2602,7.066,9.522,27.764
41.417495,-155.411,-73.580,115.588,-3.3247,-2.8566,-0.4430,19.967,6.590,13.195
41.434162,-154.795,-73.668,115.537,-3.0063,-2.2893,-0.1368,33.789,4.855,-1.287
41.450829,-154.658,-73.786,116.073,-2.1090,-1.5346,-0.1976,38.889,2.311,-11.108
41.467496,-155.114,-73.924,117.171,-1.5993,-0.6990,-0.2565,35.779,-0.562,-20.034
41.484163,-156.265,-74.033,118.802,-1.3714,0.1721,-0.1588,24.857,-5.403,-27.271
41.500830,-157.953,-74.108,120.889,-0.9773,0.2902,0.0290,18.959,-9.528,-33.353
41.517497,-159.984,-74.166,123.342,-0.7086,0.3528,0.1876,19.557,-11.470,-38.756
41.534164,-162.113,-74.181,125.759,-0.3130,0.5578,0.4018,11.612,-12.279,-37.647
41.550831,-164.126,-74.179,127.915,-0.1115,0.5687,0.5474,3.535,-10.606,-33.679
41.567498,-166.099,-74.163,129.884,0.2780,0.9741,0.4771,-4.818,-9.516,-30.840
41.584165,-168.123,-74.115,131.876,0.4210,0.7487,0.4786,-6.680,-10.373,-31.132
41.600832,-169.966,-74.082,133.783,0.2365,0.0243,0.6782,-0.649,-8.216,-30.333
41.617499,-171.339,-74.063,135.307,0.3405,-0.1361,0.7633,5.309,-5.457,-24.490
41.634166,-172.402,-74.084,136.507,0.5080,0.1346,0.8345,5.341,-1.830,-19.670
41.650833,-173.337,-74.118,137.536,0.4587,0.3394,0.7990,3.086,-0.367,-16.953
41.667500,-174.099,-74.152,138.352,0.6098,0.4807,0.5906,1.228,0.320,-13.446
41.684167,-174.605,-74.168,138.819,0.8511,0.8067,0.2964,-3.592,-0.038,-7.615
41.700834,-174.832,-74.164,138.998,0.7084,0.5827,0.2185,-3.513,-0.788,-2.795
41.717501,-174.774,-74.171,139.065,0.0936,0.1471,0.2377,7.146,0.040,-1.020
41.734168,-174.557,-74.210,138.979,0.0717,0.5434,0.1291,7.880,2.248,1.285
41.750835,-174.440,-74.235,138.831,0.2686,0.9041,0.0106,-1.788,1.462,2.373
41.767502,-174.438,-74.237,138.699,0.0535,0.4254,0.1658,-7.656,0.072,2.234
41.784169,-174.399,-74.253,138.486,-0.1021,-0.0187,0.3190,-10.184,1.030,3.484
41.800836,-174.317,-74.289,138.203,-0.1792,-0.1461,0.5621,-11.671,2.311,4.492
41.817503,-174.176,-74.377,137.901,-0.1787,-0.2329,0.6636,-9.151,5.504,4.440
41.834170,-174.034,-74.502,137.674,-0.1609,-0.0930,0.5615,-4.820,7.572,2.980
41.850837,-173.894,-74.613,137.470,-0.1579,-0.0098,0.3120,-3.614,6.743,2.639
41.867504,-173.745,-74.701,137.281,-0.3083,-0.2258,0.2182,-2.175,5.276,2.529
41.884171,-173.491,-74.793,136.999,-0.3721,-0.4513,0.1824,-1.272,5.731,3.915
41.900838,-173.130,-74.890,136.622,-0.3061,-0.3350,0.1383,-0.392,6.256,5.295
41.917505,-172.736,-75.003,136.234,-0.1300,-0.1795,0.0327,0.979,7.194,5.260
41.934172,-172.333,-75.137,135.907,0.2175,-0.1268,0.0572,4.980,8.370,4.073
41.950839,-172.003,-75.302,135.697,0.4077,-0.1048,-0.1101,7.405,10.009,1.933
41.967506,-171.718,-75.472,135.527,0.2635,-0.0510,-0.3201,7.074,10.221,1.190
41.984173,-171.336,-75.647,135.269,0.0769,-0.0315,-0.4488,7.692,10.703,2.378
42.000840,-170.770,-75.822,134.902,0.0352,-0.0609,-0.5279,12.477,10.940,3.828
42.017507,-170.082,-76.000,134.477,-0.0558,-0.0454,-0.4878,16.300,11.346,4.438
42.034174,-169.384,-76.169,134.002,0.0004,0.2843,-0.3751,14.050,10.945,5.035
42.050841,-168.928,-76.311,133.654,-0.0099,0.5154,-0.3355,6.838,9.090,3.379
42.067508,-168.856,-76.399,133.560,-0.1632,0.6352,-0.3483,-1.374,5.150,0.399
42.084175,-169.213,-76.425,133.844,-0.3096,0.3923,-0.3424,-4.991,0.571,-4.142
42.100842,-169.836,-76.408,134.469,-0.3174,-0.0616,-0.2110,-1.198,-2.901,-8.357
42.117509,-170.596,-76.356,135.257,-0.0604,0.0517,-0.0995,0.152,-5.191,-10.337
42.134176,-171.592,-76.271,136.252,0.0301,0.0801,-0.0280,-1.888,-7.464,-13.077
42.150843,-172.889,-76.122,137.434,0.0202,0.3014,-0.0485,-9.230,-11.393,-15.448
42.167510,-174.458,-75.911,138.775,-0.0759,0.1285,-0.0715,-16.245,-14.981,-17.819
42.184177,-176.255,-75.643,140.239,-0.2910,-0.1221,-0.2840,-22.841,-18.020,-20.119
42.200844,-178.210,-75.335,141.743,-0.5834,-0.1231,-0.5408,-30.213,-19.805,-21.576
42.217511,179.702,-74.954,143.390,-0.9526,-0.3333,-1.0543,-29.892,-23.450,-24.946
42.234178,177.606,-74.524,145.259,-1.2214,-0.4392,-1.2833,-17.818,-25.301,-30.006
42.250845,175.376,-74.035,147.270,-1.0721,0.5786,-1.6406,-17.796,-27.571,-34.351
42.267512,172.737,-73.406,149.495,-1.0343,1.4206,-1.9729,-30.377,-33.874,-41.029
42.284179,169.783,-72.537,151.843,-0.9208,1.1963,-2.2976,-42.735,-45.518,-48.599
42.300846,166.667,-71.501,154.366,-1.4860,-0.4224,-1.9490,-43.162,-51.568,-58.341
42.317513,163.709,-70.393,156.689,-1.6133,-0.3169,-1.8644,-45.944,-52.929,-60.894
42.334180,160.722,-69.224,158.883,-1.5398,0.5223,-2.0008,-55.862,-53.157,-64.599
42.350847,157.643,-67.887,160.962,-1.3300,2.2967,-2.3709,-68.770,-59.003,-71.065
42.367514,154.514,-66.239,162.785,-0.8169,3.7211,-2.9618,-87.182,-73.391,-78.977
42.384181,151.505,-64.228,164.485,-1.2271,1.4460,-2.7387,-88.039,-88.375,-92.734
42.400848,148.703,-62.091,166.047,-2.1806,-0.1289,-1.9840,-84.696,-90.378,-100.513
42.417515,146.221,-59.917,167.311,-2.2294,0.2656,-1.6653,-82.722,-90.475,-101.070
42.434182,143.991,-57.644,168.377,-1.9612,1.0811,-1.8654,-79.261,-93.160,-105.134
42.450849,141.826,-55.152,169.235,-1.1284,2.3931,-2.3760,-87.165,-102.361,-112.843
42.467516,139.473,-52.309,169.841,-0.2538,2.9457,-2.8641,-111.946,-118.581,-124.760
42.484183,136.804,-49.072,170.144,0.3005,2.4647,-2.9708,-146.230,-137.264,-138.119
42.500850,133.880,-45.562,170.142,0.5135,1.6782,-2.8681,-175.674,-150.202,-147.890
42.517517,131.060,-41.856,169.896,0.6166,1.1499,-3.0776,-179.509,-158.301,-156.749
42.534184,128.608,-37.999,169.569,0.6102,0.5079,-3.1889,-159.835,-160.136,-168.011
42.550851,126.484,-34.047,169.173,1.4628,0.8415,-3.1765,-141.501,-160.011,-176.201
42.567518,124.471,-29.966,168.645,2.4986,1.5549,-2.8019,-137.682,-164.344,-183.772
42.584185,122.556,-25.733,167.942,3.1775,1.6514,-2.4428,-134.760,-171.659,-191.045
42.600852,120.765,-21.290,167.103,3.0034,1.1207,-2.1455,-127.586,-179.508,-202.578
42.617519,118.859,-16.791,166.148,3.6245,1.2214,-0.7863,-133.163,-181.559,-207.153
42.634186,116.627,-12.379,165.074,4.9377,1.7669,1.0710,-150.211,-178.755,-205.180
42.650853,113.721,-8.020,163.779,5.4840,2.5245,3.0082,-188.180,-180.836,-204.020
42.667520,109.735,-3.745,162.288,5.4872,2.9227,4.6508,-248.319,-178.006,-205.179
42.684187,104.353,0.400,160.561,5.3901,3.1115,6.5925,-325.863,-172.362,-207.354
42.700854,98.012,4.343,158.610,4.1650,1.3004,7.6886,-375.500,-161.106,-209.296
42.717521,91.681,8.170,156.610,1.2948,-1.4364,4.5725,-366.660,-138.690,-218.682
42.734188,85.234,11.782,154.632,-0.5806,-1.1375,1.4403,-366.114,-111.483,-219.708
42.750855,78.218,15.303,152.683,-0.6754,-0.3884,1.2416,-393.452,-82.514,-225.429
42.767522,71.135,18.741,150.514,1.0529,0.3258,0.3975,-386.728,-65.896,-231.823
42.784189,64.884,21.934,148.187,2.2104,0.2198,-0.2688,-326.465,-50.035,-226.637
42.800856,60.032,24.576,145.959,0.4624,-1.2205,2.9931,-238.237,-35.911,-197.316
42.817523,56.475,26.713,143.803,0.1726,-0.9291,5.9231,-157.456,-32.062,-170.308
42.834190,52.921,28.423,141.474,0.8446,0.3987,6.7509,-148.506,-42.109,-155.265
42.850857,49.416,29.620,138.962,1.2271,-0.3020,5.1071,-137.234,-57.946,-138.491
42.867524,46.556,30.346,136.350,0.3642,-0.9743,3.8022,-93.265,-71.992,-123.182
42.884191,44.156,30.743,133.691,-0.3305,-1.1572,3.2172,-62.906,-81.273,-113.434
42.900858,41.925,30.953,131.071,-0.6651,-0.9149,2.7525,-53.254,-83.233,-107.145
42.917525,39.869,31.010,128.548,-0.5467,-1.0591,2.8507,-45.489,-82.610,-100.312
42.934192,37.966,30.874,126.087,-0.2491,-0.5847,2.9791,-38.294,-86.191,-93.358
42.950859,36.244,30.512,123.699,0.0318,-0.2001,2.6225,-30.226,-91.924,-85.070
42.967526,34.631,29.995,121.381,0.0566,-0.2495,2.0090,-26.769,-95.165,-79.866
42.984193,33.055,29.357,119.144,-0.1836,-0.4016,1.9332,-28.142,-97.029,-75.476
43.000860,31.590,28.559,117.133,-0.7925,-0.8046,2.3821,-29.557,-97.114,-63.584
43.017527,30.215,27.663,115.266,-0.1691,-1.0638,1.7824,-29.776,-97.112,-57.129
43.034194,28.799,26.720,113.478,0.1548,-1.2932,1.6095,-36.056,-96.479,-55.123
43.050861,27.535,25.675,111.854,-0.3520,-1.8461,1.3788,-32.915,-96.810,-47.414
43.067528,26.397,24.557,110.346,-0.6847,-2.0765,0.9033,-29.949,-97.193,-42.547
43.084195,25.247,23.396,108.867,-0.3275,-1.8472,0.3415,-33.029,-98.296,-42.589
43.100862,24.299,22.167,107.514,-0.1515,-1.7714,0.3668,-25.574,-98.553,-36.983
43.117529,23.568,20.860,106.298,-0.4132,-1.7885,0.9777,-17.234,-99.460,-30.156
43.134196,22.973,19.476,105.165,-0.3845,-1.9882,0.8637,-12.408,-101.741,-25.735
43.150863,22.683,18.033,104.122,-0.1653,-1.7037,0.1730,2.608,-103.041,-20.942
43.167530,22.629,16.584,103.213,-0.3438,-1.3972,-0.0742,12.842,-100.587,-14.446
43.184197,22.559,15.111,102.453,-1.2654,-1.5207,0.7527,8.111,-98.691,-6.436
43.200864,22.426,13.586,101.815,-1.5704,-1.8990,0.8726,1.320,-98.979,0.855
43.217531,22.405,12.017,101.237,-1.1481,-1.6110,0.5104,6.274,-100.214,4.769
43.234198,22.469,10.454,100.765,-1.1706,-1.5159,0.2218,9.199,-97.559,10.194
43.250865,22.693,8.888,100.392,-1.0463,-1.4494,0.2296,17.008,-95.509,15.880
43.267532,23.197,7.327,100.068,-1.3208,-1.5927,0.3810,32.753,-94.000,18.944
43.284199,23.891,5.756,99.692,-2.0160,-1.3528,-0.1929,44.004,-95.658,17.267
43.300866,24.999,4.493,99.248,-3.1996,-2.5840,-0.5943,68.686,-80.235,7.366
43.317533,25.608,3.059,98.513,-2.0799,-1.2582,-0.0905,39.199,-96.897,-2.831
43.334200,25.878,1.751,98.020,-1.6543,-0.8707,-0.2624,17.231,-83.768,7.707
43.350867,26.027,0.422,97.806,-1.7328,-0.1589,-0.4631,8.956,-77.561,23.571
43.367534,26.140,-0.842,97.678,-1.4500,0.2859,-0.5907,6.476,-71.776,26.639
43.384201,26.415,-2.246,97.442,-0.4411,-0.5082,-1.3628,15.861,-82.090,24.835
43.400868,27.032,-3.580,97.386,-1.2560,-0.8207,-0.9110,36.659,-73.291,33.233
43.417535,27.707,-4.820,97.326,-1.3104,-0.4614,-1.1728,39.968,-67.930,31.258
43.434202,28.413,-5.860,97.419,-1.5102,-0.4049,-0.5074,42.591,-52.728,34.497
43.450869,28.692,-6.787,97.455,-1.1897,-0.1284,0.1747,16.734,-48.055,28.761
43.467536,28.427,-7.733,97.460,-0.7166,0.8166,0.4865,-16.120,-49.998,27.649
43.484203,28.133,-9.095,97.569,-0.8648,-0.4119,-0.6891,-16.943,-69.085,44.692
43.500870,27.982,-10.528,97.543,-0.8341,-1.7538,-0.4778,-9.544,-76.889,39.354
43.517537,27.719,-11.869,97.183,-0.7945,-0.8346,-0.7606,-20.227,-81.252,19.139
43.534204,27.785,-13.053,96.785,-0.9050,-0.4149,-0.7001,-1.503,-73.987,12.727
43.550871,28.239,-14.075,96.302,-0.6469,0.2161,-0.9552,20.206,-67.619,4.211
43.567538,28.873,-15.076,95.828,-0.4243,1.1852,-0.5992,30.640,-66.101,4.829
43.584205,29.462,-16.176,95.653,-0.3902,1.1046,-0.1301,32.218,-62.836,23.649
43.600872,29.755,-17.484,95.688,-0.3475,0.1941,-0.0422,17.972,-67.468,40.809
43.617539,29.867,-18.853,95.672,-0.3025,-0.7010,-0.4295,6.137,-71.915,40.326
43.634206,29.978,-20.130,95.610,-0.5543,-0.5456,-0.4934,5.162,-68.398,35.497
43.650873,30.061,-21.245,95.502,0.1768,0.7018,-0.2246,2.482,-61.137,28.487
43.667540,30.070,-22.376,95.231,0.2149,0.1967,-0.4638,-5.776,-66.513,21.241
43.684207,30.131,-23.480,94.792,-0.3974,0.3471,-0.4908,-6.871,-69.719,12.513
43.700874,30.353,-24.199,94.251,-0.2410,-0.3139,-0.3712,0.001,-52.463,-3.643
43.717541,30.091,-24.815,94.005,-0.6250,0.0112,-0.1380,-22.075,-38.887,7.276
43.734208,29.822,-25.254,93.898,-0.2418,0.0678,-0.1050,-19.117,-25.928,8.436
43.750875,29.684,-25.426,93.876,-0.3942,0.3351,-0.4735,-9.084,-9.754,4.398
43.767542,29.754,-25.327,93.974,-0.5497,0.3963,-0.8933,6.482,7.568,1.982
43.784209,29.908,-25.124,94.208,-0.6563,0.3311,-0.8120,15.007,16.642,5.278
43.800876,30.011,-24.939,94.502,-0.2448,0.2389,-0.4183,13.384,17.426,8.575
43.817543,30.014,-24.790,94.810,-0.1036,0.0318,0.1921,7.690,15.881,10.371
43.834210,29.954,-24.604,95.070,0.0041,-0.1424,0.3111,2.674,16.577,6.984
43.850877,29.735,-24.432,95.332,-0.1808,-0.0164,0.1721,-6.884,15.842,7.564
43.867544,29.434,-24.345,95.566,-0.2192,-0.0625,-0.1639,-12.475,10.650,8.841
43.884211,29.219,-24.323,95.738,-0.1892,0.0598,-0.4319,-8.947,5.552,7.822
43.900878,29.104,-24.258,95.917,-0.3825,0.2403,-0.4138,-2.726,7.993,6.958
43.917545,29.017,-24.056,96.278,-0.4642,0.2253,-0.1553,3.418,20.004,11.706
43.934212,28.935,-23.801,96.572,0.3530,-0.0519,-0.0450,1.937,20.932,6.996
43.950879,28.766,-23.522,96.739,-0.0034,0.2989,0.1002,-6.404,18.910,0.241
43.967546,28.443,-23.335,96.906,-0.1454,-0.1250,-0.0660,-15.626,14.088,3.022
43.984213,28.077,-23.191,97.082,-0.2008,-0.1416,-0.1706,-18.090,11.989,4.710
44.000880,27.276,-23.254,97.459,-0.9868,-0.1998,0.7932,-39.403,6.073,20.486
44.017547,26.225,-23.131,98.032,0.3955,0.3606,-0.2307,-49.792,20.645,25.232
44.034214,25.497,-22.947,98.207,0.3845,-0.1829,-0.1883,-39.793,13.933,4.187
44.050881,24.984,-22.825,98.281,0.0612,-0.0067,-0.1152,-29.369,8.174,0.854
44.067548,24.676,-22.701,98.269,0.1062,-0.0623,-0.3946,-19.022,6.257,-3.418
44.084215,24.494,-22.529,98.258,-0.0842,0.0699,-0.2441,-11.444,8.908,-4.541
44.100882,24.307,-22.389,98.312,-0.0184,0.1167,0.0503,-10.238,8.695,-0.467
44.117549,23.969,-22.247,98.412,-0.0435,0.0242,0.4719,-18.314,9.838,1.882
44.134216,23.500,-22.141,98.612,-0.1268,-0.1577,0.5721,-23.841,10.060,7.938
44.150883,23.020,-22.027,98.622,0.3270,0.5643,-0.0525,-28.869,6.275,-1.909
44.167550,22.705,-21.962,98.669,-0.2910,-0.0482,-0.2390,-18.103,4.438,1.197
44.184217,22.549,-21.875,98.674,-0.0509,0.1979,-0.2781,-9.503,4.733,-1.470
44.200884,22.489,-21.815,98.742,-0.0937,0.1831,0.1477,-2.382,4.557,2.395
44.217551,22.497,-21.769,98.827,0.0257,-0.0137,0.2963,2.102,4.141,3.623
44.234218,22.444,-21.757,98.890,-0.1060,-0.2131,0.3363,-2.058,1.789,3.271
44.250885,22.317,-21.736,98.915,-0.1146,0.0428,0.1896,-7.380,1.480,1.121
44.267552,22.178,-21.719,98.917,-0.0648,0.0907,0.1146,-8.567,0.801,-0.018
44.284219,22.050,-21.699,98.944,-0.0724,0.0499,0.1895,-7.331,1.476,1.269
44.300886,21.931,-21.689,99.021,-0.0593,0.0908,0.2005,-5.710,1.930,4.060
44.317553,21.840,-21.700,99.137,-0.1183,-0.0148,0.2337,-3.193,1.607,6.528
44.334220,21.746,-21.724,99.268,-0.0804,0.0395,0.1896,-3.000,1.178,7.623
44.350887,21.644,-21.741,99.384,-0.0913,0.0070,0.1051,-3.845,1.211,6.643
44.367554,21.560,-21.756,99.468,-0.1186,0.0881,0.0120,-3.417,0.672,5.010
44.384221,21.523,-21.768,99.530,-0.0833,0.2188,-0.0278,-1.167,0.374,3.758
44.400888,21.529,-21.769,99.600,-0.1054,0.1872,0.0881,1.667,1.172,3.951
44.417555,21.555,-21.778,99.666,-0.1959,0.0129,0.0765,2.695,0.659,3.898
44.434222,21.603,-21.782,99.717,-0.1761,-0.0232,0.0702,3.772,0.640,3.045
44.450889,21.663,-21.772,99.756,-0.1619,0.1059,0.0213,4.158,1.171,2.108
44.467556,21.652,-21.742,99.789,-0.1758,0.1563,0.0122,-0.218,2.150,1.299
44.484223,21.663,-21.705,99.810,-0.0233,0.2682,0.0148,0.887,2.314,0.597
44.500890,21.679,-21.669,99.823,0.0057,0.2497,0.1187,0.903,2.060,0.173
44.517557,21.692,-21.648,99.845,-0.2270,0.0265,0.1089,1.032,1.409,0.984
44.534224,21.704,-21.640,99.880,-0.1873,-0.0197,0.1115,1.190,0.970,1.895
44.550891,21.672,-21.624,99.936,-0.1424,0.1842,0.0703,-0.983,1.896,2.859
44.567558,21.637,-21.610,99.986,-0.1335,0.1897,-0.0452,-1.269,1.611,2.583
44.584225,21.591,-21.579,100.023,-0.1343,0.1043,-0.1050,-2.272,2.304,1.518
44.600892,21.568,-21.533,100.048,-0.0608,0.1726,-0.2699,-1.163,2.882,0.530
44.617559,21.554,-21.467,100.074,-0.0250,0.0658,-0.2656,-0.494,4.019,0.235
44.634226,21.529,-21.365,100.101,-0.0236,0.2701,-0.2597,-1.244,6.087,-0.577
44.650893,21.496,-21.216,100.113,-0.0364,0.3421,-0.3290,-2.011,8.374,-2.384
44.667560,21.441,-21.011,100.115,-0.1094,0.2191,-0.4500,-3.590,11.318,-4.113
44.684227,21.370,-20.759,100.104,-0.0528,0.2977,-0.3314,-4.777,13.646,-5.758
44.700894,21.236,-20.474,100.086,0.0549,0.2167,-0.0505,-8.718,15.403,-6.906
44.717561,21.015,-20.171,100.078,0.0873,-0.0666,0.2350,-13.724,16.588,-6.706
44.734228,20.732,-19.867,100.063,0.0108,-0.3023,0.2463,-17.583,16.578,-6.993
44.750895,20.482,-19.528,100.008,0.0900,0.2565,-0.0152,-16.443,17.756,-9.817
44.767562,20.287,-19.136,99.905,0.1977,0.3391,-0.0189,-14.045,19.824,-13.380
44.784229,20.100,-18.807,99.877,-0.5028,-0.3393,0.4038,-12.023,17.823,-7.990
44.800896,19.942,-18.488,99.785,-0.1617,-0.2002,0.3636,-11.562,16.022,-11.234
44.817563,19.839,-18.243,99.659,-0.1114,-0.1138,0.3424,-8.907,11.150,-11.462
44.834230,19.736,-18.052,99.478,-0.1208,-0.0521,0.4681,-9.851,7.103,-13.297
44.850897,19.595,-17.916,99.299,-0.2664,-0.1293,0.5297,-12.120,4.069,-12.081
44.867564,19.459,-17.805,99.171,-0.2284,0.1057,0.4176,-10.787,3.667,-8.806
44.884231,19.347,-17.703,99.099,-0.1710,0.2476,0.2952,-8.360,4.235,-5.665
44.900898,19.286,-17.605,99.073,-0.1411,0.1807,0.2099,-4.486,4.858,-3.061
44.917565,19.203,-17.513,99.056,-0.1581,0.0760,0.2110,-5.556,4.706,-2.448
44.934232,19.037,-17.438,99.038,-0.0605,0.0297,0.2893,-10.619,3.715,-2.142
44.950899,18.847,-17.371,99.013,-0.0648,-0.0154,0.2247,-12.148,3.201,-2.379
44.967566,18.643,-17.303,98.974,-0.0788,-0.1528,0.1554,-13.278,2.914,-3.127
44.984233,18.429,-17.246,98.901,0.0296,-0.0275,0.0855,-14.450,1.756,-4.734
45.000900,18.233,-17.192,98.802,0.0673,0.1505,-0.0605,-13.885,1.121,-6.166
45.017567,18.048,-17.131,98.704,-0.0421,0.2652,-0.0552,-13.147,1.554,-6.186
45.034234,17.866,-17.038,98.674,-0.1485,0.1894,-0.0716,-11.736,4.592,-3.060
45.050901,17.586,-16.858,98.714,-0.0841,0.2077,0.0217,-16.428,10.790,-0.807
45.067568,17.295,-16.739,98.725,-0.1213,-0.2572,0.1293,-17.613,6.810,-1.243
45.084235,17.035,-16.644,98.676,-0.0703,-0.1378,-0.0146,-16.739,4.417,-4.096
45.100902,16.767,-16.540,98.643,-0.1874,0.1720,0.0286,-16.978,5.263,-3.304
45.117569,16.542,-16.431,98.651,-0.1817,-0.1256,-0.0245,-13.690,6.194,-1.154
45.134236,16.426,-16.343,98.564,-0.0019,-0.0742,-0.0135,-8.760,3.487,-6.032
45.150903,16.410,-16.291,98.465,-0.1926,-0.0465,0.1380,-2.955,1.196,-6.070
45.167570,16.419,-16.220,98.408,-0.3204,0.0749,0.1643,-0.736,2.975,-4.054
45.184237,16.361,-16.160,98.422,-0.2544,-0.1347,-0.0708,-3.614,3.474,0.059
45.200904,16.288,-16.119,98.398,-0.2466,0.1296,0.0279,-5.112,1.821,-1.721
45.217571,16.211,-16.045,98.401,-0.1916,0.1893,0.2154,-4.908,4.099,-0.762
45.234238,16.148,-15.966,98.407,-0.2336,0.1237,0.4011,-3.966,4.490,-0.656
45.250905,16.116,-15.939,98.365,-0.1806,-0.0977,0.2069,-2.996,0.718,-2.517
45.267572,16.152,-15.988,98.237,-0.2333,-0.1424,0.1787,-0.259,-5.045,-5.946
45.284239,16.167,-16.013,98.012,-0.1391,-0.1436,0.1198,-3.187,-5.228,-11.755
45.300906,16.179,-16.054,97.777,-0.1142,0.0828,0.1513,-3.487,-6.345,-11.969
45.317573,16.195,-16.097,97.563,-0.0678,0.3489,0.2486,-2.992,-6.068,-10.868
45.334240,16.205,-16.127,97.372,-0.0241,0.1882,0.2643,-2.871,-4.998,-9.725
45.350907,16.222,-16.113,97.194,-0.1114,-0.0148,0.2380,-2.313,-2.240,-9.803
45.367574,16.276,-16.099,96.978,0.0106,-0.0037,-0.0111,-0.683,-2.816,-11.866
45.384241,16.389,-16.094,96.762,-0.0784,0.2151,0.0561,2.822,-3.409,-11.689
45.400908,16.493,-16.062,96.574,-0.0564,0.1976,0.0969,2.785,-1.380,-10.686
45.417575,16.556,-16.014,96.416,-0.0129,0.1957,0.1750,0.813,0.008,-9.193
45.434242,16.621,-15.987,96.241,0.0490,-0.2252,0.0216,0.677,-1.534,-9.831
45.450909,16.713,-15.950,96.047,-0.2320,-0.2791,-0.0632,1.938,-1.268,-11.091
45.467576,16.777,-15.860,95.869,-0.1259,0.3679,-0.0068,0.596,2.073,-11.035
45.484243,16.843,-15.778,95.753,-0.0557,0.4330,0.0807,1.757,2.587,-7.520
45.500910,16.849,-15.715,95.705,-0.0433,0.2414,0.2754,-0.812,2.621,-3.489
45.517577,16.861,-15.666,95.621,-0.0218,-0.0942,0.1058,-0.960,1.244,-5.178
45.534244,16.921,-15.574,95.511,-0.2518,-0.1043,0.0426,1.492,3.294,-7.350
45.550911,16.993,-15.482,95.395,-0.1518,0.0247,-0.0755,2.062,3.150,-7.717
45.567578,17.081,-15.379,95.240,-0.1046,0.1024,-0.0223,2.501,3.140,-10.085
45.584245,17.133,-15.268,95.125,-0.2089,0.3272,0.2170,0.921,4.192,-8.045
45.600912,17.143,-15.213,95.095,-0.0669,0.2969,0.1951,-0.205,2.531,-2.329
45.617579,17.155,-15.239,95.053,-0.0629,0.0742,0.0864,-0.308,-2.376,-1.521
45.634246,17.192,-15.279,94.956,-0.0951,-0.1549,-0.0068,0.309,-4.126,-4.365
45.650913,17.193,-15.239,94.937,-0.1994,-0.0860,0.0085,-0.586,1.803,-1.469
45.667580,17.204,-15.139,94.900,-0.0761,0.2499,0.1272,-0.268,4.964,-3.478
45.684247,17.204,-14.999,94.829,-0.0267,0.3297,0.1838,-1.435,6.651,-6.143
45.700914,17.204,-14.946,94.799,0.0244,0.3484,-0.0028,-0.845,2.370,-2.303
45.717581,17.271,-14.963,94.749,0.0037,-0.1088,-0.0711,2.914,-2.007,-2.127
45.734248,17.315,-14.973,94.732,-0.1512,-0.0744,-0.0080,2.017,-1.000,-0.477
45.750915,17.314,-14.965,94.726,-0.0713,0.1517,0.0613,-0.534,0.206,-0.172
45.767582,17.321,-14.947,94.680,-0.0037,0.0941,0.1713,-0.622,0.079,-2.576
45.784249,17.326,-14.903,94.619,-0.0640,0.0736,0.2219,-1.018,1.326,-3.848
45.800916,17.297,-14.837,94.580,-0.1015,-0.3392,0.0500,-2.667,2.955,-3.057
45.817583,17.261,-14.782,94.536,-0.1621,-0.3252,0.0373,-3.176,2.257,-3.096
45.834250,17.242,-14.724,94.483,-0.0481,0.0017,-0.0381,-2.340,2.211,-3.644
45.850917,17.283,-14.654,94.461,-0.0375,0.1776,0.1271,1.765,3.467,-2.196
45.867584,17.315,-14.546,94.476,-0.0214,0.2950,0.1938,1.813,6.333,-0.769
45.884251,17.311,-14.360,94.506,0.1606,0.2806,-0.0098,-0.124,11.009,-1.338
45.900918,17.400,-14.141,94.443,0.2014,0.0637,-0.1863,4.046,11.286,-7.120
45.917585,17.556,-13.907,94.384,-0.0144,-0.2469,-0.1783,8.104,12.212,-7.231
45.934252,17.677,-13.636,94.374,0.0698,0.0296,0.0183,6.787,15.182,-5.199
45.950919,17.796,-13.312,94.340,0.1576,0.3834,0.0584,6.302,17.770,-7.501
45.967586,17.966,-12.928,94.294,0.2151,0.4518,-0.2008,9.263,20.900,-9.356
45.984253,18.267,-12.473,94.183,0.3007,0.5382,-0.2877,16.232,23.823,-14.382
46.000920,18.635,-11.934,93.963,0.4074,0.6755,-0.4989,18.934,26.456,-22.221
46.017587,19.075,-11.387,93.842,0.3550,0.2383,-0.6741,24.562,28.564,-17.093
46.034254,19.526,-10.785,93.686,0.6366,0.6884,-0.8547,24.960,30.931,-20.353
46.050921,20.091,-10.164,93.490,0.7266,0.9387,-1.2867,31.408,31.001,-23.276
46.067588,20.738,-9.502,93.318,1.0215,1.0269,-1.6294,36.751,33.506,-23.214
46.084255,21.587,-8.813,92.861,1.4051,1.2334,-2.3917,46.257,28.664,-40.000
46.100922,22.639,-7.965,92.288,0.7612,0.9870,-2.1501,57.786,34.195,-50.495
46.117589,23.644,-6.738,91.921,0.3176,0.5986,-1.6100,57.161,58.971,-48.931
46.134256,24.899,-5.297,91.524,-0.5719,0.2274,-1.5159,72.558,68.945,-56.992
46.150923,26.625,-3.922,90.330,-1.4172,-1.5541,-1.6172,97.493,43.118,-100.084
46.167590,27.768,-2.640,89.984,0.6561,-0.3306,-2.1742,67.061,58.820,-53.454
46.184257,29.229,-1.261,89.827,-0.2974,-0.2602,-3.3704,86.989,68.103,-47.621
46.200924,31.524,0.203,89.799,-0.2787,-0.3087,-4.2554,137.385,74.804,-45.750
46.217591,34.709,1.868,89.914,-0.2207,0.1905,-5.0994,190.664,87.292,-48.713
46.234258,38.774,3.676,90.191,-0.2316,-0.1761,-4.1333,242.713,96.707,-51.453
46.250925,43.470,5.573,90.607,-1.0167,-0.9988,-3.0452,279.417,102.008,-55.990
46.267592,48.729,7.586,91.079,-0.8654,-1.2472,-2.7561,311.897,103.904,-67.425
46.284259,54.311,9.788,91.564,-0.5783,-1.2550,-2.5501,330.110,104.649,-85.388
46.300926,59.700,12.172,92.062,-0.1009,-1.0749,-1.7208,317.180,102.400,-103.889
46.317593,64.630,14.689,92.498,0.1344,-1.4309,-0.2231,289.295,92.883,-121.594
46.334260,69.217,17.310,92.783,0.2290,-1.7523,0.7615,270.029,76.651,-138.128
46.350927,73.881,20.048,93.018,-0.0453,-1.8623,-0.0266,274.876,64.591,-151.484
46.367594,78.318,22.882,93.332,-0.2374,-1.5257,-0.3760,258.859,57.701,-160.693
46.384261,81.457,25.722,93.697,-0.7066,-0.6079,2.6311,178.848,49.456,-164.084
46.400928,83.189,28.599,93.945,-0.4411,-0.4435,4.0197,96.660,36.033,-169.170
46.417595,84.359,31.469,94.114,-0.4563,-1.5719,2.0645,64.653,27.261,-170.044
46.434262,85.884,34.257,94.273,-0.7617,-2.2883,0.4182,85.811,22.066,-165.806
46.450929,87.937,36.917,94.479,-0.6769,-1.8338,0.7373,115.476,18.468,-158.572
46.467596,89.980,39.449,94.694,-0.4149,-0.7037,2.4133,114.048,12.752,-151.486
46.484263,91.981,41.905,94.902,-0.4933,-0.2825,3.0653,111.400,6.778,-147.318
46.500930,94.114,44.357,95.068,-0.8410,-0.8474,2.3628,120.587,-0.711,-147.057
46.517597,96.335,46.797,95.172,-0.9188,-1.0783,1.8287,128.224,-9.180,-145.964
46.534264,98.259,49.148,95.238,-0.6299,-0.3451,2.1597,111.853,-15.483,-140.016
46.550931,99.674,51.355,95.222,-0.3195,0.2156,2.5361,85.025,-21.406,-130.441
46.567598,100.781,53.379,95.103,-0.4202,0.4291,2.6175,71.424,-26.055,-118.495
46.584265,101.931,55.180,94.899,-0.4332,0.4776,2.8101,78.357,-28.526,-104.318
46.600932,103.085,56.784,94.587,0.0564,0.6006,2.7525,84.107,-31.289,-91.455
46.617599,103.894,58.201,94.100,0.6094,0.7794,2.5202,72.567,-35.327,-78.753
46.634266,104.218,59.449,93.435,0.8729,0.8545,2.2432,52.947,-38.452,-67.397
46.650933,104.277,60.462,92.601,0.6957,1.2134,2.0332,46.297,-39.480,-52.504
46.667600,104.144,61.338,91.662,0.3782,1.6609,1.6761,40.706,-39.713,-44.033
46.684267,103.733,62.131,90.774,0.5264,1.9351,1.3937,21.741,-36.216,-39.890
46.700934,103.135,62.885,90.026,1.0864,1.4417,0.7254,3.418,-30.905,-38.964
46.717601,102.348,63.599,89.311,1.3210,1.7260,0.5841,-9.359,-28.555,-37.359
46.734268,101.575,64.243,88.529,0.9257,1.2657,0.2262,-4.695,-28.452,-33.424
46.750935,101.026,64.782,87.659,0.5829,0.6651,-0.0264,13.791,-28.622,-27.139
46.767602,100.739,65.240,86.811,0.4560,0.8935,0.1852,28.556,-26.566,-22.816
46.784269,100.491,65.630,86.070,0.2599,1.3474,0.7753,25.172,-22.757,-19.484
46.800936,100.180,65.976,85.360,0.4020,1.5252,0.9942,19.786,-21.142,-17.160
46.817603,99.956,66.226,84.770,0.2667,1.5894,0.9718,18.620,-17.027,-12.205
46.834270,99.810,66.416,84.265,0.4447,1.6330,1.0806,18.678,-14.220,-9.036
46.850937,99.607,66.558,83.798,0.5169,1.0577,0.7521,13.161,-12.736,-6.490
46.867604,99.550,66.649,83.508,0.3781,0.5745,0.1919,12.324,-8.012,-4.157
46.884271,99.581,66.673,83.317,0.4193,0.9059,0.0962,12.039,-4.997,-0.647
46.900938,99.755,66.680,83.238,0.1448,0.8818,-0.2141,14.517,-2.195,-0.072
46.917605,99.938,66.713,83.259,-0.2931,0.7226,-0.5721,9.578,-0.138,-1.983
46.934272,100.092,66.762,83.404,-0.2273,0.7994,-0.6833,0.960,2.580,-3.506
46.950939,100.484,66.820,83.710,-0.4717,0.7468,-0.6372,6.368,6.212,-4.726
46.967606,101.094,66.886,84.083,-0.6089,-0.1216,-0.8545,15.781,7.600,-5.500
46.984273,101.759,66.914,84.466,-0.5732,-0.3171,-0.7472,18.464,8.192,-3.437
47.000940,102.456,66.916,84.859,-0.9565,-0.4713,-0.3582,19.849,8.713,-2.035
47.017607,103.056,66.904,85.317,-1.3385,-0.8689,-0.1922,10.346,10.359,-1.700
47.034274,103.398,66.878,85.820,-1.0703,-0.9003,0.0147,-7.626,11.582,-1.132
47.050941,103.676,66.880,86.426,-1.0557,-1.1364,0.1194,-17.150,13.546,-3.449
47.067608,103.984,66.892,86.963,-0.7107,-0.9597,0.3431,-11.572,11.799,-3.621
47.084275,104.433,66.880,87.466,-0.4629,-0.1508,0.4173,-1.190,11.335,-2.166
47.100942,104.888,66.857,87.980,-0.5199,-0.2323,0.3182,-1.514,11.757,-1.672
47.117609,105.424,66.844,88.545,-0.6708,-0.5493,0.3136,0.537,12.757,-2.630
47.134276,106.003,66.849,89.089,-0.6857,-0.6066,0.3175,4.289,11.956,-3.670
47.150943,106.264,66.860,89.700,0.0611,0.9173,0.8796,-18.576,13.351,-4.552
47.167610,106.525,66.828,90.270,-0.0374,0.9682,1.1472,-16.230,13.113,-1.888
47.184277,106.922,66.831,90.837,-0.4110,-0.2956,0.3214,-7.960,12.449,-3.955
47.200944,107.174,66.868,91.205,-0.4597,0.0955,0.1260,-5.702,7.331,-4.598
47.217611,107.404,66.922,91.502,-0.5773,0.1542,-0.1623,-2.991,5.380,-5.076
47.234278,107.602,66.980,91.727,-0.5345,0.1394,-0.3058,-1.079,3.649,-4.881
47.250945,107.727,67.011,91.868,-0.4724,0.3393,-0.3385,-0.730,2.256,-2.677
47.267612,107.845,67.027,91.902,-0.3720,0.4992,-0.2275,4.633,0.147,-1.082
47.284279,108.001,67.045,91.891,-0.2449,0.8008,-0.0438,9.447,-0.922,-0.887
47.300946,108.162,67.055,91.906,0.0385,0.7750,0.0912,8.336,-0.207,-0.662
47.317613,108.366,67.058,91.968,0.3166,0.8680,0.2969,8.324,0.977,-0.548
47.334280,108.672,67.030,92.013,0.3438,0.5831,0.1012,15.346,1.196,1.315
47.350947,109.115,66.957,91.997,0.4382,0.3609,-0.1629,27.013,0.708,4.267
47.367614,109.661,66.855,91.874,0.6587,0.4203,-0.1506,39.067,-1.041,6.781
47.384281,110.223,66.742,91.710,0.6846,0.2978,-0.0274,42.236,-1.664,7.692
47.400948,110.700,66.620,91.504,0.7507,0.1894,0.2388,39.584,-2.356,8.612
47.417615,110.998,66.439,91.074,0.4817,0.0401,0.2770,41.101,-6.076,13.809
47.434282,111.638,66.166,90.409,0.2105,0.4473,0.0137,74.556,-9.315,21.126
47.450949,112.363,65.989,89.836,-0.3423,0.2912,0.3119,74.556,-9.283,15.100
47.467616,112.731,65.530,88.962,-0.1052,0.5591,0.7150,69.480,-9.662,33.700
47.484283,113.439,65.068,88.134,0.6218,0.7217,1.0025,87.167,-8.554,33.662
47.500950,113.908,64.695,87.489,1.1406,0.7690,1.0527,62.834,-6.408,27.122
47.517617,114.331,64.448,86.977,0.7245,-0.3200,0.3199,52.671,-6.302,18.899
47.534284,115.093,64.284,86.656,0.5614,-0.2766,-0.0750,62.765,-3.790,12.459
47.550951,116.033,64.207,86.497,0.7740,-0.3296,-0.1873,64.667,-2.076,5.956
47.567618,116.826,64.217,86.520,0.5988,-1.0305,-0.8207,46.035,-0.060,-0.786
47.584285,117.431,64.230,86.643,-0.0671,-1.1193,-0.8409,29.308,2.191,-2.143
47.600952,117.945,64.235,86.762,-0.0064,-0.7991,-0.4500,24.154,2.315,-1.630
47.617619,118.327,64.265,87.009,0.0139,-0.5021,-0.3372,9.232,4.541,-4.587
47.634286,118.465,64.358,87.341,-0.0560,-0.5287,-0.5524,-9.998,4.647,-8.981
47.650953,118.516,64.483,87.711,-0.1052,-0.4678,-0.5660,-17.244,4.529,-11.130
47.667620,118.624,64.643,88.032,0.0899,-0.3964,-0.4090,-11.274,2.403,-12.300
47.684287,118.744,64.826,88.310,0.2932,-0.3075,-0.4363,-8.199,0.689,-12.965
47.700954,118.880,65.019,88.519,0.2580,-0.3093,-0.4338,-3.516,-1.211,-12.689
47.717621,119.000,65.203,88.636,0.3057,0.0073,-0.4208,0.526,-3.009,-10.983
47.734288,119.199,65.390,88.709,0.2166,0.2437,-0.3193,7.667,-4.152,-10.664
47.750955,119.388,65.594,88.729,0.1686,0.2000,-0.3789,9.941,-5.841,-10.864
47.767622,119.582,65.770,88.731,0.2299,0.8076,-0.0228,11.244,-5.435,-9.152
47.784289,119.725,65.947,88.692,0.6332,0.8212,0.1504,10.416,-6.351,-8.687
47.800956,119.547,66.063,88.499,1.4415,1.9513,0.6490,-0.321,-7.818,-3.670
47.817623,119.749,66.169,88.320,1.3342,1.2509,0.6911,21.756,-7.225,-3.338
47.834290,119.932,66.311,87.966,1.5245,0.3868,0.1821,30.217,-11.957,-3.127
47.850957,119.946,66.427,87.410,1.6307,0.6121,0.0079,31.195,-15.332,0.660
47.867624,119.950,66.508,86.688,1.7642,0.6218,-0.2375,39.833,-17.697,4.401
47.884291,119.924,66.595,85.824,2.0098,0.9000,-0.0605,45.894,-20.775,5.716
47.900958,119.926,66.797,84.630,0.7501,0.5302,-0.3296,65.946,-30.897,3.622
47.917625,120.031,67.000,83.284,1.1416,0.6100,-0.7464,80.520,-33.817,5.209
47.934292,119.917,67.312,81.546,2.6853,1.2834,0.1105,89.269,-44.708,3.994
47.950959,118.752,67.444,79.637,3.8233,1.6482,-0.5635,35.817,-42.561,14.586
47.967626,117.238,67.498,77.532,2.8537,0.4997,-0.1229,26.019,-44.562,19.734
47.984293,116.273,67.538,75.509,1.3596,-0.1012,-1.5090,54.406,-42.816,18.604
48.000960,115.518,67.457,73.498,1.9216,0.9969,-0.4884,66.396,-39.717,24.387
48.017627,114.565,67.341,71.163,2.9347,1.1099,-0.0583,72.380,-46.138,28.910
48.034294,113.216,67.184,68.533,3.3795,1.3061,0.2120,64.902,-52.283,33.104
48.050961,111.646,66.885,65.706,3.6428,1.4377,0.5495,62.362,-54.663,41.584
48.067628,109.585,66.483,62.541,4.0624,1.3816,0.7806,51.201,-62.212,48.735
48.084295,106.969,65.898,59.125,3.9626,1.7279,0.7360,31.034,-67.934,58.896
48.100962,104.223,65.088,55.611,3.9743,1.7611,0.7525,27.659,-71.567,69.898
48.117629,101.800,64.081,52.087,4.4139,1.3785,1.1770,46.223,-75.240,78.870
48.134296,99.842,62.872,48.567,4.5415,1.3231,1.6788,72.111,-79.494,88.353
48.150963,98.339,61.470,45.038,5.1416,0.8139,2.4470,97.874,-84.858,98.111
48.167630,96.776,59.754,41.428,5.3469,0.6814,3.4919,95.727,-92.417,115.364
48.184297,95.439,57.677,37.853,4.0488,0.1661,3.8352,103.981,-98.194,134.948
48.200964,94.622,55.232,34.500,3.2493,-0.5800,3.6093,119.533,-98.644,155.079
48.217631,94.133,52.406,31.456,3.9551,-0.3416,4.9341,119.015,-95.438,176.485
48.234298,94.024,49.309,28.691,4.5311,-0.4392,6.1959,122.985,-92.222,191.899
48.250965,94.083,45.849,25.816,3.9939,-1.4685,6.8078,131.733,-102.496,214.398
48.267632,94.301,41.951,23.004,3.7295,-1.5622,7.8153,130.917,-105.375,241.156
48.284299,94.912,37.623,20.377,2.8134,-2.7624,9.1735,138.312,-101.246,267.596
48.300966,95.853,33.038,17.787,1.6528,-3.8535,9.4362,147.028,-101.939,284.816
48.317633,97.226,28.240,15.211,0.0090,-4.4344,8.5320,161.713,-100.921,300.242
48.334300,99.198,23.131,12.647,-1.4652,-4.3897,8.6313,185.422,-95.114,322.367
48.350967,102.029,17.693,10.190,-3.6480,-3.7692,8.6653,221.510,-77.425,345.402
48.367634,105.277,11.948,7.949,-5.1967,-3.0066,8.9248,229.234,-46.618,365.083
48.384301,108.295,5.989,5.710,-7.0749,-3.2931,9.6090,201.880,-25.457,380.194
48.400968,111.015,-0.009,3.334,-8.9644,-3.5371,8.1365,170.407,-14.556,386.462
48.417635,113.637,-6.046,0.927,-10.0044,-2.4876,4.9528,149.341,2.836,389.630
48.434302,116.393,-12.235,-1.503,-10.3497,-1.5301,2.5091,141.716,25.451,397.304
48.450969,119.220,-18.493,-3.969,-10.6981,-1.3870,0.9414,129.966,48.019,398.588
48.467636,121.809,-24.659,-6.498,-11.1393,-1.3998,0.2594,99.106,65.586,390.433
48.484303,124.441,-30.554,-9.202,-11.1601,-1.0509,-1.5774,82.379,72.355,374.817
48.500970,127.639,-36.219,-12.035,-10.2887,0.3623,-3.8457,98.093,84.895,358.439
48.517637,131.436,-41.778,-15.127,-9.9245,1.2379,-5.1373,110.976,100.981,349.098
48.534304,135.584,-47.234,-18.745,-10.1287,0.1937,-6.0042,96.593,113.022,344.163
48.550971,139.976,-52.353,-23.071,-9.2793,-0.4405,-7.4745,65.405,114.824,330.594
48.567638,145.012,-57.029,-28.166,-7.2229,0.6801,-8.8582,52.913,114.949,311.101
48.584305,151.112,-61.157,-34.091,-4.3489,2.6699,-10.1258,61.309,113.478,286.085
48.600972,158.822,-64.739,-41.182,-2.2280,2.7635,-10.3310,84.032,112.692,266.392
48.617639,168.385,-67.629,-49.667,-0.9642,2.0519,-9.9524,108.380,107.997,246.227
48.634306,179.390,-69.723,-59.103,0.6199,2.0228,-9.8944,133.251,102.686,218.212
48.650973,-169.405,-71.188,-68.098,4.4017,2.9817,-9.3990,164.120,103.007,172.417
48.667640,-158.912,-72.184,-76.376,5.4667,2.4575,-9.3292,158.406,99.957,134.051
48.684307,-150.356,-72.839,-83.205,5.5977,1.7971,-9.0209,122.882,88.131,94.667
48.700974,-144.370,-73.245,-87.976,5.6804,2.0829,-9.0195,85.537,65.428,57.411
48.717641,-140.707,-73.572,-90.600,5.5820,2.6537,-9.2145,69.066,42.829,23.932
48.734308,-139.294,-73.912,-91.043,4.7714,3.0807,-9.4766,59.277,20.322,-7.272
48.750975,-140.646,-74.372,-88.650,4.8287,4.0979,-9.7024,56.938,-4.179,-47.715
48.767642,-144.913,-74.924,-83.276,4.6444,4.7261,-9.8463,54.772,-25.365,-87.922
48.784309,-152.350,-75.331,-74.632,4.3156,5.0825,-10.1570,54.870,-48.556,-126.227
48.800976,-163.124,-75.310,-62.512,4.1529,5.7237,-10.3730,56.856,-70.893,-169.828
48.817643,-176.114,-74.444,-47.975,3.2888,6.4118,-11.1716,62.445,-91.717,-214.047
48.834310,170.828,-72.371,-33.158,1.4665,6.3915,-12.1020,68.559,-111.691,-258.771
48.850977,159.255,-68.963,-19.855,-1.2664,5.7053,-13.2454,58.994,-128.291,-307.387
48.867644,149.692,-64.165,-8.953,-4.5368,3.9780,-14.1338,26.593,-146.822,-358.199
48.884311,141.811,-57.949,-0.428,-7.5342,1.8880,-14.8151,-24.859,-168.337,-414.038
48.900978,135.188,-50.352,6.159,-10.2384,0.0854,-15.3542,-76.565,-187.535,-475.084
48.917645,129.523,-41.499,11.409,-13.3121,-0.8905,-15.5128,-112.981,-195.471,-539.974
48.934312,124.498,-31.401,16.018,-17.3072,-1.8320,-16.1641,-136.492,-186.543,-617.615
48.950979,119.899,-20.069,20.422,-24.3490,-3.5793,-14.8140,-160.413,-160.100,-702.116
48.967646,114.963,-7.526,25.124,-32.9498,-7.6272,-6.9471,-227.899,-102.354,-794.022
48.984313,108.554,6.323,30.685,-39.4929,-10.1168,7.4741,-379.604,3.599,-895.251
49.000980,101.787,20.761,37.698,-43.7233,-14.2832,16.2975,-503.228,170.509,-942.530
49.017647,98.851,34.835,46.907,-47.3712,-30.3105,22.8825,-434.978,332.120,-916.268
49.034314,101.963,47.358,59.039,-33.1057,-37.6866,42.7558,-296.170,405.801,-834.018
49.050981,111.557,56.580,76.411,-17.3593,-31.1961,47.7821,-251.906,456.399,-708.511
49.067648,124.925,60.575,98.490,-3.3144,-24.1391,52.5515,-334.551,494.236,-532.326
49.084315,138.131,59.991,120.733,5.5008,-19.8444,52.7527,-372.150,515.393,-410.396
49.100982,146.305,55.701,139.224,12.5032,-14.6393,51.5056,-453.279,561.305,-309.520
49.117649,148.990,48.973,152.879,23.0525,-12.9301,49.2361,-490.820,606.201,-208.185
49.134316,148.025,41.305,163.548,38.7222,-13.0833,42.5418,-513.936,626.498,-146.193
49.150983,144.257,33.081,172.263,48.3190,-7.6623,28.6141,-543.545,641.081,-72.377
49.167650,138.896,24.267,179.606,47.8335,4.0913,18.1922,-533.646,654.288,24.749
49.184317,132.374,15.849,-174.108,43.5484,8.7248,14.0021,-520.841,608.865,99.205
49.200984,125.563,7.964,-169.228,41.6822,5.8123,7.6776,-469.165,520.362,187.590
49.217651,119.540,0.019,-165.045,42.3877,6.3063,-1.2502,-379.010,467.380,267.330
49.234318,114.101,-7.755,-161.037,42.0758,11.9205,-12.9552,-310.424,424.319,308.507
49.250985,109.849,-15.091,-157.287,32.7465,16.9792,-21.5519,-211.126,368.741,326.320
49.267652,107.421,-22.057,-153.668,23.3033,16.8200,-22.7500,-77.452,328.037,331.068
49.284319,106.577,-28.757,-150.138,16.4131,14.4111,-22.2449,39.039,299.853,329.348
49.300986,106.096,-35.050,-146.459,10.2044,13.5914,-21.3745,86.483,285.515,310.512
49.317653,104.919,-40.726,-142.359,5.7982,13.9871,-20.5786,79.121,277.655,277.059
49.334320,103.077,-45.597,-137.907,1.1890,14.5542,-21.4608,70.939,259.394,237.218
49.350987,101.206,-49.620,-133.356,-3.8018,12.7010,-20.5969,87.999,230.377,198.012
49.367654,99.431,-52.860,-128.790,-6.6373,8.9464,-17.1434,105.792,203.286,161.197
49.384321,97.482,-55.579,-124.212,-7.8400,5.3960,-13.6577,104.699,182.630,138.363
49.400988,95.381,-58.100,-119.519,-7.3889,3.4993,-11.4466,108.429,169.804,133.592
49.417655,93.462,-60.412,-114.800,-7.0806,3.6840,-10.8563,127.116,154.872,127.564
49.434322,91.472,-62.465,-109.966,-7.4386,4.6310,-10.0845,134.308,143.724,117.509
49.450989,88.997,-64.220,-104.955,-8.3365,5.5996,-8.7774,119.258,135.223,105.138
49.467656,85.434,-65.622,-99.736,-9.3791,5.6563,-7.2206,68.986,128.389,90.769
49.484323,80.937,-66.663,-94.606,-10.1745,4.0595,-5.9713,10.856,116.082,77.126
49.500990,76.333,-67.396,-90.065,-10.6818,1.5465,-5.0426,-26.094,95.462,64.353
49.517657,72.493,-67.857,-86.541,-10.7891,-0.6826,-4.3351,-35.497,69.931,48.612
49.534324,69.862,-68.125,-84.162,-10.4239,-2.0970,-3.6722,-26.064,45.278,32.802
49.550991,68.428,-68.287,-82.688,-9.7410,-2.7062,-2.7954,-4.465,27.024,21.039
49.567658,68.002,-68.405,-81.905,-8.6461,-2.0089,-1.9418,17.732,13.286,13.252
49.584325,68.294,-68.448,-81.788,-7.5883,-1.0576,-1.1917,23.654,1.188,3.611
49.600992,68.901,-68.427,-82.199,-6.5662,-0.6685,-0.6049,13.197,-8.210,-4.264
49.617659,69.802,-68.357,-83.028,-5.5636,-0.9821,-0.0223,7.574,-15.940,-10.146
49.634326,71.051,-68.231,-84.166,-4.6511,-1.5391,0.5644,11.291,-21.507,-15.395
49.650993,72.640,-68.042,-85.509,-3.8842,-1.5342,0.9671,20.348,-25.260,-19.941
49.667660,74.442,-67.816,-86.943,-2.8043,-0.8155,1.3624,28.170,-27.455,-21.975
49.684327,76.067,-67.585,-88.326,-2.0902,0.2491,1.6619,20.550,-27.212,-21.228
49.700994,77.335,-67.352,-89.600,-1.2920,0.9582,1.9965,5.359,-25.553,-20.184
49.717661,78.390,-67.116,-90.812,-0.8180,0.5964,1.8888,-3.878,-24.822,-19.577
49.734328,79.418,-66.907,-91.947,-0.6025,0.0904,1.6536,-1.185,-23.993,-17.253
49.750995,80.487,-66.750,-93.013,-0.3738,-0.1037,1.5763,5.188,-23.408,-13.509
49.767662,81.621,-66.649,-94.020,-0.2008,-0.1071,1.5330,12.365,-22.956,-9.566
49.784329,82.853,-66.594,-95.002,-0.1836,0.1032,1.5192,19.713,-23.003,-6.264
49.800996,84.030,-66.570,-95.949,-0.1943,0.5322,1.4075,18.300,-22.550,-3.844
49.817663,85.049,-66.560,-96.865,-0.2900,0.8144,1.1790,10.544,-21.983,-2.540
49.834330,85.885,-66.544,-97.795,-0.4306,0.8353,0.9137,-1.116,-22.326,-2.534
49.850997,86.606,-66.531,-98.709,-0.3468,0.4004,0.5811,-7.227,-22.020,-2.050
49.867664,87.350,-66.548,-99.576,-0.1737,-0.0984,0.1849,-3.288,-21.013,0.062
49.884331,88.242,-66.608,-100.406,-0.2024,-0.4962,0.0222,7.686,-20.190,3.000
49.900998,89.237,-66.730,-101.205,-0.1838,-0.1333,-0.0866,15.509,-19.430,7.049
49.917665,90.185,-66.898,-102.058,-0.2471,0.8562,-0.1054,9.665,-20.459,10.135
49.934332,90.918,-67.074,-102.955,-0.2994,0.9907,-0.0977,-5.703,-21.209,10.891
49.950999,91.443,-67.264,-103.862,-0.2273,0.8407,-0.2561,-18.876,-21.172,11.981
49.967666,91.941,-67.462,-104.806,-0.2041,0.4204,-0.5380,-22.549,-21.716,12.656
49.984333,92.471,-67.711,-105.765,-0.1095,0.2716,-0.9250,-21.569,-21.609,15.913
50.001000,93.103,-68.018,-106.730,-0.1839,0.0685,-1.0595,-15.899,-21.168,19.620
50.017667,94.001,-68.359,-107.754,-0.2886,-0.2585,-1.1028,-3.289,-21.787,21.975
50.034334,95.365,-68.717,-109.012,-0.4366,-0.1375,-0.9874,11.423,-26.041,23.757
50.051001,96.981,-69.077,-110.554,-0.3579,0.6044,-0.8166,10.399,-31.073,25.237
50.067668,98.750,-69.417,-112.384,-0.2412,0.5809,-0.8656,3.319,-36.019,25.641
50.084335,100.559,-69.743,-114.344,-0.2832,-0.0730,-0.5995,-1.890,-37.442,26.321
50.101002,102.461,-70.043,-116.339,-0.3588,-0.7583,-0.7104,1.559,-36.992,25.966
50.117669,104.571,-70.255,-118.209,-0.6051,-2.2293,-0.8401,20.885,-34.349,21.403
50.134336,106.665,-70.386,-119.792,-0.9276,-3.0920,-0.4965,36.005,-28.952,16.272
50.151003,108.560,-70.379,-121.008,-1.3069,-3.2695,-0.4751,44.755,-23.748,7.139
50.167670,110.175,-70.159,-121.936,-1.8272,-3.1420,-0.8191,44.337,-22.377,-6.131
50.184337,111.381,-69.647,-122.584,-2.1392,-2.9754,-1.3623,35.688,-23.652,-23.921
50.201004,112.222,-68.796,-123.080,-2.3562,-2.9764,-2.1292,22.487,-29.033,-43.404
50.217671,112.999,-67.566,-123.591,-3.3790,-3.5497,-2.7368,17.962,-39.165,-63.681
50.234338,113.648,-66.022,-124.052,-3.3796,-3.2693,-2.7527,13.356,-46.961,-80.712
50.251005,113.969,-64.320,-124.156,-2.5402,-2.3887,-3.6760,13.454,-43.891,-92.310
50.267672,114.148,-62.484,-124.078,-1.5159,-1.2700,-4.7282,14.737,-43.303,-101.448
50.284339,114.202,-60.469,-123.923,-1.2033,-0.3313,-5.1710,11.305,-45.726,-112.103
50.301006,114.088,-58.221,-123.841,-1.5862,0.1683,-5.7182,-2.826,-53.190,-124.092
50.317673,113.820,-55.692,-123.963,-2.4551,0.2270,-6.1397,-22.321,-65.503,-137.031
50.334340,113.197,-53.017,-124.136,-2.1042,0.7977,-5.7759,-45.926,-69.841,-144.740
50.351007,112.497,-50.232,-124.301,-0.6937,1.9569,-6.2922,-49.916,-70.837,-151.546
50.367674,111.924,-47.292,-124.601,0.4567,2.8912,-6.2832,-48.046,-77.944,-158.850
50.384341,111.355,-44.197,-125.058,1.0766,3.0886,-5.6202,-53.925,-86.511,-165.482
50.401008,110.787,-41.057,-125.562,1.5482,2.9546,-4.6518,-54.657,-88.758,-167.796
50.417675,110.318,-37.879,-126.117,1.0095,3.1901,-4.4801,-49.462,-91.255,-169.415
50.434342,110.057,-34.553,-126.839,0.4892,3.7591,-4.2216,-41.434,-101.945,-175.160
50.451009,110.215,-31.175,-127.679,1.5133,3.9321,-3.7714,-18.001,-109.791,-175.665
50.467676,111.057,-27.768,-128.672,3.0042,4.0667,-2.7867,21.023,-120.829,-172.930
50.484343,112.300,-24.414,-129.638,3.2152,3.2686,-0.8245,48.951,-122.910,-167.625
50.501010,113.289,-21.194,-130.525,2.2721,4.0902,0.5915,38.516,-120.320,-158.969
50.517677,113.981,-17.908,-131.511,1.7004,6.0172,0.8043,21.524,-130.395,-158.120
50.534344,114.440,-14.387,-132.682,1.9673,6.8070,0.9109,7.851,-148.429,-164.849
50.551011,114.809,-10.779,-133.845,2.6906,4.1598,2.0504,6.800,-152.306,-168.247
50.567678,115.267,-7.360,-134.855,1.9770,1.2242,2.7116,17.762,-141.246,-160.298
50.584345,115.829,-4.227,-135.808,0.3368,1.5358,2.8173,27.780,-132.655,-144.873
50.601012,116.069,-1.174,-136.894,-0.4958,5.3792,3.4323,11.189,-138.905,-136.020
50.617679,115.220,2.188,-138.358,0.0835,9.1589,4.8707,-50.276,-166.660,-143.642
50.634346,113.572,5.740,-139.994,2.6122,4.4669,7.8540,-92.124,-177.394,-153.378
50.651013,112.021,8.926,-141.400,2.2611,-1.2897,4.7927,-82.376,-151.423,-143.601
50.667680,110.544,11.793,-142.883,-0.0270,-0.3994,3.1025,-72.710,-144.210,-128.238
50.684347,108.820,14.541,-144.484,-0.7678,3.9702,2.7902,-81.620,-143.811,-123.533
50.701014,106.276,17.521,-146.467,-0.3170,7.1724,3.9397,-119.807,-163.106,-135.811
50.717681,103.431,20.683,-148.931,0.8294,3.9737,4.8955,-122.326,-183.852,-147.312
50.734348,101.207,23.693,-151.666,1.0361,0.8516,2.4472,-71.458,-187.185,-143.758
50.751015,99.545,26.498,-154.803,1.1729,0.7796,2.4166,-19.905,-198.140,-134.582
50.767682,98.136,29.165,-158.401,1.4289,2.0796,3.0057,16.239,-213.400,-128.507
50.784349,96.933,31.719,-162.466,1.4231,1.0969,3.4051,51.382,-228.695,-124.087
50.801016,96.458,33.894,-166.768,0.6883,-1.4988,3.6864,111.351,-230.837,-104.073
50.817683,96.671,35.628,-171.091,0.0942,-1.9073,3.7939,160.603,-223.762,-78.756
50.834350,96.480,37.043,-175.466,-0.5683,-0.2501,4.3853,144.036,-219.927,-59.975
50.851017,95.158,38.278,-179.992,-0.5448,1.1950,5.0011,86.570,-221.512,-51.714
50.867684,92.975,39.425,175.209,0.5517,1.1731,4.6069,49.633,-228.670,-52.559
50.884351,90.474,40.418,170.123,1.0433,0.1976,3.8097,45.783,-235.818,-52.383
50.901018,88.062,41.171,164.889,0.7926,-1.1930,3.1607,60.401,-237.226,-48.085
50.917685,86.021,41.586,159.725,0.0085,-2.5928,2.5888,82.328,-231.025,-36.755
50.934352,84.424,41.638,154.849,-0.5998,-3.0134,2.1063,98.430,-217.857,-21.217
50.951019,83.269,41.396,150.316,-0.5145,-2.6633,1.9048,110.901,-204.160,-7.329
50.967686,82.529,40.977,146.094,-0.1388,-2.1040,1.7527,122.332,-192.438,1.448
50.984353,82.038,40.428,142.063,0.1693,-1.5341,2.0370,128.154,-186.284,8.039
51.001020,81.762,39.783,138.103,0.4481,-1.4744,2.2503,136.328,-185.519,12.778
51.017687,81.767,39.055,134.213,0.6791,-1.9340,2.0087,148.388,-184.861,17.433
51.034354,81.912,38.253,130.474,0.5641,-2.3811,2.0222,148.649,-180.468,22.855
51.051021,82.123,37.401,126.877,0.3222,-2.7476,1.8975,144.874,-176.092,26.954
51.067688,82.407,36.542,123.428,0.3358,-2.9856,1.1829,141.376,-170.985,28.900
51.084355,82.590,35.681,120.119,0.2138,-2.7320,1.0023,127.752,-165.956,30.340
51.101022,82.646,34.840,116.930,-0.0555,-2.5686,0.9486,113.696,-161.638,30.030
51.117689,82.720,34.033,113.840,-0.0160,-2.6455,0.0781,109.079,-158.030,28.623
51.134356,82.847,33.253,110.868,-0.1135,-2.4309,-0.4659,106.218,-153.369,27.897
51.151023,83.124,32.489,108.030,-0.3188,-2.3902,-0.8620,108.885,-147.773,28.104
51.167690,83.605,31.746,105.337,-0.3975,-2.2425,-1.3638,114.525,-141.304,28.606
51.184357,84.189,31.045,102.816,-0.4624,-1.7210,-1.0027,113.593,-133.051,28.219
51.201024,84.528,30.401,100.428,-0.4534,-1.2437,-0.1188,93.391,-126.624,26.476
51.217691,84.600,29.832,98.154,-0.6134,-1.3842,0.0133,72.525,-120.936,22.926
51.234358,84.669,29.361,96.032,-0.8326,-1.5312,-0.7652,66.864,-113.099,17.891
51.251025,84.789,28.948,94.104,-1.3664,-1.3636,-1.2828,63.322,-103.077,15.566
51.267692,85.122,28.538,92.489,-2.0516,-0.6990,-0.9909,66.355,-87.023,17.148
51.284359,85.740,28.197,91.234,-2.1343,-0.2191,-0.4353,72.591,-67.894,15.282
51.301026,86.492,27.911,90.293,-1.7139,0.0477,0.0178,71.463,-51.134,13.872
51.317693,87.264,27.694,89.602,-1.2661,0.1896,0.2261,65.380,-37.523,11.178
51.334360,87.911,27.574,89.062,-0.9657,0.1366,0.2467,53.600,-29.245,6.122
51.351027,88.408,27.534,88.622,-0.9811,0.2031,0.2509,41.758,-23.684,1.804
51.367694,88.866,27.537,88.274,-1.3391,0.3427,0.4914,36.869,-18.731,-0.470
51.384361,89.431,27.609,88.028,-1.1977,0.3999,0.8178,40.471,-13.271,-4.400
51.401028,90.020,27.775,87.961,-1.0116,0.4329,0.9186,36.931,-3.728,-9.818
51.417695,90.509,28.020,87.995,-0.8667,0.1193,0.7936,28.106,1.496,-14.540
51.434362,90.863,28.330,88.130,-0.8300,0.2073,0.8509,17.161,6.660,-18.549
51.451029,90.977,28.792,88.371,-0.9854,0.5087,1.5479,-0.367,12.025,-27.787
51.467696,90.922,29.400,88.725,-1.2825,0.5133,1.3150,-13.883,17.694,-36.644
51.484363,90.914,30.174,89.268,-0.9693,0.4498,1.2030,-16.992,27.275,-46.742
51.501030,90.946,31.004,89.969,-0.5007,0.3430,1.5973,-19.800,35.183,-50.252
51.517697,91.005,31.859,90.662,-0.2108,0.0153,1.4996,-18.453,34.338,-51.789
51.534364,91.024,32.665,91.204,-0.1011,0.1699,0.3830,-16.506,26.373,-48.696
51.551031,91.168,33.378,91.653,-0.3214,0.3629,-0.5582,-6.305,21.498,-43.078
51.567698,91.623,33.913,91.968,-0.5730,0.5821,-1.1977,16.476,14.725,-32.368
51.584365,92.300,34.284,92.140,-0.3665,0.9704,-1.5625,34.540,7.513,-22.404
51.601032,92.968,34.517,92.183,-0.0748,1.1812,-1.9398,38.314,1.212,-13.942
51.617699,93.597,34.626,92.174,-0.1257,1.2693,-1.8653,37.765,-1.093,-6.396
51.634366,94.373,34.669,92.206,0.2735,1.2547,-1.0935,45.159,1.148,-2.595
51.651033,95.275,34.675,92.306,0.7030,1.0362,-0.1967,50.403,4.617,-0.698
51.667700,96.183,34.691,92.492,1.0756,0.8344,0.5226,47.819,8.762,-1.786
51.684367,97.041,34.699,92.763,1.3573,0.7149,0.8556,41.932,12.959,-1.926
51.701034,97.773,34.670,93.053,1.5920,0.5621,0.8624,33.736,14.170,-0.021
51.717701,98.260,34.606,93.313,1.5527,0.5155,0.4900,20.092,13.003,2.074
51.734368,98.433,34.513,93.499,1.2018,0.6640,0.3399,3.827,9.642,4.282
51.751035,98.321,34.398,93.564,0.8332,0.5437,-0.0518,-9.185,3.923,6.401
51.767702,98.024,34.253,93.527,0.3596,0.4812,-0.5350,-16.859,-0.804,8.931
51.784369,97.644,34.112,93.412,0.0753,0.4457,-0.6031,-19.116,-4.780,9.250
51.801036,96.938,33.978,93.218,0.1420,0.6960,-0.2598,-36.088,-8.764,9.239
51.817703,95.895,33.901,92.947,0.2491,0.5915,0.1198,-53.737,-13.157,6.161
51.834370,94.750,33.897,92.531,0.4592,0.0885,-0.5141,-55.054,-20.847,2.213
51.851037,93.570,33.945,91.948,0.7257,-0.1682,-1.2018,-51.507,-29.401,-0.747
51.867704,92.361,34.045,91.214,0.4916,-0.2082,-1.3604,-48.142,-37.032,-4.060
51.884371,91.092,34.219,90.360,0.2710,-0.1907,-1.4539,-47.629,-42.928,-9.070
51.901038,89.694,34.475,89.402,0.1026,-0.0389,-1.0994,-51.634,-47.797,-14.968
51.917705,88.199,34.798,88.328,0.0908,0.0496,-0.6720,-53.311,-52.935,-20.327
51.934372,86.766,35.209,87.166,0.0686,0.1211,-0.5053,-46.237,-56.158,-27.068
51.951039,85.481,35.668,85.940,0.2692,0.2327,-0.4017,-34.642,-58.204,-31.466
51.967706,84.280,36.163,84.647,0.3304,0.0330,-0.2917,-26.794,-60.160,-35.156
51.984373,83.156,36.659,83.304,0.2173,-0.1081,-0.3237,-19.791,-61.445,-36.626
52.001040,81.936,37.147,81.935,0.1269,0.0183,-0.1210,-24.165,-61.535,-37.459
52.017707,80.566,37.620,80.520,-0.0562,-0.0147,-0.1155,-30.788,-62.621,-38.309
52.034374,79.171,38.073,79.033,-0.1728,-0.1600,-0.9176,-29.230,-64.808,-39.064
52.051041,77.884,38.508,77.497,-0.2266,-0.1200,-1.5287,-20.327,-65.914,-39.884
52.067708,76.794,38.932,75.962,-0.3020,0.0217,-1.8432,-8.011,-64.740,-40.561
52.084375,75.831,39.357,74.458,-0.3972,0.1426,-1.9475,-1.043,-62.191,-41.269
52.101042,74.982,39.818,72.985,-0.4142,0.2177,-2.0239,5.159,-59.206,-43.876
52.117709,74.202,40.318,71.487,-0.3352,0.1239,-2.0948,10.778,-58.570,-47.134
52.134376,73.473,40.886,69.924,-0.2885,0.0656,-2.0823,17.065,-59.146,-52.491
52.151043,72.737,41.495,68.302,-0.4076,0.1653,-2.1599,19.684,-59.694,-56.165
52.167710,71.953,42.124,66.655,-0.4188,0.2507,-2.0588,18.607,-59.009,-58.247
52.184377,70.960,42.796,64.971,-0.4396,0.1667,-1.9952,8.378,-58.076,-61.853
52.201044,69.486,43.531,63.147,-0.1807,-0.0589,-1.7814,-13.831,-60.450,-68.470
52.217711,67.458,44.267,61.148,-0.0163,0.2150,-1.2085,-38.747,-64.435,-72.720
52.234378,65.107,44.969,58.934,-0.1537,0.1335,-1.0936,-47.986,-69.881,-76.560
52.251045,62.636,45.631,56.511,-0.3282,-0.2844,-2.0071,-45.158,-74.582,-80.591
52.267712,60.057,46.229,53.879,-0.3290,-0.4414,-2.4562,-41.528,-79.431,-84.094
52.284379,57.401,46.745,51.182,-0.1813,-0.2100,-2.5637,-42.267,-79.433,-84.222
52.301046,54.760,47.179,48.435,-0.2466,-0.3948,-2.5898,-38.236,-79.048,-84.330
52.317713,52.272,47.553,45.689,-0.1282,-0.7350,-2.7657,-28.330,-76.649,-84.299
52.334380,50.221,47.867,43.067,-0.2048,-1.4260,-2.9955,-6.932,-70.968,-80.884
52.351047,49.242,48.141,40.678,0.0682,-2.5790,-3.4650,47.541,-62.829,-74.426
52.367714,49.235,48.486,38.557,0.4479,-3.3466,-2.9949,94.359,-50.849,-70.827
52.384381,49.103,48.829,36.751,1.2267,-2.1015,0.2713,73.218,-40.966,-62.216
52.401048,48.443,49.181,35.071,0.7414,-1.6626,1.3175,36.209,-36.048,-59.310
52.417715,47.173,49.508,33.415,0.6423,-1.8133,1.0036,-0.977,-35.007,-57.863
52.434382,45.285,49.847,31.798,0.7771,-2.3388,0.6258,-39.516,-31.507,-57.909
52.451049,42.867,50.144,30.277,0.8153,-2.2447,0.6531,-75.377,-28.218,-54.386
52.467716,40.042,50.399,28.924,0.6918,-1.1564,0.5931,-107.245,-23.087,-48.798
52.484383,37.062,50.605,27.869,0.2598,0.6230,0.4590,-130.116,-15.632,-38.997
52.501050,34.521,50.809,27.479,-0.4450,1.5363,-0.2391,-134.518,1.052,-18.944
52.517717,32.693,50.979,27.424,0.0905,-0.5987,-0.5558,-107.324,7.152,-7.200
52.534384,32.115,51.000,28.087,0.9517,-0.5479,-0.1980,-65.760,14.231,20.668
52.551051,32.396,50.889,29.270,1.1942,1.2854,1.1800,-38.405,18.059,41.549
52.567718,32.169,50.612,30.516,1.5935,2.1962,2.2335,-71.712,11.001,49.062
52.584385,31.348,50.330,31.906,0.6502,2.1738,2.2059,-113.800,13.347,54.231
52.601052,30.721,50.065,33.397,0.1830,1.3622,1.6547,-106.499,15.702,57.422
52.617719,30.149,49.682,34.846,0.4315,1.6554,1.7299,-100.977,8.396,60.087
52.634386,29.555,49.158,36.203,1.1393,1.0363,1.0363,-97.645,-1.093,61.673
52.651053,29.064,48.482,37.353,1.5865,1.3158,1.3964,-81.556,-13.310,59.587
52.667720,28.632,47.679,38.203,1.2982,1.3604,2.6284,-64.042,-25.922,53.187
52.684387,28.202,46.788,38.788,0.6116,0.6946,3.3041,-51.707,-35.782,46.467
52.701054,27.796,45.793,39.135,-0.0749,-0.1324,2.3101,-39.611,-46.116,40.853
52.717721,27.342,44.679,39.240,0.0935,-0.4508,1.3168,-31.895,-57.340,34.940
52.734388,26.720,43.431,39.184,0.4864,-0.3776,1.0920,-35.162,-67.943,31.977
52.751055,26.103,42.110,38.985,1.0124,-0.6604,0.9696,-29.068,-75.028,27.479
52.767722,25.412,40.783,38.653,1.3911,-0.4314,1.4401,-28.423,-78.332,21.246
52.784389,24.569,39.432,38.170,1.4780,-0.4375,1.3462,-32.064,-82.917,14.253
52.801056,23.785,38.060,37.600,1.4232,-0.8279,0.6330,-25.723,-86.147,9.435
52.817723,23.116,36.637,36.998,1.4400,-1.0332,0.3203,-18.393,-89.860,7.760
52.834390,22.501,35.163,36.389,0.8720,-0.6615,0.6861,-15.560,-93.126,7.091
52.851057,21.708,33.642,35.724,0.9660,-0.4831,2.0614,-25.136,-96.984,3.919
52.867724,20.862,32.111,34.993,0.4206,-1.0930,2.1193,-27.020,-99.086,-0.845
52.884391,20.154,30.627,34.145,0.1490,-1.6932,1.3328,-16.098,-98.683,-9.386
52.901058,19.622,29.176,33.179,-0.9259,-1.4274,0.7649,-3.092,-99.047,-17.494
52.917725,19.455,27.792,32.158,-1.7693,-1.2525,0.0956,19.143,-96.379,-22.883
52.934392,19.546,26.457,31.063,-1.8343,-1.0168,0.5336,35.356,-95.120,-28.256
52.951059,19.722,25.190,29.908,-2.3573,-0.8526,0.5530,40.689,-92.713,-33.039
52.967726,19.995,24.019,28.660,-2.3692,-1.2126,-0.2634,47.443,-89.335,-40.046
52.984393,20.401,22.930,27.475,-2.5515,-0.6379,-0.9722,52.626,-84.015,-38.471
53.001060,20.818,21.864,26.460,-2.1749,-0.2258,-1.0434,48.119,-79.920,-30.036
53.017727,21.152,20.813,25.695,-1.8004,-0.2514,-0.7044,36.625,-74.398,-17.127
53.034394,21.381,19.754,25.125,-1.6538,-0.6157,0.4256,25.525,-71.087,-6.702
53.051061,21.600,18.661,24.636,-1.6803,-1.4281,0.0257,22.646,-71.471,-1.546
53.067728,21.839,17.547,24.209,-1.6019,-1.3388,-0.5711,22.212,-71.356,2.312
53.084395,21.993,16.397,23.875,-1.5673,-1.2083,-0.7736,14.987,-71.490,8.216
53.101062,22.107,15.243,23.592,-1.2678,-1.7418,-0.6142,11.389,-70.593,11.048
53.117729,22.209,14.085,23.336,-1.0694,-1.8787,-0.0536,9.920,-70.283,12.692
53.134396,22.308,12.903,23.079,-0.4927,-2.1554,0.0870,9.480,-71.659,13.248
53.151063,22.380,11.689,22.832,-0.2808,-1.7713,0.4899,7.403,-73.262,14.549
53.167730,22.448,10.403,22.631,-0.0128,-1.3338,0.5899,6.385,-76.179,18.738
53.184397,22.498,9.008,22.442,0.6277,-1.5265,0.8097,4.876,-81.964,21.951
53.201064,22.571,7.522,22.271,0.9441,-1.7119,1.4028,5.837,-86.610,25.069
53.217731,22.822,5.965,22.094,1.0497,-1.7466,1.9516,16.377,-90.609,26.564
53.234398,23.229,4.352,21.840,0.7283,-1.4455,2.8699,25.816,-95.385,24.190
53.251065,23.712,2.670,21.523,0.0075,-0.5272,3.0594,30.187,-100.451,23.034
53.267732,24.360,0.944,21.196,-0.1455,0.0602,2.4525,39.580,-102.936,24.521
53.284399,25.075,-0.737,20.895,0.0750,0.5010,1.9899,43.045,-99.562,26.016
53.301066,25.650,-2.273,20.599,0.3328,0.7364,1.8690,34.109,-91.208,23.670
53.317733,26.117,-3.613,20.336,0.7690,1.4399,1.8639,27.262,-79.596,21.093
53.334400,26.609,-4.734,20.120,1.4753,2.1164,1.6404,28.650,-66.337,18.522
53.351067,27.163,-5.579,19.968,2.3934,2.2073,1.6666,32.474,-49.608,14.988
53.367734,27.572,-6.150,19.881,2.7722,2.1312,2.3060,24.008,-33.117,11.301
53.384401,27.680,-6.446,19.868,3.1567,2.1940,2.6096,6.410,-16.344,7.681
53.401068,27.508,-6.491,19.943,3.9211,1.8185,2.9914,-9.779,-0.533,5.275
53.417735,27.049,-6.428,20.102,3.5091,1.0374,4.2844,-26.479,7.515,6.781
53.434402,26.349,-6.375,20.262,2.3789,0.6302,3.9734,-40.942,6.964,7.106
53.451069,25.657,-6.392,20.303,1.5825,0.5188,2.7815,-41.247,0.094,2.680
53.467736,24.994,-6.532,20.267,0.7427,0.8224,1.8262,-40.040,-8.669,1.646
53.484403,24.532,-6.782,20.172,0.9854,0.4845,-0.3306,-28.409,-16.088,1.122
53.501070,24.515,-7.169,20.062,1.2995,0.6958,-1.7212,-1.840,-23.922,3.668
53.517737,24.792,-7.663,20.006,1.4422,1.1853,-2.0569,16.187,-28.377,9.307
53.534404,25.239,-8.255,19.995,1.6394,1.6015,-1.6854,26.683,-32.473,14.412
53.551071,25.710,-8.953,19.996,1.9473,1.5191,-0.8173,28.262,-37.855,18.017
53.567738,26.151,-9.761,19.972,2.4188,0.9421,-0.7998,26.171,-44.217,19.808
53.584405,26.671,-10.667,19.937,2.7027,0.7517,-1.0437,30.773,-49.577,22.265
53.601072,27.241,-11.656,19.861,2.6794,1.0012,-1.1518,33.265,-54.874,22.783
53.617739,27.711,-12.687,19.691,2.5954,1.7084,-0.7168,25.994,-59.456,19.524
53.634406,28.145,-13.751,19.445,2.7059,1.8982,-0.6873,22.594,-63.016,17.055
53.651073,28.544,-14.814,19.168,2.3082,1.5362,-0.7349,19.750,-63.655,15.860
53.667740,28.911,-15.857,18.903,1.8941,0.9632,-0.6794,17.726,-62.075,16.443
53.684407,29.331,-16.874,18.639,1.6582,0.2399,-0.3354,20.609,-60.553,16.131
53.701074,29.643,-17.887,18.325,1.1086,-0.2931,0.4176,12.970,-61.593,14.026
53.717741,29.831,-18.868,17.944,1.1181,-0.3179,0.2460,3.985,-61.675,10.097
53.734408,30.083,-19.828,17.526,1.1235,0.0486,-0.5211,6.698,-61.502,7.989
53.751075,30.413,-20.731,17.142,0.5611,0.5578,-1.1435,11.716,-57.474,8.325
53.767742,30.842,-21.550,16.762,0.1147,0.6505,-1.8240,17.353,-52.931,6.442
53.784409,31.191,-22.232,16.362,-0.2136,0.5353,-1.9675,11.888,-46.330,1.677
53.801076,31.278,-22.704,15.989,0.1138,0.4202,-1.5289,-3.518,-34.748,-3.283
53.817743,31.139,-23.009,15.665,-0.2529,-0.0992,-1.5043,-16.027,-24.743,-6.116
53.834410,30.971,-23.189,15.411,-0.9750,-0.1845,-1.6844,-16.226,-16.257,-6.739
53.851077,30.709,-23.270,15.169,-1.6953,0.3337,-1.7803,-21.573,-10.841,-9.262
53.867744,30.360,-23.224,14.905,-1.6146,0.4623,-2.9011,-27.363,-4.856,-14.160
53.884411,29.992,-23.014,14.650,-1.0359,0.4024,-3.9116,-28.301,3.986,-18.708
53.901078,29.589,-22.642,14.489,-1.0148,0.6900,-3.9009,-28.057,15.110,-19.014
53.917745,29.150,-22.138,14.482,-1.2599,1.2528,-3.4750,-26.734,26.277,-15.372
53.934412,28.718,-21.516,14.531,-1.2139,1.2154,-2.9017,-25.014,34.150,-15.837
53.951079,28.192,-20.794,14.608,-1.3286,0.9170,-1.9194,-30.171,40.251,-17.032
53.967746,27.585,-19.999,14.678,-0.8514,0.6109,-0.8787,-35.189,44.161,-18.937
53.984413,26.893,-19.156,14.773,-0.2667,0.6355,0.3319,-39.847,47.523,-18.516
54.001080,26.155,-18.270,14.876,0.4428,0.5867,1.1553,-42.541,50.308,-18.594
54.017747,25.387,-17.383,14.975,0.6012,0.6020,2.0200,-44.512,50.499,-18.144
54.034414,24.680,-16.558,15.027,0.6174,0.3155,2.5045,-41.797,46.248,-18.389
54.051081,24.095,-15.830,15.020,0.4710,0.2271,2.7377,-35.502,39.743,-18.527
54.067748,23.577,-15.203,14.947,0.2904,0.3446,2.6618,-32.536,32.880,-19.132
54.084415,23.043,-14.688,14.828,-0.0607,-0.0819,2.3335,-34.118,25.825,-18.666
54.101082,22.576,-14.296,14.696,-0.3113,-0.4299,1.7213,-30.311,18.817,-16.302
54.117749,22.256,-14.030,14.576,-0.3704,-0.5449,1.3268,-21.202,12.238,-12.590
54.134416,22.000,-13.879,14.466,-0.5730,-0.6011,1.3201,-17.228,6.124,-9.457
54.151083,21.804,-13.820,14.396,-0.9644,-0.6129,1.3745,-12.973,1.923,-5.174
54.167750,21.715,-13.830,14.353,-1.1137,-0.6813,1.1110,-6.230,-1.406,-2.144
54.184417,21.682,-13.888,14.352,-1.1254,-0.6005,0.7543,-2.249,-3.160,1.160
54.201084,21.663,-13.973,14.423,-1.0546,-0.4954,0.3663,-0.337,-3.126,5.686
54.217751,21.671,-14.067,14.546,-0.9562,-0.5130,0.0002,2.015,-2.525,8.687
54.234418,21.710,-14.151,14.686,-0.8497,-0.4713,-0.2523,4.165,-1.657,9.395
54.251085,21.740,-14.208,14.830,-0.7451,-0.4073,-0.3372,3.703,-0.018,9.032
54.267752,21.746,-14.229,14.974,-0.6619,-0.3532,-0.3205,2.257,1.936,8.218
54.284419,21.741,-14.226,15.124,-0.7096,-0.1819,-0.2039,1.674,3.394,8.048
54.301086,21.795,-14.202,15.277,-0.6746,-0.1325,-0.2517,5.264,4.612,7.702
54.317753,21.908,-14.163,15.447,-0.6622,-0.0851,-0.0557,9.098,5.868,8.270
54.334420,22.033,-14.114,15.657,-0.6393,-0.0423,-0.1653,10.339,7.245,10.243
54.351087,22.182,-14.060,15.895,-0.4313,-0.2268,-0.1656,12.192,8.212,11.649
54.367754,22.321,-14.001,16.135,-0.2899,-0.4330,-0.1168,11.619,8.505,11.562
54.384421,22.366,-13.928,16.370,-0.2427,-0.2927,0.2465,5.873,9.216,11.051
54.401088,22.333,-13.861,16.589,-0.0400,-0.2440,0.4483,0.971,8.500,10.248
54.417755,22.263,-13.805,16.786,0.1905,-0.3132,0.4743,-1.602,7.422,9.346
54.434422,22.218,-13.764,16.987,0.5047,-0.2141,0.3736,-0.016,6.637,9.978
54.451089,22.297,-13.753,17.206,0.7767,0.0280,0.1474,7.657,5.410,11.555
54.467756,22.539,-13.764,17.430,1.0234,0.1077,0.1132,17.530,4.273,12.342
54.484423,22.900,-13.787,17.649,1.1819,0.1749,0.1563,24.607,3.635,12.313
54.501090,23.310,-13.808,17.868,1.2980,0.0604,0.3241,27.571,3.833,12.222
54.517757,23.640,-13.826,18.071,1.0848,0.0253,0.5635,22.556,3.706,11.274
54.534424,23.851,-13.839,18.230,0.9068,-0.1220,0.5660,14.767,3.018,8.740
54.551091,23.964,-13.844,18.332,0.7477,-0.1691,0.5095,8.055,2.142,5.547
54.567758,23.989,-13.835,18.391,0.6217,-0.1932,0.4364,2.161,1.916,2.874
54.584425,23.984,-13.824,18.412,0.6055,-0.2766,0.2758,-0.135,1.103,0.833
54.601092,23.978,-13.830,18.413,0.3258,-0.2162,0.3830,-0.514,-0.298,0.152
54.617759,24.038,-13.868,18.414,0.0714,-0.1435,0.3542,3.513,-2.027,0.925
54.634426,24.230,-13.946,18.414,-0.2034,-0.0365,0.3082,11.369,-4.283,1.858
54.651093,24.475,-14.067,18.403,-0.3705,0.1105,0.3245,14.353,-6.842,2.377
54.667760,24.715,-14.219,18.379,-0.3315,0.2612,0.1219,13.926,-8.866,2.496
54.684427,25.005,-14.384,18.356,0.0282,0.4142,-0.1479,16.886,-9.516,2.933
54.701094,25.352,-14.548,18.343,0.3327,0.5519,-0.0913,20.477,-9.264,3.454
54.717761,25.738,-14.703,18.347,0.6040,0.5184,-0.0680,23.042,-8.230,4.193
54.734428,26.103,-14.844,18.373,0.7288,0.4380,0.1534,22.160,-6.935,5.008
54.751095,26.393,-14.971,18.410,0.7578,0.3738,0.0684,17.809,-5.866,5.279
54.767762,26.597,-15.078,18.448,0.7656,0.3009,-0.0276,12.615,-4.769,4.755
54.784429,26.665,-15.162,18.488,0.6358,0.1627,0.0513,4.564,-3.410,4.323
54.801096,26.634,-15.217,18.533,0.4331,0.0420,0.0140,-1.312,-1.734,3.737
54.817763,26.577,-15.257,18.575,0.1731,-0.1531,0.2281,-2.957,-1.031,3.197
54.834430,26.514,-15.306,18.600,-0.0549,-0.1858,0.4458,-3.527,-1.923,2.545
54.851097,26.456,-15.369,18.599,-0.0630,-0.1438,0.4154,-3.677,-3.356,1.625
54.867764,26.393,-15.449,18.584,-0.0396,-0.0686,0.1642,-4.145,-4.620,1.306
54.884431,26.328,-15.544,18.568,0.0103,-0.0285,-0.0791,-4.333,-5.518,1.629
54.901098,26.265,-15.651,18.565,-0.0054,0.1110,-0.1110,-3.999,-5.750,2.626
54.917765,26.234,-15.760,18.571,-0.1327,0.3308,0.0104,-1.945,-5.683,3.216
54.934432,26.237,-15.874,18.568,-0.2339,0.4546,0.0986,-0.003,-6.184,2.831
54.951099,26.294,-15.989,18.554,-0.0698,0.4623,-0.0291,2.984,-6.498,2.268
54.967766,26.376,-16.098,18.548,0.0898,0.4725,-0.0408,4.643,-6.030,2.580
54.984433,26.458,-16.203,18.569,0.2760,0.3856,-0.0660,5.106,-5.026,3.821
55.001100,26.497,-16.292,18.616,0.4482,0.3509,0.0727,2.936,-3.526,4.822
55.017767,26.460,-16.372,18.674,0.3717,0.4553,0.2379,-1.434,-2.805,5.118
55.034434,26.431,-16.448,18.737,0.5298,0.4637,0.0558,-0.866,-2.380,5.252
55.051101,26.351,-16.514,18.809,0.4409,0.5028,-0.0907,-3.790,-1.689,5.414
55.067768,26.222,-16.559,18.894,0.4371,0.3380,-0.3542,-6.491,-0.158,5.585
55.084435,26.104,-16.573,18.990,0.3850,0.0916,-0.3253,-5.638,1.725,5.308
55.101102,25.945,-16.564,19.081,0.1679,0.0270,-0.1019,-8.155,2.883,4.445
55.117769,25.721,-16.530,19.134,0.1845,-0.1216,-0.0516,-12.734,3.229,1.821
55.134436,25.393,-16.483,19.168,0.0667,-0.0291,0.1609,-19.328,3.432,0.555
55.151103,25.024,-16.434,19.169,0.0944,-0.1375,0.0561,-22.322,2.762,-1.211
55.167770,24.661,-16.377,19.143,0.2040,-0.1029,-0.0525,-22.389,2.533,-2.811
55.184437,24.305,-16.308,19.095,0.2142,0.0012,-0.1793,-22.351,2.701,-4.276
55.201104,23.959,-16.221,19.023,0.1474,0.0620,-0.1837,-22.191,3.104,-5.915
55.217771,23.584,-16.118,18.932,-0.0099,0.1023,-0.0419,-24.208,3.673,-7.263
55.234438,23.209,-16.009,18.832,-0.0726,-0.0070,0.0724,-24.342,3.750,-7.904
55.251105,22.818,-15.903,18.720,-0.1401,0.0459,0.2581,-25.526,3.358,-8.433
55.267772,22.417,-15.802,18.601,-0.0772,0.1473,0.1637,-26.194,3.022,-8.669
55.284439,22.119,-15.712,18.499,0.1005,0.2039,0.0714,-19.732,2.869,-7.449
55.301106,21.963,-15.638,18.431,0.1779,0.2535,0.1147,-10.674,2.665,-5.306
55.317773,21.904,-15.588,18.401,0.1602,0.3360,0.2725,-4.224,2.214,-2.717
55.334440,21.866,-15.561,18.403,0.0539,0.3200,0.3171,-2.409,1.624,-0.428
55.351107,21.865,-15.555,18.429,0.1582,0.1575,0.2847,0.129,0.948,1.241
55.367774,21.902,-15.572,18.471,0.2235,0.1777,0.2778,2.699,0.028,2.686
55.384441,21.952,-15.599,18.518,0.2072,0.1628,0.2399,3.541,-0.422,3.153
55.401108,22.034,-15.628,18.561,0.2525,0.0073,0.1561,5.405,-0.639,2.980
55.417775,22.147,-15.659,18.600,0.2273,-0.0543,0.0353,7.163,-0.766,2.795
55.434442,22.289,-15.684,18.626,0.2365,-0.1388,-0.0508,8.759,-0.764,2.031
55.451109,22.409,-15.699,18.638,0.1446,-0.0633,0.0248,7.225,-0.539,0.995
55.467776,22.517,-15.703,18.627,0.1560,-0.0200,-0.0258,6.098,-0.360,-0.490
55.484443,22.598,-15.699,18.595,0.1608,0.0351,0.0122,4.140,-0.413,-1.722
55.501110,22.661,-15.689,18.560,0.1906,0.0686,-0.0725,2.998,-0.143,-2.082
55.517777,22.754,-15.675,18.534,0.2533,0.0778,-0.0606,4.968,0.244,-1.699
55.534444,22.838,-15.658,18.514,0.1608,0.0888,0.0723,4.495,0.560,-1.418
55.551111,22.897,-15.635,18.490,0.1056,0.0697,0.1497,2.959,0.809,-1.756
55.567778,22.962,-15.608,18.455,0.1606,0.0490,0.1107,3.129,0.726,-2.448
55.584445,23.032,-15.582,18.406,0.1589,0.1235,0.0686,3.225,0.415,-3.217
55.601112,23.099,-15.556,18.345,0.0830,0.1740,0.1627,2.852,0.113,-3.787
55.617779,23.173,-15.530,18.277,0.0486,0.1704,0.1456,3.126,-0.039,-4.175
55.634446,23.244,-15.509,18.212,0.0389,0.1850,0.1513,3.013,-0.276,-3.964
55.651113,23.293,-15.493,18.154,0.0894,0.2195,0.1204,1.798,-0.344,-3.380
55.667780,23.336,-15.486,18.118,0.1446,0.3124,0.1754,1.813,-0.362,-2.053
55.684447,23.389,-15.490,18.098,0.2335,0.3008,0.1783,2.660,-0.636,-0.885
55.701114,23.431,-15.507,18.097,0.2486,0.2482,0.2342,2.261,-0.912,0.382
55.717781,23.463,-15.535,18.112,0.2400,0.1935,0.1744,1.990,-1.102,1.540
55.734448,23.501,-15.573,18.135,0.1803,0.1873,0.1598,2.393,-1.473,2.170
55.751115,23.549,-15.615,18.157,0.1777,0.1490,0.0874,3.040,-1.734,2.212
55.767782,23.579,-15.657,18.178,0.1259,0.0633,0.1432,1.922,-1.769,2.158
55.784449,23.615,-15.700,18.188,0.1198,0.0139,0.0790,2.074,-2.061,1.620
55.801116,23.645,-15.741,18.191,0.0956,0.0447,0.0839,1.635,-2.127,1.197
55.817783,23.669,-15.784,18.184,0.1120,-0.0043,0.0236,1.169,-2.406,0.731
55.834450,23.691,-15.821,18.170,0.1110,0.0110,-0.0114,0.886,-2.317,0.244
55.851117,23.717,-15.858,18.149,0.0971,0.0446,-0.0480,0.971,-2.422,-0.119
55.867784,23.739,-15.883,18.116,0.0779,0.0860,-0.1047,0.607,-2.100,-1.088
55.884451,23.755,-15.903,18.077,0.0315,0.1058,-0.0318,0.105,-1.900,-1.543
55.901118,23.782,-15.913,18.032,0.0434,0.1306,-0.0618,0.674,-1.516,-2.040
55.917785,23.806,-15.912,17.984,0.0511,0.2451,-0.0200,0.381,-1.051,-2.525
55.934452,23.810,-15.907,17.935,0.0821,0.2764,-0.0245,-0.781,-0.783,-2.629
55.951119,23.812,-15.896,17.893,0.1561,0.2535,-0.0117,-0.740,-0.287,-2.389
55.967786,23.802,-15.882,17.861,0.1543,0.2361,0.0427,-1.372,0.093,-1.945
55.984453,23.782,-15.869,17.843,0.1120,0.2852,0.1279,-1.681,0.360,-1.162
56.001120,23.777,-15.862,17.830,0.0960,0.2355,0.0941,-0.738,0.149,-0.803
56.017787,23.767,-15.857,17.827,0.0971,0.1862,0.1199,-0.893,0.285,-0.236
56.034454,23.754,-15.852,17.830,0.1315,0.1476,0.1101,-0.959,0.403,0.162
56.051121,23.730,-15.847,17.835,0.1317,0.1250,0.1746,-1.631,0.399,0.120
56.067788,23.680,-15.846,17.835,0.0942,0.0578,0.1836,-3.226,0.143,0.052
56.084455,23.634,-15.854,17.833,0.0972,0.0400,0.1621,-3.000,-0.432,0.204
56.101122,23.607,-15.870,17.831,0.1104,0.1169,0.0526,-1.921,-0.892,0.291
56.117789,23.605,-15.889,17.830,0.1651,0.1488,-0.0080,-0.319,-0.977,0.521
56.134456,23.596,-15.903,17.832,0.1730,0.1557,0.0505,-0.751,-0.601,0.613
56.151123,23.563,-15.904,17.830,0.2174,0.1224,0.0203,-2.215,-0.023,0.045
56.167790,23.520,-15.890,17.828,0.3118,0.0862,-0.0419,-2.845,0.748,-0.412
56.184457,23.475,-15.864,17.820,0.2839,0.1136,-0.0732,-3.117,1.233,-1.071
56.201124,23.435,-15.822,17.805,0.3175,0.1342,-0.1365,-2.823,2.081,-1.669
56.217791,23.400,-15.765,17.757,0.3215,0.0872,-0.1111,-2.703,2.907,-2.062
56.234458,23.353,-15.695,17.725,0.2721,0.0655,-0.0159,-3.345,3.653,-2.395
56.251125,23.301,-15.619,17.712,0.1692,0.0440,0.0780,-3.584,3.929,-2.472
56.267792,23.238,-15.545,17.687,0.0486,0.0528,0.1442,-4.351,3.675,-2.757
56.284459,23.157,-15.475,17.655,0.0048,0.0778,0.1831,-5.549,3.308,-3.054
56.301126,23.068,-15.414,17.620,0.0139,0.0995,0.1905,-6.150,2.636,-3.272
56.317793,23.011,-15.364,17.577,0.0948,0.0259,0.1462,-4.293,1.858,-3.356
56.334460,22.997,-15.324,17.536,0.1334,0.0122,0.1217,-1.771,1.306,-3.032
56.351127,22.993,-15.292,17.491,0.0894,0.0780,0.1242,-0.979,1.167,-2.377
56.367794,23.001,-15.265,17.459,0.0735,0.1053,0.1029,-0.274,0.822,-2.206
56.384461,22.991,-15.242,17.433,0.1025,0.1793,0.1504,-1.253,0.694,-1.919
56.401128,22.950,-15.218,17.406,0.1126,0.1826,0.1222,-3.100,0.827,-1.866
56.417795,22.922,-15.194,17.373,0.1481,0.1504,0.1192,-2.353,0.813,-1.772
56.434462,22.911,-15.174,17.342,0.1341,0.1370,0.1138,-1.224,0.713,-1.543
56.451129,22.920,-15.154,17.326,0.1133,0.1322,0.0593,0.034,0.803,-1.169
56.467796,22.934,-15.137,17.308,0.0576,0.1759,0.0992,0.445,0.845,-0.734
56.484463,22.946,-15.120,17.300,0.0940,0.1220,0.0887,0.401,0.851,-0.719
56.501130,22.940,-15.104,17.288,0.0783,0.1775,0.0644,-0.718,0.809,-0.528
56.517797,22.938,-15.086,17.272,0.1192,0.1409,0.0292,-0.451,0.993,-0.561
56.534464,22.948,-15.061,17.275,0.1404,0.1262,0.0009,0.353,1.453,-0.427
56.551131,22.959,-15.035,17.298,0.1245,0.0871,0.0586,0.538,1.507,-0.320
56.567798,22.954,-15.008,17.301,0.1337,0.0976,0.0571,-0.462,1.644,-0.325
56.584465,22.930,-14.980,17.321,0.0928,0.1046,0.1302,-1.651,1.574,-0.520
56.601132,22.898,-14.951,17.311,0.1437,0.0280,0.0795,-2.195,1.562,-0.827
56.617799,22.890,-14.925,17.316,0.1747,0.0251,0.1319,-0.797,1.388,-0.692
56.634466,22.901,-14.905,17.308,0.1381,0.0779,0.2104,0.341,1.006,-0.742
56.651133,22.923,-14.884,17.306,0.1262,0.0852,0.1993,0.917,0.862,-1.123
56.667800,22.934,-14.871,17.287,0.0264,0.1069,0.2068,0.160,0.380,-1.077
56.684467,22.939,-14.864,17.269,0.0675,0.1007,0.1147,-0.220,0.107,-0.932
56.701134,22.942,-14.864,17.258,0.1003,0.1212,0.0994,-0.164,-0.145,-0.345
56.717801,22.954,-14.872,17.242,0.0873,0.1611,0.0668,0.378,-0.420,0.091
56.734468,22.969,-14.880,17.249,0.0870,0.1431,0.0400,0.658,-0.429,0.261
56.751135,22.981,-14.888,17.247,0.0870,0.0981,0.0638,0.523,-0.301,0.579
56.767802,22.994,-14.892,17.233,0.0904,0.0864,0.0158,0.582,0.103,0.652
56.784469,23.007,-14.890,17.232,0.0628,0.0815,0.0818,0.654,0.321,0.442
56.801136,23.013,-14.886,17.269,0.0717,0.0865,0.0695,0.266,0.304,0.296
56.817803,23.014,-14.879,17.329,0.1093,0.0490,0.0705,0.056,0.279,-0.018
56.834470,23.024,-14.878,17.324,0.1034,0.0504,0.1031,0.369,0.127,0.150
56.851137,23.030,-14.880,17.328,0.1017,0.1061,0.0933,0.108,-0.107,0.069
56.867804,23.032,-14.883,17.300,0.1169,0.0981,0.1057,-0.311,-0.312,-0.290
56.884471,23.032,-14.885,17.285,0.1271,0.1269,0.1380,-0.457,-0.259,-0.342
56.901138,23.042,-14.886,17.274,0.0971,0.0942,0.1957,0.218,-0.288,-0.509
56.917805,23.065,-14.894,17.277,0.0416,0.0804,0.1830,1.022,-0.682,-0.268
56.934472,23.089,-14.912,17.272,0.0067,0.1068,0.1854,1.137,-1.020,0.364
56.951139,23.107,-14.942,17.259,0.0030,0.1049,0.1875,0.746,-1.631,0.664
56.967806,23.129,-14.978,17.275,0.1172,0.0559,0.1319,1.029,-2.260,0.519
56.984473,23.171,-15.023,17.287,0.1740,0.0198,0.0488,2.111,-2.880,0.269
57.001140,23.225,-15.072,17.296,0.1739,0.0843,0.0338,2.871,-3.027,0.616
57.017807,23.284,-15.116,17.331,0.1920,0.0737,-0.0282,3.254,-2.835,0.418
57.034474,23.327,-15.151,17.334,0.1836,0.1612,0.0151,2.264,-2.180,0.418
57.051141,23.361,-15.177,17.342,0.1538,0.1009,0.0839,1.735,-1.531,0.451
57.067808,23.392,-15.203,17.358,0.0746,0.1126,0.1208,1.704,-1.440,0.772
57.084475,23.425,-15.234,17.414,0.0236,0.1126,0.1463,1.965,-1.735,1.106
57.101142,23.444,-15.283,17.384,-0.0701,0.1173,0.1832,0.953,-2.315,1.832
57.117809,23.471,-15.342,17.395,-0.0441,0.0720,0.1763,1.554,-2.915,2.133
57.134476,23.512,-15.411,17.364,-0.0171,0.1025,0.1968,2.221,-3.386,2.387
57.151143,23.556,-15.485,17.403,0.0068,0.1007,0.1702,2.700,-3.912,2.508
57.167810,23.621,-15.566,17.386,0.0911,0.0512,0.0823,3.681,-4.161,2.487
57.184477,23.679,-15.641,17.450,0.1216,0.0981,0.0907,3.602,-3.993,2.534
57.201144,23.740,-15.712,17.452,0.1552,0.0705,0.0464,3.505,-3.706,2.210
57.217811,23.784,-15.774,17.456,0.1504,0.0547,0.0574,2.497,-3.282,1.798
57.234478,23.813,-15.827,17.469,0.1829,0.0043,0.0318,1.533,-2.889,1.443
57.251145,23.846,-15.874,17.467,0.1915,0.0154,-0.0088,1.666,-2.705,1.022
57.267812,23.861,-15.916,17.460,0.1753,0.0538,-0.0617,0.517,-2.528,0.663
57.284479,23.868,-15.950,17.435,0.2441,0.0075,-0.1780,-0.063,-2.161,0.159
57.301146,23.865,-15.966,17.392,0.2728,0.0371,-0.1829,-0.894,-1.322,-0.728
57.317813,23.867,-15.961,17.359,0.3264,0.0456,-0.1815,-0.690,-0.552,-1.888
57.334480,23.854,-15.941,17.317,0.3204,0.0461,-0.1522,-1.840,-0.078,-3.066
57.351147,23.821,-15.907,17.280,0.2856,0.0775,-0.0923,-3.115,0.378,-3.867
57.367814,23.776,-15.864,17.227,0.2074,0.1361,-0.0702,-3.996,0.873,-4.299
57.384481,23.740,-15.819,17.166,0.1450,0.1764,0.0417,-3.451,0.937,-4.514
57.401148,23.707,-15.778,17.115,0.0469,0.1637,0.2086,-3.194,0.765,-4.223
57.417815,23.680,-15.745,17.044,-0.0171,0.1534,0.2252,-2.909,0.424,-3.911
57.434482,23.646,-15.720,17.003,-0.0606,0.1746,0.2127,-3.104,0.161,-3.325
57.451149,23.609,-15.703,16.950,-0.0701,0.1712,0.1708,-3.201,-0.127,-2.703
57.467816,23.589,-15.693,16.919,-0.0288,0.1322,0.1538,-2.053,-0.312,-2.122
57.484483,23.593,-15.696,16.762,-0.0136,0.1421,0.1551,-0.990,-0.534,-1.475
57.501150,23.588,-15.698,16.781,0.0059,0.1320,0.1953,-0.634,-0.523,-0.656
57.517817,23.574,-15.709,16.703,0.0164,0.1905,0.1596,-1.439,-0.472,0.195
57.534484,23.553,-15.726,16.681,0.0551,0.2215,0.1586,-1.524,-0.650,0.947
57.551151,23.526,-15.748,16.709,0.0629,0.2239,0.1252,-1.495,-0.750,1.739
57.567818,23.496,-15.773,16.729,0.0556,0.2178,0.1384,-1.629,-0.712,2.158
57.584485,23.471,-15.797,16.743,0.1262,0.1590,0.0391,-1.339,-0.557,2.337
57.601152,23.447,-15.812,16.831,0.1573,0.1344,-0.0770,-0.896,-0.168,2.358
57.617819,23.415,-15.818,16.875,0.2225,0.0571,-0.1178,-1.492,0.566,2.422
57.634486,23.372,-15.808,16.913,0.2459,0.0251,-0.1061,-2.158,1.589,2.119
57.651153,23.311,-15.779,16.949,0.2180,0.0023,-0.0449,-3.371,2.251,1.011
57.667820,23.240,-15.731,16.991,0.2241,-0.0152,-0.0570,-4.155,2.985,-0.033
57.684487,23.186,-15.674,17.002,0.2118,-0.0595,0.0019,-3.362,3.208,-1.089
57.701154,23.164,-15.609,17.125,0.1903,-0.1061,-0.0150,-1.211,3.043,-1.707
57.717821,23.198,-15.554,17.121,0.1448,-0.1061,-0.0071,1.669,2.719,-1.949
57.734488,23.268,-15.508,17.031,0.0715,-0.1396,0.0477,3.265,2.109,-2.354
57.751155,23.317,-15.472,16.969,0.0624,-0.1067,0.1536,2.024,1.293,-2.635
57.767822,23.322,-15.442,16.925,0.1156,-0.0573,0.1775,-0.621,0.610,-2.945
57.784489,23.290,-15.417,16.830,0.1568,-0.0330,0.1317,-3.234,0.239,-3.442
57.801156,23.274,-15.394,16.763,0.2216,-0.0495,0.2061,-2.141,-0.050,-3.584
57.817823,23.294,-15.374,16.689,0.1690,0.0457,0.2319,-0.128,-0.377,-3.770
57.834490,23.329,-15.358,16.615,0.0723,0.0742,0.2886,0.661,-0.836,-4.309
57.851157,23.369,-15.346,16.513,-0.0154,0.0853,0.2281,0.824,-1.070,-4.305
57.867824,23.411,-15.339,16.451,-0.0543,0.1583,0.1826,1.182,-1.386,-4.018
57.884491,23.448,-15.345,16.402,-0.1306,0.2082,0.1717,1.067,-1.797,-2.981
57.901158,23.489,-15.366,16.329,-0.0864,0.1669,0.1691,1.398,-2.064,-1.739
57.917825,23.521,-15.393,16.291,-0.0869,0.1598,0.1105,1.291,-1.971,-0.362
57.934492,23.560,-15.423,16.227,-0.0400,0.1637,0.0394,1.715,-1.612,0.439
57.951159,23.591,-15.443,16.282,0.0237,0.1624,0.0101,1.955,-1.044,1.069
57.967826,23.627,-15.456,16.305,0.0557,0.1586,0.0258,2.213,-0.425,1.249
57.984493,23.655,-15.461,16.313,0.0891,0.1011,0.0661,1.582,0.056,0.993
58.001160,23.689,-15.465,16.339,0.1353,0.0923,0.0962,2.060,-0.003,0.793
58.017827,23.720,-15.472,16.381,0.1539,0.0883,0.0730,1.867,-0.345,0.712
58.034494,23.755,-15.485,16.419,0.1558,0.0625,0.0855,2.065,-0.712,0.679
58.051161,23.792,-15.505,16.428,0.1464,0.0352,0.1210,2.026,-1.104,0.747
58.067828,23.822,-15.533,16.397,0.0865,0.0350,0.1586,1.380,-1.564,0.505
58.084495,23.860,-15.560,16.395,0.1000,0.0413,0.0624,1.850,-1.864,0.066
58.101162,23.918,-15.589,16.381,0.1238,0.0751,-0.0347,3.016,-1.995,-0.046
58.117829,24.003,-15.617,16.383,0.1316,0.0307,-0.0340,4.670,-1.890,0.122
58.134496,24.123,-15.638,16.376,0.1539,0.0331,-0.0301,6.822,-1.459,0.013
58.151163,24.269,-15.654,16.364,0.0491,0.1103,0.0312,8.303,-1.150,-0.098
58.167830,24.379,-15.666,16.380,-0.0338,0.2012,0.0796,6.361,-0.948,-0.001
58.184497,24.453,-15.674,16.392,-0.0280,0.2570,0.1704,4.176,-0.665,0.037
58.201164,24.504,-15.686,16.392,0.0049,0.2707,0.2687,2.838,-0.610,0.542
58.217831,24.554,-15.706,16.394,0.0967,0.2619,0.1870,2.951,-0.702,1.423
58.234498,24.615,-15.737,16.411,0.1051,0.2205,0.1419,3.813,-0.909,2.543
58.251165,24.679,-15.776,16.470,0.0925,0.1856,0.1305,4.455,-1.039,3.631
58.267832,24.743,-15.818,16.607,0.0795,0.0995,0.1192,4.837,-1.219,4.110
58.284499,24.779,-15.863,16.692,0.0646,0.0876,0.0961,2.899,-1.264,4.084
58.301166,24.789,-15.905,16.823,0.0807,0.0160,0.0314,1.577,-1.284,3.873
58.317833,24.809,-15.944,16.840,0.1192,-0.0290,-0.0632,1.512,-1.044,3.320
58.334500,24.828,-15.971,16.945,0.1052,-0.0205,-0.0730,1.778,-0.832,2.721
58.351167,24.848,-15.986,17.029,0.1207,-0.0520,-0.0995,1.595,-0.488,1.761
58.367834,24.869,-15.987,16.980,0.1539,-0.0513,-0.1258,0.863,0.190,0.320
58.384501,24.867,-15.962,16.999,0.1660,-0.0689,-0.1612,-0.378,1.149,-0.758
58.401168,24.869,-15.913,17.031,0.2290,-0.0595,-0.1651,-0.193,2.071,-1.986
58.417835,24.870,-15.842,17.041,0.2750,-0.0253,-0.1505,-0.459,3.092,-3.115
58.434502,24.880,-15.750,16.983,0.2931,-0.0282,-0.1644,-0.372,4.030,-4.305
58.451169,24.883,-15.638,16.965,0.2992,-0.0199,-0.2176,-0.652,4.887,-5.126
58.467836,24.908,-15.502,16.982,0.4071,-0.0688,-0.3060,0.685,5.908,-5.985
58.484503,24.960,-15.351,16.870,0.4089,-0.0108,-0.2605,1.693,6.882,-6.896
58.501170,25.026,-15.174,16.782,0.4275,-0.0123,-0.1829,2.522,7.821,-8.216
58.517837,25.102,-14.981,16.705,0.4057,-0.0557,-0.1422,3.034,8.334,-9.284
58.534504,25.145,-14.782,16.663,0.1305,0.0507,0.0638,1.139,8.360,-9.808
58.551171,25.115,-14.584,16.600,-0.0747,0.2175,0.1823,-3.382,8.096,-10.288
58.567838,25.087,-14.403,16.487,-0.1227,0.2300,0.2669,-3.541,7.050,-10.406
58.584505,25.076,-14.241,16.436,-0.1163,0.2003,0.3646,-2.196,6.075,-9.407
58.601172,25.086,-14.111,16.335,-0.1374,0.2044,0.5385,-0.995,4.953,-7.824
58.617839,25.094,-14.013,16.235,-0.1999,0.2265,0.6806,-0.934,3.541,-6.232
58.634506,25.057,-13.939,16.330,-0.2245,0.2685,0.6980,-2.558,2.114,-4.773
58.651173,25.006,-13.902,16.219,-0.1842,0.2588,0.5344,-4.243,1.018,-3.271
58.667840,24.976,-13.891,16.210,-0.0637,0.2140,0.3214,-2.306,0.003,-1.244
58.684507,24.962,-13.904,16.261,-0.0432,0.1934,0.2928,-0.807,-0.708,0.744
58.701174,24.953,-13.932,16.289,0.0035,0.1357,0.2285,-0.412,-0.939,2.158
58.717841,24.910,-13.963,16.324,-0.0330,0.1395,0.1459,-2.309,-0.863,2.797
58.734508,24.850,-13.992,16.333,0.0002,0.0948,0.0299,-3.394,-0.545,2.925
58.751175,24.776,-14.010,16.373,0.0449,0.0745,-0.0281,-4.130,-0.110,2.664
58.767842,24.720,-14.020,16.411,0.1197,-0.0064,-0.0310,-3.093,0.198,2.071
58.784509,24.699,-14.027,16.449,0.1206,-0.0187,0.0240,-1.062,0.211,1.747
58.801176,24.735,-14.034,16.472,0.1722,-0.0117,-0.0295,2.188,0.055,1.394
58.817843,24.806,-14.049,16.477,0.2000,0.0556,-0.0116,4.257,-0.288,1.555
58.834510,24.889,-14.064,16.488,0.2260,0.0050,0.0084,4.994,-0.287,1.652
58.851177,24.973,-14.076,16.520,0.2165,-0.0050,0.0606,5.103,-0.241,1.478
58.867844,25.044,-14.088,16.535,0.2073,-0.0268,0.1112,4.267,-0.264,1.401
58.884511,25.091,-14.096,16.547,0.1444,0.0277,0.0708,2.713,-0.238,0.772
58.901178,25.115,-14.099,16.549,0.1201,0.0256,0.0597,1.167,-0.364,-0.137
58.917845,25.124,-14.099,16.543,0.0779,0.0435,0.1125,0.156,-0.346,-0.427
58.934512,25.135,-14.096,16.483,0.1120,0.0199,0.0522,-0.068,-0.360,-1.213
58.951179,25.148,-14.090,16.461,0.1046,0.0493,0.0775,0.122,-0.391,-1.544
58.967846,25.177,-14.081,16.420,0.0897,0.0698,0.0281,1.006,-0.392,-1.838
58.984513,25.217,-14.070,16.429,0.0740,0.1109,0.0032,1.872,-0.408,-1.908
59.001180,25.263,-14.062,16.412,0.0425,0.1526,0.0527,2.126,-0.338,-1.602
59.017847,25.292,-14.051,16.381,0.0020,0.2130,0.1046,1.121,0.011,-1.308
59.034514,25.299,-14.036,16.374,0.0399,0.1487,0.0712,0.014,0.321,-1.231
59.051181,25.304,-14.021,16.362,0.0180,0.1764,0.0719,-0.143,0.556,-0.769
59.067848,25.306,-14.001,16.380,0.0081,0.1623,0.0265,-0.109,0.750,-0.705
59.084515,25.325,-13.982,16.390,0.0395,0.1227,0.0526,0.905,0.884,-0.535
59.101182,25.343,-13.964,16.396,0.0132,0.1225,0.1190,0.959,1.118,0.014
59.117849,25.346,-13.948,16.414,-0.0325,0.1326,0.1556,0.095,0.998,0.222
59.134516,25.344,-13.938,16.415,0.0341,0.0979,0.1064,-0.262,0.839,0.468
59.151183,25.346,-13.932,16.421,0.0672,0.0994,0.0608,0.051,0.619,0.579
59.167850,25.368,-13.927,16.438,0.0850,0.0503,0.0680,1.291,0.518,0.713
59.184517,25.403,-13.921,16.443,0.1258,0.0078,0.0902,1.933,0.546,0.546
59.201184,25.412,-13.910,16.467,0.1301,0.0178,0.1036,0.508,0.680,0.241
59.217851,25.408,-13.894,16.528,0.1366,0.0400,0.0598,-0.174,0.702,-0.191
59.234518,25.410,-13.877,16.540,0.1641,0.0389,0.0431,-0.159,0.667,-0.596
59.251185,25.436,-13.857,16.537,0.2056,0.0191,0.0099,1.266,0.861,-0.723
59.267852,25.485,-13.834,16.531,0.1795,0.0611,0.0291,2.575,1.004,-0.869
59.284519,25.532,-13.806,16.525,0.1316,0.0927,0.0737,2.526,1.328,-0.891
59.301186,25.565,-13.776,16.527,0.1053,0.0969,0.1161,1.656,1.429,-0.874
59.317853,25.574,-13.754,16.515,0.1116,0.1587,0.1451,0.262,1.173,-0.531
59.334520,25.571,-13.743,16.540,0.1516,0.1580,0.1324,-0.194,0.821,0.537
59.351187,25.575,-13.753,16.559,0.1395,0.1488,0.1694,0.326,0.197,1.876
59.367854,25.573,-13.777,16.600,0.0488,0.1850,0.2525,0.244,-0.309,2.930
59.384521,25.565,-13.811,16.663,-0.0309,0.1322,0.2655,-0.026,-0.860,3.363
59.401188,25.548,-13.854,16.720,-0.0888,0.0943,0.2677,-0.513,-1.196,3.790
59.417855,25.515,-13.905,16.773,-0.1394,0.0882,0.2789,-1.499,-1.650,3.862
59.434522,25.476,-13.964,16.759,-0.1258,0.0227,0.2385,-2.372,-2.291,3.295
59.451189,25.436,-14.023,16.774,-0.0685,-0.0134,0.1652,-2.400,-2.749,2.660
59.467856,25.415,-14.081,16.781,-0.0172,-0.0195,0.0741,-1.419,-3.117,1.886
59.484523,25.397,-14.138,16.770,0.0105,0.0203,0.0017,-1.463,-3.270,1.169
59.501190,25.385,-14.182,16.749,0.0754,0.0184,-0.1367,-1.228,-2.865,0.357
59.517857,25.373,-14.209,16.693,0.1196,0.0253,-0.2126,-1.458,-2.003,-0.448
59.534524,25.370,-14.211,16.651,0.1561,0.0151,-0.2095,-0.862,-0.735,-1.044
59.551191,25.362,-14.186,16.684,0.1958,0.0392,-0.1727,-0.810,0.546,-1.700
59.567858,25.355,-14.145,16.654,0.1920,0.0586,-0.0525,-1.101,1.529,-2.284
59.584525,25.341,-14.094,16.624,0.1291,0.0708,0.0421,-1.450,2.158,-2.507
59.601192,25.330,-14.046,16.609,0.0916,0.0845,0.1594,-1.145,2.067,-2.020
59.617859,25.328,-14.015,16.594,0.0818,0.1568,0.2614,-0.547,1.379,-1.255
59.634526,25.348,-14.007,16.608,0.0949,0.2662,0.3420,0.927,0.112,-0.432
59.651193,25.375,-14.027,16.606,0.0689,0.3007,0.3823,1.364,-1.187,0.515
59.667860,25.404,-14.070,16.607,0.0358,0.3315,0.3806,1.588,-2.193,1.605
59.684527,25.427,-14.128,16.616,0.0757,0.2979,0.3124,1.276,-2.818,2.362
59.701194,25.436,-14.195,16.618,0.1708,0.2786,0.1873,0.590,-2.859,3.431
59.717861,25.433,-14.256,16.683,0.2417,0.1558,0.1042,0.309,-2.302,3.997
59.734528,25.432,-14.311,16.741,0.2446,0.0328,0.0753,0.512,-1.654,4.449
59.751195,25.423,-14.361,16.760,0.2131,-0.0471,0.0821,-0.145,-1.185,4.428
59.767862,25.383,-14.400,16.884,0.1822,-0.1227,0.0335,-1.474,-0.975,4.163
59.784529,25.346,-14.440,16.976,0.1112,-0.1721,-0.0076,-1.508,-1.181,3.653
59.801196,25.319,-14.481,17.067,0.0448,-0.2095,-0.0077,-1.065,-1.595,3.144
59.817863,25.306,-14.529,17.043,-0.0198,-0.2760,-0.0011,-1.010,-2.076,2.200
59.834530,25.299,-14.573,17.036,-0.0484,-0.2499,-0.0257,-0.707,-2.539,0.994
59.851197,25.290,-14.606,17.048,-0.0610,-0.1450,-0.0979,-1.008,-2.666,-0.480
59.867864,25.292,-14.632,17.006,-0.0604,-0.1027,-0.1031,-0.786,-2.585,-1.487
59.884531,25.309,-14.653,16.876,-0.0527,-0.0121,-0.0646,-0.371,-2.140,-1.995
59.901198,25.317,-14.657,16.846,-0.0301,0.1203,-0.0524,-0.428,-1.508,-2.256
59.917865,25.333,-14.654,16.809,0.0017,0.2305,-0.0197,0.072,-1.086,-2.385
59.934532,25.341,-14.646,16.812,-0.0087,0.2971,0.0039,-0.134,-0.679,-1.975
59.951199,25.348,-14.630,16.839,0.0781,0.2569,0.0067,0.053,0.039,-1.473
59.967866,25.347,-14.612,16.831,0.0801,0.2673,0.0951,-0.397,0.745,-0.646
59.984533,25.339,-14.591,16.842,0.0938,0.2326,0.1430,-0.645,1.176,-0.221
60.001200,25.311,-14.570,16.873,0.1144,0.2056,0.1307,-1.665,1.198,-0.006
60.017867,25.292,-14.553,16.887,0.1364,0.1308,0.1275,-1.221,1.159,0.346
60.034534,25.283,-14.541,16.888,0.1743,0.0748,0.1275,-0.628,0.932,0.549
60.051201,25.281,-14.535,16.893,0.1872,0.0443,0.1776,-0.237,0.649,0.639
60.067868,25.276,-14.535,16.916,0.1816,0.0375,0.2055,-0.327,0.170,0.748
60.084535,25.258,-14.540,16.923,0.1578,0.0775,0.0882,-1.191,-0.120,0.693
60.101202,25.232,-14.553,16.897,0.1550,0.0653,0.1059,-1.856,-0.410,0.900
60.117869,25.206,-14.568,16.881,0.1387,0.0387,0.0881,-1.796,-0.536,0.972
60.134536,25.190,-14.578,16.901,0.0791,0.0508,0.0598,-1.046,-0.522,0.659
60.151203,25.166,-14.587,16.922,0.0148,0.0584,0.0242,-1.549,-0.438,0.696
60.167870,25.140,-14.588,16.961,0.0467,0.0327,-0.0441,-1.526,-0.098,0.495
60.184537,25.096,-14.584,16.953,0.0169,0.0618,0.0134,-2.906,0.308,0.187
60.201204,25.060,-14.573,16.960,0.0301,0.0103,0.0014,-2.368,0.535,-0.006
60.217871,25.041,-14.557,16.955,-0.0012,0.0482,0.0023,-1.395,0.849,-0.258
60.234538,25.031,-14.534,16.961,0.0111,0.0382,-0.0104,-0.762,1.207,-0.379
60.251205,25.023,-14.510,16.961,0.0063,0.0665,0.1088,-0.695,1.420,-0.163
60.267872,25.002,-14.483,16.979,0.0477,0.0656,0.1859,-1.393,1.438,-0.426
60.284539,24.976,-14.458,16.944,0.0650,0.1133,0.1896,-1.984,1.451,-0.499
60.301206,24.970,-14.441,16.936,0.0600,0.1329,0.1813,-0.640,0.939,-0.097
60.317873,24.981,-14.443,16.961,0.1122,0.0688,0.2137,0.617,-0.095,0.406
60.334540,25.016,-14.456,16.978,0.1175,0.0344,0.0157,1.966,-0.677,0.753
60.351207,25.068,-14.474,16.991,0.0654,0.0283,0.0255,3.045,-0.805,1.104
60.367874,25.095,-14.489,17.012,-0.0444,0.0769,0.0830,1.591,-0.680,1.057
60.384541,25.089,-14.497,17.040,-0.0844,0.0630,0.0898,-0.574,-0.762,0.036
60.401208,25.095,-14.505,17.011,-0.0431,0.0650,0.0122,-0.209,-0.904,-0.600
60.417875,25.116,-14.514,17.013,-0.0812,0.1308,0.0675,0.987,-0.680,0.115
60.434542,25.136,-14.519,17.073,-0.0813,0.1183,0.1954,1.402,-0.151,1.005
60.451209,25.146,-14.529,17.123,-0.0180,0.1846,0.2379,0.850,-0.106,1.686
60.467876,25.144,-14.544,17.215,0.0450,0.2387,0.2233,0.444,-0.084,2.616
60.484543,25.134,-14.572,17.225,0.1426,0.2113,0.2332,-0.292,-0.236,3.431
60.501210,25.120,-14.611,17.228,0.1927,0.1535,0.1930,-0.517,-0.674,3.978
60.517877,25.108,-14.657,17.280,0.2144,0.0903,0.1526,-0.139,-1.072,4.370
60.534544,25.096,-14.707,17.378,0.1715,-0.0128,0.0430,0.105,-1.477,4.537
60.551211,25.089,-14.759,17.446,0.1384,-0.0613,-0.0667,0.222,-1.759,4.049
60.567878,25.084,-14.808,17.490,0.1184,-0.1063,-0.0834,0.001,-1.860,3.237
60.584545,25.079,-14.849,17.479,0.0884,-0.1470,-0.0998,-0.384,-1.715,2.145
60.601212,25.064,-14.870,17.486,0.1104,-0.1406,-0.1172,-1.124,-1.135,0.878
60.617879,25.055,-14.876,17.512,0.1221,-0.1071,-0.0915,-0.700,-0.588,0.006
60.634546,25.057,-14.870,17.500,0.1140,-0.0708,-0.0016,-0.320,-0.115,-0.787
60.651213,25.060,-14.857,17.438,0.0862,-0.0207,0.0885,-0.581,0.264,-1.285
60.667880,25.051,-14.847,17.406,0.0612,0.0388,0.1260,-1.244,-0.044,-1.370
60.684547,25.039,-14.850,17.346,0.0617,0.0654,0.1042,-1.501,-0.652,-1.074
60.701214,25.044,-14.857,17.338,0.1466,0.1315,0.0836,-0.166,-0.908,-0.575
60.717881,25.060,-14.863,17.345,0.1097,0.1715,0.2754,0.583,-0.861,-0.569
60.734548,25.083,-14.862,17.338,0.0674,0.1056,0.3496,0.897,-0.551,-0.938
60.751215,25.112,-14.865,17.365,-0.0048,0.0414,0.3652,1.518,-0.506,-0.089
60.767882,25.143,-14.886,17.444,-0.1038,0.0865,0.2385,2.278,-0.877,1.724
60.784549,25.170,-14.941,17.466,-0.2530,0.1611,0.2567,1.884,-1.954,3.692
60.801216,25.172,-15.019,17.523,-0.2455,0.1504,0.2266,0.717,-3.014,4.933
60.817883,25.167,-15.115,17.509,-0.0276,0.1225,0.0948,-0.022,-3.621,5.498
60.834550,25.166,-15.206,17.588,0.2002,0.1147,-0.0165,0.684,-3.647,5.497
60.851217,25.183,-15.289,17.597,0.3209,0.1138,-0.0612,1.309,-3.193,4.868
60.867884,25.188,-15.349,17.637,0.3453,0.0488,-0.1055,0.695,-2.387,3.664
60.884551,25.187,-15.385,17.685,0.2806,-0.0112,-0.1396,0.179,-1.411,2.473
60.901218,25.176,-15.401,17.740,0.2018,-0.0636,-0.0685,-0.483,-0.771,1.205
60.917885,25.177,-15.414,17.694,0.1627,-0.1082,-0.0568,-0.488,-0.687,0.240
60.934552,25.171,-15.420,17.699,0.1382,-0.1208,-0.0568,-0.714,-0.782,-0.401
60.951219,25.166,-15.423,17.698,0.0910,-0.1672,-0.0037,-0.794,-0.819,-1.015
60.967886,25.162,-15.420,17.699,0.0394,-0.1331,0.0346,-0.930,-0.967,-1.829
60.984553,25.157,-15.414,17.636,0.0468,-0.0844,-0.0141,-1.429,-0.935,-2.799
61.001220,25.148,-15.398,17.591,0.0606,0.0512,-0.0656,-1.640,-0.666,-3.235
61.017887,25.145,-15.370,17.600,0.1369,0.1515,-0.1113,-0.913,0.124,-3.054
61.034554,25.130,-15.325,17.653,0.1791,0.2562,-0.0266,-1.179,1.413,-2.487
61.051221,25.109,-15.273,17.656,0.1092,0.3104,0.0665,-1.521,2.608,-1.480
61.067888,25.089,-15.203,17.659,0.0036,0.3443,0.0311,-1.287,4.124,-0.837
61.084555,25.085,-15.137,17.686,-0.0736,0.3473,0.1022,-0.150,4.017,-0.496
61.101222,25.097,-15.082,17.704,-0.1388,0.2764,0.1531,0.833,3.578,0.046
61.117889,25.116,-15.037,17.756,-0.2731,0.2620,0.3206,1.399,2.885,0.200
61.134556,25.120,-15.008,17.803,-0.3267,0.1818,0.3658,0.468,1.967,0.644
61.151223,25.104,-15.001,17.799,-0.2291,0.2087,0.3324,-0.908,1.305,1.676
61.167890,25.072,-15.014,17.874,-0.0120,0.1402,0.3379,-1.236,0.508,3.367
61.184557,25.034,-15.056,17.931,0.1988,0.1034,0.2999,-1.436,-0.350,5.187
61.201224,24.990,-15.110,18.006,0.3261,-0.0380,0.1832,-1.603,-0.828,6.111
61.217891,24.944,-15.170,18.094,0.3596,-0.1600,0.0538,-1.645,-1.187,6.303
61.234558,24.900,-15.224,18.184,0.3153,-0.2633,-0.0736,-1.631,-1.323,5.227
61.251225,24.862,-15.265,18.293,0.2284,-0.3508,-0.0839,-1.530,-1.494,3.421
61.267892,24.841,-15.298,18.296,0.1341,-0.4060,-0.0951,-1.453,-1.707,1.249
61.284559,24.822,-15.317,18.289,0.0772,-0.3554,-0.0531,-1.750,-1.850,-0.956
61.301226,24.812,-15.331,18.238,0.0560,-0.2562,-0.0233,-1.689,-2.188,-2.423
61.317893,24.811,-15.341,18.117,0.0477,-0.1222,0.0173,-1.748,-2.328,-3.697
61.334560,24.809,-15.343,18.084,0.0776,-0.0607,0.0510,-1.418,-2.314,-4.057
61.351227,24.812,-15.343,18.072,0.0431,0.0381,0.0690,-0.942,-2.187,-3.914
61.367894,24.830,-15.342,18.002,0.0411,0.1438,0.0310,-0.321,-1.792,-3.704
61.384561,24.853,-15.334,17.924,0.0171,0.2967,0.0349,0.158,-0.946,-3.105
61.401228,24.896,-15.311,17.904,0.0555,0.3829,-0.0034,1.795,0.244,-2.336
61.417895,24.949,-15.260,17.917,0.0704,0.4691,-0.0428,3.050,2.708,-1.126
61.434562,25.031,-15.202,17.913,0.0164,0.5739,-0.1564,5.012,4.061,0.437
61.451229,25.155,-15.137,18.028,0.1420,0.4196,-0.1568,8.588,5.269,2.549
61.467896,25.332,-15.075,18.128,0.1814,0.3094,-0.0118,12.042,6.022,4.299
61.484563,25.480,-15.017,18.224,0.1230,0.2323,0.1008,10.265,5.975,4.554
61.501230,25.515,-14.947,18.398,0.0321,0.1579,0.1461,3.837,6.105,3.851
61.517897,25.467,-14.870,18.563,-0.0184,0.0201,0.1474,-1.411,5.885,2.547
61.534564,25.418,-14.807,18.631,0.0040,-0.1654,0.1633,-2.149,5.049,2.040
61.551231,25.369,-14.751,18.739,0.0948,-0.1836,0.1687,-2.044,4.217,1.792
61.567898,25.329,-14.716,18.773,0.1031,-0.1572,0.2088,-1.973,3.156,1.783
61.584565,25.274,-14.690,18.923,0.1381,-0.1424,0.3268,-2.440,1.759,1.334
61.601232,25.201,-14.690,18.954,0.2035,-0.2491,0.4597,-4.324,0.292,1.001
61.617899,25.111,-14.718,18.952,0.1890,-0.3076,0.4753,-5.591,-1.541,0.925
61.634566,25.041,-14.770,18.960,0.1483,-0.3401,0.3155,-4.582,-3.300,0.707
61.651233,25.013,-14.847,18.854,0.0887,-0.3259,0.1146,-2.789,-4.814,0.324
61.667900,25.003,-14.924,18.802,0.0256,-0.2965,0.0627,-1.537,-5.317,-0.345
61.684567,25.012,-14.994,18.733,0.0037,-0.2735,0.0853,-0.692,-5.377,-1.371
61.701234,25.018,-15.053,18.655,-0.0412,-0.2087,0.1336,-1.128,-5.279,-2.661
61.717901,25.032,-15.099,18.583,-0.0199,-0.0852,0.0160,-0.781,-5.222,-3.990
61.734568,25.053,-15.141,18.476,-0.0804,0.0820,0.0350,-0.594,-4.895,-4.314
61.751235,25.070,-15.181,18.376,-0.0531,0.1904,0.0542,-0.712,-4.506,-3.714
61.767902,25.083,-15.218,18.305,-0.0139,0.2507,0.0629,-0.589,-3.954,-2.904
61.784569,25.106,-15.255,18.221,0.0865,0.3485,0.0800,0.072,-3.529,-2.185
61.801236,25.131,-15.291,18.151,0.0942,0.4482,0.0782,0.424,-3.082,-1.366
61.817903,25.151,-15.321,18.134,0.0997,0.3309,0.0136,0.555,-2.531,-0.693
61.834570,25.165,-15.348,18.088,0.0997,0.3004,0.0161,0.235,-1.664,0.229
61.851237,25.163,-15.367,18.099,0.0231,0.2614,0.0611,-0.263,-1.079,0.762
61.867904,25.150,-15.381,18.110,0.0552,0.2029,0.0394,-0.890,-0.677,0.840
61.884571,25.127,-15.392,18.114,0.1140,0.1457,0.0175,-1.488,-0.464,0.832
61.901238,25.099,-15.404,18.133,0.1169,0.0315,0.0424,-1.790,-0.573,0.851
61.917905,25.047,-15.413,18.129,0.1238,0.0193,0.0495,-3.311,-0.471,0.417
61.934572,24.988,-15.419,18.130,0.1137,-0.0704,-0.0139,-3.805,-0.516,0.072
61.951239,24.952,-15.426,18.104,0.1308,-0.1317,-0.0756,-2.576,-0.493,0.097
61.967906,24.933,-15.429,18.099,0.0822,-0.1125,0.0109,-1.466,-0.369,-0.098
61.984573,24.897,-15.429,18.087,0.0346,-0.0169,0.0570,-2.661,-0.563,-0.898
62.001240,24.856,-15.424,18.056,0.0439,0.0160,0.0372,-3.242,-0.645,-1.740
62.017907,24.819,-15.417,18.006,0.0719,0.0024,0.0528,-3.086,-0.447,-1.792
62.034574,24.801,-15.413,17.959,0.0493,-0.0006,0.0567,-1.802,-0.441,-1.413
62.051241,24.782,-15.406,17.988,-0.0363,0.1236,0.1088,-1.466,-0.410,-1.145
62.067908,24.772,-15.401,17.967,-0.0411,0.1719,0.1062,-1.164,-0.273,-1.066
62.084575,24.764,-15.395,17.966,0.0074,0.2006,0.1205,-0.859,-0.084,-0.655
62.101242,24.758,-15.392,17.964,0.0874,0.2026,0.1282,-0.568,0.041,0.008
62.117909,24.761,-15.388,17.965,0.0966,0.2050,0.0893,-0.002,0.377,0.472
62.134576,24.779,-15.384,17.975,0.1236,0.1782,0.0356,1.144,0.724,1.149
62.151243,24.805,-15.380,18.021,0.0769,0.1894,0.0778,2.035,1.156,2.325
62.167910,24.847,-15.377,18.079,0.0070,0.2383,0.0498,3.258,1.705,3.413
62.184577,24.893,-15.375,18.157,0.0018,0.1766,0.0944,3.774,1.962,4.244
62.201244,24.907,-15.373,18.250,-0.0080,0.1952,0.0950,2.014,2.166,4.723
62.217911,24.860,-15.369,18.329,-0.0074,0.1163,0.0926,-1.769,2.087,4.190
62.234578,24.802,-15.365,18.398,0.0605,-0.1384,0.0257,-2.669,1.750,3.575
62.251245,24.762,-15.359,18.447,0.0919,-0.2125,0.0157,-1.752,1.628,2.848
62.267912,24.749,-15.349,18.482,0.1175,-0.2700,-0.0157,-0.465,1.283,1.758
62.284579,24.750,-15.335,18.495,0.1004,-0.2813,0.0721,-0.044,0.911,0.288
62.301246,24.733,-15.315,18.490,0.1535,-0.2776,0.1162,-1.408,0.604,-1.174
62.317913,24.712,-15.295,18.454,0.1487,-0.1755,0.1681,-2.080,0.185,-2.226
62.334580,24.708,-15.278,18.409,0.1304,-0.0894,0.1571,-1.229,-0.337,-2.847
62.351247,24.710,-15.265,18.379,0.0979,-0.0090,0.1814,-0.805,-0.759,-2.947
62.367914,24.712,-15.261,18.333,0.0435,0.0731,0.1507,-0.852,-1.048,-2.618
62.384581,24.717,-15.262,18.284,0.0145,0.1414,0.1029,-0.675,-1.251,-2.195
62.401248,24.722,-15.272,18.253,-0.0207,0.1482,0.1279,-0.484,-1.511,-1.603
62.417915,24.721,-15.280,18.239,-0.0394,0.1406,0.0891,-0.610,-1.129,-0.812
62.434582,24.707,-15.288,18.234,-0.0639,0.1739,0.0993,-1.263,-0.863,-0.394
62.451249,24.693,-15.293,18.224,-0.0268,0.1542,0.0596,-1.221,-0.571,-0.215
62.467916,24.684,-15.299,18.236,0.0539,0.1463,0.0890,-0.658,-0.363,0.389
62.484583,24.679,-15.304,18.258,0.1007,0.1115,0.0618,-0.292,-0.115,0.889
62.501250,24.675,-15.311,18.285,0.0747,0.0800,0.1140,-0.139,-0.108,1.244
62.517917,24.671,-15.321,18.312,0.0844,0.0261,0.0536,-0.157,-0.222,1.268
62.534584,24.671,-15.332,18.345,0.1198,-0.0266,0.0591,0.115,-0.332,1.278
62.551251,24.669,-15.346,18.362,0.0695,-0.0224,0.1019,-0.130,-0.530,1.227
62.567918,24.670,-15.359,18.351,0.1133,-0.0717,0.0538,-0.190,-0.595,0.750
62.584585,24.664,-15.369,18.339,0.0851,-0.0297,0.0416,-0.590,-0.522,0.515
62.601252,24.666,-15.375,18.328,0.1280,-0.0266,-0.0173,-0.249,-0.459,0.045
62.617919,24.660,-15.372,18.317,0.0982,0.0165,0.0339,-0.743,-0.122,-0.439
62.634586,24.646,-15.361,18.316,0.1186,0.0433,0.0739,-1.159,0.143,-0.749
62.651253,24.634,-15.350,18.322,0.0759,0.0711,0.0777,-1.079,0.162,-0.797
62.667920,24.626,-15.342,18.312,0.0562,0.0985,0.0851,-0.877,0.141,-0.548
62.684587,24.604,-15.340,18.312,0.0005,0.1400,0.1040,-1.568,-0.057,-0.069
62.701254,24.578,-15.343,18.304,-0.0102,0.0695,0.1276,-1.854,-0.302,-0.031
62.717921,24.551,-15.348,18.304,0.0107,0.0730,0.1071,-1.916,-0.453,0.054
62.734588,24.527,-15.353,18.291,0.0199,0.0867,0.0722,-1.746,-0.293,0.344
62.751255,24.508,-15.356,18.291,0.0633,0.0995,0.0339,-1.276,-0.078,0.535
62.767922,24.482,-15.356,18.304,0.0447,0.0912,0.0732,-1.593,0.279,0.816
62.784589,24.448,-15.350,18.327,0.0757,0.0548,0.0538,-1.931,0.623,0.914
62.801256,24.417,-15.345,18.338,0.0709,0.0140,0.0594,-1.912,0.571,0.827
62.817923,24.383,-15.338,18.356,0.0552,0.0054,0.0457,-2.013,0.655,0.765
62.834590,24.360,-15.332,18.368,0.0574,-0.0105,0.0712,-1.382,0.557,0.621
62.851257,24.333,-15.324,18.380,0.0411,-0.0193,0.1081,-1.703,0.568,0.481
62.867924,24.301,-15.319,18.391,0.0612,-0.0242,0.1374,-1.982,0.486,0.595
62.884591,24.275,-15.318,18.374,0.1052,0.0337,0.1048,-1.746,0.292,0.622
62.901258,24.247,-15.322,18.406,0.0662,0.0548,0.1475,-1.670,-0.154,0.787
62.917925,24.210,-15.334,18.434,0.0623,0.0157,0.1650,-2.147,-0.381,1.239
62.934592,24.177,-15.352,18.459,0.0599,0.0181,0.1707,-1.850,-0.530,1.778
62.951259,24.154,-15.380,18.487,-0.0147,0.0437,0.1887,-1.177,-1.043,2.170
62.967926,24.140,-15.417,18.518,-0.0452,0.0540,0.1239,-0.599,-1.423,2.496
62.984593,24.121,-15.458,18.557,-0.0149,0.0427,0.1029,-0.796,-1.512,3.057
63.001260,24.086,-15.502,18.614,-0.0060,0.0809,0.1384,-1.561,-1.525,3.514
63.017927,24.053,-15.541,18.662,0.0645,0.1127,0.0344,-1.567,-1.308,3.181
63.034594,24.017,-15.573,18.695,0.1049,0.0552,-0.0125,-1.829,-1.073,2.572
63.051261,23.989,-15.594,18.721,0.1659,0.0078,-0.1090,-1.498,-0.639,1.994
63.067928,23.961,-15.601,18.741,0.1710,-0.0402,-0.1049,-1.679,-0.137,1.104
63.084595,23.933,-15.598,18.763,0.1642,-0.0944,-0.0863,-1.731,0.149,0.258
63.101262,23.907,-15.583,18.741,0.1322,-0.0633,-0.1034,-2.022,0.498,-0.802
63.117929,23.876,-15.555,18.706,0.1082,-0.1099,-0.0613,-2.576,0.860,-1.921
63.134596,23.848,-15.521,18.677,0.0738,-0.1150,-0.0001,-2.379,1.067,-2.395
63.151263,23.821,-15.480,18.635,0.0418,-0.0721,0.0274,-2.520,1.177,-3.020
63.167930,23.763,-15.438,18.596,0.0482,-0.0274,0.0817,-4.325,1.335,-2.976
63.184597,23.697,-15.393,18.559,0.0707,-0.0983,0.1481,-4.827,1.518,-2.935
63.201264,23.596,-15.352,18.520,-0.0076,0.0446,0.2981,-6.843,1.356,-2.759
63.217931,23.485,-15.315,18.485,-0.0097,0.0639,0.2711,-7.493,0.970,-2.875
63.234598,23.379,-15.292,18.470,-0.0473,0.1325,0.2787,-7.029,0.234,-2.304
63.251265,23.250,-15.282,18.444,0.0255,0.2071,0.3367,-8.391,-0.087,-1.452
63.267932,23.055,-15.283,18.449,0.2423,0.3261,0.5989,-11.957,-0.319,-0.176
63.284599,22.675,-15.299,18.461,0.1698,0.4389,0.4895,-22.967,-1.008,0.548
63.301266,22.162,-15.323,18.461,0.0861,0.2156,0.1725,-31.044,-1.542,0.474
63.317933,21.596,-15.357,18.474,0.0525,0.0691,0.1206,-34.085,-1.833,1.277
63.334600,21.106,-15.401,18.416,0.0905,-0.1522,-0.0703,-29.812,-2.204,1.431
63.351267,20.721,-15.434,18.519,0.0315,-0.2415,-0.1388,-22.814,-2.299,0.846
63.367934,20.459,-15.462,18.547,-0.0923,-0.2582,-0.2189,-15.947,-2.030,0.197
63.384601,20.324,-15.478,18.541,-0.1634,-0.3760,-0.2884,-8.670,-1.656,-1.093
63.401268,20.319,-15.480,18.493,-0.1844,-0.3137,-0.2701,-1.340,-1.222,-2.576
63.417935,20.396,-15.474,18.397,-0.1429,-0.2003,-0.1857,3.202,-1.045,-3.643
63.434602,20.458,-15.452,18.314,-0.1072,-0.0662,-0.1665,2.191,-0.501,-4.784
63.451269,20.512,-15.410,18.231,0.0655,-0.0470,-0.0922,1.634,0.515,-5.338
63.467936,20.548,-15.358,18.164,0.1209,0.1313,0.0484,0.773,1.245,-5.105
63.484603,20.590,-15.301,18.102,0.2256,0.2083,0.0683,1.287,1.780,-4.574
63.501270,20.640,-15.245,18.058,0.2484,0.2691,0.1531,2.107,2.201,-3.280
63.517937,20.684,-15.194,18.046,0.2693,0.2331,0.2086,2.241,2.438,-1.694
63.534604,20.745,-15.155,18.053,0.2484,0.1824,0.2160,3.538,2.212,-0.396
63.551271,20.851,-15.135,18.067,0.2094,0.1364,0.1940,6.406,1.534,0.983
63.567938,20.991,-15.131,18.099,0.1132,0.0865,0.1971,8.751,0.891,1.957
63.584605,21.113,-15.136,18.131,0.0557,0.0504,0.1847,7.610,0.398,2.245
63.601272,21.202,-15.144,18.161,0.0399,0.0065,0.1989,5.648,0.149,2.026
63.617939,21.262,-15.152,18.188,0.0398,-0.0067,0.1441,3.704,-0.156,1.384
63.634606,21.306,-15.157,18.214,0.0855,-0.0630,0.0689,2.635,-0.249,0.679
63.651273,21.362,-15.160,18.224,0.1095,-0.0793,0.0343,3.244,-0.192,0.468
63.667940,21.440,-15.163,18.228,0.1178,-0.0766,0.0180,4.481,-0.184,0.412
63.684607,21.529,-15.166,18.237,0.0648,-0.0559,0.0551,5.192,-0.186,0.422
63.701274,21.604,-15.166,18.241,-0.0134,-0.0586,0.0485,4.327,-0.058,0.163
63.717941,21.657,-15.162,18.235,-0.0271,-0.0729,0.0842,2.842,-0.097,-0.442
63.734608,21.685,-15.155,18.212,-0.0387,-0.0513,0.0573,1.085,-0.204,-1.203
63.751275,21.712,-15.149,18.180,-0.0011,-0.0245,0.0390,0.919,-0.461,-1.748
63.767942,21.744,-15.144,18.154,0.0170,0.0150,0.0258,1.171,-0.583,-1.886
63.784609,21.772,-15.135,18.129,0.0412,0.0579,0.0452,0.995,-0.288,-1.763
63.801276,21.780,-15.124,18.103,0.0556,0.1084,0.0838,-0.100,0.025,-1.417
63.817943,21.787,-15.111,18.077,0.0932,0.1332,0.1045,-0.174,0.243,-1.185
63.834610,21.789,-15.096,18.079,0.0760,0.1231,0.1043,-0.193,0.438,-0.775
63.851277,21.791,-15.084,18.079,0.0435,0.1291,0.1363,-0.164,0.526,-0.282
63.867944,21.787,-15.076,18.087,0.0455,0.0905,0.1667,-0.322,0.470,0.294
63.884611,21.775,-15.071,18.104,0.0437,0.0420,0.1708,-0.796,0.367,0.551
63.901278,21.757,-15.073,18.110,-0.0217,0.0338,0.1785,-1.142,0.049,0.768
63.917945,21.738,-15.077,18.121,0.0104,-0.0090,0.0969,-1.193,-0.146,0.782
63.934612,21.720,-15.085,18.114,0.0354,0.0180,0.0554,-1.230,-0.272,0.820
63.951279,21.698,-15.092,18.121,0.0578,0.0560,0.0262,-1.401,-0.205,0.884
63.967946,21.632,-15.093,18.133,0.0225,0.0633,0.1077,-4.034,0.012,0.579
63.984613,21.473,-15.084,18.140,-0.0185,0.0845,0.1194,-9.691,0.494,0.147
64.001280,21.158,-15.061,18.132,-0.1304,0.1433,0.1462,-19.287,0.922,-0.974
64.017947,20.695,-15.018,18.073,-0.0878,0.0938,0.0529,-28.664,1.695,-2.615
64.034614,20.151,-14.958,18.051,-0.0918,0.0271,0.0505,-33.475,2.234,-3.622
64.051281,19.562,-14.889,18.015,-0.1148,0.0339,0.0775,-36.319,2.590,-4.407
64.067948,18.936,-14.815,17.937,-0.0977,0.0530,0.0188,-38.977,2.686,-5.425
64.084615,18.359,-14.733,17.862,0.0159,0.0618,-0.0550,-36.041,3.052,-5.767
64.101282,17.895,-14.651,17.784,0.1437,0.0878,-0.1196,-29.131,3.327,-5.187
64.117949,17.565,-14.571,17.746,0.2316,0.0238,-0.1659,-20.699,3.693,-3.805
64.134616,17.366,-14.487,17.734,0.3296,0.0160,-0.1988,-12.400,4.443,-2.154
64.151283,17.287,-14.404,17.751,0.3887,0.0642,-0.0686,-4.691,4.928,-0.463
64.167950,17.306,-14.323,17.783,0.4642,0.0469,0.0137,1.376,5.014,0.404
64.184617,17.378,-14.247,17.830,0.5055,0.0814,0.0495,4.731,5.078,1.302
64.201284,17.473,-14.177,17.884,0.4709,0.0232,0.1115,6.256,4.786,1.770
64.217951,17.578,-14.114,17.935,0.3691,-0.0715,0.1682,6.824,4.387,1.735
64.234618,17.644,-14.054,17.972,0.1727,-0.1027,0.2586,4.222,3.913,1.019
64.251285,17.670,-13.998,17.983,0.0713,-0.1819,0.2055,1.481,3.278,-0.390
64.267952,17.693,-13.951,17.982,0.0378,-0.1908,0.1889,1.134,2.521,-0.877
64.284619,17.723,-13.911,17.971,0.0158,-0.2114,0.1294,1.431,1.978,-1.269
64.301286,17.776,-13.874,17.954,-0.0337,-0.2167,0.1450,2.654,1.631,-1.596
64.317953,17.850,-13.843,17.928,-0.1169,-0.1521,0.1277,3.842,1.191,-1.990
64.334620,17.924,-13.809,17.894,-0.1760,-0.0804,0.1056,3.717,1.129,-2.578
64.351287,17.952,-13.770,17.848,-0.2804,0.0485,0.1174,0.776,1.264,-3.283
64.367954,17.899,-13.711,17.787,-0.3523,0.0509,0.1173,-4.312,2.124,-4.430
64.384621,17.799,-13.638,17.728,-0.3618,0.0125,0.1255,-7.106,2.957,-4.600
64.401288,17.663,-13.549,17.672,-0.3232,0.0464,0.0565,-9.135,3.954,-4.659
64.417955,17.531,-13.452,17.619,-0.2298,0.1353,0.0423,-8.912,4.512,-4.621
64.434622,17.407,-13.351,17.564,-0.1342,0.1869,0.0505,-8.444,4.635,-4.857
64.451289,17.289,-13.252,17.510,-0.0415,0.2288,0.0903,-8.092,4.574,-4.754
64.467956,17.214,-13.161,17.471,0.0870,0.2232,0.0905,-5.277,4.402,-3.687
64.484623,17.188,-13.080,17.453,0.1759,0.2349,0.0638,-2.022,4.187,-2.394
64.501290,17.194,-13.011,17.463,0.2939,0.2129,0.0833,0.249,3.991,-0.636
64.517957,17.201,-12.952,17.493,0.3662,0.2493,0.1459,0.540,3.761,0.672
64.534624,17.182,-12.902,17.530,0.4502,0.2018,0.2285,-0.869,3.371,1.243
64.551291,17.139,-12.861,17.576,0.4984,0.1167,0.2060,-2.218,2.989,1.888
64.567958,17.094,-12.830,17.628,0.4765,0.0212,0.1833,-2.268,2.562,2.436
64.584625,17.068,-12.808,17.680,0.4536,-0.0841,0.2082,-1.112,1.976,2.539
64.601292,17.060,-12.801,17.728,0.3400,-0.1330,0.2883,-0.058,1.103,2.631
64.617959,17.050,-12.812,17.769,0.1999,-0.1874,0.3497,-0.339,-0.026,2.501
64.634626,17.013,-12.837,17.798,0.1444,-0.1946,0.2964,-2.038,-1.083,2.190
64.651293,16.965,-12.883,17.816,0.0539,-0.1525,0.2875,-2.862,-2.474,1.888
64.667960,16.929,-12.946,17.821,-0.0156,-0.1728,0.2765,-2.376,-3.669,1.361
64.684627,16.905,-13.019,17.815,-0.0996,-0.1357,0.1857,-1.761,-4.411,1.003
64.701294,16.925,-13.097,17.806,-0.1526,-0.1122,0.1357,0.851,-4.751,0.877
64.717961,16.998,-13.177,17.796,-0.2343,-0.0531,0.0852,3.997,-4.928,0.872
64.734628,17.054,-13.256,17.779,-0.4112,0.0992,0.1193,2.881,-4.925,0.491
64.751295,17.073,-13.325,17.752,-0.4235,0.0962,-0.0055,0.581,-4.579,-0.275
64.767962,17.091,-13.388,17.725,-0.4244,0.1186,-0.0646,0.418,-4.231,-0.396
64.784629,17.125,-13.443,17.708,-0.3806,0.1105,-0.1773,1.584,-3.626,0.051
64.801296,17.193,-13.489,17.710,-0.3496,0.1194,-0.0827,3.865,-2.740,0.969
64.817963,17.268,-13.524,17.723,-0.2889,0.2044,0.0232,4.418,-1.916,1.391
64.834630,17.291,-13.549,17.732,-0.2027,0.2897,0.0544,1.278,-1.464,1.061
64.851297,17.257,-13.569,17.739,-0.0546,0.2331,0.0723,-2.184,-1.076,0.958
64.867964,17.199,-13.587,17.759,0.0902,0.1410,0.1028,-3.457,-0.883,1.442
64.884631,17.146,-13.607,17.788,0.2169,0.0903,0.1129,-2.995,-0.801,1.978
64.901298,17.120,-13.633,17.824,0.2745,0.0728,0.1775,-1.310,-0.984,2.523
64.917965,17.084,-13.660,17.861,0.3338,0.0714,0.1546,-1.926,-1.118,2.505
64.934632,17.045,-13.688,17.898,0.3918,-0.0178,0.1628,-2.044,-1.185,2.509
64.951299,17.013,-13.718,17.949,0.3859,-0.0343,0.1528,-1.558,-1.186,2.791
64.967966,16.982,-13.750,17.990,0.3421,-0.0937,0.1421,-1.547,-1.328,2.811
64.984633,16.951,-13.782,18.029,0.3633,-0.1680,0.0729,-1.551,-1.353,2.717
65.001300,16.928,-13.820,18.052,0.3098,-0.1008,0.1193,-1.189,-1.663,2.721
65.017967,16.887,-13.860,18.069,0.2413,-0.1108,0.1393,-2.356,-1.989,2.092
65.034634,16.851,-13.899,18.088,0.1961,-0.1505,0.0850,-2.138,-2.068,1.754
65.051301,16.839,-13.939,18.109,0.1207,-0.1380,0.0572,-0.706,-2.134,1.802
65.067968,16.839,-13.980,18.116,0.0350,-0.0803,0.0625,-0.048,-2.241,1.514
65.084635,16.837,-14.019,18.116,-0.0057,-0.0178,0.0904,-0.320,-2.357,0.770
65.101302,16.820,-14.053,18.099,-0.0035,-0.0217,0.0572,-1.469,-2.272,-0.127
65.117969,16.815,-14.081,18.081,0.0050,-0.0078,0.0427,-0.850,-2.132,-0.530
65.134636,16.808,-14.109,18.065,-0.0323,0.0765,0.0407,-0.893,-1.962,-0.358
65.151303,16.797,-14.133,18.051,-0.0599,0.0938,0.0619,-1.044,-1.757,-0.208
65.167970,16.785,-14.152,18.041,-0.0380,0.0856,0.0319,-1.126,-1.349,-0.143
65.184637,16.784,-14.166,18.050,-0.0381,0.0517,0.0621,-0.258,-0.982,0.323
65.201304,16.772,-14.174,18.083,-0.1180,0.0018,0.0434,-0.718,-0.594,0.598
65.217971,16.744,-14.169,18.079,-0.1704,-0.0770,-0.0150,-1.919,0.213,0.108
65.234638,16.709,-14.148,18.067,-0.1772,-0.0690,-0.0130,-2.479,0.920,-0.832
65.251305,16.690,-14.115,18.043,-0.0726,0.0140,-0.0372,-1.841,1.208,-2.361
65.267972,16.666,-14.069,17.989,0.0098,0.0731,-0.0080,-2.381,1.654,-3.480
65.284639,16.621,-14.013,17.926,0.1112,0.1110,-0.0016,-3.779,2.188,-4.027
65.301306,16.566,-13.958,17.871,0.1407,0.2512,0.0454,-4.325,2.099,-3.917
65.317973,16.524,-13.912,17.820,0.1599,0.2483,0.0249,-3.510,1.655,-3.635
65.334640,16.493,-13.871,17.801,0.1907,0.1639,0.0303,-2.478,1.736,-2.046
65.351307,16.457,-13.840,17.791,0.1819,0.1519,0.0411,-2.435,1.701,-0.464
65.367974,16.426,-13.815,17.802,0.2087,0.1397,0.0705,-1.924,1.550,0.341
65.384641,16.405,-13.800,17.820,0.1416,0.0963,0.1052,-1.236,1.018,0.806
65.401308,16.393,-13.790,17.833,0.0734,-0.0303,0.1202,-0.722,0.779,1.005
65.417975,16.365,-13.784,17.855,-0.0105,-0.0353,0.1881,-1.603,0.586,1.272
65.434642,16.333,-13.784,17.876,-0.0245,-0.0189,0.1862,-1.828,0.228,1.246
65.451309,16.315,-13.791,17.886,0.0048,0.0094,0.2113,-1.110,-0.278,1.103
65.467976,16.314,-13.805,17.904,0.0554,0.0430,0.2338,-0.045,-0.654,1.247
65.484643,16.317,-13.827,17.925,0.0390,0.1108,0.2960,0.266,-1.036,1.732
65.501310,16.308,-13.855,17.950,0.0520,0.1259,0.2827,-0.415,-1.217,2.229
65.517977,16.294,-13.890,17.987,0.0590,0.0570,0.2558,-0.471,-1.488,2.924
65.534644,16.283,-13.928,18.054,0.0607,0.0348,0.2229,-0.084,-1.533,3.596
65.551311,16.277,-13.974,18.101,0.0664,0.0007,0.1997,0.141,-1.807,3.959
65.567978,16.264,-14.023,18.166,0.1118,-0.0367,0.2362,-0.102,-2.008,4.241
65.584645,16.254,-14.081,18.221,0.1135,-0.0513,0.2470,0.012,-2.455,4.438
65.601312,16.232,-14.150,18.286,0.0761,-0.0817,0.1725,-0.695,-3.181,4.456
65.617979,16.219,-14.227,18.323,0.0631,-0.1306,0.0791,-0.324,-3.661,4.259
65.634646,16.207,-14.304,18.346,0.0483,-0.1494,0.0001,-0.427,-3.868,3.708
65.651313,16.203,-14.379,18.340,0.0606,-0.1591,-0.0105,-0.146,-3.773,3.074
65.667980,16.199,-14.441,18.350,0.0446,-0.1023,-0.0173,-0.240,-3.456,2.027
65.684647,16.183,-14.489,18.358,0.0320,-0.0840,-0.0341,-1.161,-2.916,0.872
65.701314,16.170,-14.523,18.362,0.0572,-0.1171,-0.0478,-1.098,-2.239,0.279
65.717981,16.168,-14.551,18.363,0.0369,-0.0388,0.0525,-0.422,-1.822,0.203
65.734648,16.177,-14.573,18.367,0.0553,-0.0006,0.0205,0.267,-1.591,-0.087
65.751315,16.195,-14.589,18.375,0.0831,0.0355,0.0233,0.737,-1.311,-0.158
65.767982,16.220,-14.605,18.394,0.0524,0.0375,0.0968,1.341,-1.130,0.201
65.784649,16.246,-14.616,18.394,0.0383,0.0407,0.0951,1.319,-0.876,0.034
65.801316,16.262,-14.625,18.389,0.0226,0.0956,0.1051,0.661,-0.728,-0.032
65.817983,16.275,-14.636,18.360,0.1014,0.0685,0.0816,0.371,-0.666,0.168
65.834650,16.296,-14.647,18.374,0.1379,0.0592,0.0811,1.113,-0.722,0.436
65.851317,16.325,-14.659,18.402,0.1220,0.0690,0.1013,1.761,-0.738,0.768
65.867984,16.340,-14.664,18.435,0.0903,0.0716,0.1086,0.871,-0.377,0.685
65.884651,16.338,-14.669,18.443,0.0965,0.0895,0.1361,-0.202,-0.218,0.760
65.901318,16.341,-14.674,18.458,0.1103,0.0847,0.1022,0.193,-0.196,0.828
65.917985,16.358,-14.681,18.475,0.1021,0.1036,0.0990,1.006,-0.357,0.999
65.934652,16.375,-14.693,18.497,0.0539,0.1104,0.0808,1.026,-0.531,1.194
65.951319,16.383,-14.707,18.492,0.0082,0.0670,0.0362,0.434,-0.585,1.245
65.967986,16.397,-14.722,18.487,0.0115,0.0320,-0.0075,0.744,-0.594,1.277
65.984653,16.408,-14.730,18.520,-0.0150,0.0385,-0.0135,0.847,-0.296,1.474
66.001320,16.426,-14.735,18.508,0.0181,0.0245,0.0247,1.007,0.062,1.390
66.017987,16.426,-14.733,18.542,0.0242,0.0187,0.0446,0.198,0.355,1.381
66.034654,16.431,-14.724,18.571,0.0670,-0.0350,0.0198,0.492,0.836,1.316
66.051321,16.453,-14.708,18.617,0.0522,-0.0195,0.0352,1.602,1.172,1.403
66.067988,16.481,-14.691,18.651,0.0369,-0.0291,0.0767,1.800,1.256,1.133
66.084655,16.505,-14.674,18.658,-0.0007,-0.0519,0.1346,1.444,1.165,0.714
66.101322,16.518,-14.661,18.655,-0.0002,-0.0292,0.1483,0.652,0.777,0.299
66.117989,16.516,-14.652,18.647,0.0206,-0.0486,0.1095,-0.385,0.437,-0.039
66.134656,16.523,-14.648,18.641,0.0738,-0.0667,0.0874,0.141,0.118,-0.126
66.151323,16.540,-14.642,18.621,0.0781,-0.0439,0.0785,0.602,0.113,-0.366
66.167990,16.577,-14.633,18.612,0.0915,-0.0342,0.0530,1.884,0.292,-0.495
66.184657,16.610,-14.617,18.617,0.0428,0.0487,0.1086,1.677,0.592,-0.700
66.201324,16.629,-14.600,18.610,0.0469,0.0509,0.1457,0.807,0.699,-0.744
66.217991,16.638,-14.584,18.597,0.0896,0.0484,0.1492,0.191,0.787,-0.260
66.234658,16.649,-14.575,18.561,0.1135,0.0711,0.1232,0.368,0.581,0.113
66.251325,16.664,-14.572,18.549,0.0932,0.0409,0.1120,0.652,0.181,0.198
66.267992,16.686,-14.572,18.549,0.0801,-0.0309,0.1215,1.128,-0.117,0.154
66.284659,16.711,-14.572,18.562,0.0715,-0.0646,0.1004,1.303,-0.132,0.252
66.301326,16.730,-14.573,18.557,0.0518,-0.0591,0.1040,0.917,-0.146,0.107
66.317993,16.743,-14.574,18.551,0.0393,-0.0587,0.1115,0.517,-0.201,-0.116
66.334660,16.750,-14.573,18.560,0.0533,-0.0623,0.1002,0.067,-0.310,-0.499
66.351327,16.761,-14.572,18.548,0.0185,-0.0590,0.1082,0.220,-0.378,-0.767
66.367994,16.786,-14.575,18.531,-0.0080,-0.0506,0.0921,1.051,-0.532,-0.732
66.384661,16.801,-14.577,18.521,-0.0453,-0.0080,0.1273,0.483,-0.526,-0.652
66.401328,16.802,-14.578,18.529,-0.0630,0.0316,0.1297,-0.319,-0.479,-0.778
66.417995,16.811,-14.580,18.524,-0.0077,0.0667,0.1080,0.167,-0.485,-0.665
66.434662,16.836,-14.585,18.510,0.0317,0.1128,0.1330,1.066,-0.617,-0.477
66.451329,16.852,-14.597,18.507,0.0011,0.1649,0.1483,0.678,-0.915,0.027
66.467996,16.845,-14.612,18.509,-0.0052,0.1338,0.1171,-0.566,-0.879,0.554
66.484663,16.840,-14.630,18.531,0.0291,0.1053,0.0710,-0.301,-0.983,1.227
66.501330,16.852,-14.654,18.554,0.0347,0.0977,0.0933,0.822,-1.176,1.591
66.517997,16.857,-14.679,18.581,0.0787,0.0620,0.1031,0.420,-1.141,1.888
66.534664,16.841,-14.700,18.587,0.0989,0.0250,0.0276,-0.888,-0.863,1.733
66.551331,16.832,-14.715,18.610,0.1306,-0.0374,-0.0084,-0.422,-0.615,1.656
66.567998,16.837,-14.726,18.644,0.0808,-0.0559,-0.0090,0.452,-0.487,1.393
66.584665,16.847,-14.731,18.660,0.0376,-0.0931,0.0253,0.570,-0.206,0.776
66.601332,16.845,-14.727,18.650,-0.0206,-0.0510,0.0453,-0.353,0.191,0.161
66.617999,16.835,-14.718,18.647,0.0033,0.0144,0.0679,-0.896,0.346,-0.304
66.634666,16.834,-14.710,18.644,0.0387,0.0142,0.0607,-0.397,0.189,-0.414
66.651333,16.843,-14.705,18.658,0.0748,0.0382,0.1263,0.329,0.048,-0.147
66.668000,16.840,-14.707,18.652,0.0439,0.0845,0.1733,-0.377,-0.067,0.354
66.684667,16.826,-14.709,18.637,0.0295,0.0402,0.1485,-1.018,-0.063,0.493
66.701334,16.813,-14.710,18.635,0.0646,0.0027,0.0722,-0.894,-0.011,0.580
66.718001,16.809,-14.713,18.627,0.0455,0.0457,0.1081,-0.351,-0.008,0.870
66.734668,16.798,-14.713,18.636,0.0641,0.0200,0.0920,-0.773,0.032,0.580
66.751335,16.783,-14.710,18.651,0.1009,-0.0168,0.0559,-0.984,0.214,0.512
66.768002,16.773,-14.700,18.676,0.0909,-0.0541,0.0607,-0.594,0.545,0.459
66.784669,16.772,-14.688,18.683,0.1056,-0.0793,0.0848,-0.167,0.745,0.358
66.801336,16.764,-14.672,18.699,0.1057,-0.0660,0.1116,-0.602,0.777,-0.020
66.818003,16.759,-14.660,18.715,0.0872,-0.0456,0.1539,-0.515,0.460,-0.279
66.834670,16.760,-14.654,18.682,0.0671,-0.0684,0.1244,-0.410,0.138,-0.560
66.851337,16.763,-14.655,18.678,0.0350,-0.0549,0.1154,-0.133,-0.371,-0.431
66.868004,16.765,-14.660,18.683,0.0107,-0.0279,0.1096,-0.181,-0.604,-0.266
66.884671,16.764,-14.666,18.670,0.0098,0.0056,0.0794,-0.445,-0.660,-0.428
66.901338,16.777,-14.675,18.664,0.0255,0.0115,0.0772,0.436,-0.791,-0.258
66.918005,16.787,-14.680,18.664,0.0427,0.0265,0.0667,0.294,-0.545,-0.240
66.934672,16.790,-14.681,18.660,0.0107,0.0055,0.0675,-0.184,-0.278,-0.257
66.951339,16.786,-14.676,18.639,-0.0214,0.0199,0.0497,-0.576,0.076,-0.411
66.968006,16.801,-14.668,18.604,-0.0071,0.0194,0.0795,0.453,0.304,-0.374
66.984673,16.816,-14.659,18.592,-0.0137,0.0672,0.1487,0.608,0.375,-0.328
67.001340,16.819,-14.648,18.585,-0.0058,0.1349,0.1806,-0.166,0.432,-0.460
67.018007,16.821,-14.641,18.594,0.0356,0.1064,0.1641,-0.076,0.201,-0.085
67.034674,16.821,-14.643,18.596,0.0087,0.0770,0.1533,-0.124,-0.083,0.550
67.051341,16.824,-14.652,18.609,0.0396,0.0225,0.1043,0.163,-0.386,1.158
67.068008,16.814,-14.665,18.651,0.0364,0.0047,0.0987,-0.423,-0.519,1.502
67.084675,16.797,-14.679,18.686,0.0367,-0.0746,0.1510,-0.801,-0.583,1.658
67.101342,16.793,-14.695,18.725,0.0515,-0.1271,0.1877,-0.054,-0.655,1.842
67.118009,16.794,-14.719,18.751,0.0179,-0.1042,0.1984,0.265,-0.998,2.026
67.134676,16.783,-14.752,18.777,0.0096,-0.0480,0.2028,-0.500,-1.679,1.883
67.151343,16.751,-14.792,18.790,0.0279,0.0028,0.1745,-2.025,-2.372,1.134
67.168010,16.704,-14.838,18.779,0.0749,0.0089,0.0996,-3.226,-2.901,0.338
67.184677,16.667,-14.885,18.768,0.0505,0.0935,0.0165,-2.671,-3.189,-0.139
67.201344,16.642,-14.925,18.744,0.0729,0.0714,-0.0685,-2.068,-2.782,-0.519
67.218011,16.627,-14.950,18.742,0.0514,0.0696,-0.0983,-1.299,-1.734,-0.100
67.234678,16.615,-14.959,18.743,0.0423,0.1097,-0.1051,-0.937,-0.654,0.302
67.251345,16.587,-14.955,18.754,0.0145,0.1048,-0.0146,-1.743,0.287,0.591
67.268012,16.547,-14.945,18.799,0.0405,0.0474,0.0409,-2.164,0.798,1.193
67.284679,16.519,-14.933,18.831,0.0415,-0.0080,0.0479,-1.449,1.088,1.671
67.301346,16.514,-14.924,18.875,0.0475,-0.0730,0.0714,0.083,1.000,2.018
67.318013,16.515,-14.920,18.909,0.0041,-0.0705,0.1381,0.335,0.655,1.795
67.334680,16.517,-14.920,18.932,0.0398,-0.1023,0.1762,0.193,0.160,1.054
67.351347,16.512,-14.925,18.955,0.0378,-0.0534,0.1979,-0.365,-0.390,0.480
67.368014,16.518,-14.939,18.936,0.1013,-0.0299,0.1731,0.023,-0.953,0.041
67.384681,16.522,-14.962,18.935,0.1041,-0.0161,0.2069,-0.086,-1.550,0.156
67.401348,16.509,-14.986,18.947,0.1101,-0.0021,0.1503,-1.024,-1.633,0.273
67.418015,16.498,-15.013,18.950,0.1045,0.0357,0.0936,-0.917,-1.713,0.283
67.434682,16.491,-15.037,18.979,0.0701,0.0164,0.0531,-0.634,-1.723,0.137
67.451349,16.484,-15.058,18.980,0.0529,-0.0152,0.0232,-0.680,-1.389,0.201
67.468016,16.477,-15.070,18.975,0.0348,0.0099,0.0250,-0.727,-0.893,0.035
67.484683,16.468,-15.073,18.973,0.0172,0.0149,0.0200,-0.786,-0.392,-0.085
67.501350,16.474,-15.072,18.941,0.0040,-0.0050,0.0381,-0.028,-0.054,-0.176
67.518017,16.479,-15.066,18.949,-0.0204,0.0477,0.0625,0.075,0.217,-0.046
67.534684,16.472,-15.061,18.957,-0.0190,0.0521,0.0979,-0.593,0.152,0.123
67.551351,16.479,-15.061,18.965,0.0584,0.0253,0.0885,0.274,-0.036,0.381
67.568018,16.486,-15.069,18.988,0.0285,0.0433,0.1274,0.412,-0.373,0.824
67.584685,16.495,-15.078,19.011,0.0792,-0.0226,0.1032,0.573,-0.449,0.971
67.601352,16.501,-15.086,19.020,0.0939,-0.0728,0.1250,0.344,-0.376,0.941
67.618019,16.510,-15.094,19.037,0.1026,-0.1053,0.1110,0.485,-0.451,0.735
67.634686,16.523,-15.101,19.037,0.0850,-0.1077,0.1213,0.496,-0.614,-0.037
67.651353,16.544,-15.109,19.019,0.0878,-0.1540,0.1203,0.727,-0.909,-0.829
67.668020,16.563,-15.117,19.004,0.0521,-0.1607,0.1217,0.556,-1.055,-1.370
67.684687,16.568,-15.126,18.979,0.0541,-0.1292,0.1218,-0.413,-1.199,-1.599
67.701354,16.553,-15.132,18.953,0.1224,-0.0979,0.1199,-1.589,-1.026,-1.566
67.718021,16.519,-15.137,18.922,0.1497,-0.0972,0.1609,-2.725,-0.808,-1.405
67.734688,16.497,-15.145,18.883,0.1720,-0.0771,0.1562,-2.087,-1.183,-1.725
67.751355,16.489,-15.165,18.823,0.0716,0.0888,0.1093,-1.580,-2.085,-2.557
67.768022,16.480,-15.192,18.761,-0.0239,0.0773,0.0882,-1.788,-2.821,-3.196
67.784689,16.466,-15.220,18.715,-0.1075,0.0452,0.0506,-1.967,-2.828,-2.900
67.801356,16.463,-15.245,18.662,-0.2034,0.1553,0.0009,-1.277,-2.446,-2.501
67.818023,16.449,-15.259,18.620,-0.1812,0.2317,-0.0722,-1.755,-1.674,-2.152
67.834690,16.432,-15.260,18.600,-0.0997,0.2515,-0.0355,-1.665,-0.668,-1.539
67.851357,16.421,-15.253,18.617,0.0182,0.2743,0.0281,-0.904,0.128,-0.368
67.868024,16.409,-15.246,18.624,0.0340,0.3045,0.0978,-0.673,0.633,0.993
67.884691,16.390,-15.240,18.679,0.0117,0.1781,0.1070,-0.600,0.927,2.530
67.901358,16.366,-15.242,18.741,-0.0713,0.0906,0.2188,-0.655,0.776,3.623
67.918025,16.343,-15.255,18.783,-0.0582,-0.0127,0.2556,-0.725,0.205,3.613
67.934692,16.326,-15.274,18.845,-0.0095,-0.1038,0.2288,-0.437,-0.465,3.096
67.951359,16.314,-15.302,18.852,0.0680,-0.1430,0.2111,-0.462,-0.996,2.844
67.968026,16.298,-15.334,18.889,0.1161,-0.1234,0.1708,-0.614,-1.334,2.583
67.984693,16.274,-15.368,18.929,0.1097,-0.1032,0.1779,-1.219,-1.799,1.890
68.001360,16.263,-15.407,18.950,0.1152,-0.1487,0.0895,-0.726,-2.225,1.260
68.018027,16.260,-15.445,18.961,0.1075,-0.1246,-0.0034,-0.360,-2.302,0.861
68.034694,16.257,-15.484,18.955,0.0959,-0.0981,0.0220,-0.352,-2.289,0.852
68.051361,16.234,-15.513,18.952,0.0796,-0.0712,0.0187,-1.712,-1.842,0.286
68.068028,16.212,-15.533,18.962,0.0740,-0.0600,0.0178,-1.552,-1.409,0.085
68.084695,16.208,-15.551,18.953,0.0236,-0.0144,0.0069,-0.590,-1.239,0.033
68.101362,16.213,-15.562,18.951,-0.0114,0.0516,0.0456,-0.053,-0.970,-0.348
68.118029,16.211,-15.570,18.943,-0.0244,0.0783,0.0839,-0.557,-0.796,-0.505
68.134696,16.205,-15.577,18.935,0.0063,0.0537,0.1384,-0.720,-0.696,-0.428
68.151363,16.198,-15.587,18.954,0.0377,0.0632,0.1035,-0.623,-0.832,0.070
68.168030,16.190,-15.608,18.950,0.0103,0.0853,0.0906,-0.641,-1.156,0.856
68.184697,16.174,-15.631,18.982,0.0667,0.0195,0.0638,-0.885,-1.282,1.216
68.201364,16.159,-15.653,19.013,0.0642,0.0016,0.0467,-0.818,-1.149,1.326
68.218031,16.152,-15.671,19.036,0.1188,-0.0355,0.0240,-0.437,-0.995,1.104
68.234698,16.142,-15.679,19.087,0.1139,-0.0485,0.0006,-0.537,-0.512,0.778
68.251365,16.138,-15.678,19.099,0.0660,-0.0798,0.0874,-0.360,0.009,0.401
68.268032,16.138,-15.670,19.124,0.0431,-0.0505,0.1069,-0.192,0.241,-0.200
68.284699,16.146,-15.664,19.116,0.0454,0.0299,0.1011,0.124,0.081,-0.530
68.301366,16.148,-15.661,19.112,0.0755,-0.0099,0.1803,-0.222,-0.126,-0.536
68.318033,16.135,-15.665,19.124,0.1499,-0.0176,0.2764,-1.079,-0.519,-0.305
68.334700,16.115,-15.679,19.107,0.2209,-0.0282,0.2797,-1.556,-0.950,0.065
68.351367,16.097,-15.706,19.096,0.2645,-0.1039,0.3475,-1.255,-1.539,0.693
68.368034,16.077,-15.747,19.116,0.3337,-0.1877,0.4315,-1.220,-2.383,1.365
68.384701,16.028,-15.808,19.146,0.1999,-0.2235,0.5309,-2.908,-3.463,1.720
68.401368,15.967,-15.893,19.138,0.1386,-0.3065,0.5069,-4.049,-5.119,1.064
68.418035,15.902,-16.007,19.073,-0.0092,-0.2942,0.3876,-4.749,-7.164,-0.027
68.434702,15.868,-16.142,19.040,-0.0649,-0.3370,0.2516,-3.204,-8.965,-1.028
68.451369,15.859,-16.293,18.970,-0.1926,-0.2756,0.2002,-2.006,-10.094,-1.859
68.468036,15.864,-16.447,18.882,-0.2897,-0.1322,0.0609,-1.603,-10.546,-2.911
68.484703,15.882,-16.593,18.756,-0.3739,0.0184,-0.0252,-1.095,-10.297,-3.773
68.501370,15.912,-16.725,18.695,-0.3937,0.0936,-0.0293,-0.087,-9.507,-3.681
68.518037,15.946,-16.843,18.632,-0.3748,0.2155,0.0947,0.282,-8.500,-3.203
68.534704,15.981,-16.959,18.517,-0.1960,0.3454,0.1505,0.295,-8.070,-2.696
68.551371,16.036,-17.087,18.478,-0.0653,0.3866,0.2927,1.999,-8.703,-1.582
68.568038,16.111,-17.240,18.425,0.0508,0.2537,0.4061,3.578,-9.510,0.525
68.584705,16.194,-17.426,18.440,-0.0134,0.1883,0.5905,4.894,-10.788,3.591
68.601372,16.257,-17.651,18.482,-0.0971,0.0981,0.6983,4.304,-12.505,5.934
68.618039,16.320,-17.918,18.538,-0.0630,-0.0166,0.7279,4.446,-14.736,7.252
68.634706,16.412,-18.244,18.578,-0.1003,-0.0539,0.6467,6.054,-18.315,7.651
68.651373,16.542,-18.625,18.602,-0.0970,-0.1944,0.5412,7.940,-21.816,7.579
68.668040,16.689,-19.043,18.617,-0.0534,-0.4013,0.5662,8.904,-23.957,8.031
68.684707,16.855,-19.482,18.631,-0.0512,-0.4763,0.4995,9.994,-25.163,8.260
68.701374,17.042,-19.932,18.615,-0.1175,-0.4132,0.5184,10.646,-26.306,6.969
68.718041,17.250,-20.390,18.559,-0.1672,-0.4532,0.4212,11.079,-27.378,4.982
68.734708,17.492,-20.858,18.474,-0.3432,-0.5530,0.3573,12.502,-28.438,3.804
68.751375,17.762,-21.344,18.377,-0.5128,-0.6346,0.2313,13.883,-29.661,3.617
68.768042,18.046,-21.849,18.266,-0.5325,-0.5321,0.1392,14.321,-30.943,3.348
68.784709,18.317,-22.371,18.132,-0.4454,-0.3692,0.2029,13.014,-32.267,2.657
68.801376,18.591,-22.900,17.969,-0.2368,-0.3564,0.2196,12.502,-33.172,1.457
68.818043,18.883,-23.438,17.789,-0.1670,-0.2942,0.2369,12.988,-34.004,0.869
68.834710,19.191,-23.987,17.597,-0.1960,-0.2029,0.1566,13.637,-34.793,0.713
68.851377,19.510,-24.550,17.387,-0.1442,-0.1564,0.0540,13.771,-35.945,0.327
68.868044,19.831,-25.127,17.164,-0.0139,-0.0384,0.1220,13.420,-36.910,0.176
68.884711,20.162,-25.720,16.939,0.2770,-0.0240,0.2950,13.821,-37.796,0.611
68.901378,20.492,-26.334,16.734,0.3684,-0.0091,0.4008,14.173,-38.625,2.354
68.918045,20.790,-26.962,16.569,0.3448,0.0600,0.5253,13.242,-38.617,4.979
68.934712,21.082,-27.610,16.441,0.4873,0.0138,0.6532,13.810,-38.986,7.452
68.951379,21.382,-28.276,16.360,0.5655,-0.0635,0.6188,15.510,-39.007,10.410
68.968046,21.694,-28.955,16.329,0.4062,-0.1334,0.4422,17.570,-38.702,13.373
68.984713,22.012,-29.613,16.328,0.1780,-0.4265,-0.0194,18.854,-36.911,14.554
69.001380,22.362,-30.214,16.353,-0.0583,-0.6648,-0.6020,21.501,-33.091,14.783
69.018047,22.726,-30.724,16.376,-0.4165,-0.8465,-1.2184,22.362,-28.064,12.746
69.034714,23.106,-31.112,16.361,-0.3720,-1.0268,-1.8736,22.071,-21.958,8.258
69.051381,23.465,-31.349,16.337,-0.1531,-0.8621,-2.2122,20.606,-13.760,4.417
69.068048,23.799,-31.432,16.327,0.2749,-0.7622,-2.3393,19.507,-5.009,1.423
69.084715,24.057,-31.379,16.328,0.6171,-0.5840,-2.1631,15.344,2.673,-1.279
69.101382,24.271,-31.210,16.340,1.3184,-0.3927,-2.1145,13.017,9.267,-3.714
69.118049,24.468,-30.946,16.350,1.5783,-0.1637,-1.9042,11.954,14.400,-6.164
69.134716,24.694,-30.584,16.338,1.8859,0.0207,-1.8902,12.967,19.251,-9.686
69.151383,25.001,-30.088,16.317,2.2770,0.3527,-2.0308,17.625,26.293,-13.591
69.168050,25.269,-29.426,16.306,1.8557,0.7252,-1.5219,15.588,35.539,-17.466
69.184717,25.456,-28.635,16.309,1.2775,0.7716,-0.6058,11.131,42.749,-20.301
69.201384,25.536,-27.762,16.260,0.9695,0.9911,0.1545,3.187,45.964,-24.988
69.218051,25.532,-26.920,16.112,0.5703,1.0853,1.0487,-4.511,42.012,-28.982
69.234718,25.834,-26.059,15.986,1.7923,0.2943,0.7035,14.572,43.480,-28.558
69.251385,26.281,-25.255,15.816,1.1766,0.4569,2.4303,22.223,39.096,-29.567
69.268052,26.157,-24.622,15.816,-1.0057,1.3940,3.3562,-7.629,33.950,-16.879
69.284719,26.071,-24.074,15.712,1.1410,0.7463,1.9479,-7.880,26.909,-19.626
69.301386,26.021,-23.577,15.508,2.4960,0.9783,1.4495,-8.177,21.729,-23.225
69.318053,25.984,-23.076,15.229,2.8260,1.0920,1.5465,-9.068,20.123,-27.077
69.334720,26.059,-22.576,14.852,1.9536,1.9205,2.7719,-4.447,17.688,-31.967
69.351387,25.858,-22.102,14.356,0.9719,1.9824,3.8244,-23.580,13.478,-37.291
69.368054,25.571,-21.626,13.771,1.6846,1.2598,2.6974,-30.555,11.529,-41.814
69.384721,25.590,-21.153,13.177,1.8319,1.1821,1.7180,-12.073,11.157,-42.226
69.401388,25.815,-20.643,12.707,1.2758,0.9245,2.2927,3.192,16.123,-37.051
69.418055,26.202,-20.133,12.371,0.5295,0.2911,2.9968,15.958,19.165,-30.471
69.434722,26.360,-19.627,12.048,-0.1424,-0.3652,3.1379,2.667,19.140,-29.826
69.451389,26.071,-19.086,11.640,-0.1748,-1.2081,1.9071,-25.671,18.909,-35.096
69.468056,25.462,-18.459,11.112,-0.5360,-1.9524,0.5012,-47.021,20.752,-43.432
69.484723,24.482,-17.711,10.411,-1.4965,-2.2066,-0.6487,-72.063,23.753,-55.266
69.501390,23.392,-16.767,9.518,-0.9392,-2.3004,-1.9322,-81.459,30.982,-69.799
69.518057,22.376,-15.667,8.412,-1.3364,-2.2029,-1.7679,-79.745,35.907,-84.453
69.534724,21.462,-14.396,7.209,-1.0244,-2.8223,-1.5614,-73.752,44.677,-93.206
69.551391,20.700,-12.973,5.887,-0.4513,-3.0368,-0.7703,-64.646,51.843,-102.698
69.568058,19.717,-11.389,4.405,-0.2667,-2.8103,0.4266,-77.910,58.987,-114.497
69.584725,18.454,-9.722,2.692,-0.2473,-2.9632,1.0662,-94.732,61.375,-128.278
69.601392,17.035,-8.046,0.870,-0.5708,-3.1511,1.5980,-102.160,62.715,-133.631
69.618059,15.537,-6.378,-0.977,-0.7904,-2.6999,2.4377,-103.851,65.141,-133.720
69.634726,13.960,-4.716,-2.727,-1.0239,-1.9193,2.8064,-104.905,69.689,-126.567
69.651393,12.343,-3.102,-4.335,-1.0911,-0.8143,3.0339,-103.624,72.279,-115.875
69.668060,10.873,-1.532,-5.769,-0.6724,0.1115,2.7291,-91.760,74.861,-103.284
69.684727,9.698,0.017,-6.973,-0.5327,1.1372,2.3907,-71.562,78.428,-87.775
69.701394,8.679,1.545,-7.875,-0.6056,1.9371,3.0983,-60.463,81.745,-68.169
69.718061,7.931,3.026,-8.454,-0.5367,1.4656,3.0674,-43.618,82.747,-47.268
69.734728,7.662,4.447,-8.694,-0.3151,1.5450,2.4216,-15.306,82.395,-25.847
69.751395,7.662,5.790,-8.681,-0.5261,1.5377,2.6054,-0.231,79.853,-10.058
69.768062,7.467,7.064,-8.459,-0.2158,2.0349,3.1231,-13.331,77.391,2.954
69.784729,7.281,8.263,-8.020,-0.2613,1.6432,2.4530,-14.852,74.592,16.646
69.801396,7.141,9.358,-7.371,-0.4927,2.1944,2.3773,-14.511,69.858,29.883
69.818063,7.131,10.348,-6.541,-0.6685,1.8275,1.1368,-9.310,64.888,41.235
69.834730,7.409,11.285,-5.555,-0.6430,1.3243,-0.3822,5.352,62.950,50.467
69.851397,7.914,12.215,-4.434,-0.7922,1.2262,-0.8273,16.379,63.936,57.769
69.868064,8.449,13.127,-3.235,-0.7705,1.3606,-0.1186,16.082,64.003,61.670
69.884731,8.916,13.936,-2.005,-0.7137,1.1690,0.8782,10.565,58.610,63.560
69.901398,9.380,14.590,-0.750,-0.5327,1.0137,1.2261,9.031,50.211,65.757
69.918065,9.917,15.099,0.525,-0.2944,0.7526,0.5247,12.376,42.353,67.753
69.934732,10.632,15.507,1.830,0.0119,0.5366,-0.7588,21.988,37.332,69.923
69.951399,11.447,15.859,3.130,0.0931,0.8434,-1.6184,27.527,34.963,69.603
69.968066,12.212,16.196,4.420,0.0043,1.0938,-2.0071,24.258,34.855,68.642
69.984733,12.960,16.510,5.736,-0.0859,1.2469,-1.9822,22.397,34.758,69.827
70.001400,13.805,16.788,7.051,-0.0599,1.1115,-2.2751,27.785,33.565,69.633
70.018067,14.737,17.052,8.369,0.1222,0.9796,-2.4421,32.654,33.821,69.393
70.034734,15.716,17.327,9.672,0.0570,0.8025,-2.7812,35.332,35.348,67.678
70.051401,16.799,17.639,10.944,0.3322,0.3599,-3.3974,41.767,38.201,64.598
70.068068,17.813,17.958,12.205,0.3427,0.8651,-2.6426,37.401,39.560,63.049
70.084735,18.804,18.267,13.403,0.5488,0.5854,-3.0705,36.784,38.890,59.017
70.101402,19.983,18.590,14.526,0.9351,0.2099,-3.9602,49.162,39.393,53.796
70.118069,21.374,18.959,15.591,0.9078,0.3624,-4.5139,62.607,41.902,48.759
70.134736,22.914,19.420,16.599,1.0079,0.1076,-4.6509,72.176,47.042,42.415
70.151403,24.157,19.903,17.542,0.9825,0.6869,-2.7647,55.255,47.714,37.196
70.168070,25.038,20.348,18.354,0.4877,0.6137,-2.3523,35.806,43.191,30.466
70.184737,25.822,20.825,19.058,0.8656,-0.1394,-2.5602,31.854,42.700,23.384
70.201404,26.690,21.257,19.657,0.0930,-0.3067,-3.4282,38.886,37.939,18.525
70.218071,27.453,21.620,20.160,-0.0138,-0.1385,-2.6658,34.421,32.111,15.030
70.234738,27.947,21.884,20.649,-0.0129,-0.3202,-1.6458,18.475,26.551,16.715
70.251405,28.277,22.065,21.075,0.2753,-0.5978,-1.2397,9.915,20.639,15.759
70.268072,28.545,22.174,21.432,0.4704,-0.6881,-1.2414,7.784,15.095,14.235
70.284739,28.992,22.291,21.770,0.6283,-1.0283,-1.7837,18.830,15.055,13.068
70.301406,29.574,22.537,22.218,0.6649,-1.3343,-1.3887,24.411,24.957,14.376
70.318073,30.041,22.858,22.759,0.5402,-1.3953,0.9670,15.208,31.452,16.359
70.334740,30.248,23.194,23.311,0.2726,-1.6828,2.2496,-0.817,32.649,16.164
70.351407,30.295,23.524,23.827,0.1745,-1.8458,2.2235,-9.672,31.266,14.520
70.368074,30.268,23.870,24.356,-0.0664,-1.6403,2.0611,-14.552,32.472,14.536
70.384741,30.321,24.224,24.918,-0.8326,-1.4516,1.3090,-10.784,33.750,15.833
70.401408,30.620,24.619,25.550,-1.0392,-1.5393,0.1889,2.068,37.752,17.700
70.418075,31.251,25.058,26.280,-1.0863,-1.2526,-0.1524,19.260,42.881,20.513
70.434742,31.939,25.506,27.067,-0.6138,-0.8932,0.8660,20.935,45.117,22.223
70.451409,32.363,25.927,27.846,-0.4130,-0.4686,1.6092,4.962,43.619,22.230
70.468076,32.768,26.318,28.575,-0.0319,-0.6411,0.8379,4.846,40.742,20.396
70.484743,33.243,26.710,29.287,0.2276,-0.4433,0.7497,9.285,40.376,19.191
70.501410,33.663,27.137,30.021,0.2578,-0.2195,0.6565,5.079,42.827,18.657
70.518077,33.992,27.609,30.793,0.8857,-0.3947,0.3994,-1.722,46.245,18.378
70.534744,34.213,28.100,31.587,1.3422,-0.2556,0.8424,-9.183,47.823,18.309
70.551411,34.346,28.536,32.354,1.5429,-0.2968,0.9551,-13.967,44.260,18.698
70.568078,34.601,28.869,33.115,1.4750,-0.3747,0.4978,-6.814,38.982,21.681
70.584745,35.155,29.066,33.912,1.3177,-0.4240,-0.0489,9.926,33.499,27.519
70.601412,35.961,29.139,34.768,1.1900,-0.2859,-0.2536,23.206,29.498,33.981
70.618079,36.914,29.190,35.761,1.2397,-0.3590,-0.3308,28.028,33.214,39.986
70.634746,37.985,29.199,36.880,1.0064,-0.8388,0.1264,31.351,35.910,46.147
70.651413,39.153,29.124,38.138,0.9232,-1.4584,0.1753,33.175,37.443,54.348
70.668080,40.532,28.950,39.562,0.8895,-1.8586,-0.4950,41.125,39.724,64.020
70.684747,42.327,28.679,41.212,0.7960,-2.1141,-1.3107,59.918,45.040,75.756
70.701414,44.522,28.354,43.135,0.9430,-2.0363,-1.6480,76.497,55.376,87.013
70.718081,46.793,28.001,45.314,1.2863,-1.8276,-1.3465,74.436,67.415,95.733
70.734748,48.946,27.640,47.687,1.8164,-1.8205,-1.2996,62.682,78.708,100.517
70.751415,50.974,27.285,50.228,2.1664,-1.5991,-1.5441,51.291,89.677,103.350
70.768082,52.881,26.961,52.858,2.5575,-1.3701,-2.0130,42.410,98.445,101.911
70.784749,54.508,26.709,55.571,2.5971,-0.4992,-2.0400,24.139,107.885,98.231
70.801416,55.810,26.539,58.344,2.3888,0.5425,-1.7711,3.498,116.083,93.373
70.818083,56.651,26.488,61.138,2.2514,1.6252,-0.3662,-24.383,122.840,85.947
70.834750,56.885,26.653,63.836,2.0467,1.8717,1.2802,-58.370,126.369,71.144
70.851417,56.597,26.998,66.320,2.3311,1.5763,1.5855,-84.574,122.449,55.650
70.868084,56.283,27.432,68.471,2.2385,1.1519,1.5328,-77.867,109.881,41.825
70.884751,56.150,27.850,70.177,1.6902,1.1959,0.9117,-55.442,89.175,29.618
70.901418,56.210,28.185,71.476,0.4926,1.6837,0.1082,-33.072,68.283,21.623
70.918085,56.467,28.419,72.399,-0.2773,1.9658,-0.4538,-10.858,48.267,15.409
70.934752,56.737,28.613,73.021,-1.1022,2.6211,0.2826,-1.595,33.693,8.327
70.951419,56.967,28.794,73.383,-1.1630,2.2538,-0.1547,3.286,21.774,1.370
70.968086,57.366,29.003,73.560,-1.2480,1.8506,-0.6452,18.777,14.558,-5.490
70.984753,58.026,29.260,73.569,-1.3548,1.4872,-0.7252,39.252,8.578,-12.775
71.001420,58.867,29.554,73.431,-1.3724,1.4063,-0.9327,54.473,3.009,-18.836
71.018087,59.775,29.903,73.147,-1.1779,1.4762,-1.0944,62.818,-2.114,-25.533
71.034754,60.469,30.312,72.717,-1.3035,1.7643,-1.0460,54.465,-7.210,-32.438
71.051421,60.925,30.833,72.195,-1.5633,1.8104,-1.4376,43.213,-8.248,-40.522
71.068088,61.424,31.501,71.674,-1.7210,1.8293,-1.9646,45.943,-4.186,-48.049
71.084755,62.347,32.271,71.279,-2.1750,2.0164,-2.4715,67.767,3.995,-50.300
71.101422,63.740,33.119,71.045,-1.6721,2.1019,-2.0343,90.976,12.491,-50.781
71.118089,64.851,33.991,70.877,-1.0615,2.2646,0.1019,72.051,15.057,-50.900
71.134756,65.420,34.867,70.769,-0.5397,1.2270,-0.8341,37.640,17.205,-50.002
71.151423,66.168,35.749,70.554,-0.9608,0.7151,-0.7040,52.108,12.052,-52.715
71.168090,67.204,36.679,70.439,-0.9833,1.3314,-1.2589,66.064,16.913,-53.602
71.184757,68.756,37.628,70.485,-1.4726,0.6678,-1.6929,91.229,23.329,-52.058
71.201424,70.666,38.555,70.679,-1.0738,0.5075,-1.0046,107.161,27.845,-49.170
71.218091,72.164,39.493,70.845,-1.1513,0.6852,1.0660,83.405,25.167,-51.011
71.234758,73.145,40.494,70.896,-1.2901,-0.2255,0.7630,56.569,20.103,-56.786
71.251425,73.987,41.487,70.899,-1.6573,-0.8858,-0.1222,50.204,16.888,-57.225
71.268092,75.023,42.407,70.907,-1.7100,-0.8372,0.1662,61.563,14.988,-53.260
71.284759,76.250,43.253,70.918,-1.7624,-0.8786,0.4827,72.937,12.971,-49.181
71.301426,77.363,44.133,70.998,-1.2029,-0.8525,0.9824,63.196,15.294,-50.763
71.318093,77.684,45.076,70.860,-1.0180,-0.4744,1.9099,24.798,6.331,-56.654
71.334760,77.241,45.968,70.528,-1.0569,-0.4022,0.6899,-12.550,-2.163,-55.399
71.351427,76.575,46.694,70.069,-1.0339,-0.2387,-0.0287,-20.325,-8.794,-46.854
71.368094,76.256,47.300,69.584,-0.7490,-0.2172,-0.7705,1.874,-10.908,-40.121
71.384761,76.458,47.892,69.048,-0.3164,-0.4305,-1.5621,35.599,-12.831,-39.771
71.401428,77.120,48.467,68.570,0.3282,-0.0421,-1.7171,60.849,-10.919,-38.017
71.418095,77.858,49.048,68.109,0.4285,0.4886,-1.3737,64.778,-10.372,-38.131
71.434762,78.412,49.677,67.576,0.1183,0.4614,-1.0847,57.243,-12.816,-41.298
71.451429,78.776,50.376,67.072,-0.1899,0.4817,-0.8739,44.750,-10.896,-45.120
71.468096,78.817,51.174,66.648,-0.1313,0.2743,-0.2722,21.920,-6.643,-50.183
71.484763,78.649,52.053,66.351,-0.1095,-0.0678,0.3583,3.605,-0.697,-54.032
71.501430,78.481,53.005,66.133,0.0710,-0.5599,1.1096,0.030,3.372,-57.672
71.518097,78.332,53.953,65.989,-0.1107,-0.1806,2.0631,-2.275,6.220,-56.866
71.534764,78.638,54.918,65.926,-0.9131,-0.9401,1.8130,21.158,9.236,-57.257
71.551431,79.284,55.839,65.953,-0.7999,-1.1718,1.9655,37.141,11.302,-54.208
71.568098,79.903,56.691,66.133,-0.9081,-0.1043,2.9792,27.923,14.949,-49.256
71.584765,80.344,57.478,66.440,-1.4017,0.6601,3.5612,10.699,17.790,-44.925
71.601432,80.730,58.228,66.864,-1.5778,-0.2174,3.2730,1.365,20.548,-42.293
71.618099,81.304,58.946,67.401,-1.4395,-0.8740,2.2656,6.706,23.108,-39.986
71.634766,82.108,59.589,68.121,-1.5571,0.1037,1.5876,10.833,27.195,-35.122
71.651433,82.996,60.172,68.989,-1.3912,0.7915,1.0963,7.960,30.222,-31.367
71.668100,83.830,60.726,70.027,-1.2817,0.4391,0.4530,-4.437,34.124,-29.562
71.684767,84.846,61.198,71.197,-0.9003,0.2665,-0.1331,-0.653,36.455,-24.912
71.701434,86.057,61.547,72.588,-0.6876,1.3563,0.4921,-0.904,41.281,-17.799
71.718101,87.398,61.828,74.105,-0.7292,0.9074,0.4432,0.030,43.821,-14.435
71.734768,88.941,62.117,75.657,-0.2120,-0.4822,-0.1027,10.106,44.030,-16.087
71.751435,90.721,62.372,77.305,0.3736,-0.9442,-0.5116,19.064,45.836,-15.259
71.768102,92.562,62.531,79.062,1.0179,-0.1377,-0.1314,16.653,48.231,-11.040
71.784769,94.441,62.647,80.739,1.8263,-0.6121,-0.4998,23.170,45.559,-9.839
71.801436,96.256,62.721,82.551,2.4614,0.0886,-0.7119,12.009,49.039,-9.168
71.818103,97.831,62.868,84.426,2.7924,0.9661,-0.2833,-5.785,49.739,-15.125
71.834770,98.781,62.994,86.420,2.1427,1.5235,-0.3399,-49.816,52.576,-15.503
71.851437,99.582,62.994,88.284,1.5883,1.0432,-0.4330,-51.851,49.952,-8.196
71.868104,100.411,62.857,90.069,1.2590,0.4768,-0.3083,-45.910,49.243,-0.477
71.884771,101.160,62.680,91.737,1.2353,-0.2390,0.2744,-44.288,46.784,1.678
71.901438,101.680,62.526,93.322,0.6929,-1.3524,0.0323,-53.498,44.581,0.278
71.918105,101.669,62.389,94.956,-0.4244,-1.3593,0.4439,-87.851,45.902,-1.216
71.934772,101.198,62.316,96.515,-0.9800,-2.2169,0.0613,-111.388,43.236,-4.451
71.951439,100.704,62.287,97.993,-1.3346,-2.8248,-0.7959,-108.371,40.631,-6.230
71.968106,100.496,62.307,99.336,-1.4799,-2.3176,-1.2219,-84.031,36.416,-8.153
71.984773,100.588,62.379,100.521,-1.1687,-1.1394,-0.9603,-57.687,31.476,-10.282
72.001440,100.872,62.527,101.590,-0.7241,-0.5911,-0.4536,-40.128,27.310,-14.310
72.018107,100.946,62.791,102.526,-0.2766,-0.3138,0.7106,-45.716,22.131,-20.519
72.034774,100.792,63.139,103.282,-0.1882,-0.7412,1.4835,-49.839,16.115,-24.398
72.051441,100.564,63.527,103.852,-0.8067,-1.4686,0.9076,-44.456,10.554,-25.746
72.068108,100.405,63.900,104.286,-1.7397,-2.1296,-0.2790,-33.154,7.057,-24.149
72.084775,100.553,64.270,104.704,-2.1376,-1.9608,-0.5535,-13.872,6.511,-23.834
72.101442,100.704,64.640,105.062,-1.7092,-1.4529,-0.3068,-10.571,4.773,-23.538
72.118109,100.919,65.021,105.313,-1.3136,-1.7819,-0.2931,-0.990,1.781,-23.623
72.134776,101.024,65.445,105.629,-1.4320,-1.1395,0.2436,-11.152,2.684,-26.508
72.151443,100.938,65.938,105.849,-1.4348,-1.1445,0.3314,-17.369,-0.572,-30.057
72.168110,100.971,66.496,106.018,-1.4884,-0.9673,-0.2786,-7.530,-2.626,-33.619
72.184777,101.041,67.056,106.114,-1.3106,-0.0856,-0.3744,-1.321,-4.462,-33.342
72.201444,101.117,67.652,106.100,-1.3941,0.4373,-0.7084,5.132,-7.497,-34.980
72.218111,101.207,68.274,106.011,-1.6951,0.6880,-0.9624,10.137,-9.491,-36.225
72.234778,101.340,68.878,105.932,-1.9100,1.2708,-0.5901,12.154,-9.090,-35.179
72.251445,101.227,69.422,105.924,-1.9992,2.6361,0.5441,-6.583,-6.872,-31.952
72.268112,100.738,69.897,105.790,-1.8657,2.8689,0.8009,-21.987,-8.496,-27.424
72.284779,100.281,70.265,105.462,-2.2786,2.0483,0.1453,-9.138,-10.964,-20.535
72.301446,99.976,70.497,105.051,-2.4957,1.7348,-0.2930,4.640,-10.935,-12.273
72.318113,99.743,70.598,104.685,-2.4211,1.8770,-0.3058,6.496,-8.602,-4.785
72.334780,99.514,70.624,104.400,-1.8996,2.2186,-0.0387,2.133,-6.215,-0.617
72.351447,99.206,70.603,104.011,-1.1713,1.4299,0.1327,3.306,-7.814,2.415
72.368114,99.007,70.470,103.542,-0.7546,0.8105,0.1686,14.331,-8.375,9.316
72.384781,98.779,70.266,102.999,-0.3705,1.0532,0.5066,16.750,-9.296,13.686
72.401448,98.497,70.030,102.453,-0.0581,1.3259,0.8319,13.673,-9.271,15.552
72.418115,98.384,69.773,101.951,0.2283,1.1394,0.9528,21.191,-8.342,16.680
72.434782,98.371,69.534,101.510,0.7046,0.9996,0.7808,23.760,-7.386,15.444
72.451449,98.561,69.313,101.113,0.8223,0.3574,0.3522,33.459,-6.712,14.221
72.468116,99.033,69.096,100.797,1.0832,-0.0741,0.3147,45.759,-5.025,13.801
72.484783,99.616,68.864,100.591,1.2440,0.1309,0.5612,46.244,-2.474,14.350
72.501450,100.217,68.647,100.499,1.3877,0.0458,0.5591,40.921,-0.064,13.083
72.518117,100.573,68.433,100.559,1.5085,0.2065,0.4742,17.726,3.251,12.258
72.534784,100.609,68.236,100.714,1.8540,0.2473,0.6744,-6.757,5.231,10.928
72.551451,100.559,68.061,100.918,1.8805,-0.2367,0.5445,-14.614,6.087,9.373
72.568118,100.546,67.907,101.069,1.5699,-0.6258,0.1777,-9.430,4.699,8.330
72.584785,100.578,67.771,101.196,1.1102,-0.7182,-0.6139,-5.430,4.022,7.398
72.601452,100.675,67.628,101.342,0.6659,-0.3093,-1.1724,-2.516,4.556,7.727
72.618119,100.805,67.507,101.593,0.2688,0.5716,-1.3360,-6.448,6.721,5.976
72.634786,100.899,67.427,102.029,0.5323,1.1468,-1.0007,-18.705,10.445,2.729
72.651453,100.937,67.380,102.590,0.7178,0.6526,-0.3457,-29.114,12.953,0.212
72.668120,101.068,67.300,103.204,0.3592,0.0295,0.2921,-26.361,14.579,1.929
72.684787,101.300,67.181,103.854,-0.0277,-0.1139,0.6286,-22.318,15.899,3.957
72.701454,101.480,67.055,104.504,-0.3009,-0.1118,0.6779,-25.426,16.106,4.305
72.718121,101.691,66.948,105.117,-0.5137,-0.4295,0.4420,-21.475,15.074,3.260
72.734788,102.008,66.847,105.789,-0.5766,-0.4802,0.1586,-18.307,16.456,2.589
72.751455,102.408,66.750,106.455,-0.8298,-0.2574,0.0164,-13.043,16.344,2.292
72.768122,102.831,66.658,107.044,-0.9995,-0.0410,0.0026,-7.306,14.552,2.230
72.784789,103.192,66.567,107.665,-1.1541,0.4154,0.0876,-12.764,15.336,1.846
72.801456,103.451,66.476,108.179,-1.3419,-0.0387,-0.0672,-13.055,12.941,2.432
72.818123,103.716,66.366,108.553,-1.6192,-0.5362,-0.1641,-4.866,9.940,4.173
72.834790,103.832,66.223,108.728,-2.2043,-0.3286,-0.3356,-2.931,5.825,7.222
72.851457,103.919,66.048,108.807,-2.4125,0.0396,-0.0704,0.591,4.070,9.639
72.868124,104.113,65.863,108.900,-2.1359,-0.1901,-0.0093,6.250,4.551,10.120
72.884791,104.354,65.700,109.037,-1.6444,-0.1197,-0.0935,6.706,5.320,8.553
72.901458,104.595,65.558,109.184,-1.1609,-0.3472,-0.0382,6.143,5.281,7.246
72.918125,104.850,65.455,109.332,-0.7637,-0.6404,-0.2551,6.989,4.758,4.948
72.934792,105.052,65.353,109.354,-0.3469,-0.4868,-0.1792,10.631,1.743,5.736
72.951459,105.316,65.296,109.290,0.1532,0.0412,-0.3390,19.059,-1.035,3.593
72.968126,105.499,65.312,109.096,0.2954,0.5311,-0.8308,21.306,-5.321,0.275
72.984793,105.679,65.385,108.761,0.8113,0.8457,-1.4056,28.774,-9.615,-2.036
73.001460,105.957,65.501,108.289,1.3456,0.9732,-1.4006,42.211,-13.608,-3.587
73.018127,106.189,65.586,107.615,2.5725,1.7897,-0.7327,50.379,-17.835,-0.354
73.034794,106.188,65.609,106.557,3.8972,2.4479,-0.1841,57.540,-25.928,5.891
73.051461,106.068,65.577,105.089,4.8930,1.7202,-0.2416,72.699,-34.731,11.859
73.068128,105.860,65.525,103.232,5.1839,1.7830,-0.4234,88.693,-43.758,15.567
73.084795,105.283,65.501,100.968,5.6903,1.8113,-0.7051,88.730,-54.104,16.384
73.101462,103.941,65.447,98.216,6.5712,2.1466,-0.5401,69.452,-65.748,20.273
73.118129,102.233,65.318,94.959,6.8718,1.5812,-0.4010,74.924,-77.723,25.794
73.134796,100.459,65.027,91.189,7.0412,1.8135,-0.0278,98.540,-89.815,35.607
73.151463,98.559,64.568,86.951,7.0440,2.2504,0.9670,115.845,-102.352,44.812
73.168130,96.594,63.910,82.385,6.3198,1.7553,1.3490,128.543,-112.889,54.597
73.184797,94.335,63.033,77.758,7.1945,1.8154,2.4856,112.589,-118.446,63.936
73.201464,91.583,61.932,72.858,7.8598,0.8359,3.8014,95.345,-132.227,72.596
73.218131,89.082,60.535,67.713,7.5535,-1.2080,3.8173,120.319,-148.034,84.330
73.234798,87.226,58.760,62.322,7.5977,-2.3816,4.4842,167.473,-166.708,100.743
73.251465,86.199,56.548,56.753,6.6045,-3.2238,4.7736,220.441,-186.000,121.828
73.268132,85.789,53.695,51.505,6.9158,-0.9119,6.8928,233.555,-191.509,157.704
73.284799,85.733,50.481,46.476,6.3884,-2.8845,8.8195,234.490,-199.064,178.085
73.301466,85.407,46.917,41.688,6.2665,-3.1960,11.1576,196.062,-205.438,197.995
73.318133,85.456,43.089,37.057,4.5680,-5.5472,12.1268,199.218,-214.033,212.724
73.334800,86.344,38.759,32.446,1.4017,-7.2080,11.5813,234.320,-227.014,243.550
73.351467,88.729,33.800,27.984,-0.7631,-7.5630,10.7164,301.261,-228.424,287.411
73.368134,92.227,28.339,23.627,-1.9796,-8.7990,10.8906,344.523,-221.325,328.991
73.384801,95.084,22.550,19.465,-2.7628,-8.8663,13.8471,278.410,-203.007,360.440
73.401468,97.596,16.681,15.319,-7.5904,-9.0514,12.6913,234.061,-194.259,375.292
73.418135,99.905,10.542,11.200,-10.7165,-8.5395,10.0798,196.537,-181.627,400.048
73.434802,102.145,4.022,7.108,-13.9843,-7.8718,10.7681,165.398,-164.568,430.071
73.451469,104.291,-2.945,2.974,-17.6964,-6.8360,10.1641,130.877,-146.355,463.246
73.468136,106.481,-10.431,-1.337,-21.4283,-6.2352,9.7048,101.101,-129.099,500.856
73.484803,109.344,-17.983,-5.858,-23.4936,-2.8992,4.2188,104.895,-111.483,511.820
73.501470,112.699,-25.426,-10.611,-22.5590,1.3966,-1.3534,95.434,-87.885,511.764
73.518137,116.432,-32.616,-15.774,-19.9245,4.7313,-5.9173,73.204,-67.759,504.965
73.534804,120.275,-39.353,-21.415,-16.6855,5.9659,-9.2747,31.240,-49.819,485.806
73.551471,124.592,-45.523,-27.638,-13.0724,7.6265,-11.2409,6.481,-34.803,460.298
73.568138,130.132,-51.124,-34.826,-9.9664,9.2032,-13.0206,9.534,-24.804,441.167
73.584805,137.443,-56.071,-43.106,-7.1326,9.1745,-13.8304,38.013,-8.243,418.281
73.601472,147.090,-60.168,-52.953,-4.1746,8.3284,-15.2947,76.220,2.585,397.061
73.618139,159.364,-63.006,-64.771,-1.8584,7.2647,-15.9251,111.742,-0.804,377.754
73.634806,172.951,-64.617,-77.610,-0.2685,5.9149,-16.5049,123.016,11.904,353.089
73.651473,-174.044,-64.949,-90.210,1.8712,4.2778,-16.9395,95.573,16.548,322.253
73.668140,-163.309,-64.285,-101.113,5.2464,2.4574,-15.5402,52.567,15.954,282.891
73.684807,-155.355,-63.028,-109.231,10.4919,0.5575,-12.9608,40.363,5.650,229.097
73.701474,-150.458,-61.687,-114.226,14.0930,-1.2200,-9.1548,28.069,-8.365,160.706
73.718141,-148.018,-60.667,-117.195,13.1434,-0.9373,-6.8579,-9.840,-8.846,105.375
73.734808,-147.307,-60.042,-118.677,10.9913,0.8380,-6.4164,-34.858,-8.323,57.409
73.751475,-147.757,-59.838,-118.673,10.1612,2.2400,-5.5981,-26.919,-10.578,6.560
73.768142,-148.930,-60.135,-117.184,10.3099,3.4691,-4.4284,6.734,-8.472,-47.308
73.784809,-150.878,-61.009,-114.012,10.6480,4.8034,-3.2244,48.674,-1.700,-107.187
73.801476,-153.844,-62.397,-109.015,9.1634,6.9438,-3.1655,85.816,7.675,-164.531
73.818143,-159.411,-64.271,-101.141,7.7768,9.0677,-4.4721,88.183,18.780,-239.146
73.834810,-169.154,-66.266,-89.712,6.0060,10.1550,-7.9402,38.443,36.968,-308.226
73.851477,175.952,-67.568,-74.243,2.5694,9.2321,-12.0414,-39.117,55.767,-367.107
73.868144,157.463,-67.026,-55.813,-0.1409,7.3827,-14.6448,-88.073,66.462,-421.420
73.884811,139.254,-64.127,-37.543,-1.7732,7.1483,-16.1773,-92.760,90.666,-474.932
73.901478,124.938,-58.937,-22.100,-4.5692,7.6293,-19.1960,-42.688,120.105,-524.768
73.918145,114.856,-51.777,-9.704,-9.7012,7.7236,-22.2938,8.542,153.293,-581.228
73.934812,107.696,-42.877,0.212,-17.5808,5.1220,-23.8931,9.279,182.790,-642.567
73.951479,101.861,-32.291,8.383,-25.4646,2.0255,-22.6364,-49.774,214.357,-712.185
73.968146,96.974,-20.325,15.893,-34.4914,1.2794,-21.2450,-92.298,281.832,-773.328
73.984813,93.555,-6.994,23.851,-47.8465,-4.6378,-21.2394,-91.454,389.605,-837.735
74.001480,91.047,7.391,32.483,-63.3250,-21.0395,-9.4038,-151.853,484.010,-881.427
74.018147,89.248,22.178,42.046,-69.5305,-39.2362,15.4981,-254.598,553.548,-886.310
74.034814,90.942,35.445,53.416,-62.4056,-48.0591,40.8993,-229.256,596.868,-793.692
74.051481,96.573,45.459,67.632,-41.0392,-48.6476,60.8395,-218.730,607.784,-637.738
74.068148,104.388,51.734,85.864,-15.4152,-46.5512,73.9476,-354.814,641.429,-497.033
74.084815,114.173,54.028,107.443,3.4352,-45.2913,73.6224,-448.671,689.296,-384.473
74.101482,125.879,51.892,128.613,32.0637,-39.6313,69.7431,-315.202,722.217,-271.598
74.118149,135.007,46.209,145.458,60.0680,-23.7550,58.8092,-218.857,721.383,-171.330
74.134816,139.869,38.165,157.264,68.3349,-4.0383,46.5171,-186.157,708.003,-61.085
74.151483,139.990,29.142,165.442,71.2541,14.1341,32.8786,-265.839,676.031,35.408
74.168150,137.779,19.661,171.012,65.7819,22.0208,12.4276,-271.304,628.168,144.465
74.184817,135.308,9.654,174.678,55.0420,31.8314,3.7843,-204.291,582.061,258.376
74.201484,133.090,-0.652,176.852,45.1271,29.3391,-1.6334,-143.624,524.332,352.671
74.218151,133.506,-11.458,177.946,35.7712,18.2041,-11.8779,31.304,492.296,427.181
74.234818,136.579,-22.776,178.584,25.1152,17.8765,-22.2563,194.677,506.692,454.118
74.251485,140.365,-34.125,179.306,17.6099,24.5231,-24.4319,246.728,535.410,423.098
74.268152,143.961,-44.999,179.855,12.1508,27.3872,-27.8385,235.984,531.261,380.328
74.284819,147.081,-54.760,179.779,6.1596,23.4000,-29.2117,183.117,481.432,334.190
74.301486,151.792,-63.397,176.559,-0.1757,17.5259,-27.2295,116.075,395.745,349.214
74.318153,163.711,-70.681,166.275,-6.1728,9.1054,-24.2306,145.310,312.060,387.806
74.334820,-171.411,-75.283,144.121,-8.8299,6.5987,-20.7368,218.979,244.651,404.548
74.351487,-139.028,-75.418,115.415,-10.9233,6.8235,-18.1939,274.027,188.044,388.668
74.368154,-116.120,-72.133,96.269,-14.9267,4.6994,-14.4198,269.934,134.846,349.286
74.384821,-103.207,-67.787,86.585,-17.7491,2.4487,-10.1958,228.054,99.902,311.933
74.401488,-95.586,-63.719,82.003,-18.6656,-1.6204,-6.6416,206.246,71.506,259.256
74.418155,-90.501,-60.245,80.176,-16.9746,-4.8953,-4.3390,208.112,40.244,211.029
74.434822,-86.965,-57.428,80.142,-14.4303,-5.2524,-4.2141,210.168,4.659,169.058
74.451489,-84.397,-55.196,81.261,-12.3575,-4.7687,-3.0686,209.789,-27.229,136.474
74.468156,-82.264,-53.371,83.108,-9.6604,-5.0957,-2.0233,217.752,-51.743,116.313
74.484823,-79.808,-51.980,85.334,-7.4723,-5.4965,-1.4014,253.306,-67.180,95.090
74.501490,-77.275,-50.844,87.579,-6.2035,-3.8805,-1.1148,256.970,-69.007,83.518
74.518157,-75.273,-49.972,89.784,-5.8414,-2.6480,-0.7175,221.856,-69.740,70.827
74.534824,-74.085,-49.406,91.840,-4.6296,-1.7694,-0.2984,165.073,-68.239,53.843
74.551491,-73.549,-49.217,93.544,-3.2119,-1.5110,1.1120,109.400,-61.049,29.480
74.568158,-73.269,-49.215,94.653,-3.3335,-0.6327,2.1329,66.883,-41.870,12.528
74.584825,-73.075,-49.344,95.287,-2.7789,-0.4884,2.2396,40.154,-26.214,-0.237
74.601492,-72.914,-49.556,95.643,-2.2175,-0.3879,2.8482,25.663,-17.278,-8.133
74.618159,-72.592,-49.712,95.705,-2.5644,0.7608,1.2279,21.851,-5.312,-8.224
74.634826,-72.459,-49.963,95.583,-2.6191,1.2162,-0.4801,2.071,-0.256,-15.808
74.651493,-72.740,-50.316,95.431,-1.0635,0.8309,0.0876,-24.151,-1.000,-21.948
74.668160,-73.062,-50.635,95.111,0.1745,0.4594,0.1114,-34.405,5.800,-21.857
74.684827,-73.400,-50.955,94.633,0.3854,0.4749,0.1948,-42.806,11.560,-23.668
74.701494,-73.685,-51.259,94.079,0.5643,0.6584,0.0073,-43.272,14.630,-23.369
74.718161,-73.924,-51.586,93.466,0.6117,0.5733,0.3006,-43.407,16.296,-25.272
74.734828,-74.202,-51.843,92.894,0.9058,0.5953,0.2394,-43.899,15.969,-20.678
74.751495,-74.483,-52.032,92.331,0.8332,0.8533,-0.1627,-43.703,16.750,-16.538
74.768162,-74.873,-52.180,91.800,0.6198,0.9901,-0.1474,-48.822,16.273,-13.712
74.784829,-75.219,-52.224,91.318,0.7241,0.9418,-0.1624,-43.912,16.221,-7.148
74.801496,-75.453,-52.199,90.871,1.0021,0.7514,-0.1625,-35.449,16.019,-2.711
74.818163,-75.647,-52.137,90.415,1.0681,0.4911,0.1520,-33.549,16.965,-0.606
74.834830,-75.771,-52.030,89.951,1.1938,0.4018,0.4146,-29.680,17.921,2.038
74.851497,-75.804,-51.929,89.470,1.2043,-0.0958,0.5233,-24.944,18.483,1.453
74.868164,-75.755,-51.869,88.997,0.6121,-0.2470,0.6643,-19.719,17.640,-0.833
74.884831,-75.689,-51.864,88.549,0.4987,-0.4881,0.5910,-17.400,15.931,-3.795
74.901498,-75.735,-51.912,88.210,0.4224,-0.5686,0.3592,-19.059,11.239,-5.912
74.918165,-75.843,-52.006,87.979,0.2340,-0.6935,0.2828,-17.617,6.669,-7.549
74.934832,-75.893,-52.132,87.839,0.1684,-1.0603,0.6732,-9.905,2.956,-8.605
74.951499,-75.769,-52.243,87.701,0.3920,-0.8623,0.6611,0.631,3.061,-7.751
74.968166,-75.617,-52.350,87.596,0.1726,-0.7396,0.8114,3.914,1.933,-7.184
74.984833,-75.421,-52.435,87.520,-0.0446,-0.6235,0.8689,7.875,1.186,-5.663
75.001500,-75.214,-52.517,87.460,-0.4420,-0.0786,0.4054,9.293,0.660,-5.358
75.018167,-75.109,-52.651,87.384,-0.4937,0.3973,0.0799,2.422,0.383,-8.537
75.034834,-75.203,-52.823,87.315,-0.4105,0.6880,-0.1454,-9.194,-0.433,-10.591
75.051501,-75.275,-53.011,87.173,-0.5342,0.8205,0.0194,-11.343,1.865,-12.253
75.068168,-75.328,-53.144,86.993,-0.2036,0.7658,0.1473,-12.071,4.019,-9.394
75.084835,-75.320,-53.240,86.772,-0.0649,0.6762,-0.0439,-10.404,6.003,-7.610
75.101502,-75.312,-53.321,86.540,0.0080,0.5750,-0.0590,-10.938,6.588,-6.865
75.118169,-75.405,-53.364,86.379,0.4019,0.3842,-0.1078,-13.572,4.707,-3.969
75.134836,-75.578,-53.372,86.273,0.5346,0.2666,-0.2482,-15.675,3.310,-1.435
75.151503,-75.792,-53.359,86.214,0.6101,0.0552,-0.2203,-15.948,2.028,0.217
75.168170,-76.004,-53.338,86.194,0.4632,-0.1005,-0.2363,-13.926,0.775,1.013
75.184837,-76.202,-53.316,86.185,0.4002,-0.2982,-0.1984,-12.562,0.402,1.164
75.201504,-76.350,-53.294,86.220,0.4894,-0.6369,0.0024,-7.451,-1.116,1.597
75.218171,-76.405,-53.232,86.264,0.3351,-0.4069,0.0351,-1.489,-0.858,3.960
75.234838,-76.430,-53.168,86.319,0.1065,-0.2952,-0.0415,0.898,-1.237,4.164
75.251505,-76.469,-53.121,86.403,-0.0833,-0.3348,0.0827,1.472,-2.516,3.390
75.268172,-76.434,-53.082,86.446,-0.2160,-0.3330,0.1953,3.908,-1.159,2.602
75.284839,-76.372,-53.060,86.493,-0.4649,-0.2254,0.0842,5.697,-1.562,1.640
75.301506,-76.335,-53.060,86.541,-0.6559,-0.1774,-0.0598,4.331,-1.908,0.398
75.318173,-76.375,-53.081,86.614,-0.7479,-0.0914,-0.2041,0.810,-3.070,-0.658
75.334840,-76.427,-53.129,86.682,-0.5430,-0.1210,-0.2076,-0.087,-3.285,-2.258
75.351507,-76.556,-53.239,86.757,-0.3996,-0.1292,-0.1487,-4.411,-4.377,-5.806
75.368174,-76.710,-53.405,86.787,-0.2009,-0.3907,0.2901,-8.047,-3.569,-9.499
75.384841,-76.800,-53.604,86.767,-0.1119,-0.5127,0.4941,-6.618,-2.270,-11.761
75.401508,-76.857,-53.806,86.708,-0.2136,-0.1409,0.4297,-6.523,-0.941,-12.364
75.418175,-76.904,-54.000,86.662,-0.1749,-0.0631,0.4327,-5.248,-1.297,-11.710
75.434842,-76.949,-54.152,86.631,-0.2418,0.0653,0.5745,-4.507,-1.233,-9.202
75.451509,-76.984,-54.262,86.619,-0.2491,0.2030,0.4393,-2.938,-1.292,-6.567
75.468176,-77.010,-54.341,86.615,-0.2562,0.2375,0.2603,-1.988,-1.165,-4.677
75.484843,-77.055,-54.403,86.618,-0.2949,0.2468,0.0486,-2.819,-1.157,-3.615
75.501510,-77.037,-54.447,86.584,-0.1590,0.0547,-0.1311,-0.809,0.322,-2.867
75.518177,-76.958,-54.498,86.520,0.0205,0.0668,-0.4285,1.349,1.268,-3.513
75.534844,-76.879,-54.572,86.435,0.0109,0.0607,-0.3072,0.374,1.635,-5.065
75.551511,-76.755,-54.650,86.332,0.1110,0.0677,-0.1958,2.094,2.196,-5.424
75.568178,-76.639,-54.730,86.205,-0.1329,0.3417,-0.3709,0.521,2.966,-5.713
75.584845,-76.582,-54.809,86.071,-0.1862,0.3851,-0.3570,-3.373,3.163,-5.721
75.601512,-76.556,-54.882,85.953,-0.0838,0.2423,-0.2567,-4.506,2.723,-5.254
75.618179,-76.626,-54.944,85.893,-0.1651,0.2524,-0.0528,-7.407,0.924,-4.121
75.634846,-76.754,-54.993,85.885,0.0321,-0.0391,0.2419,-8.370,-0.609,-2.927
75.651513,-76.860,-55.023,85.892,0.1130,-0.1256,0.3874,-6.230,-0.898,-1.747
75.668180,-76.953,-55.036,85.908,-0.0463,-0.1224,0.3888,-5.019,-0.939,-0.683
75.684847,-77.014,-55.032,85.911,-0.2343,-0.1116,0.2920,-3.805,-0.258,0.218
75.701514,-77.103,-55.028,85.933,-0.3493,0.0130,0.0578,-4.551,-0.907,0.390
75.718181,-77.179,-55.041,85.957,-0.4233,-0.1819,0.1716,-3.591,-1.212,-0.637
75.734848,-77.194,-55.061,85.971,-0.4000,-0.2197,0.1106,-0.448,-0.977,-1.056
75.751515,-77.204,-55.105,85.992,-0.4155,-0.2220,0.0679,0.181,-1.511,-2.459
75.768182,-77.232,-55.163,86.036,-0.4313,-0.1779,0.0533,0.241,-2.477,-3.085
75.784849,-77.359,-55.248,86.116,-0.5526,0.0243,-0.0078,-3.990,-4.020,-4.400
75.801516,-77.553,-55.347,86.213,-0.5880,-0.0657,0.2568,-7.095,-4.757,-5.171
75.818183,-77.670,-55.449,86.276,-0.3844,-0.2413,0.4800,-4.188,-3.641,-5.507
75.834850,-77.786,-55.543,86.328,-0.3036,-0.2050,0.5286,-4.643,-3.175,-5.193
75.851517,-77.853,-55.640,86.338,-0.1256,-0.2898,0.3652,-3.764,-1.797,-5.640
75.868184,-77.880,-55.758,86.340,-0.1823,-0.1516,0.1174,-1.843,-1.779,-6.976
75.884851,-77.932,-55.899,86.357,-0.2181,0.0601,-0.1060,-2.484,-2.596,-8.198
75.901518,-78.053,-56.050,86.414,-0.1955,0.0737,-0.2694,-4.709,-3.982,-8.502
75.918185,-78.262,-56.181,86.509,-0.3115,0.1412,-0.2933,-8.037,-4.956,-7.047
75.934852,-78.556,-56.302,86.652,-0.4569,0.1676,-0.2421,-10.828,-6.366,-6.208
75.951519,-78.890,-56.402,86.809,-0.3522,0.0081,-0.0739,-12.443,-6.537,-4.907
75.968186,-79.134,-56.482,86.937,0.0446,-0.1555,0.1280,-8.498,-5.326,-3.965
75.984853,-79.238,-56.548,87.012,0.3291,-0.2328,0.3306,-2.757,-3.427,-3.425
76.001520,-79.252,-56.584,87.021,0.1844,-0.1209,0.2891,-0.657,-0.944,-2.125
76.018187,-79.205,-56.599,86.971,-0.0460,0.0102,0.1335,0.071,1.221,-1.204
76.034854,-79.139,-56.616,86.915,-0.3189,0.1117,-0.1107,0.893,1.363,-1.409
76.051521,-79.145,-56.620,86.908,-0.5765,0.1843,-0.2183,-0.980,-0.050,-0.324
76.068188,-79.218,-56.621,86.928,-0.5745,0.1236,-0.1702,-3.650,-0.897,0.008
76.084855,-79.339,-56.629,86.954,-0.4102,-0.0671,0.0306,-6.179,-1.190,-0.332
76.101522,-79.468,-56.624,86.981,-0.2263,-0.1947,0.1845,-6.714,-1.047,0.397
76.118189,-79.549,-56.621,86.958,-0.2767,-0.2943,0.2759,-6.245,0.522,0.023
76.134856,-79.635,-56.620,86.911,-0.6058,-0.2191,0.1024,-7.748,1.280,-0.266
76.151523,-79.770,-56.640,86.862,-0.9676,-0.1384,-0.0696,-10.832,1.135,-1.488
76.168190,-80.003,-56.694,86.826,-1.2722,-0.1461,-0.1436,-16.058,0.339,-3.430
76.184857,-80.303,-56.789,86.802,-1.2863,-0.2674,-0.1878,-19.505,-0.465,-5.834
76.201524,-80.696,-56.924,86.799,-1.2096,-0.3652,-0.0754,-24.027,-1.490,-8.042
76.218191,-81.245,-57.094,86.796,-1.3574,-0.3298,-0.2477,-33.323,-1.780,-10.118
76.234858,-81.996,-57.322,86.820,-1.5071,-0.3804,-0.3212,-44.149,-3.032,-13.469
76.251525,-82.968,-57.594,86.908,-1.7567,-0.1994,-0.6390,-54.203,-5.226,-15.875
76.268192,-84.242,-57.924,87.115,-1.9115,-0.0771,-0.8751,-66.193,-9.091,-18.974
76.284859,-85.810,-58.322,87.400,-1.8695,-0.1855,-0.7681,-79.874,-11.348,-23.065
76.301526,-87.585,-58.775,87.743,-1.7195,-0.3296,-0.5937,-89.283,-12.572,-26.547
76.318193,-89.490,-59.329,88.109,-1.6272,-0.6344,-0.2202,-95.702,-12.470,-33.027
76.334860,-91.355,-59.946,88.446,-1.5666,-0.6547,-0.1434,-94.823,-10.249,-37.169
76.351527,-93.211,-60.609,88.798,-1.7037,-0.2617,-0.5304,-93.346,-9.207,-40.217
76.368194,-95.330,-61.300,89.273,-2.2370,0.3587,-1.1904,-102.507,-11.042,-42.468
76.384861,-98.015,-61.995,90.039,-2.5474,1.0151,-1.8092,-120.940,-17.182,-44.049
76.401528,-101.177,-62.696,91.169,-2.1244,0.9960,-1.7718,-130.048,-24.353,-46.753
76.418195,-104.734,-63.398,92.612,-1.8872,0.9126,-1.8976,-136.587,-29.168,-49.915
76.434862,-108.613,-64.026,94.306,-1.9516,1.3766,-2.0317,-141.912,-32.691,-49.113
76.451529,-112.638,-64.613,96.193,-1.4887,1.4833,-1.6389,-139.809,-33.904,-50.301
76.468196,-116.859,-65.176,98.261,-1.4318,1.3774,-1.1440,-141.236,-34.035,-52.834
76.484863,-121.653,-65.607,100.553,-1.8699,2.1553,-1.2819,-162.984,-37.726,-50.614
76.501530,-127.143,-65.848,103.036,-2.1584,2.9956,-1.9827,-193.905,-42.783,-46.633
76.518197,-133.167,-65.930,105.808,-1.7160,2.8021,-2.1138,-209.975,-49.184,-47.663
76.534864,-138.933,-65.930,108.752,-0.4826,1.2701,-1.0572,-185.013,-50.464,-51.912
76.551531,-143.771,-65.906,111.391,0.4871,0.1769,0.0272,-146.079,-41.899,-49.674
76.568198,-148.105,-65.931,113.798,-0.0205,0.5094,0.1194,-128.515,-32.213,-49.731
76.584865,-152.758,-65.973,116.004,-0.6998,2.6151,-0.7821,-158.635,-24.860,-48.267
76.601532,-158.671,-65.944,118.414,-1.6158,4.9164,-2.4572,-223.058,-26.260,-53.097
76.618199,-166.057,-65.656,121.367,-1.0436,6.0978,-3.6510,-281.897,-38.988,-64.073
76.634866,-172.987,-65.085,124.514,0.1758,3.3191,-2.4069,-244.407,-48.466,-71.268
76.651533,-178.905,-64.479,127.782,-0.4991,0.9477,-0.9521,-177.955,-42.671,-80.887
76.668200,175.967,-63.762,130.562,0.5163,2.5308,-0.8525,-157.880,-41.682,-73.992
76.684867,170.803,-62.887,133.013,1.7238,4.5522,-1.7261,-178.779,-45.063,-71.743
76.701534,164.537,-61.735,135.613,1.5921,5.9061,-3.3310,-238.032,-52.574,-85.712
76.718201,157.383,-60.086,138.216,2.6750,5.6588,-4.4339,-292.901,-69.306,-104.208
76.734868,150.963,-57.892,140.472,2.8941,2.8120,-3.6650,-269.390,-88.669,-120.245
76.751535,145.388,-55.305,142.345,2.2906,1.3885,-2.3948,-240.779,-99.850,-134.564
76.768202,140.643,-52.502,143.595,2.4637,1.5582,-1.8700,-224.191,-108.307,-136.641
76.784869,136.207,-49.552,144.453,3.4020,1.8629,-1.6095,-226.215,-111.485,-141.844
76.801536,131.982,-46.438,144.979,4.8153,2.0144,-1.5777,-230.069,-115.418,-149.086
76.818203,128.457,-43.024,145.167,5.3705,0.6504,-1.2415,-203.658,-126.702,-161.726
76.834870,125.789,-39.370,144.947,4.2526,-0.3098,-0.9621,-168.737,-140.768,-169.005
76.851537,123.695,-35.769,144.493,3.4649,-0.3339,-0.9050,-142.225,-141.323,-165.391
76.868204,121.854,-32.227,143.889,4.0386,0.2151,-0.6607,-130.700,-140.795,-162.548
76.884871,119.985,-28.663,143.101,5.4822,0.4036,-0.4331,-136.067,-145.312,-162.644
76.901538,118.379,-24.912,142.053,6.1484,-0.5908,-0.4280,-124.594,-159.102,-169.218
76.918205,117.123,-21.036,140.883,5.6790,-1.5372,-0.6523,-102.666,-165.891,-175.840
76.934872,116.228,-17.071,139.647,5.3222,-2.1052,-1.0984,-77.858,-169.835,-181.178
76.951539,115.427,-13.110,138.372,5.3971,-2.1186,-0.8129,-67.807,-170.302,-181.801
76.968206,114.292,-9.083,137.104,5.8260,-2.1520,-0.4004,-82.603,-169.607,-187.837
76.984873,112.176,-4.955,135.734,6.0917,-1.9075,1.3351,-136.815,-172.903,-195.481
77.001540,109.184,-0.657,134.241,5.3115,-2.8933,2.0884,-183.613,-175.017,-209.652
77.018207,105.977,3.714,132.798,3.9527,-4.3765,1.5781,-189.868,-161.891,-223.907
77.034874,102.996,8.064,131.540,3.9953,-4.8316,2.0235,-170.834,-138.078,-233.897
77.051541,99.866,12.335,130.342,3.9623,-4.3399,3.1487,-174.771,-120.252,-237.115
77.068208,96.055,16.465,129.087,3.2811,-3.9843,5.3727,-209.719,-106.577,-235.217
77.084875,91.811,20.509,127.723,1.8990,-4.8112,5.5538,-228.397,-94.157,-236.611
77.101542,87.589,24.507,126.256,0.2527,-5.7399,4.0946,-219.372,-80.082,-240.155
77.118209,83.680,28.391,124.693,-0.7202,-5.3949,2.7273,-192.571,-65.962,-238.512
77.134876,79.834,32.046,123.136,-1.9730,-4.6435,3.9093,-183.563,-48.503,-228.371
77.151543,76.530,35.522,121.516,-2.6370,-4.6900,2.4256,-144.053,-36.405,-220.386
77.168210,74.117,38.744,119.807,-2.7620,-4.7153,1.5061,-82.856,-30.155,-207.434
77.184877,72.302,41.674,117.943,-3.8984,-3.7827,2.7438,-36.705,-31.073,-192.621
77.201544,71.161,44.352,115.960,-4.6797,-3.2819,2.2727,12.674,-32.364,-179.542
77.218211,70.802,46.729,114.105,-5.8671,-2.9442,1.1039,57.794,-27.354,-159.913
77.234878,71.315,48.836,112.574,-5.7300,-1.9545,1.1229,98.644,-17.513,-139.325
77.251545,72.353,50.803,111.179,-4.4570,-0.9259,1.6806,126.047,-14.686,-128.724
77.268212,73.709,52.568,109.878,-3.8557,0.2651,3.0622,142.442,-15.591,-115.163
77.284879,74.960,54.021,108.541,-4.2080,1.6641,5.1563,139.164,-22.811,-96.716
77.301546,75.805,55.116,107.056,-4.4307,1.7776,5.1363,123.090,-33.627,-76.407
77.318213,76.512,55.914,105.454,-4.3618,0.3328,3.3715,121.391,-41.606,-59.352
77.334880,77.480,56.433,103.770,-3.7841,-0.7696,2.0733,141.750,-48.050,-42.843
77.351547,78.820,56.719,102.177,-3.9899,-0.6201,0.9092,159.960,-48.298,-27.502
77.368214,80.308,56.865,100.895,-4.4905,1.0903,1.1011,153.360,-40.114,-16.117
77.384881,81.773,57.058,99.768,-3.3999,1.6644,0.6328,144.259,-34.932,-17.071
77.401548,82.986,57.312,98.672,-2.8737,1.5986,0.0971,127.791,-33.648,-19.736
77.418215,84.289,57.611,97.561,-2.4209,0.6789,-0.2971,134.057,-33.991,-21.719
77.434882,86.038,57.839,96.478,-2.2097,0.2844,-0.3257,159.593,-33.792,-16.522
77.451549,87.803,57.923,95.606,-3.3108,1.6569,0.2828,149.919,-27.895,-6.406
77.468216,88.820,57.987,94.902,-2.8717,2.3041,0.6594,96.485,-22.668,-4.491
77.484883,89.248,58.134,94.287,-2.7636,0.9556,-0.5600,56.632,-19.802,-9.106
77.501550,89.877,58.339,93.768,-3.2703,-0.8333,-1.2914,63.895,-16.743,-12.360
77.518217,90.959,58.493,93.295,-2.6056,-0.8451,-0.4566,88.761,-15.400,-9.080
77.534884,92.753,58.531,92.818,-1.9479,-1.2029,0.0591,131.630,-15.488,-1.768
77.551551,95.104,58.407,92.311,-1.8673,-0.6412,0.7867,166.606,-15.855,8.622
77.568218,97.151,58.251,91.897,-2.1050,-0.2499,1.0322,143.616,-12.492,10.813
77.584885,98.595,58.085,91.606,-2.2216,-0.1631,0.8554,101.052,-8.258,11.232
77.601552,99.772,57.983,91.598,-2.6699,-0.4162,0.2939,70.655,0.178,6.209
77.618219,100.681,57.994,91.726,-1.8862,-1.0392,-0.1058,47.674,3.318,-1.249
77.634886,101.671,58.081,91.958,-1.3792,-1.5497,-0.2603,47.173,5.649,-6.413
77.651553,102.954,58.155,92.376,-1.0978,-1.8717,-0.3780,55.209,11.440,-6.985
77.668220,104.420,58.191,92.930,-0.9670,-1.5094,-0.1677,59.313,15.960,-6.040
77.684887,105.739,58.256,93.621,-0.2808,-0.5529,0.3891,43.493,19.483,-9.198
77.701554,106.713,58.382,94.351,0.2905,-0.4831,0.2486,20.735,19.387,-13.490
77.718221,107.395,58.500,95.036,0.9935,0.0393,0.5144,5.447,17.931,-12.834
77.734888,107.926,58.612,95.602,1.3483,-0.1226,0.5509,2.487,14.274,-11.572
77.751555,108.543,58.699,96.086,1.3556,-0.6739,-0.1133,11.796,12.174,-9.444
77.768222,109.313,58.776,96.511,1.8237,-0.2788,-0.0809,24.022,10.488,-8.432
77.784889,110.222,58.900,96.858,1.9299,-0.2535,-0.3151,36.299,7.112,-10.396
77.801556,111.166,59.043,97.101,1.9948,-0.1149,-0.6363,43.772,3.509,-10.502
77.818223,111.887,59.197,97.229,2.5538,0.5817,-0.2770,36.315,-0.211,-9.814
77.834890,112.128,59.374,97.212,2.7509,0.8841,-0.0071,14.918,-4.878,-9.445
77.851557,112.172,59.571,97.076,3.4251,0.4847,-0.2523,9.315,-8.727,-9.170
77.868224,112.174,59.793,96.754,3.9267,0.0970,-0.4988,16.436,-14.420,-8.468
77.884891,112.271,59.980,96.207,4.0807,0.0470,-0.4728,33.931,-19.827,-3.949
77.901558,112.446,60.152,95.394,4.3345,0.1442,-0.4180,52.457,-26.735,-0.137
77.918225,112.406,60.329,94.320,4.1988,0.6013,-0.4753,53.268,-33.882,2.534
77.934892,111.943,60.503,92.946,4.5226,1.1863,-0.3680,43.626,-41.833,5.839
77.951559,111.125,60.687,91.109,4.6902,1.1196,-0.5214,46.671,-54.551,9.668
77.968226,110.113,60.806,88.887,4.9993,1.1544,-0.3562,55.399,-63.613,16.356
77.984893,108.956,60.831,86.274,4.9676,0.9811,0.0196,67.258,-72.612,24.229
78.001560,107.701,60.737,83.214,5.6600,0.9043,0.6429,84.769,-83.325,33.538
78.018227,106.254,60.484,79.616,6.0916,1.0459,1.2958,101.161,-96.890,45.381
78.034894,104.852,60.047,75.716,5.8932,0.8022,1.3701,118.978,-104.693,56.293
78.051561,103.391,59.440,71.392,6.0435,0.1283,1.7789,136.336,-117.781,67.034
78.068228,101.875,58.635,66.655,6.2754,-0.1806,2.4463,152.713,-131.939,78.888
78.084895,100.448,57.505,61.603,6.6961,-0.8333,3.2344,171.538,-143.938,97.239
78.101562,99.349,55.925,56.430,6.6989,-1.3620,5.0654,193.547,-151.275,122.236
78.118229,98.651,53.858,51.183,5.7076,-1.8938,6.2240,215.739,-159.186,150.317
78.134896,98.306,51.338,46.161,4.3257,-2.1767,6.3456,218.730,-158.466,175.970
78.151563,97.757,48.451,41.351,4.9744,-2.9557,7.3911,187.951,-159.648,196.808
78.168230,96.763,45.116,36.685,6.1981,-2.5520,11.7951,144.591,-164.630,221.990
78.184897,96.680,41.197,31.950,2.1078,-4.2887,10.1308,189.544,-178.112,256.964
78.201564,97.202,36.717,27.448,2.4687,-4.8549,10.3492,201.368,-175.840,291.350
78.218231,97.669,31.732,23.133,1.8554,-5.4644,14.8646,173.887,-173.466,323.350
78.234898,99.062,26.373,18.790,-3.3921,-7.1262,11.2039,210.378,-178.634,350.323
78.251565,101.501,20.713,14.448,-6.0480,-6.5393,9.2048,250.635,-174.487,375.828
78.268232,104.731,14.804,10.037,-8.1209,-5.9893,9.1319,274.684,-165.268,401.671
78.284899,108.523,8.699,5.534,-10.4497,-7.2687,9.3745,282.650,-149.041,425.926
78.301566,112.711,2.369,1.051,-13.7245,-6.3400,8.4776,277.272,-117.341,449.074
78.318233,117.038,-4.093,-3.465,-15.9769,-4.9111,5.8910,255.618,-83.294,465.224
78.334900,121.054,-10.510,-7.993,-17.0480,-3.3849,3.4214,206.562,-49.333,467.111
78.351567,124.533,-16.884,-12.560,-16.9668,-1.3190,1.8507,144.002,-17.364,465.569
78.368234,127.989,-23.144,-17.295,-16.0813,0.9560,-0.5222,110.335,6.166,460.759
78.384901,131.786,-29.202,-22.209,-14.3240,2.8540,-1.4589,97.915,29.309,448.799
78.401568,135.663,-35.042,-27.421,-14.5502,4.4006,-2.6799,66.484,50.056,436.617
78.418235,139.712,-40.632,-33.140,-14.8628,6.3833,-4.9939,32.474,64.777,426.630
78.434902,144.145,-45.852,-39.567,-13.5320,6.9341,-8.2959,1.819,72.594,414.848
78.451569,149.724,-50.610,-46.961,-10.2163,6.8832,-10.9493,3.757,77.171,404.069
78.468236,157.129,-54.604,-55.682,-6.8484,6.6657,-12.5664,28.314,71.348,392.064
78.484903,166.459,-57.819,-65.743,-5.2849,5.7269,-13.2070,57.769,77.502,379.829
78.501570,177.634,-59.893,-76.968,-2.7257,5.7354,-14.4295,93.626,74.247,362.896
78.518237,-170.302,-60.710,-88.499,0.0518,5.3172,-13.8952,122.457,70.414,339.675
78.534904,-158.655,-60.568,-99.058,3.5652,4.8148,-12.4818,146.362,74.714,302.367
78.551571,-148.563,-59.892,-108.220,6.1300,4.2609,-10.6850,128.200,84.870,263.327
78.568238,-140.216,-58.966,-116.110,6.9659,3.6682,-10.5753,93.064,95.011,228.843
78.584905,-132.886,-57.845,-122.522,9.3446,3.2722,-9.5828,112.044,89.754,193.275
78.601572,-126.284,-56.768,-127.254,11.7029,1.7704,-7.2682,157.099,77.008,148.122
78.618239,-120.750,-56.063,-130.546,11.3402,-0.2711,-5.9083,167.431,67.708,96.099
78.634906,-116.865,-55.950,-132.397,11.2413,-0.9631,-5.6503,140.926,51.096,36.219
78.651573,-114.852,-56.502,-132.719,11.2135,-0.1929,-4.7496,104.590,24.001,-24.841
78.668240,-114.957,-57.747,-131.381,10.1690,0.7786,-4.2451,60.983,-8.205,-86.029
78.684907,-117.110,-59.549,-128.436,7.9614,1.8519,-4.1072,21.491,-35.347,-137.419
78.701574,-121.251,-61.925,-123.784,6.2142,3.5495,-4.3816,-5.129,-49.834,-190.936
78.718241,-127.847,-64.704,-116.973,4.4751,4.6704,-5.8959,-30.647,-56.870,-241.311
78.734908,-137.702,-67.608,-107.174,2.8322,5.0252,-7.4870,-53.353,-56.562,-288.892
78.751575,-152.157,-70.096,-92.958,1.8147,4.8324,-9.0632,-71.276,-55.300,-336.694
78.768242,-171.791,-71.296,-73.576,1.3925,4.7114,-10.9583,-79.514,-51.027,-386.253
78.784909,165.976,-70.236,-51.460,0.7875,4.9218,-13.2867,-79.520,-40.380,-437.611
78.801576,146.520,-66.497,-31.808,-0.8141,5.1071,-16.3342,-69.490,-28.157,-485.644
78.818243,132.616,-60.427,-17.102,-4.1309,4.8308,-19.0186,-43.165,-19.873,-534.188
78.834910,123.052,-52.488,-6.419,-9.2790,3.8645,-20.3054,-38.144,-11.364,-592.162
78.851577,115.741,-42.963,1.486,-16.0188,2.7247,-19.3313,-86.468,-1.785,-653.814
78.868244,109.576,-32.138,7.846,-22.7063,2.6134,-18.2020,-136.171,29.645,-715.393
78.884911,104.378,-19.978,13.688,-29.9592,3.0534,-19.8428,-156.893,88.866,-789.109
78.901578,100.211,-6.514,19.804,-41.2608,0.0155,-17.1739,-165.080,177.882,-864.512
78.918245,95.433,8.247,26.694,-54.1144,-10.0487,-8.2723,-291.925,290.075,-932.382
78.934912,90.561,23.503,34.750,-63.1510,-23.4081,6.9697,-423.820,417.519,-936.500
78.951579,89.537,37.399,45.055,-62.6126,-36.4157,29.2744,-376.272,532.670,-830.830
78.968246,93.887,47.970,58.463,-41.6854,-38.1222,53.1769,-287.731,571.182,-646.764
78.984913,101.122,55.228,75.279,-25.8217,-40.2514,59.8198,-360.197,562.519,-508.073
79.001580,111.748,58.751,96.604,-9.1620,-48.5152,60.5185,-439.205,605.439,-394.762
79.018247,124.654,57.934,119.582,20.1463,-32.6124,68.7434,-403.327,655.470,-296.707
79.034914,135.504,53.856,138.793,44.9447,-18.8539,60.2572,-307.203,646.686,-228.996
79.051581,140.884,47.500,153.215,50.1673,-5.1487,46.4877,-349.323,645.829,-155.081
79.068248,139.561,39.730,163.437,54.7483,3.5711,34.7060,-503.884,640.276,-43.550
79.084915,136.441,31.508,170.252,51.2984,8.4646,22.6406,-426.360,587.857,82.788
79.101582,133.623,23.068,174.790,46.0926,13.9892,14.8494,-294.906,528.567,186.528
79.118249,129.930,14.194,177.902,40.6986,14.6102,8.2468,-281.946,486.419,279.213
79.134916,126.493,5.129,-179.662,38.8955,13.6491,-0.7530,-231.332,449.658,338.393
79.151583,124.146,-3.815,-177.563,34.7744,16.5699,-15.7019,-142.897,413.210,365.234
79.168250,123.109,-12.874,-175.810,25.5437,19.6488,-22.5425,-47.654,387.964,395.274
79.184917,123.357,-22.026,-174.519,19.0248,18.9303,-18.8864,37.488,363.236,419.275
79.201584,124.121,-30.917,-173.772,17.1497,16.3400,-15.5585,65.255,330.191,421.837
79.218251,125.577,-39.369,-173.659,13.1686,12.8522,-19.1948,90.723,294.871,413.625
79.234918,128.596,-47.238,-173.994,4.1021,10.6961,-24.8143,166.735,273.583,386.146
79.251585,132.651,-54.831,-175.190,-2.6004,13.1429,-23.9147,186.875,262.904,375.860
79.268252,138.132,-61.919,-178.385,-4.8990,15.1324,-20.2934,164.994,232.520,370.761
79.284919,146.823,-67.753,174.833,-5.7751,11.7405,-17.1815,152.347,172.173,350.677
79.301586,160.574,-71.998,162.640,-7.0419,5.8778,-15.5886,137.208,116.028,338.170
79.318253,-179.378,-74.401,144.274,-8.3732,1.9666,-14.7122,146.833,88.827,336.849
79.334920,-156.533,-74.468,123.521,-10.2667,0.1932,-12.0325,170.092,73.380,324.817
79.351587,-137.089,-72.460,106.208,-10.7157,0.7916,-9.7439,169.946,61.701,312.225
79.368254,-122.754,-69.265,94.540,-11.9477,0.4096,-7.0779,198.058,53.390,293.778
79.384921,-112.240,-65.702,87.132,-11.1296,0.5545,-4.5192,219.756,52.391,268.128
79.401588,-104.535,-62.330,82.777,-11.1728,-1.3316,-2.9971,227.128,44.760,228.312
79.418255,-99.045,-59.260,80.279,-10.9086,-1.6306,-1.8359,198.339,33.844,195.479
79.434922,-95.321,-56.578,78.840,-9.4480,-1.8891,-0.7200,150.012,25.237,165.570
79.451589,-93.028,-54.324,78.109,-7.4482,-2.4207,0.3482,101.248,14.742,136.830
79.468256,-91.473,-52.478,77.788,-5.6330,-3.4034,1.5399,77.546,6.907,111.223
79.484923,-90.071,-50.971,77.688,-4.4311,-3.1047,2.1581,79.178,2.238,90.542
79.501590,-88.863,-49.802,77.767,-3.8071,-2.8093,2.1003,75.817,-2.604,70.245
79.518257,-87.954,-48.955,77.985,-3.2911,-2.9295,2.4685,64.196,-7.373,51.049
79.534924,-87.281,-48.377,78.266,-2.7884,-2.2474,2.3377,52.792,-9.975,35.131
79.551591,-86.792,-48.035,78.627,-2.1522,-1.7338,1.4176,45.165,-13.616,21.215
79.568258,-86.508,-47.965,79.083,-1.8982,-1.4785,1.1616,37.050,-18.315,5.278
79.584925,-86.567,-48.113,79.580,-1.6893,-1.0653,0.9119,18.290,-20.698,-7.703
79.601592,-86.896,-48.450,80.090,-1.1658,-0.9826,0.6238,2.851,-21.794,-19.027
79.618259,-87.376,-48.941,80.613,-0.7064,-0.9580,0.3514,-5.548,-22.449,-28.422
79.634926,-87.927,-49.539,81.118,-0.2998,-0.7674,0.2605,-10.448,-21.495,-35.085
79.651593,-88.418,-50.179,81.580,0.0809,-0.4971,0.1729,-8.610,-19.387,-37.882
79.668260,-88.604,-50.860,81.915,0.5275,-0.4701,0.2884,4.036,-14.115,-40.507
79.684927,-88.534,-51.520,82.157,0.9506,-0.0664,0.1070,15.247,-10.381,-39.462
79.701594,-88.325,-52.140,82.283,1.1742,0.5128,-0.3550,18.187,-5.946,-37.071
79.718261,-88.189,-52.728,82.346,0.9973,0.8673,-0.4904,10.838,-3.642,-35.253
79.734928,-88.265,-53.267,82.377,0.6662,0.9453,-0.5638,-3.299,-2.398,-32.332
79.751595,-88.427,-53.756,82.376,0.4904,0.7742,-0.2868,-10.107,-1.056,-29.326
79.768262,-88.512,-54.171,82.336,0.4008,0.3464,0.0270,-7.279,0.460,-25.013
79.784929,-88.438,-54.460,82.245,0.3062,0.3635,0.0207,-0.311,2.488,-17.389
79.801596,-88.146,-54.634,82.133,0.2166,0.2014,0.0823,11.862,3.306,-10.634
79.818263,-87.771,-54.713,82.038,0.2004,0.3603,-0.1669,17.535,2.883,-4.841
79.834930,-87.521,-54.728,81.978,0.2974,0.7810,-0.5817,11.783,1.801,-0.998
79.851597,-87.478,-54.747,81.964,0.2580,0.7314,-0.4651,1.644,0.195,-1.220
79.868264,-87.688,-54.779,82.010,0.0763,0.4286,-0.1536,-10.600,-1.923,-1.849
79.884931,-87.954,-54.803,82.060,0.0688,-0.0682,0.1205,-13.816,-2.029,-1.410
79.901598,-88.049,-54.820,82.102,0.1226,-0.7048,0.2952,-3.873,-1.736,-0.960
79.918265,-87.920,-54.816,82.137,0.1525,-0.9562,0.4597,9.177,-1.439,0.211
79.934932,-87.710,-54.761,82.196,0.1820,-0.5456,0.1232,15.260,-2.154,3.368
79.951599,-87.596,-54.712,82.319,0.0809,-0.3271,-0.1288,12.596,-4.377,3.061
79.968266,-87.624,-54.688,82.497,-0.1261,-0.4182,0.1953,6.758,-6.340,1.673
79.984933,-87.688,-54.685,82.658,-0.3519,-0.6423,0.3945,3.824,-5.803,0.391
80.001600,-87.772,-54.700,82.758,-0.6677,-0.5600,0.3929,-0.379,-3.766,-0.784
80.018267,-87.744,-54.740,82.772,-0.7667,-0.7657,0.6548,2.056,-0.806,-2.459
80.034934,-87.613,-54.802,82.714,-0.9971,-0.4809,0.5465,4.772,1.613,-3.829
80.051601,-87.493,-54.908,82.615,-1.0063,-0.1644,0.2784,2.055,2.915,-6.549
80.068268,-87.484,-55.076,82.538,-1.0437,-0.3116,0.2472,-3.481,1.940,-10.238
80.084935,-87.582,-55.277,82.464,-1.1727,-0.4180,0.4063,-9.794,1.757,-12.185
80.101602,-87.719,-55.475,82.366,-1.1379,-0.3599,0.4084,-13.341,2.592,-12.060
80.118269,-87.884,-55.678,82.241,-1.1117,-0.2639,0.3098,-16.339,3.504,-12.427
80.134936,-88.073,-55.898,82.126,-1.1155,-0.2871,0.1802,-17.286,3.149,-13.376
80.151603,-88.252,-56.142,82.020,-1.1336,-0.4200,0.0219,-16.302,2.813,-14.834
80.168270,-88.491,-56.399,81.952,-1.2631,-0.2178,-0.1686,-18.063,1.583,-15.529
80.184937,-88.842,-56.664,81.931,-1.2374,-0.1065,-0.1649,-22.348,0.035,-15.959
80.201604,-89.291,-56.954,81.979,-1.1335,-0.0935,-0.1828,-24.857,-2.121,-17.436
80.218271,-89.878,-57.282,82.097,-1.0561,-0.0733,-0.0455,-29.536,-4.282,-19.735
80.234938,-90.542,-57.630,82.262,-1.0419,-0.1831,-0.1321,-31.807,-5.523,-20.973
80.251605,-91.178,-58.017,82.489,-1.0299,-0.5158,0.0041,-26.920,-7.208,-23.402
80.268272,-91.752,-58.425,82.775,-0.7884,-0.7813,0.0113,-20.161,-8.698,-24.732
80.284939,-92.417,-58.851,83.122,-0.8810,-0.4951,-0.1532,-22.427,-10.175,-26.013
80.301606,-93.198,-59.330,83.529,-0.9876,-0.6275,0.0866,-26.141,-11.429,-29.422
80.318273,-94.014,-59.869,83.981,-0.9957,-0.8470,0.3465,-25.870,-11.952,-33.215
80.334940,-94.845,-60.478,84.486,-1.1633,-0.9342,0.0982,-23.890,-12.506,-37.704
80.351607,-95.842,-61.159,85.067,-1.6931,-0.6774,-0.3933,-29.682,-13.422,-42.337
80.368274,-97.269,-61.908,85.835,-2.4935,-0.1914,-1.1624,-45.439,-16.979,-47.288
80.384941,-99.341,-62.735,86.951,-2.6706,-0.0819,-2.0207,-65.311,-23.941,-53.658
80.401608,-101.833,-63.651,88.446,-1.9851,-0.5576,-1.9184,-69.802,-29.968,-61.586
80.418275,-104.633,-64.663,90.234,-1.5457,-0.6943,-1.7544,-71.732,-31.973,-69.905
80.434942,-107.653,-65.730,92.177,-1.3862,-0.8826,-1.4142,-75.708,-29.503,-75.204
80.451609,-110.912,-66.807,94.139,-1.7883,-0.1021,-1.9030,-88.056,-23.733,-76.715
80.468276,-115.403,-67.874,96.684,-3.1084,2.0252,-3.2557,-128.875,-29.263,-82.116
80.484943,-122.072,-68.776,100.406,-3.3753,4.0590,-4.3692,-192.884,-46.670,-87.233
80.501610,-130.433,-69.584,105.450,-1.2294,2.2217,-3.0770,-219.054,-58.476,-102.785
80.518277,-139.538,-70.432,111.483,-1.1783,-1.8316,-1.3189,-206.376,-51.953,-123.538
80.534944,-149.107,-71.103,118.079,-1.9952,-2.1924,-1.3990,-200.707,-43.729,-129.438
80.551611,-158.996,-71.520,124.882,-3.0116,-0.3657,-2.6091,-206.933,-35.172,-128.641
80.568278,-169.545,-71.531,132.019,-4.2020,2.0457,-4.0832,-227.028,-36.471,-130.925
80.584945,179.961,-70.874,139.170,-3.1394,2.5243,-3.7328,-223.681,-52.138,-134.240
80.601612,170.059,-69.734,146.262,-2.5172,-0.2040,-2.5598,-193.685,-56.020,-148.949
80.618279,160.998,-68.221,152.831,-1.9172,-0.9557,-2.9701,-175.969,-52.827,-159.714
80.634946,152.644,-66.379,158.656,-1.4850,0.1463,-3.5042,-179.043,-48.849,-167.636
80.651613,144.571,-64.160,163.830,-1.7034,1.3924,-4.2468,-202.530,-46.350,-180.426
80.668280,137.040,-61.463,168.226,-0.6184,1.7710,-4.2198,-217.411,-49.597,-195.863
80.684947,130.443,-58.368,171.822,-0.0143,1.2436,-3.8534,-209.221,-50.595,-209.142
80.701614,124.672,-54.914,174.678,0.0898,0.9810,-3.1970,-203.265,-52.031,-222.013
80.718281,119.616,-51.147,176.839,0.3843,1.5089,-3.2638,-199.882,-54.573,-233.130
80.734948,114.941,-47.061,178.374,1.1407,2.5586,-3.8082,-211.014,-59.177,-245.830
80.751615,110.711,-42.692,179.384,2.2320,2.9097,-3.7449,-211.122,-62.477,-258.538
80.768282,107.065,-38.106,-179.971,2.8837,2.7883,-3.3399,-193.753,-61.533,-270.172
80.784949,104.058,-33.353,-179.642,4.0673,2.4005,-2.8042,-168.951,-61.422,-279.318
80.801616,101.488,-28.527,-179.663,4.9285,2.2423,-1.9781,-154.890,-65.414,-282.378
80.818283,98.886,-23.644,-179.943,4.8563,2.2190,-1.1352,-163.574,-67.012,-285.902
80.834950,96.116,-18.648,179.597,4.8120,2.7050,-0.7729,-176.167,-64.923,-294.003
80.851617,93.339,-13.491,178.943,4.9529,3.0485,-0.5294,-177.466,-63.413,-305.423
80.868284,90.847,-8.255,178.129,5.4568,2.1041,0.5347,-158.719,-59.701,-312.310
80.884951,88.614,-3.170,177.216,6.5589,1.5700,3.3317,-139.424,-53.289,-305.431
80.901618,86.220,1.656,176.236,6.9350,1.2773,6.3083,-144.383,-45.936,-291.950
80.918285,83.262,6.263,175.198,5.8055,0.8529,6.2921,-173.120,-36.738,-280.908
80.934952,79.925,10.713,174.061,4.6253,0.5913,4.0464,-190.067,-27.971,-274.000
80.951619,76.851,15.079,172.732,4.5248,0.5867,1.8793,-166.571,-23.570,-272.130
80.968286,74.657,19.368,171.181,5.0400,0.8550,0.5016,-104.073,-23.066,-271.160
80.984953,73.632,23.490,169.403,5.3673,1.3199,0.8064,-22.495,-28.107,-264.865
81.001620,73.541,27.433,167.453,4.8505,1.2828,2.7599,44.800,-34.686,-256.582
81.018287,73.928,31.199,165.246,4.2939,1.1131,4.3463,88.033,-47.678,-248.991
81.034954,74.547,34.858,162.687,4.0025,0.5571,4.4564,120.856,-64.418,-245.940
81.051621,75.432,38.329,159.924,2.9233,-0.9604,4.4747,151.900,-74.698,-235.383
81.068288,76.677,41.599,157.034,2.3030,-1.4438,4.6486,186.009,-81.769,-222.115
81.084955,78.112,44.645,153.950,1.8084,-1.3711,4.4800,212.611,-92.006,-207.516
81.101622,79.775,47.450,150.567,1.6569,-1.3871,4.2589,245.844,-106.012,-191.899
81.118289,81.632,49.910,146.840,-0.4169,-2.3644,4.4199,279.271,-121.839,-169.229
81.134956,83.833,51.784,143.281,-2.9313,-2.7915,4.6286,297.562,-119.511,-128.385
81.151623,85.735,53.197,139.891,-3.4642,-1.1954,4.5954,275.369,-115.605,-95.460
81.168290,86.729,54.252,136.552,-2.6958,0.2789,3.9635,221.066,-114.082,-70.836
81.184957,87.186,55.004,133.128,-0.9380,0.2516,3.3577,194.838,-116.284,-51.246
81.201624,87.399,55.447,129.468,0.1129,-0.3990,3.3808,193.086,-123.823,-32.352
81.218291,87.561,55.610,125.537,0.3348,-1.1834,3.6842,204.004,-132.858,-15.569
81.234958,87.652,55.528,121.439,0.1741,-1.9736,3.3711,208.226,-139.057,-0.855
81.251625,87.315,55.261,117.313,-1.2719,-2.2473,3.3027,183.440,-141.097,9.839
81.268292,86.583,54.838,113.217,-2.2413,-2.3679,2.7443,157.448,-141.899,17.840
81.284959,85.652,54.283,109.264,-2.8996,-1.9622,2.3570,137.236,-139.425,23.943
81.301626,84.759,53.644,105.432,-2.9443,-1.4255,2.1967,132.250,-137.981,26.906
81.318293,83.915,52.985,101.711,-2.1506,-1.9995,1.2676,128.293,-136.663,26.112
81.334960,83.027,52.247,98.097,-1.5324,-2.3525,0.7066,118.848,-135.860,29.002
81.351627,82.280,51.409,94.621,-1.2927,-2.3706,0.6716,119.009,-134.329,33.395
81.368294,81.678,50.489,91.274,-1.2557,-2.1461,0.7853,119.686,-133.047,36.985
81.384961,81.151,49.500,88.101,-1.5165,-1.9733,0.4641,114.067,-129.971,40.438
81.401628,80.678,48.453,85.159,-1.8071,-1.9320,-0.1842,104.658,-124.435,43.702
81.418295,80.242,47.376,82.494,-1.9006,-1.7089,-0.5930,92.358,-116.530,46.034
81.434962,79.707,46.306,80.101,-1.6081,-1.3250,-0.4953,72.425,-108.019,46.147
81.451629,79.008,45.292,77.943,-1.4505,-1.0156,-0.0758,50.736,-100.088,43.155
81.468296,78.176,44.373,75.972,-1.2223,-1.0592,-0.1533,33.284,-93.248,37.510
81.484963,77.323,43.527,74.196,-1.1623,-1.1064,-0.4331,22.565,-85.917,33.421
81.501630,76.684,42.707,72.620,-1.2410,-1.2153,-0.5901,26.124,-78.500,32.488
81.518297,76.352,41.905,71.258,-1.2897,-1.0603,-0.4340,34.937,-70.170,32.749
81.534964,76.148,41.135,70.095,-1.2734,-0.6155,0.0015,33.809,-61.924,32.552
81.551631,75.966,40.431,69.101,-1.4074,-0.4185,0.3590,27.822,-54.229,30.253
81.568298,75.741,39.804,68.247,-1.3824,-0.5081,0.2366,19.397,-47.438,26.985
81.584965,75.424,39.253,67.516,-1.3951,-0.5633,0.0560,8.660,-41.187,23.720
81.601632,75.037,38.739,66.879,-1.3376,-0.7104,-0.1808,0.600,-36.820,22.343
81.618299,74.701,38.239,66.338,-1.4588,-0.7391,-0.1121,-0.174,-32.624,22.472
81.634966,74.542,37.732,65.868,-1.6122,-0.8151,-0.1826,7.628,-29.797,23.585
81.651633,74.642,37.199,65.505,-1.7066,-0.8283,-0.2360,19.041,-25.401,26.397
81.668300,75.045,36.660,65.268,-1.8574,-0.7895,-0.1758,32.483,-19.718,28.376
81.684967,75.682,36.136,65.141,-1.8777,-0.7640,-0.2780,42.487,-14.179,29.034
81.701634,76.485,35.644,65.115,-1.8686,-0.7656,-0.4266,48.835,-8.650,28.531
81.718301,77.285,35.193,65.173,-1.7869,-0.6069,-0.4145,45.707,-3.686,27.185
81.734968,78.035,34.791,65.312,-1.8633,-0.5374,-0.3824,39.990,1.192,25.261
81.751635,78.810,34.437,65.520,-1.9330,-0.6728,-0.5120,39.088,5.471,23.103
81.768302,79.687,34.118,65.788,-2.0424,-0.7789,-0.5568,43.282,9.124,21.487
81.784969,80.717,33.832,66.109,-2.2281,-0.8007,-0.4407,50.695,12.441,19.895
81.801636,81.824,33.582,66.499,-2.3187,-0.7232,-0.1581,53.085,16.621,18.019
81.818303,82.879,33.380,66.946,-2.2951,-0.6621,0.2247,48.184,20.144,15.253
81.834970,83.864,33.229,67.422,-2.3442,-0.6363,0.3564,43.046,22.279,12.070
81.851637,84.897,33.116,67.921,-2.5333,-0.6945,0.2222,45.218,23.893,9.522
81.868304,86.124,33.004,68.438,-2.6927,-0.7082,0.0579,56.313,24.955,9.066
81.884971,87.594,32.864,69.023,-2.7034,-0.7122,-0.3529,68.644,28.538,10.324
81.901638,89.021,32.722,69.680,-2.5488,-0.3267,-0.0016,63.865,32.423,9.865
81.918305,90.277,32.563,70.395,-2.4389,-0.1586,-0.0019,51.685,35.633,10.142
81.934972,91.450,32.417,71.174,-2.4217,-0.2940,-0.2465,44.836,39.072,8.552
81.951639,92.453,32.277,71.981,-1.8993,-0.2766,-0.2456,33.670,40.739,7.352
81.968306,93.248,32.138,72.828,-1.7449,-0.3447,-0.0898,20.093,42.871,6.631
81.984973,93.998,32.024,73.681,-1.5302,-0.6826,-0.1189,17.260,43.249,4.495
82.001640,94.585,31.932,74.526,-1.2169,-0.6473,0.0901,7.810,42.790,2.693
82.018307,94.896,31.776,75.444,-1.3257,-0.4992,0.2221,-11.016,46.898,5.860
82.034974,95.208,31.560,76.429,-1.5271,-0.6621,0.0065,-12.921,50.740,8.875
82.051641,95.683,31.297,77.495,-1.6049,-0.5414,-0.0396,-5.487,55.337,10.985
82.068308,96.276,30.977,78.643,-1.6836,-0.4586,-0.0814,-0.673,60.120,13.385
82.084975,96.926,30.600,79.899,-1.7125,-0.3988,-0.3590,-0.264,66.362,15.428
82.101642,97.503,30.179,81.246,-1.6057,-0.4012,-0.4651,-6.979,71.805,16.742
82.118309,97.873,29.744,82.633,-1.5334,-0.4948,-0.5470,-20.089,74.425,16.645
82.134976,98.013,29.331,84.098,-1.3000,-0.3787,-0.4398,-35.675,78.581,14.383
82.151643,97.940,28.946,85.660,-1.0357,-0.5031,-0.5923,-50.803,83.713,11.952
82.168310,97.590,28.610,87.252,-0.7332,-0.6880,-0.5138,-67.733,85.087,9.043
82.184977,96.925,28.344,88.825,-0.5693,-0.6654,-0.1497,-85.731,83.761,5.729
82.201644,95.934,28.172,90.378,-0.5295,-0.7251,-0.0586,-104.362,82.068,1.381
82.218311,94.572,28.081,91.904,-0.5183,-0.7015,0.0728,-125.773,80.328,-1.625
82.234978,92.876,28.070,93.394,-0.4152,-0.7144,0.1393,-144.638,78.123,-4.139
82.251645,90.839,28.120,94.831,-0.3546,-0.5696,0.2899,-163.661,75.277,-5.155
82.268312,88.632,28.211,96.174,-0.3218,-0.6568,0.2644,-171.309,70.422,-4.895
82.284979,86.366,28.337,97.378,-0.3764,-0.7332,-0.0244,-171.052,63.184,-4.545
82.301646,84.105,28.460,98.456,-0.3676,-0.6755,-0.2753,-167.265,56.656,-2.423
82.318313,81.873,28.538,99.479,-0.2002,-0.3051,-0.1682,-164.080,53.376,2.142
82.334980,79.624,28.589,100.431,0.1105,-0.0609,0.1078,-163.121,49.309,5.174
82.351647,77.389,28.674,101.313,0.0309,0.1091,1.0014,-160.339,45.826,4.390
82.368314,75.605,28.849,102.142,0.1430,-0.5002,0.5418,-131.848,44.091,0.058
82.384981,74.499,28.993,102.938,0.2320,-0.4316,-0.4126,-90.348,41.897,2.479
82.401648,73.745,29.093,103.862,-0.5861,-0.0591,0.0391,-73.048,47.542,7.585
82.418315,72.923,29.092,104.856,-0.6120,-0.1531,0.5365,-79.142,49.187,15.022
82.434982,72.028,29.053,105.743,0.3542,-0.2608,0.4406,-80.478,42.924,16.261
82.451649,71.534,28.997,106.583,0.7509,-0.5004,-1.1837,-54.959,40.081,16.924
82.468316,71.056,28.886,107.433,-0.2616,0.2872,-0.0777,-54.209,39.420,20.637
82.484983,70.148,28.796,108.277,-0.4020,0.2086,-0.2251,-79.806,39.339,19.759
82.501650,68.977,28.766,109.138,-0.0541,0.1638,-1.4014,-96.045,41.133,17.463
82.518317,67.670,28.808,110.106,-0.5191,0.3954,-0.3718,-107.217,47.496,16.392
82.534984,66.342,28.965,111.088,0.2075,0.5728,0.2583,-109.026,50.483,11.371
82.551651,65.086,29.187,112.092,0.7183,0.6449,0.8178,-105.493,52.801,9.360
82.568318,64.426,29.438,113.086,1.2573,0.5306,0.1255,-69.644,52.831,8.384
82.584985,64.562,29.618,114.127,0.9719,0.8294,-0.0557,-23.448,53.033,13.481
82.601652,65.266,29.705,115.217,0.3445,1.0093,0.3894,9.058,53.065,19.234
82.618319,66.023,29.733,116.305,0.0483,1.2175,0.5009,12.220,51.711,21.640
82.634986,66.600,29.740,117.331,-0.2720,1.0289,0.1343,3.325,48.502,20.878
82.651653,67.337,29.790,118.316,0.1712,1.0132,-1.1618,14.066,47.810,17.062
82.668320,67.192,29.899,119.130,-0.4244,2.1699,0.3018,-33.792,41.034,10.087
82.684987,66.340,29.975,119.858,-1.0234,1.4726,0.1886,-73.637,36.009,10.500
82.701654,66.062,30.066,120.613,-0.2127,0.8663,-2.0293,-40.112,37.558,10.486
82.718321,66.380,30.129,121.330,-0.6778,1.5249,-0.9575,-3.270,35.072,11.263
82.734988,66.788,30.191,122.013,-1.1711,1.6513,0.0357,3.128,33.490,10.324
82.751655,67.032,30.266,122.663,-1.2753,1.5149,0.0469,-5.712,32.268,8.688
82.768322,67.138,30.339,123.249,-1.4471,1.4194,0.4336,-12.102,29.132,7.341
82.784989,67.039,30.434,123.715,-1.7031,1.1929,0.9621,-20.811,23.998,3.682
82.801656,66.880,30.522,124.049,-1.7144,0.8485,0.5970,-20.455,17.456,1.420
82.818323,66.815,30.540,124.282,-1.6860,0.7996,0.3096,-11.734,11.040,3.219
82.834990,66.923,30.463,124.417,-1.9111,0.6201,0.5435,1.604,4.131,6.461
82.851657,67.209,30.302,124.464,-2.0833,0.5922,0.5374,14.976,-1.999,9.303
82.868324,67.692,30.078,124.518,-2.0825,0.5785,0.7822,26.595,-3.016,12.956
82.884991,68.462,29.774,124.556,-1.9401,0.3263,0.7281,44.254,-5.485,17.045
82.901658,69.450,29.424,124.583,-1.9305,0.2435,0.7397,57.679,-6.688,19.498
82.918325,70.464,29.044,124.633,-1.8713,0.1750,0.6536,58.547,-5.851,21.695
82.934992,71.526,28.645,124.673,-1.7938,0.2067,0.7322,61.749,-6.338,22.664
82.951659,72.629,28.227,124.641,-1.8211,0.5290,1.1791,66.212,-9.826,22.676
82.968326,73.660,27.825,124.502,-1.8655,0.5879,1.2025,64.930,-14.585,20.290
82.984993,74.573,27.418,124.269,-1.8584,0.6147,1.2629,60.376,-19.153,19.433
83.001660,75.709,27.047,123.969,-1.5330,0.5516,0.4310,75.519,-21.717,16.716
83.018327,77.126,26.690,123.634,-1.2179,0.8159,0.2731,93.180,-23.027,15.885
83.034994,78.550,26.424,123.244,-1.0451,1.5033,0.3134,95.007,-24.414,10.557
83.051661,79.728,26.253,122.771,-1.0652,2.1492,0.0243,82.375,-27.552,4.563
83.068328,80.733,26.176,122.233,-0.8846,2.1842,-0.3820,73.644,-29.898,-1.108
83.084995,81.667,26.193,121.607,-0.5198,1.7807,-0.6559,71.663,-33.749,-6.895
83.101662,82.597,26.304,120.901,0.0323,1.8093,-1.1442,73.656,-37.380,-12.505
83.118329,83.199,26.580,120.066,0.0910,1.9436,-1.3839,57.536,-43.093,-22.756
83.134996,83.311,26.994,119.053,0.0794,1.7276,-1.4129,33.229,-51.573,-31.805
83.151663,83.272,27.579,117.920,0.0386,1.2628,-1.6666,27.965,-56.547,-42.663
83.168330,83.398,28.304,116.678,0.0668,0.9907,-1.7593,41.611,-60.966,-51.548
83.184997,83.662,29.100,115.311,0.2399,0.9233,-0.7514,54.348,-66.739,-56.331
83.201664,83.940,29.910,113.838,0.4144,0.7208,0.2941,59.349,-71.876,-57.330
83.218331,84.312,30.618,112.251,0.5773,0.1899,1.2094,69.521,-78.150,-51.342
83.234998,85.022,31.145,110.572,0.7044,-0.4833,0.9096,93.462,-83.829,-40.211
83.251665,85.821,31.460,108.888,0.6819,-0.8377,0.1413,99.575,-85.251,-26.328
83.268332,86.495,31.526,107.312,0.6070,-0.8648,-0.2694,89.001,-80.860,-9.947
83.284999,86.942,31.409,105.870,0.9833,-0.5593,0.2616,71.137,-74.816,2.256
83.301666,87.045,31.240,104.543,1.4567,-0.0366,1.3380,46.744,-69.165,6.054
83.318333,86.809,31.079,103.294,1.8376,0.3880,1.8607,23.777,-65.214,5.751
83.335000,86.400,30.968,102.120,1.9065,0.5304,1.4875,10.954,-61.363,2.651
83.351667,85.965,30.874,100.981,1.8685,0.4871,0.7304,8.215,-59.498,1.234
83.368334,85.518,30.789,99.874,1.7177,0.4828,0.3339,6.476,-57.888,0.473
83.385001,85.011,30.677,98.767,1.5482,0.3742,-0.1479,2.779,-58.044,1.585
83.401668,84.385,30.536,97.656,1.4495,0.5089,-0.2003,-4.299,-58.522,2.697
83.418335,83.624,30.426,96.502,1.3291,0.4952,0.1679,-11.245,-60.593,-0.075
83.435002,82.816,30.363,95.265,1.4351,0.3212,0.2532,-11.656,-64.573,-4.199
83.451669,82.260,30.307,93.961,1.4573,0.0114,0.0819,5.511,-67.941,-5.805
83.468336,82.171,30.227,92.617,1.2241,-0.1278,0.0778,34.648,-70.166,-5.057
83.485003,82.314,30.109,91.221,1.0137,-0.0307,0.3896,50.053,-73.202,-3.090
83.501670,82.435,29.978,89.768,0.7772,-0.0156,0.3946,50.275,-76.382,-2.557
83.518337,82.513,29.892,88.250,0.5284,-0.2299,-0.2813,49.490,-79.397,-5.522
83.535004,82.622,29.831,86.645,0.5615,-0.2122,-0.7376,53.883,-83.799,-7.458
83.551671,82.731,29.777,85.010,0.6633,-0.1097,-1.0068,54.701,-85.306,-7.875
83.568338,82.895,29.788,83.426,0.2608,-0.0499,-1.1926,56.422,-82.243,-11.240
83.585005,83.098,29.879,81.903,-0.3335,0.1174,-1.0839,57.008,-78.500,-15.340
83.601672,83.240,30.073,80.475,-0.6112,0.1394,-0.9911,50.746,-72.814,-20.588
83.618339,83.264,30.361,79.161,-0.4496,0.0740,-0.7001,40.518,-66.147,-25.392
83.635006,83.126,30.724,77.939,-0.2789,0.0129,-0.7372,28.341,-60.615,-29.305
83.651673,82.772,31.106,76.745,0.0331,-0.0487,-0.5054,14.960,-58.696,-30.520
83.668340,82.457,31.428,75.617,0.0283,0.0173,0.1504,15.639,-55.410,-26.783
83.685007,82.554,31.723,74.563,0.0152,-0.3613,-0.5284,38.347,-51.601,-24.761
83.701674,82.884,31.954,73.618,0.1254,-0.3304,-0.6265,49.111,-46.573,-19.983
83.718341,83.280,32.159,72.748,0.3100,-0.2987,-0.7642,50.849,-42.943,-17.720
83.735008,83.471,32.382,71.873,0.6522,-0.0592,-0.7526,38.913,-43.070,-18.548
83.751675,83.338,32.647,70.956,0.7545,0.1086,-0.7038,20.999,-44.762,-21.253
83.768342,82.949,32.978,69.978,0.7794,0.0761,-1.2633,7.890,-47.062,-25.697
83.785009,82.425,33.331,69.007,0.5897,0.2201,-1.3907,-0.093,-46.189,-27.351
83.801676,82.028,33.673,68.050,0.4073,0.0947,-1.7218,7.358,-45.172,-26.975
83.818343,81.817,33.993,67.084,0.4437,0.0831,-1.5453,19.071,-45.418,-25.894
83.835010,81.704,34.301,66.125,0.5247,0.1975,-0.8908,25.004,-44.968,-25.222
83.851677,81.503,34.626,65.138,0.5502,-0.0721,-0.5349,20.909,-45.936,-26.565
83.868344,81.220,34.995,64.138,0.5697,-0.4810,-0.5792,16.795,-45.816,-29.409
83.885011,80.873,35.420,63.144,0.5857,-0.9663,-0.4020,13.054,-44.628,-32.886
83.901678,80.391,35.927,62.141,0.6823,-1.3835,-0.0302,5.692,-43.746,-38.027
83.918345,79.690,36.510,61.095,0.7291,-1.6386,0.2117,-5.476,-44.224,-43.292
83.935012,78.824,37.144,59.981,0.4114,-1.7315,-0.0714,-12.291,-45.941,-47.407
83.951679,77.887,37.776,58.806,0.0936,-1.6970,-0.7526,-13.736,-47.560,-48.445
83.968346,76.871,38.390,57.618,-0.0915,-1.4544,-1.1845,-17.399,-47.096,-48.267
83.985013,75.752,38.982,56.476,-0.1831,-1.2062,-1.4650,-24.697,-43.974,-47.117
84.001680,74.543,39.570,55.384,-0.0252,-1.1787,-1.6430,-31.456,-40.408,-47.098
84.018347,73.069,40.193,54.309,0.4806,-1.1057,-1.3290,-47.438,-37.490,-49.658
84.035014,71.256,40.898,53.231,0.6557,-1.1522,-0.9630,-67.085,-34.248,-55.286
84.051681,69.134,41.704,52.146,0.6753,-1.3350,-1.1246,-84.654,-30.047,-61.986
84.068348,66.839,42.571,51.067,0.7083,-1.3562,-1.3051,-94.542,-25.385,-66.172
84.085015,64.360,43.479,50.008,0.9134,-0.8116,-0.8151,-105.736,-20.142,-68.704
84.101682,61.643,44.346,48.923,0.6372,-0.4324,-0.5834,-118.100,-18.565,-67.584
84.118349,58.756,45.132,47.808,0.5746,-0.3337,-1.0865,-126.414,-18.160,-64.434
84.135016,55.666,45.834,46.705,0.7074,-0.3647,-1.4222,-138.440,-16.539,-60.470
84.151683,52.268,46.470,45.632,0.8701,-0.1148,-1.3011,-157.711,-13.973,-57.022
84.168350,48.525,47.123,44.568,1.1123,0.1866,-0.7620,-178.241,-9.062,-57.996
84.185017,44.483,47.829,43.488,1.3035,0.3328,-0.1604,-195.056,-2.927,-60.816
84.201684,40.237,48.586,42.392,1.3129,0.2067,0.1977,-205.943,3.746,-62.983
84.218351,36.005,49.303,41.353,1.2737,0.1070,0.3673,-207.114,8.258,-58.738
84.235018,32.216,49.894,40.474,1.0128,-0.2438,-0.0244,-187.382,9.899,-48.149
84.251685,29.180,50.295,39.825,0.7406,-0.3226,-0.5129,-152.426,7.688,-33.783
84.268352,26.927,50.549,39.411,0.4145,-0.2524,-0.6215,-116.258,5.755,-21.085
84.285019,25.180,50.730,39.218,-0.0846,0.0668,-0.2800,-96.058,6.272,-11.321
84.301686,23.855,50.872,39.153,0.0025,-0.4079,-0.4676,-76.691,6.457,-5.757
84.318353,22.776,50.982,39.108,0.2784,-0.9820,-0.6735,-62.845,5.106,-4.142
84.335020,21.510,51.065,39.023,0.4396,-0.8079,-0.6092,-72.224,3.155,-4.781
84.351687,19.880,51.131,38.907,-0.1223,-0.3603,-0.5865,-92.506,1.911,-5.448
84.368354,17.982,51.192,38.769,-0.6047,0.1605,-0.5472,-107.623,1.475,-6.017
84.385021,16.087,51.233,38.714,-0.3823,-0.1663,-0.1939,-111.260,1.459,-2.677
84.401688,14.374,51.227,38.726,0.4551,-1.1300,-0.1265,-103.603,-0.489,0.598
84.418355,13.153,51.150,38.923,0.6715,-1.5212,-0.6491,-82.605,-3.009,8.332
84.435022,12.662,50.943,39.390,-0.0337,-1.2724,-0.2521,-51.420,-8.455,20.040
84.451689,12.396,50.657,40.112,-0.5279,-1.5104,-0.1832,-49.731,-11.143,30.562
84.468356,11.957,50.320,40.690,-1.2624,-0.5254,0.5437,-53.236,-15.458,25.915
84.485023,11.112,50.006,41.101,0.0498,-0.9230,0.9397,-69.769,-15.655,19.365
84.501690,10.232,49.523,41.519,0.1719,-0.8995,0.8506,-72.092,-25.785,21.375
84.518357,9.612,48.972,41.933,0.5048,-0.5821,0.3542,-56.174,-30.176,21.791
84.535024,9.124,48.326,42.281,0.3343,-0.0908,0.1757,-45.035,-36.375,19.996
84.551691,8.745,47.568,42.583,-0.2852,0.3033,0.1969,-36.416,-43.395,19.196
84.568358,8.518,46.701,42.725,0.3177,0.2257,0.1322,-20.002,-50.907,13.642
84.585025,8.324,45.748,42.738,0.6294,0.8160,0.5640,-12.298,-56.874,9.007
84.601692,7.882,44.673,42.639,0.2834,1.2802,1.6984,-22.454,-64.764,5.020
84.618359,7.297,43.493,42.401,0.4317,1.3210,1.8018,-25.292,-71.859,-0.725
84.635026,6.875,42.235,42.136,0.3360,1.0369,1.8631,-14.686,-76.669,-2.187
84.651693,6.817,40.919,41.934,0.5909,0.9827,1.8291,4.424,-79.770,0.476
84.668360,7.261,39.383,41.906,0.0619,0.0869,1.1473,27.598,-91.877,10.020
84.685027,8.044,37.739,42.033,0.3164,-0.0982,0.6285,42.024,-97.243,19.128
84.701694,8.960,36.051,42.226,-0.0924,-0.5411,-0.0327,47.857,-99.073,24.158
84.718361,9.784,34.346,42.413,-0.0911,-0.1555,0.0620,42.839,-99.757,25.735
84.735028,10.313,32.594,42.532,-0.0246,-0.0786,0.5228,27.623,-102.698,24.281
84.751695,10.531,30.818,42.619,-0.2868,0.0026,1.2786,10.203,-104.280,23.667
84.768362,10.644,29.005,42.631,0.0553,-0.8491,0.9210,6.293,-107.119,20.645
84.785029,10.584,27.208,42.598,-0.4123,-0.7566,1.1375,-2.850,-106.596,18.188
84.801696,10.142,25.505,42.497,-0.7874,-1.1464,1.9848,-23.928,-101.776,13.032
84.818363,9.228,23.893,42.269,-1.7460,-1.3052,2.4227,-49.234,-97.739,4.101
84.835030,8.029,22.384,41.958,-2.4657,-1.3527,2.5135,-64.766,-92.456,-3.372
84.851697,7.023,20.929,41.600,-2.6951,-2.0807,1.1565,-52.533,-89.580,-8.312
84.868364,6.503,19.543,41.211,-2.1710,-2.3348,-0.4911,-23.288,-85.567,-11.964
84.885031,6.519,18.216,40.905,-1.9625,-2.1792,-1.4968,6.782,-81.572,-8.199
84.901698,7.091,16.969,40.673,-1.2141,-2.1184,-1.8795,38.390,-76.412,-4.326
84.918365,7.965,15.806,40.493,-0.6669,-1.6726,-0.5133,55.418,-71.099,-1.125
84.935032,8.911,14.643,40.346,-0.1636,-1.6017,0.2692,58.965,-70.797,1.856
84.951699,9.746,13.480,40.200,-0.1910,-1.1909,0.6238,52.108,-70.808,2.994
84.968366,10.402,12.265,40.045,-0.1064,-1.2172,0.5839,41.357,-73.943,3.836
84.985033,10.894,11.037,39.891,-0.0620,-1.3179,0.5902,31.360,-74.728,4.787
85.001700,11.276,9.769,39.718,-0.4725,-1.3325,0.2310,24.729,-77.180,4.679
85.018367,11.674,8.451,39.523,-0.5230,-1.3341,-0.5388,25.648,-80.397,4.445
85.035034,12.123,7.086,39.306,-0.1287,-1.4787,-0.9141,28.715,-83.443,4.322
85.051701,12.622,5.668,39.071,0.0861,-1.4654,-0.5601,31.455,-86.757,4.643
85.068368,13.258,4.202,38.819,0.4055,-1.2447,0.4430,39.488,-89.694,5.043
85.085035,13.932,2.658,38.496,0.2634,-0.9027,1.4450,41.593,-95.272,3.033
85.101702,14.570,0.950,38.061,0.7253,-0.7183,2.0989,39.146,-106.340,-0.011
85.118369,15.289,-0.856,37.637,0.1088,-1.6295,1.8110,43.170,-111.915,3.423
85.135036,15.927,-2.763,37.240,0.3928,-1.4404,1.5613,37.581,-117.183,7.916
85.151703,16.405,-4.752,36.869,0.4172,-1.5475,1.3813,27.293,-121.478,11.980
85.168370,16.782,-6.760,36.530,0.9230,-1.2242,0.8656,20.678,-121.883,15.036
85.185037,17.050,-8.669,36.290,1.2261,-1.0034,1.0577,14.301,-114.346,19.699
85.201704,17.193,-10.457,36.121,1.1721,-0.8204,2.2216,7.040,-106.100,22.053
85.218371,17.356,-12.050,35.987,1.0317,-0.7766,2.1468,8.360,-94.211,20.862
85.235038,17.577,-13.423,35.902,1.0809,0.0355,1.5203,12.285,-80.674,19.959
85.251705,17.774,-14.589,35.867,1.4620,0.6802,1.6411,11.516,-67.870,19.329
85.268372,17.938,-15.512,35.882,1.8550,0.9584,2.3059,10.213,-53.017,17.773
85.285039,18.031,-16.105,35.910,2.1674,1.1886,2.4246,6.230,-33.906,12.496
85.301706,18.063,-16.424,36.001,2.7994,1.5667,2.5495,3.628,-17.046,10.879
85.318373,18.071,-16.493,36.168,3.4857,1.7595,3.0118,3.462,-1.468,10.330
85.335040,17.871,-16.446,36.341,2.6369,2.0096,3.9433,-8.853,5.375,8.583
85.351707,17.506,-16.589,36.434,2.9923,2.4756,4.7177,-20.176,-6.925,7.613
85.368374,17.067,-16.709,36.454,0.8903,1.5482,2.9665,-25.821,-6.850,3.123
85.385041,16.867,-16.776,36.287,1.4151,1.2051,0.0304,-14.695,-6.922,-8.079
85.401708,16.996,-16.755,36.040,0.9873,1.0888,-1.1628,3.638,-3.138,-14.020
85.418375,17.688,-16.685,35.844,-0.0931,1.2402,-1.8837,38.250,0.398,-12.129
85.435042,19.045,-16.581,35.672,-0.2633,1.0777,-1.7620,78.596,2.558,-11.450
85.451709,20.773,-16.498,35.477,-0.5675,1.3926,-1.3824,100.432,0.664,-12.352
85.468376,22.479,-16.434,35.302,-1.1539,2.5361,-1.8251,99.517,-0.358,-10.837
85.485043,23.759,-16.389,35.200,-1.9319,3.8710,-1.8310,75.068,-0.022,-6.558
85.501710,24.626,-16.377,35.184,-1.6674,4.1011,-2.2443,51.723,0.044,-1.222
85.518377,25.392,-16.392,35.237,-0.4301,3.6188,-2.7141,46.808,0.288,3.082
85.535044,26.360,-16.406,35.352,0.7212,3.6440,-2.8883,59.873,1.981,6.248
85.551711,27.647,-16.412,35.514,1.2730,3.8085,-2.9155,79.807,3.747,8.359
85.568378,29.178,-16.399,35.747,1.4352,4.2797,-2.7238,95.644,7.002,11.323
85.585045,30.514,-16.316,36.101,0.7973,4.1475,-1.8019,85.889,14.392,15.071
85.601712,31.490,-16.085,36.505,0.3039,3.3553,-1.3983,65.108,23.825,12.642
85.618379,32.320,-15.687,36.908,0.5698,3.0672,-1.8232,56.112,32.638,6.968
85.635046,33.115,-15.129,37.330,0.2190,2.7222,-1.1606,54.120,41.335,2.267
85.651713,33.623,-14.488,37.785,-1.4509,2.2220,0.1595,37.112,46.683,0.719
85.668380,33.973,-13.814,38.239,-1.3344,1.5695,0.5073,27.269,48.387,-0.739
85.685047,34.229,-13.105,38.759,-1.2609,1.0038,0.6499,22.226,52.239,1.092
85.701714,34.625,-12.400,39.365,-0.0874,0.2386,0.2325,31.360,55.022,5.143
85.718381,35.490,-11.744,40.004,1.5819,-0.9669,0.0662,59.493,53.781,7.892
85.735048,36.893,-11.124,40.618,2.0655,-1.3064,0.5868,91.131,51.368,6.969
85.751715,38.818,-10.462,41.164,1.7907,-0.7762,0.2166,121.267,51.102,0.827
85.768382,40.922,-9.634,41.692,1.4323,-0.3188,-0.4789,131.458,58.170,-8.125
85.785049,43.158,-8.615,42.298,1.5768,0.1341,-1.0304,139.593,69.474,-14.582
85.801716,45.484,-7.359,42.934,1.7513,0.3326,-1.3931,144.550,80.337,-25.864
85.818383,47.385,-5.864,43.483,1.1601,0.0036,-0.0049,117.584,85.599,-42.725
85.835050,48.848,-4.210,43.879,0.7458,0.1532,0.0212,89.609,83.931,-58.396
85.851717,50.225,-2.468,44.205,0.3630,-0.3120,-0.4149,83.514,82.678,-67.154
85.868384,51.628,-0.707,44.491,0.9114,-1.4021,-1.1924,84.422,79.960,-71.493
85.885051,53.403,0.971,44.758,1.8460,-1.7446,-1.1486,106.229,73.967,-70.492
85.901718,55.607,2.534,44.967,1.8572,-1.9760,-0.8255,131.683,64.672,-69.376
85.918385,57.791,3.991,45.100,0.9652,-1.7754,0.2135,130.391,54.679,-69.004
85.935052,59.482,5.350,45.119,0.3274,-1.9408,0.9148,101.223,43.396,-69.371
85.951719,60.676,6.628,45.009,0.0990,-2.2238,0.4685,72.212,32.556,-69.992
85.968386,61.562,7.812,44.775,0.1914,-2.4107,0.0121,54.876,22.092,-69.230
85.985053,62.557,8.848,44.455,0.5077,-2.8094,-0.5957,62.386,12.323,-64.042
86.001720,63.697,9.691,44.081,0.1055,-2.8885,-0.4060,71.970,3.059,-55.373
86.018387,64.872,10.307,43.692,-0.5016,-2.4414,-0.1586,74.520,-4.675,-43.507
86.035054,66.001,10.680,43.359,-1.2406,-1.7313,0.1827,71.319,-8.639,-28.716
86.051721,66.954,10.806,43.124,-1.3010,-1.4773,0.8408,59.797,-9.743,-12.652
86.068388,68.363,10.769,42.998,-1.1586,-1.4701,0.4527,85.968,-7.789,-0.869
86.085055,70.509,10.721,42.883,-1.9490,-0.7082,-1.1274,130.010,-7.403,0.161
86.101722,72.732,10.637,42.825,-1.9240,-0.4014,-0.6762,134.015,-4.944,3.608
86.118389,74.586,10.545,42.781,-1.3754,-0.2124,1.2260,111.691,-4.198,4.438
86.135056,75.815,10.595,42.720,-0.3459,-0.6449,1.6038,74.294,-2.819,-3.862
86.151723,76.830,10.708,42.618,0.0806,-0.2158,-0.0597,62.016,-4.403,-8.119
86.168390,78.402,10.832,42.519,0.1229,0.0457,-2.3477,95.335,-4.230,-8.627
86.185057,80.533,10.910,42.489,-0.6687,0.8332,-2.2337,128.169,-1.007,-5.006
86.201724,83.132,11.127,42.534,-1.0574,0.3699,-1.1391,155.339,4.333,-12.570
86.218391,84.835,11.565,42.662,-1.0631,0.8753,0.9027,100.614,10.070,-25.476
86.235058,84.623,11.692,43.008,-2.2747,1.6905,8.0307,-17.023,20.778,-5.772
86.251725,84.376,11.735,43.213,-1.5607,-2.4833,4.2139,-17.433,12.051,-1.505
86.268392,84.318,11.502,43.449,0.7803,-2.7529,2.3729,-6.477,12.280,15.201
86.285059,84.572,11.241,43.398,1.5550,-0.8153,0.8707,15.714,-4.678,15.307
86.301726,84.647,10.990,43.436,0.2605,2.9396,0.3946,4.012,0.650,15.186
86.318393,84.266,10.830,43.693,-1.6187,1.9494,0.5599,-25.880,13.967,10.914
86.335060,83.690,10.690,44.140,-1.3520,0.4535,-0.6858,-39.718,25.108,11.081
86.351727,83.243,10.566,44.694,-0.7114,0.7451,0.3204,-33.089,31.465,11.037
86.368394,82.933,10.487,45.288,-0.5971,1.5547,-0.4771,-25.313,34.012,8.857
86.385061,82.670,10.419,45.918,-1.3766,1.0680,0.6089,-22.827,36.150,8.642
86.401728,82.523,10.389,46.539,-0.1946,-0.0792,0.3120,-15.745,35.918,6.459
86.418395,82.477,10.364,47.164,0.5975,0.2909,0.5537,-9.715,36.141,6.224
86.435062,82.482,10.273,47.805,0.6321,0.2715,0.7367,-6.807,36.591,10.303
86.451729,82.543,10.137,48.463,0.9382,-0.1088,0.3967,-3.496,37.230,13.129
86.468396,82.615,9.988,49.114,1.0170,-0.3028,0.0728,-2.709,36.814,13.766
86.485063,82.702,9.831,49.757,0.5399,-0.2230,-0.2228,-1.584,36.275,14.117
86.501730,82.702,9.705,50.360,0.4962,-0.4496,-0.0597,-6.354,34.215,11.917
86.518397,82.730,9.605,50.883,0.8898,-0.6436,-0.6413,-3.743,29.734,9.828
86.535064,82.758,9.510,51.343,0.9927,-0.4377,0.1012,-3.053,26.116,8.978
86.551731,82.693,9.407,51.741,0.9433,-0.4709,0.5134,-7.956,22.349,9.079
86.568398,82.753,9.272,52.089,1.1648,-0.5517,0.0344,0.050,19.279,10.546
86.585065,82.978,9.086,52.391,0.8017,-0.6085,-0.0227,10.499,16.132,13.206
86.601732,83.360,8.865,52.676,0.5298,-0.2223,0.2112,20.172,15.053,15.107
86.618399,83.699,8.637,52.983,0.5743,-0.3154,0.0939,17.401,16.358,15.578
86.635066,83.842,8.417,53.303,0.6602,-0.9168,0.0120,5.665,17.305,15.079
86.651733,83.823,8.182,53.619,0.2594,-0.9370,-0.5905,-3.996,16.983,15.944
86.668400,83.830,7.945,53.952,0.1646,-0.7082,-0.6655,-2.441,17.930,16.201
86.685067,83.680,7.775,54.288,0.1491,-0.8757,-0.4360,-11.854,18.584,12.245
86.701734,83.323,7.653,54.585,0.3282,-1.0775,-0.6545,-23.848,16.561,9.263
86.718401,82.915,7.557,54.817,0.4405,-0.8132,-0.5174,-26.437,12.879,7.339
86.735068,82.497,7.470,54.987,0.4563,-0.6272,0.0554,-26.428,9.159,6.424
86.751735,82.071,7.403,55.125,0.3356,-0.4327,0.5649,-26.670,7.458,5.042
86.768402,81.693,7.354,55.267,0.2950,-0.3003,0.7655,-23.814,7.772,4.068
86.785069,81.328,7.302,55.416,0.3281,-0.5570,1.1163,-23.109,8.183,4.362
86.801736,80.957,7.246,55.544,0.4006,-0.7050,1.3055,-23.256,6.854,4.517
86.818403,80.618,7.142,55.649,0.3142,-0.6187,1.6741,-21.169,5.000,7.129
86.835070,80.294,6.963,55.733,0.1863,-0.5301,2.1675,-20.080,3.005,11.421
86.851737,80.111,6.668,55.803,0.0297,-0.2123,2.6310,-11.533,0.921,18.140
86.868404,80.394,6.154,55.851,0.0415,-0.9460,2.1088,16.641,-2.569,30.867
86.885071,81.477,5.381,55.961,-0.0799,-1.1686,2.1313,64.339,-0.949,46.801
86.901738,83.616,4.401,56.070,-0.4313,-1.2290,1.1796,127.731,-1.348,59.211
86.918405,86.407,3.184,56.178,-0.3415,-1.5237,1.0698,167.001,-0.055,73.327
86.935072,89.086,1.806,56.215,0.4990,-2.1404,1.7526,160.659,-1.214,82.724
86.951739,91.687,0.358,56.072,0.7674,-1.7946,0.8912,156.204,-8.155,87.022
86.968406,94.530,-1.193,55.749,0.3862,-0.9261,0.8193,170.446,-14.446,94.020
86.985073,97.507,-2.939,55.307,0.2519,-0.8925,2.3782,177.686,-15.537,107.003
87.001740,100.011,-4.874,54.751,0.7904,-2.0802,4.6517,148.012,-15.385,119.853
87.018407,101.517,-6.926,54.085,1.0702,-2.9079,5.1730,86.304,-16.237,128.487
87.035074,102.124,-9.029,53.288,1.2515,-2.9212,3.9520,29.860,-20.705,133.235
87.051741,102.265,-11.142,52.341,1.1987,-1.8753,2.5797,-1.398,-28.049,135.819
87.068408,102.067,-13.306,51.278,1.6006,-1.3436,2.3788,-25.230,-33.794,140.204
87.085075,101.207,-15.549,50.058,1.5038,-1.4098,1.9950,-69.677,-42.514,146.142
87.101742,99.780,-17.873,48.650,1.1750,-1.1252,1.3310,-109.708,-54.406,151.943
87.118409,97.827,-20.191,47.177,1.3183,-1.3909,1.2971,-145.728,-61.536,150.330
87.135076,95.148,-22.591,45.620,1.3775,-1.5359,0.8253,-194.589,-70.437,152.955
87.151743,92.018,-24.858,44.009,1.7971,-0.9542,-1.0573,-226.397,-80.192,141.325
87.168410,88.720,-26.900,42.240,2.3668,-0.5385,-2.0741,-243.879,-95.023,123.202
87.185077,85.595,-29.012,40.181,2.0631,-0.1999,-1.6659,-245.171,-115.697,121.167
87.201744,83.165,-31.186,38.027,1.3069,0.0864,-1.7572,-210.261,-124.436,118.805
87.218411,81.617,-33.375,35.796,1.4164,-0.5464,-2.3324,-164.115,-129.995,115.042
87.235078,80.187,-35.605,33.477,0.2486,-1.3210,-1.3043,-164.242,-134.793,113.835
87.251745,78.605,-37.794,31.191,-1.4777,-0.3996,-0.8349,-176.661,-132.729,108.703
87.268412,76.872,-39.802,28.907,-2.4037,1.0687,-0.8726,-189.529,-130.392,94.879
87.285079,74.935,-41.614,26.804,-1.7346,2.1361,-2.2796,-198.353,-119.708,81.962
87.301746,72.916,-43.396,25.032,-1.1184,2.8838,-2.8854,-192.810,-105.377,80.841
87.318413,71.227,-45.290,23.672,-0.6108,2.7045,-2.8271,-158.204,-90.895,89.953
87.335080,69.921,-47.200,22.650,-0.7552,1.4384,-2.4649,-122.543,-78.500,93.777
87.351747,68.476,-48.919,21.918,-1.6632,1.3080,-2.3393,-119.331,-64.469,85.724
87.368414,66.445,-50.415,21.467,-1.5376,1.6130,-2.2553,-142.427,-50.953,75.986
87.385081,63.973,-51.835,21.355,-1.0145,2.0727,-2.7795,-153.484,-39.901,75.354
87.401748,61.664,-53.070,21.482,-0.9857,2.1556,-3.2420,-132.516,-30.051,67.836
87.418415,59.538,-54.115,21.667,-1.5035,1.7532,-3.0449,-118.658,-25.370,57.658
87.435082,57.842,-54.985,21.762,-1.1066,1.7104,-3.0746,-97.195,-24.653,46.147
87.451749,56.561,-55.627,21.702,-0.7364,1.6988,-2.6323,-79.902,-22.857,31.059
87.468416,55.469,-56.030,21.479,-0.7147,2.0346,-2.1542,-76.671,-20.045,15.684
87.485083,54.357,-56.201,21.093,-0.4993,2.1051,-1.5465,-86.124,-16.739,0.795
87.501750,53.256,-56.234,20.605,-0.8282,2.1938,-0.8313,-90.533,-14.576,-8.153
87.518417,52.566,-56.183,20.044,-0.4565,1.8357,-0.1220,-69.486,-13.317,-13.874
87.535084,52.187,-56.090,19.526,-0.2429,1.5247,0.4164,-48.704,-10.528,-15.118
87.551751,51.645,-56.044,19.259,0.0836,1.5001,0.5627,-46.023,-5.534,-7.849
87.568418,50.850,-56.074,19.307,0.9121,1.0364,0.1575,-45.485,-0.084,2.294
87.585085,49.744,-56.092,19.553,1.1464,0.8406,-0.2204,-54.346,5.460,5.935
87.601752,48.241,-55.995,19.828,0.9080,0.5726,-0.7202,-76.640,10.634,1.524
87.618419,46.453,-55.763,20.055,0.7471,0.1144,-1.0231,-96.204,14.900,-5.215
87.635086,44.596,-55.410,20.247,0.4113,-0.9109,-0.5497,-102.137,19.319,-10.705
87.651753,42.690,-55.033,20.495,-0.6121,-1.0282,0.1692,-102.333,22.049,-9.596
87.668420,40.940,-54.741,20.864,-0.6039,-0.6089,0.7998,-87.086,21.377,-2.340
87.685087,39.428,-54.484,21.270,-0.2847,0.0268,0.9595,-71.044,20.727,0.665
87.701754,37.928,-54.212,21.711,-0.0732,0.4742,1.1383,-68.663,22.232,1.702
87.718421,36.428,-53.921,22.122,0.1631,0.4737,1.3378,-70.221,22.479,0.881
87.735088,34.981,-53.647,22.494,0.1434,0.1711,1.6276,-69.016,20.873,0.985
87.751755,33.621,-53.412,22.827,-0.3144,0.0821,1.8002,-65.757,18.169,1.731
87.768422,32.388,-53.225,23.045,-0.5699,0.2875,1.6027,-63.677,13.538,0.306
87.785089,31.343,-53.066,23.113,-0.3864,0.4683,1.1070,-59.570,9.231,-3.040
87.801756,30.554,-52.932,23.073,-0.0422,0.5187,0.4854,-49.446,6.013,-5.498
87.818423,29.969,-52.785,22.988,0.1098,0.7435,-0.1758,-39.429,5.881,-7.208
87.835090,29.414,-52.598,22.908,0.2096,0.7652,-0.2280,-37.312,8.154,-8.160
87.851757,28.757,-52.356,22.909,0.3892,0.7464,-0.1576,-39.566,12.596,-7.154
87.868424,28.065,-52.062,22.963,0.7000,0.3257,-0.1869,-39.166,16.291,-6.708
87.885091,27.384,-51.741,23.048,0.1051,-0.2848,-0.0467,-37.144,18.394,-6.311
87.901758,26.803,-51.409,23.112,-0.3375,-0.4345,0.0416,-31.997,18.682,-7.010
87.918425,26.344,-51.098,23.122,-0.4151,-0.7581,0.2836,-27.301,16.761,-8.125
87.935092,25.948,-50.850,23.085,-0.3788,-0.7903,0.2259,-25.718,12.572,-7.902
87.951759,25.688,-50.670,23.033,0.4842,-0.8505,0.1394,-18.232,8.720,-6.605
87.968426,25.351,-50.521,22.927,0.5022,-0.2864,0.0598,-25.331,6.153,-7.543
87.985093,24.897,-50.379,22.757,0.5643,-0.2334,-0.2282,-35.309,4.783,-9.625
88.001760,24.466,-50.229,22.504,0.6456,-0.2491,-0.2912,-37.751,4.026,-12.690
88.018427,24.030,-50.092,22.192,0.4389,0.0077,0.0534,-40.678,2.413,-14.378
88.035094,23.655,-49.961,21.876,0.8089,-0.1074,0.0728,-37.286,2.099,-14.443
88.051761,23.413,-49.830,21.553,0.5040,-0.3319,0.0409,-29.482,2.097,-14.683
88.068428,23.243,-49.684,21.218,0.3467,-0.1173,-0.1946,-25.760,2.791,-15.525
88.085095,23.098,-49.481,20.830,0.3232,0.0057,-0.1604,-26.584,5.110,-18.751
88.101762,22.942,-49.262,20.416,0.1059,0.2244,-0.2138,-28.408,5.630,-20.159
88.118429,22.850,-49.056,20.001,-0.2620,0.0101,-0.2088,-24.592,4.916,-19.925
88.135096,22.820,-48.849,19.607,-0.3773,0.0970,-0.1655,-19.792,5.266,-19.213
88.151763,22.788,-48.666,19.286,-0.5604,0.5509,0.1100,-16.572,5.069,-16.047
88.168430,22.761,-48.515,19.076,-0.0951,0.4365,0.2185,-11.331,4.999,-11.328
88.185097,22.705,-48.403,18.998,0.1563,0.3149,0.3074,-7.062,4.887,-5.559
88.201764,22.532,-48.345,19.032,0.3478,0.3675,0.3720,-9.011,3.596,-0.181
88.218431,22.283,-48.329,19.139,0.6362,0.2538,0.8015,-10.388,2.393,3.490
88.235098,21.891,-48.356,19.341,0.8208,-0.1544,1.0743,-14.629,1.393,7.991
88.251765,21.438,-48.411,19.587,0.5552,-0.9348,0.3011,-16.361,0.438,10.229
88.268432,21.153,-48.428,19.669,-0.2388,-0.5987,-0.5658,-13.634,0.087,3.298
88.285099,21.061,-48.368,19.486,-0.3869,-0.1658,-0.6475,-13.899,0.628,-8.178
88.301766,20.987,-48.209,19.156,-0.4595,-0.1467,-0.3700,-19.446,4.024,-15.821
88.318433,20.867,-48.000,18.863,-0.4348,-0.3157,-0.1206,-20.439,7.391,-15.549
88.335100,20.792,-47.794,18.650,-0.4439,-0.0558,0.1565,-14.207,8.364,-12.504
88.351767,20.673,-47.606,18.509,-0.1609,0.2604,0.5099,-13.568,8.362,-9.395
88.368434,20.518,-47.450,18.418,0.2745,0.3716,0.9029,-13.562,7.364,-6.840
88.385101,20.436,-47.338,18.388,0.3967,0.2094,1.0693,-6.464,5.728,-3.610
88.401768,20.450,-47.278,18.391,-0.1392,0.0881,1.0035,0.752,3.230,-1.232
88.418435,20.571,-47.257,18.354,-0.3257,0.0356,0.5202,5.461,0.538,-1.929
88.435102,20.720,-47.246,18.268,-0.3955,-0.0100,0.1154,4.911,-0.768,-3.608
88.451769,20.862,-47.245,18.219,-0.1651,0.0667,-0.2258,6.174,-0.808,-1.959
88.468436,20.956,-47.220,18.212,-0.0047,0.2430,-0.3092,5.106,1.143,-0.900
88.485103,20.943,-47.189,18.266,0.1069,0.1447,-0.0789,1.419,2.362,1.306
88.501770,20.911,-47.174,18.381,0.2038,0.0555,0.2189,2.963,2.399,3.997
88.518437,20.900,-47.194,18.513,0.0199,-0.0351,0.3734,4.929,0.661,5.371
88.535104,20.940,-47.246,18.625,-0.0549,-0.0874,0.2640,7.089,-1.441,5.275
88.551771,20.992,-47.314,18.694,-0.0129,0.0436,0.0326,5.926,-2.975,4.013
88.568438,20.964,-47.381,18.731,0.2043,0.0695,-0.2963,-0.252,-3.356,2.734
88.585105,20.858,-47.442,18.792,0.3798,0.0382,-0.4202,-3.859,-2.692,3.552
88.601772,20.662,-47.486,18.902,0.4291,0.1889,-0.3861,-7.112,-1.013,5.022
88.618439,20.407,-47.521,19.086,0.5449,0.1582,-0.1712,-7.378,0.467,7.657
88.635106,20.120,-47.557,19.352,0.3999,0.1374,0.2185,-5.661,1.553,10.761
88.651773,19.836,-47.603,19.650,0.1915,0.0999,0.3963,-4.005,1.429,12.198
88.668440,19.622,-47.658,19.912,0.0438,0.0159,0.3853,-1.462,0.311,11.007
88.685107,19.455,-47.703,20.117,-0.3020,0.0491,0.3616,-1.198,0.111,8.584
88.701774,19.326,-47.733,20.242,-0.5138,0.0258,0.2781,-2.373,-0.182,5.303
88.718441,19.252,-47.761,20.311,-0.4796,-0.0915,0.2028,-1.567,-0.821,3.096
88.735108,19.246,-47.789,20.354,-0.2974,-0.0243,0.0248,1.303,-1.183,2.096
88.751775,19.239,-47.815,20.373,-0.1513,0.1676,-0.1033,0.238,-1.359,1.179
88.768442,19.219,-47.828,20.415,-0.0877,0.1374,0.1050,0.403,-0.313,1.763
88.785109,19.199,-47.823,20.520,-0.0208,0.2367,0.2581,3.244,1.518,3.818
88.801776,19.161,-47.813,20.653,-0.0399,0.3992,0.2932,3.441,2.162,4.786
88.818443,19.112,-47.811,20.809,0.0749,0.3473,0.2425,3.803,2.023,5.858
88.835110,19.098,-47.843,20.988,0.1260,0.2745,0.0581,6.842,0.366,7.354
88.851777,19.153,-47.884,21.183,0.1743,0.0212,-0.0671,11.791,0.099,8.171
88.868444,19.273,-47.934,21.391,-0.0409,-0.2523,0.0129,16.199,-0.226,8.784
88.885111,19.484,-48.006,21.598,-0.0118,-0.4826,0.0749,21.671,-1.441,9.211
88.901778,19.721,-48.081,21.778,0.1046,-0.3717,0.0763,21.983,-2.019,8.235
88.918445,19.912,-48.153,21.900,0.1966,-0.1897,-0.0952,16.730,-2.552,5.989
88.935112,20.099,-48.208,21.955,0.5644,-0.3010,-0.1779,13.469,-2.509,3.123
88.951779,20.282,-48.243,21.972,0.5401,-0.2580,-0.1644,11.545,-1.887,1.289
88.968446,20.411,-48.254,21.963,0.2543,-0.1683,-0.0353,7.057,-0.900,-0.210
88.985113,20.595,-48.260,21.945,0.3464,-0.1741,-0.0470,10.070,-0.748,-0.606
89.001780,20.880,-48.267,21.932,0.2678,-0.0207,0.0036,16.287,-0.742,-0.425
89.018447,21.210,-48.267,21.923,0.1033,0.1456,-0.0200,19.218,-0.273,-0.427
89.035114,21.576,-48.252,21.907,0.1411,0.1730,0.0615,20.999,0.449,-1.020
89.051781,21.876,-48.228,21.895,-0.1920,0.1997,0.1539,17.217,0.988,-1.081
89.068448,22.128,-48.205,21.869,-0.1101,0.0515,0.1468,13.808,0.792,-1.558
89.085115,22.353,-48.192,21.863,-0.1111,0.0738,0.1711,13.001,0.426,-0.596
89.101782,22.480,-48.182,21.860,-0.0994,0.2434,0.1204,7.241,0.365,-0.431
89.118449,22.461,-48.160,21.835,-0.0355,0.3130,0.1101,-2.467,0.664,-1.512
89.135116,22.421,-48.136,21.817,0.1212,0.1705,0.0842,-3.409,0.910,-1.300
89.151783,22.363,-48.113,21.809,0.0780,0.1210,0.1653,-4.091,1.017,-0.931
89.168450,22.253,-48.100,21.791,-0.0439,0.0277,0.1622,-7.595,0.311,-1.019
89.185117,22.126,-48.102,21.791,-0.1107,-0.1419,0.2559,-7.816,-0.263,-0.034
89.201784,22.004,-48.122,21.800,-0.1389,-0.1118,0.1867,-7.192,-1.155,0.682
89.218451,21.872,-48.143,21.782,0.0947,-0.1001,0.0197,-8.930,-1.593,-0.253
89.235118,21.675,-48.154,21.734,0.2244,-0.0220,-0.0782,-14.142,-1.507,-1.608
89.251785,21.434,-48.144,21.677,0.2466,0.0514,-0.0650,-17.224,-0.405,-2.431
89.268452,21.211,-48.112,21.618,0.2544,0.0211,-0.0282,-16.282,0.734,-2.983
89.285119,20.986,-48.070,21.565,0.1318,0.0366,0.1021,-16.101,1.463,-2.988
89.301786,20.746,-48.034,21.528,-0.0523,0.1126,0.1143,-16.250,1.290,-2.201
89.318453,20.562,-48.014,21.476,0.0572,0.0942,0.1246,-13.558,0.260,-2.467
89.335120,20.405,-47.991,21.429,0.1356,0.1172,0.1315,-11.746,0.462,-2.330
89.351787,20.310,-47.973,21.399,0.0641,0.0893,0.1065,-7.259,0.440,-1.601
89.368454,20.244,-47.960,21.365,-0.0320,0.1099,0.1349,-5.684,0.103,-1.606
89.385121,20.172,-47.960,21.343,-0.0338,0.1161,0.0629,-5.553,-0.445,-0.906
89.401788,20.113,-47.960,21.329,0.0239,0.1162,0.0336,-4.414,-0.377,-0.612
89.418455,20.072,-47.968,21.345,-0.0618,0.1373,0.0704,-1.953,-0.356,0.689
89.435122,20.072,-47.983,21.368,0.0900,0.1132,0.0452,0.755,-0.735,1.091
89.451789,20.088,-48.004,21.385,0.1086,0.0890,0.0229,1.544,-1.067,0.987
89.468456,20.143,-48.021,21.422,0.0839,-0.0407,0.0569,4.696,-0.615,1.674
89.485123,20.203,-48.025,21.462,0.0839,-0.0272,0.0880,5.131,0.165,1.520
89.501790,20.230,-48.025,21.500,-0.0004,0.0025,0.1165,3.118,0.392,1.368
89.518457,20.263,-48.025,21.541,0.0986,-0.0091,0.1319,3.599,0.397,1.475
89.535124,20.297,-48.029,21.577,0.1112,0.0903,0.1813,3.444,0.110,1.385
89.551791,20.359,-48.033,21.608,0.2215,0.0098,0.2330,4.885,0.074,1.162
89.568458,20.442,-48.034,21.624,0.1779,-0.0250,0.3649,5.459,0.023,0.546
89.585125,20.507,-48.031,21.613,0.0595,-0.1392,0.3057,3.159,-0.163,-0.557
89.601792,20.593,-48.027,21.581,-0.0482,-0.2788,0.1826,3.500,-0.394,-1.359
89.618459,20.714,-48.025,21.531,-0.1253,-0.1315,0.0211,4.837,-0.727,-2.001
89.635126,20.876,-48.022,21.461,-0.0499,-0.0198,-0.0382,6.341,-1.026,-2.761
89.651793,21.062,-48.012,21.398,0.0283,-0.0192,0.0061,8.091,-0.477,-2.677
89.668460,21.240,-47.992,21.347,-0.0454,0.0225,0.0549,8.201,0.197,-2.415
89.685127,21.365,-47.977,21.309,-0.2534,0.2133,0.1218,5.575,0.152,-1.834
89.701794,21.464,-47.980,21.300,-0.0915,0.1915,0.1362,5.311,-0.458,-0.330
89.718461,21.581,-48.007,21.335,0.1103,0.1909,0.1286,8.327,-1.200,1.832
89.735128,21.711,-48.046,21.390,0.2498,0.2549,-0.0444,10.054,-1.499,2.849
89.751795,21.886,-48.084,21.457,0.2911,0.0406,-0.1544,13.239,-1.300,3.265
89.768462,22.062,-48.122,21.520,0.0930,0.0197,-0.2909,13.147,-1.322,3.114
89.785129,22.159,-48.141,21.541,0.1020,-0.0051,-0.3494,6.535,-0.880,1.143
89.801796,22.147,-48.139,21.560,0.2461,-0.0098,-0.4650,-0.114,0.214,0.574
89.818463,22.069,-48.122,21.601,0.4086,0.1119,-0.2836,-3.070,1.383,1.088
89.835130,21.950,-48.083,21.669,0.6089,0.1646,-0.0202,-4.329,3.057,1.561
89.851797,21.777,-48.025,21.749,0.6362,0.0223,0.1921,-7.002,4.287,1.598
89.868464,21.571,-47.952,21.788,0.3211,-0.1133,0.3364,-10.857,4.462,-0.234
89.885131,21.384,-47.873,21.750,-0.0411,-0.1426,0.3520,-13.174,3.719,-3.247
89.901798,21.208,-47.778,21.635,-0.0756,-0.1141,0.2284,-15.876,3.449,-6.447
89.918465,20.984,-47.678,21.487,-0.1380,-0.0307,0.1431,-20.257,3.319,-7.824
89.935132,20.778,-47.579,21.355,-0.1203,0.0311,0.0300,-18.433,3.500,-7.194
89.951799,20.616,-47.485,21.236,-0.2571,0.1476,0.1070,-15.179,3.384,-6.552
89.968466,20.481,-47.392,21.115,-0.2530,0.1602,0.1570,-13.709,3.382,-6.652
89.985133,20.390,-47.317,21.002,-0.1584,0.2517,0.1958,-10.683,2.414,-5.948
90.001800,20.299,-47.251,20.906,-0.1989,0.3882,0.2082,-9.928,2.189,-5.129
90.018467,20.189,-47.194,20.845,-0.0331,0.2945,0.1113,-9.463,2.223,-3.564
90.035134,20.066,-47.155,20.825,-0.1229,0.2174,0.1401,-8.503,1.778,-1.642
90.051801,19.987,-47.132,20.845,-0.0111,-0.0275,0.1667,-4.102,1.385,0.227
90.068468,19.896,-47.119,20.877,-0.0285,-0.0367,0.1723,-4.301,1.016,0.903
90.085135,19.776,-47.119,20.903,0.1440,-0.0617,0.0796,-6.330,0.218,0.916
90.101802,19.684,-47.123,20.934,0.1716,-0.1045,0.0960,-4.387,0.051,1.217
90.118469,19.650,-47.132,20.962,0.1802,-0.1305,0.1841,-1.068,-0.302,1.180
90.135136,19.657,-47.146,20.980,0.1099,-0.1788,0.2507,1.002,-0.717,0.923
90.151803,19.684,-47.156,20.973,0.1925,-0.2810,0.2256,1.096,-0.832,-0.143
90.168470,19.713,-47.166,20.959,0.0393,-0.2157,0.2416,0.837,-0.912,-0.427
90.185137,19.733,-47.168,20.910,0.0111,-0.0283,0.0635,-1.108,-0.914,-1.894
90.201804,19.736,-47.159,20.826,-0.0393,0.0783,-0.0067,-3.791,-0.838,-3.474
90.218471,19.754,-47.136,20.751,-0.0695,0.0471,-0.0241,-2.482,0.114,-3.443
90.235138,19.840,-47.112,20.691,-0.0720,0.1060,0.0332,2.322,0.352,-2.855
90.251805,19.934,-47.090,20.651,-0.1049,0.2652,0.0585,3.676,0.507,-2.032
90.268472,20.011,-47.068,20.629,-0.0602,0.2102,0.0984,3.416,0.778,-1.371
90.285139,20.105,-47.071,20.636,-0.0276,0.0985,0.1992,5.714,-0.227,0.268
90.301806,20.247,-47.103,20.677,0.0175,0.0288,0.1643,10.046,-1.372,2.166
90.318473,20.453,-47.159,20.727,0.0168,-0.0115,0.0228,14.330,-2.660,2.998
90.335140,20.737,-47.224,20.762,0.0727,0.0092,-0.1829,18.308,-3.307,2.657
90.351807,20.967,-47.273,20.775,0.0918,0.0580,-0.3909,14.159,-2.695,1.460
90.368474,21.023,-47.305,20.763,0.0603,0.1623,-0.5135,2.600,-2.165,0.175
90.385141,20.964,-47.310,20.779,0.2471,0.0989,-0.5337,-3.109,-0.212,0.642
90.401808,20.895,-47.306,20.858,0.5623,0.1580,-0.1450,-0.824,1.212,2.868
90.418475,20.890,-47.301,20.994,0.7970,0.0838,0.3313,5.439,2.085,4.976
90.435142,20.984,-47.300,21.143,0.7054,-0.1950,0.5483,11.989,2.082,5.584
90.451809,21.097,-47.287,21.205,0.0901,-0.2354,0.4977,9.249,1.492,1.991
90.468476,21.119,-47.244,21.134,-0.1570,-0.2254,0.2661,-2.021,1.179,-3.695
90.485143,21.076,-47.180,21.004,-0.1757,-0.2819,0.1234,-8.574,1.532,-6.423
90.501810,21.029,-47.108,20.895,-0.1473,-0.0858,-0.0316,-7.818,2.254,-5.766
90.518477,20.982,-47.035,20.808,-0.1732,0.2491,-0.0166,-6.878,2.656,-4.967
90.535144,20.935,-46.953,20.725,-0.1527,0.2994,0.0992,-6.690,3.210,-4.967
90.551811,20.917,-46.873,20.664,-0.0444,0.2950,0.2212,-3.990,3.457,-4.134
90.568478,20.906,-46.791,20.618,-0.1299,0.3836,0.2159,-2.904,3.719,-3.573
90.585145,20.916,-46.727,20.573,-0.1191,0.2531,0.1766,-1.647,2.798,-3.215
90.601812,20.930,-46.677,20.542,-0.0632,0.1523,0.1368,-0.746,2.162,-2.316
90.618479,20.916,-46.633,20.523,0.0266,0.0789,0.1011,-1.906,2.017,-1.734
90.635146,20.892,-46.601,20.518,0.0378,0.0561,0.0518,-1.870,1.587,-0.934
90.651813,20.882,-46.571,20.514,0.0725,0.0350,0.0283,-1.042,1.409,-0.871
90.668480,20.859,-46.533,20.493,0.0862,-0.0889,0.0069,-2.519,1.672,-1.653
90.685147,20.828,-46.501,20.474,0.0401,-0.1571,0.0653,-2.941,1.344,-1.510
90.701814,20.830,-46.484,20.459,-0.0869,-0.2199,0.1391,-0.748,0.610,-0.999
90.718481,20.852,-46.483,20.440,-0.1208,-0.1972,0.2008,0.278,-0.434,-0.802
90.735148,20.859,-46.486,20.389,-0.0249,-0.0604,0.1809,-2.075,-1.048,-2.012
90.751815,20.875,-46.483,20.332,0.2120,-0.0216,0.0494,-1.715,-0.846,-2.297
90.768482,20.912,-46.468,20.275,0.2161,0.1627,0.0931,-0.517,-0.209,-2.586
90.785149,20.935,-46.457,20.230,0.1152,0.2510,0.2382,-0.836,-0.211,-2.059
90.801816,20.976,-46.451,20.191,-0.0178,0.0703,0.3744,0.531,-0.374,-1.695
90.818483,21.043,-46.457,20.160,-0.1343,0.0023,0.4100,2.419,-1.014,-1.137
90.835150,21.103,-46.468,20.123,-0.3278,0.1199,0.2750,1.753,-1.314,-1.224
90.851817,21.172,-46.478,20.080,-0.2475,0.2362,-0.0071,2.002,-1.381,-1.528
90.868484,21.256,-46.478,20.038,-0.1353,0.3270,-0.1120,2.984,-0.805,-1.685
90.885151,21.317,-46.474,20.019,-0.0722,0.2497,-0.1003,2.563,-0.204,-0.881
90.901818,21.365,-46.473,20.037,-0.0327,0.1706,-0.0551,3.464,0.132,0.631
90.918485,21.430,-46.478,20.091,0.0399,0.1078,0.0058,6.006,0.402,2.109
90.935152,21.485,-46.490,20.171,0.0997,0.0322,0.0562,6.495,0.346,3.286
90.951819,21.502,-46.505,20.244,0.1583,-0.0221,-0.0231,3.935,0.067,3.081
90.968486,21.501,-46.528,20.307,0.1714,-0.1179,-0.0823,2.472,-0.486,2.901
90.985153,21.499,-46.558,20.356,0.1415,-0.1860,-0.1896,1.760,-1.068,2.447
91.001820,21.513,-46.592,20.395,0.2282,-0.1624,-0.2805,2.313,-1.527,2.204
91.018487,21.532,-46.626,20.438,0.2561,-0.0533,-0.2345,2.757,-1.413,2.315
91.035154,21.524,-46.648,20.494,0.2870,-0.0022,0.0115,1.720,-0.554,2.566
91.051821,21.502,-46.657,20.543,0.3433,-0.1367,0.3335,0.590,0.093,2.028
91.068488,21.466,-46.656,20.565,0.2836,-0.2433,0.4823,-1.450,0.193,0.760
91.085155,21.423,-46.641,20.532,0.0709,-0.1234,0.3573,-4.265,0.190,-1.669
91.101822,21.389,-46.615,20.434,-0.1584,0.0219,0.1626,-6.547,-0.163,-4.386
91.118489,21.398,-46.572,20.312,-0.0408,0.0602,-0.0005,-5.011,0.374,-5.678
91.135156,21.437,-46.520,20.218,-0.0569,0.2277,0.0215,-1.999,1.302,-4.845
91.151823,21.478,-46.462,20.146,-0.0538,0.2112,0.1094,-0.909,1.963,-4.105
91.168490,21.488,-46.402,20.069,-0.0034,0.1848,0.1883,-3.030,2.034,-4.350
91.185157,21.492,-46.356,19.988,0.0210,0.1843,0.1591,-3.518,1.139,-4.172
91.201824,21.493,-46.323,19.910,-0.1012,0.2360,0.1466,-3.541,0.502,-3.781
91.218491,21.491,-46.304,19.859,-0.0788,0.2426,0.0653,-2.541,0.121,-2.452
91.235158,21.502,-46.300,19.851,-0.0697,0.1780,0.0653,0.021,-0.037,-0.458
91.251825,21.500,-46.301,19.877,-0.1042,0.1104,0.0857,0.771,0.138,0.949
91.268492,21.491,-46.307,19.912,-0.1303,-0.0220,0.1153,0.716,0.021,1.445
91.285159,21.478,-46.314,19.945,-0.1168,-0.0220,0.1646,0.459,-0.076,1.385
91.301826,21.466,-46.321,19.966,-0.0095,-0.1139,0.1161,-0.089,-0.230,0.865
91.318493,21.474,-46.334,19.984,-0.0675,-0.1336,0.1124,0.993,-0.637,0.937
91.335160,21.534,-46.361,19.990,-0.0364,-0.1051,0.0958,3.638,-1.574,0.782
91.351827,21.592,-46.394,19.967,-0.1036,-0.0569,0.0938,2.207,-2.379,-0.238
91.368494,21.655,-46.429,19.933,0.0657,-0.0637,0.0302,2.094,-2.634,-0.590
91.385161,21.738,-46.459,19.897,0.0411,0.0472,-0.0469,3.117,-2.409,-0.779
91.401828,21.856,-46.471,19.847,0.0957,0.1406,-0.2252,4.705,-1.594,-1.702
91.418495,22.023,-46.449,19.788,0.0711,0.3081,-0.2040,7.225,0.114,-2.798
91.435162,22.262,-46.383,19.734,0.2046,0.4996,-0.2307,11.760,2.669,-3.612
91.451829,22.616,-46.272,19.723,0.1853,0.8219,-0.2785,20.482,5.804,-3.017
91.468496,23.132,-46.105,19.788,0.0332,1.3705,-0.5556,33.500,10.095,-1.474
91.485163,23.911,-45.858,20.030,-0.0225,2.0911,-0.8319,56.938,17.424,3.298
91.501830,25.141,-45.517,20.459,0.1547,2.3673,-0.9029,91.925,25.930,7.801
91.518497,26.966,-45.051,21.103,0.4287,2.4908,-1.0459,136.690,36.894,12.123
91.535164,29.512,-44.441,22.013,0.7346,3.1316,-1.1851,190.954,50.453,16.806
91.551831,32.834,-43.707,23.322,0.4908,3.9655,-0.9473,253.640,66.811,25.423
91.568498,36.932,-42.922,25.007,-1.0173,4.0016,-0.1003,314.918,80.624,33.381
91.585165,42.202,-42.205,26.936,-1.9479,4.1002,-0.0198,394.088,87.389,38.252
91.601832,48.824,-41.668,29.071,-1.8093,3.8177,0.4521,482.569,90.524,43.793
91.618499,56.473,-41.296,31.265,-1.4804,3.1261,0.8551,545.759,91.997,42.041
91.635166,64.370,-40.942,33.248,-1.4484,1.5965,1.4448,551.647,88.423,25.743
91.651833,71.866,-40.439,34.809,-1.7222,0.3025,0.9955,510.401,77.158,-1.705
91.668500,78.799,-39.806,35.932,-0.9045,-0.5463,-0.7710,459.052,59.454,-23.839
91.685167,85.242,-38.947,36.777,-0.8959,0.1591,-2.5667,418.332,45.908,-45.750
91.701834,91.826,-37.927,37.432,-1.1287,1.8245,-2.6973,419.103,32.244,-60.602
91.718501,98.893,-36.743,37.954,-1.0384,2.2571,-2.4315,442.600,18.053,-73.263
91.735168,105.944,-35.384,38.364,-0.9909,1.1898,-1.3986,437.095,1.781,-84.152
91.751835,112.897,-34.030,38.630,-1.2083,-0.1745,-0.1549,425.854,-14.797,-81.235
91.768502,119.775,-32.527,38.914,-0.8689,-0.3630,-0.1862,421.539,-27.449,-87.381
91.785169,126.616,-30.798,39.222,-0.1652,0.6439,-0.5547,419.760,-43.827,-95.684
91.801836,133.415,-28.811,39.656,0.0596,2.1816,-1.2666,420.398,-59.590,-106.091
91.818503,139.482,-26.586,40.356,-0.0239,2.5489,-1.3911,383.071,-71.407,-119.213
91.835170,144.375,-24.491,41.222,-0.0329,0.5187,0.3873,315.498,-70.314,-114.659
91.851837,148.266,-22.529,42.156,-0.0847,-1.3011,0.8351,255.363,-69.744,-108.287
91.868504,150.992,-20.511,43.241,1.1630,-2.1342,0.5640,186.994,-74.183,-113.693
91.885171,153.093,-18.258,44.349,1.3178,-2.4204,-0.0620,147.614,-90.308,-118.896
91.901838,155.210,-15.804,45.532,0.9338,-1.2584,-0.3935,147.393,-103.225,-125.481
91.918505,157.339,-13.632,46.679,1.2193,-2.7654,1.0723,144.813,-92.875,-113.503
91.935172,159.490,-11.836,47.637,1.5628,-4.6543,2.5628,141.317,-79.917,-91.902
91.951839,161.569,-10.262,48.495,1.6833,-4.7870,2.4237,134.294,-72.502,-79.232
91.968506,163.280,-8.816,49.285,1.8713,-3.8664,1.1236,110.141,-68.917,-70.873
91.985173,164.404,-7.549,49.965,1.9907,-3.0587,0.6646,72.937,-62.055,-60.024
92.001840,165.072,-6.510,50.528,1.8314,-2.3886,0.5335,43.946,-51.648,-48.825
92.018507,165.784,-5.631,50.989,1.1326,-1.7136,0.2664,45.384,-44.441,-39.995
92.035174,166.759,-4.830,51.356,1.0883,-1.2434,0.2645,60.251,-41.789,-32.743
92.051841,167.845,-4.173,51.631,0.7295,-0.8650,0.4941,66.229,-35.101,-24.790
92.068508,168.808,-3.683,51.805,0.6089,-1.0323,0.4158,58.253,-27.007,-16.198
92.085175,169.540,-3.316,51.868,0.8338,-1.4307,0.3188,43.923,-21.195,-7.914
92.101842,169.979,-3.021,51.851,0.7472,-1.8425,0.2160,26.061,-17.910,-2.147
92.118509,170.156,-2.760,51.731,0.3120,-1.4603,0.3773,10.044,-16.950,4.312
92.135176,170.320,-2.576,51.467,-0.1084,-0.7755,0.5106,8.883,-13.822,13.673
92.151843,170.525,-2.483,51.062,0.0056,-0.6487,0.4386,11.046,-9.808,22.955
92.168510,170.684,-2.422,50.564,0.1372,-0.8402,0.3347,8.096,-8.766,28.808
92.185177,170.948,-2.375,49.932,0.1165,-0.9421,0.5473,14.050,-9.091,36.911
92.201844,171.362,-2.289,49.152,0.3580,-0.7606,0.5855,22.733,-12.591,45.343
92.218511,171.784,-2.165,48.306,0.1056,-0.1033,0.4001,23.151,-15.030,49.081
92.235178,172.241,-2.058,47.372,-0.2148,0.1623,0.2093,25.196,-14.402,54.528
92.251845,172.714,-1.998,46.399,-0.1092,0.0759,0.1872,26.123,-11.512,57.290
92.268512,173.175,-1.969,45.460,-0.0073,-0.0946,1.0241,25.497,-8.909,55.620
92.285179,173.735,-2.039,44.610,-0.1716,-0.6038,1.0228,31.622,-1.878,51.102
92.301846,174.272,-2.120,43.906,0.3476,-0.9655,0.4922,30.463,0.161,42.425
92.318513,174.609,-2.150,43.357,0.2883,-0.9971,0.0664,18.815,-1.654,32.939
92.335180,174.855,-2.170,42.848,0.3074,-1.0718,0.6432,13.450,-1.904,30.413
92.351847,175.043,-2.247,42.314,0.3926,-1.4413,0.9985,9.882,1.543,32.296
92.368514,175.073,-2.351,41.776,0.5786,-1.8189,0.7553,0.340,3.169,32.622
92.385181,175.181,-2.441,41.265,0.1799,-1.7061,0.5311,5.043,2.562,30.927
92.401848,175.368,-2.516,40.833,-0.0442,-1.2699,0.3287,9.901,2.108,26.179
92.418515,175.381,-2.572,40.471,-0.0724,-0.7162,-0.0858,-0.315,1.312,21.887
92.435182,175.229,-2.589,40.137,-0.1999,-0.7625,-0.3340,-10.143,-0.862,19.977
92.451849,175.074,-2.630,39.873,-0.4867,-0.3368,-0.3214,-10.180,0.883,15.982
92.468516,174.885,-2.705,39.695,-0.2569,-0.6022,-0.5572,-11.967,3.321,11.010
92.485183,174.716,-2.741,39.640,-0.2213,-0.4848,-0.6256,-10.429,1.627,3.459
92.501850,174.452,-2.696,39.676,0.1611,-0.2304,-0.3375,-15.882,-2.690,-2.438
92.518517,174.058,-2.613,39.743,0.1648,-0.3555,0.2112,-23.573,-4.766,-4.570
92.535184,173.660,-2.550,39.811,0.0104,-0.6357,0.7011,-23.838,-3.581,-4.429
92.551851,173.386,-2.529,39.929,-0.2068,-0.6436,0.8963,-16.266,-0.650,-7.224
92.568518,173.400,-2.620,40.129,-0.5050,-0.1496,1.2766,1.209,6.557,-11.288
92.585185,173.371,-2.850,40.373,0.2177,-0.2994,1.2288,-1.150,15.166,-12.955
92.601852,173.040,-3.134,40.603,0.5363,-0.7034,1.0259,-19.243,18.362,-11.738
92.618519,172.510,-3.405,40.805,0.3314,-0.8291,0.5313,-31.285,17.433,-9.982
92.635186,172.006,-3.632,40.968,-0.1979,-0.3749,0.1733,-29.718,14.620,-7.842
92.651853,171.758,-3.838,41.088,-0.5089,0.1652,-0.0965,-14.541,12.993,-5.390
92.668520,171.758,-3.982,41.128,-0.1822,0.4355,-0.0171,0.005,8.724,-1.173
92.685187,171.885,-4.071,41.110,-0.0159,0.4971,-0.0929,7.446,4.887,1.828
92.701854,172.063,-4.099,41.064,0.0148,0.0464,-0.3399,10.348,1.085,2.905
92.718521,172.359,-4.030,41.081,-0.2262,0.1251,-0.1687,17.682,-4.157,-1.537
92.735188,172.603,-3.899,41.159,-0.2857,0.1707,0.0059,14.827,-7.439,-5.697
92.751855,172.790,-3.741,41.278,-0.4721,0.1431,0.2796,11.585,-8.698,-8.317
92.768522,173.069,-3.626,41.411,-0.7230,-0.0069,0.5784,17.088,-6.061,-8.744
92.785189,173.369,-3.517,41.539,-0.4156,-0.5066,0.4825,18.343,-5.821,-8.426
92.801856,173.608,-3.353,41.640,-0.0501,-0.7335,0.1319,14.592,-9.268,-7.153
92.818523,173.937,-3.151,41.764,-0.3109,-0.2165,0.4054,19.979,-11.417,-8.690
92.835190,174.243,-2.953,41.924,-0.3204,0.1590,0.5981,18.736,-11.031,-10.788
92.851857,174.435,-2.753,42.135,-0.1144,-0.0145,0.6716,12.041,-10.921,-13.779
92.868524,174.481,-2.549,42.397,-0.0030,-0.1783,0.6189,3.298,-10.839,-16.835
92.885191,174.412,-2.302,42.716,0.1383,-0.2434,0.1745,-3.452,-13.100,-20.505
92.901858,174.285,-2.015,43.065,-0.0169,-0.2774,0.0785,-6.958,-15.236,-22.510
92.918525,174.243,-1.732,43.429,-0.0867,-0.0703,-0.0154,-1.973,-14.946,-23.439
92.935192,174.364,-1.454,43.799,-0.0373,-0.1223,0.0854,7.769,-14.590,-23.769
92.951859,174.555,-1.187,44.145,0.2293,-0.3419,0.5129,11.761,-14.086,-22.248
92.968526,174.736,-0.928,44.453,0.4298,-0.8076,0.5920,11.083,-13.942,-19.850
92.985193,174.780,-0.646,44.756,0.6188,-0.7982,0.2227,2.746,-15.407,-19.658
93.001860,174.705,-0.352,45.037,0.5388,-0.6516,0.1632,-4.456,-16.210,-18.424
93.018527,174.591,-0.081,45.308,0.4420,-0.2038,0.3352,-6.937,-14.849,-17.742
93.035194,174.370,0.181,45.600,0.4170,0.0603,0.2859,-13.405,-14.119,-18.968
93.051861,174.260,0.399,45.896,-0.1326,0.3654,0.4344,-6.773,-11.437,-18.972
93.068528,174.400,0.588,46.198,-0.0477,0.2284,0.4835,8.093,-9.709,-19.209
93.085195,174.568,0.786,46.535,0.3286,-0.0364,0.2433,9.737,-10.030,-21.257
93.101862,174.655,1.001,46.895,0.2563,0.2043,-0.0211,4.751,-11.018,-22.752
93.118529,174.615,1.214,47.262,0.3670,0.2349,-0.1565,-2.971,-10.865,-23.167
93.135196,174.435,1.418,47.659,0.4671,0.0581,-0.1112,-11.481,-10.065,-24.883
93.151863,174.210,1.650,48.084,0.2763,0.2851,0.0992,-14.309,-11.540,-26.756
93.168530,174.106,1.860,48.524,-0.0777,0.4181,0.1604,-7.135,-10.081,-27.555
93.185197,174.083,2.072,48.957,0.1211,-0.0024,-0.0976,-2.386,-10.129,-27.171
93.201864,174.123,2.281,49.374,0.1901,-0.1948,-0.2217,1.282,-10.120,-26.145
93.218531,174.311,2.472,49.745,0.0844,-0.0451,0.1145,10.223,-9.355,-23.339
93.235198,174.637,2.614,50.048,0.0189,-0.1326,0.5374,18.636,-6.895,-18.925
93.251865,175.037,2.723,50.291,0.0732,-0.4659,0.5549,23.204,-5.420,-15.138
93.268532,175.360,2.827,50.502,0.2147,-0.5973,0.3992,18.678,-5.325,-13.099
93.285199,175.630,2.919,50.680,0.1368,-0.4946,0.3964,15.529,-4.903,-11.093
93.301866,175.924,2.986,50.870,-0.1722,-0.1670,0.2705,16.919,-3.325,-11.722
93.318533,176.174,3.032,51.082,-0.2269,-0.1658,0.1188,14.246,-2.054,-12.881
93.335200,176.391,3.105,51.324,-0.1528,-0.2944,-0.0686,12.066,-3.633,-14.765
93.351867,176.552,3.216,51.616,-0.0188,-0.4945,-0.0944,8.624,-5.756,-17.918
93.368534,176.695,3.356,51.944,-0.1164,-0.3148,0.0932,7.342,-7.390,-20.115
93.385201,176.788,3.494,52.296,-0.0695,-0.2692,0.0407,4.144,-7.260,-21.516
93.401868,176.926,3.648,52.661,-0.1165,-0.1312,-0.0711,6.834,-8.179,-22.401
93.418535,177.124,3.828,53.039,-0.1525,-0.0491,-0.2163,10.267,-9.793,-23.151
93.435202,177.375,4.026,53.411,-0.0591,-0.1404,-0.0970,13.417,-10.976,-22.873
93.451869,177.580,4.234,53.785,0.1194,-0.1274,0.0179,10.577,-11.619,-22.948
93.468536,177.708,4.462,54.127,0.2482,-0.1677,0.0694,5.967,-13.011,-21.052
93.485203,177.826,4.689,54.442,0.1222,0.0789,0.2085,5.445,-13.069,-19.335
93.501870,177.928,4.876,54.732,0.0809,-0.0946,0.1346,4.575,-10.689,-17.777
93.518537,178.060,5.040,54.999,0.2297,-0.2614,0.0323,6.373,-9.431,-16.566
93.535204,178.204,5.183,55.264,0.1826,-0.1041,0.2248,7.107,-8.219,-16.145
93.551871,178.274,5.294,55.504,0.2930,0.0073,0.2868,2.811,-6.403,-14.558
93.568538,178.211,5.377,55.721,0.4005,-0.0772,0.1084,-5.156,-4.766,-13.150
93.585205,178.132,5.429,55.911,0.2484,-0.1542,0.0963,-5.928,-2.887,-11.488
93.601872,178.154,5.457,56.090,0.0709,-0.0913,0.1817,0.214,-1.496,-10.764
93.618539,178.216,5.459,56.260,-0.0319,-0.0111,0.1268,2.611,0.038,-10.181
93.635206,178.240,5.455,56.402,0.1603,-0.2076,-0.0191,0.519,0.315,-8.505
93.651873,178.228,5.438,56.529,0.1288,-0.3878,0.1732,-1.551,1.102,-7.637
93.668540,178.183,5.403,56.652,0.0314,-0.2995,0.2000,-3.522,2.143,-7.259
93.685207,178.101,5.348,56.751,0.0598,-0.4188,0.2479,-5.594,3.312,-5.842
93.701874,177.999,5.276,56.806,0.0705,-0.4554,0.2544,-6.523,4.315,-3.168
93.718541,177.905,5.198,56.830,-0.0967,-0.1735,0.1470,-5.887,4.569,-1.306
93.735208,177.827,5.124,56.825,-0.1334,-0.0705,0.0900,-4.765,4.228,0.439
93.751875,177.787,5.061,56.803,-0.1144,-0.0450,-0.1055,-2.390,3.593,1.408
93.768542,177.763,5.031,56.782,-0.0158,-0.1267,-0.2391,-1.450,1.605,1.312
93.785209,177.761,5.031,56.784,-0.1687,0.1186,-0.0869,-0.202,-0.183,-0.176
93.801876,177.743,5.048,56.801,-0.2244,0.1879,-0.0062,-1.304,-1.114,-1.054
93.818543,177.710,5.075,56.824,-0.1881,0.2077,0.0896,-2.181,-1.724,-1.487
93.835210,177.680,5.117,56.863,-0.1482,0.0516,0.0536,-2.181,-2.609,-2.438
93.851877,177.681,5.156,56.927,-0.2381,0.0873,0.0625,-0.373,-2.347,-3.977
93.868544,177.691,5.186,57.011,-0.1297,-0.0014,0.0911,0.032,-1.747,-5.098
93.885211,177.691,5.220,57.099,-0.0646,-0.0867,0.2796,-0.628,-1.941,-5.389
93.901878,177.678,5.243,57.170,0.0670,-0.4831,0.2784,-1.266,-1.370,-4.329
93.918545,177.674,5.258,57.219,0.1854,-0.3053,0.5176,-0.682,-0.977,-3.024
93.935212,177.710,5.245,57.238,0.0351,0.0069,0.5501,1.990,0.679,-1.082
93.951879,177.787,5.187,57.215,-0.0263,0.1267,0.3498,4.603,3.280,1.437
93.968546,177.805,5.109,57.188,0.1223,-0.1178,0.0275,1.073,4.444,1.767
93.985213,177.792,5.034,57.177,0.1182,-0.1786,0.0357,-0.806,4.337,0.774
94.001880,177.758,4.968,57.190,-0.0406,-0.0074,0.0695,-2.268,3.823,-0.612
94.018547,177.695,4.916,57.209,-0.0326,0.0299,0.0270,-3.976,3.033,-1.087
94.035214,177.711,4.880,57.231,-0.0769,-0.0395,-0.1508,0.714,2.018,-1.265
94.051881,177.770,4.885,57.301,-0.1265,0.0199,-0.3352,3.039,-0.250,-4.198
94.068548,177.831,4.917,57.370,-0.2231,0.0101,-0.2710,3.235,-1.954,-4.241
94.085215,177.923,4.952,57.439,0.1574,-0.1463,-0.0013,5.016,-2.097,-4.228
94.101882,178.000,5.002,57.507,0.1720,-0.3176,0.0882,4.158,-3.021,-4.207
94.118549,178.047,5.080,57.605,0.1503,-0.2009,-0.0584,2.132,-4.594,-6.044
94.135216,178.061,5.158,57.706,0.1195,-0.2795,0.1049,0.195,-4.658,-6.203
94.151883,178.099,5.239,57.776,0.2576,-0.4586,0.1151,1.748,-4.835,-4.751
94.168550,178.215,5.303,57.830,0.0377,-0.2227,0.1750,6.506,-3.882,-3.384
94.185217,178.307,5.328,57.844,0.2443,-0.2312,0.4123,5.363,-1.646,-0.917
94.201884,178.370,5.317,57.824,0.4048,-0.2554,0.5219,3.753,0.476,1.177
94.218551,178.384,5.299,57.792,0.4494,-0.2271,0.3622,0.900,0.875,1.885
94.235218,178.345,5.286,57.752,0.4314,-0.1809,0.3397,-2.250,0.552,2.376
94.251885,178.337,5.268,57.712,0.2755,-0.0806,0.2554,-0.328,0.867,2.381
94.268552,178.357,5.238,57.677,0.2243,-0.0338,0.2124,1.247,1.574,2.075
94.285219,178.379,5.188,57.635,0.2374,-0.1109,0.1674,1.447,2.786,2.591
94.301886,178.393,5.140,57.588,0.3452,-0.2136,0.1645,0.972,2.668,2.811
94.318553,178.392,5.102,57.539,0.3000,-0.2015,0.1349,0.108,2.026,2.985
94.335220,178.377,5.057,57.483,0.2632,-0.1463,0.1732,-0.705,2.425,3.361
94.351887,178.351,4.991,57.423,0.2539,-0.2514,0.1309,-1.317,3.712,3.642
94.368554,178.335,4.937,57.362,0.2350,-0.2465,-0.1008,-0.759,2.982,3.711
94.385221,178.350,4.904,57.306,0.1770,-0.2530,-0.0892,1.123,1.708,3.392
94.401888,178.395,4.871,57.254,0.0403,-0.1070,0.1340,2.825,1.753,3.119
94.418555,178.445,4.851,57.221,0.1094,-0.1961,0.0858,3.101,0.996,1.971
94.435222,178.506,4.841,57.206,0.0028,-0.0639,0.1256,3.640,0.434,0.866
94.451889,178.508,4.836,57.203,0.1096,-0.1688,0.1212,0.031,0.084,0.142
94.468556,178.482,4.847,57.206,0.0892,-0.2208,0.1112,-1.665,-0.783,-0.227
94.485223,178.493,4.871,57.207,-0.0406,-0.0064,0.1345,0.550,-1.619,-0.131
94.501890,178.460,4.934,57.154,-0.2072,0.1840,0.2416,-1.803,-3.988,2.841
94.518557,178.435,4.944,57.072,0.1002,0.1509,0.4965,-1.154,-0.893,4.837
94.535224,178.452,4.915,57.010,0.1642,-0.0130,0.5748,1.216,1.485,3.706
94.551891,178.518,4.830,56.970,0.1705,-0.0803,0.7541,4.088,4.861,2.458
94.568558,178.525,4.724,56.950,0.3072,-0.3025,0.6107,0.403,6.157,1.296
94.585225,178.404,4.622,56.943,0.2770,-0.5118,0.1889,-7.313,5.984,0.576
94.601892,178.239,4.551,56.961,-0.0459,-0.4006,-0.2420,-10.059,4.130,-1.001
94.618559,178.045,4.482,56.987,-0.1571,-0.3132,-0.2428,-11.896,3.999,-1.467
94.635226,177.905,4.398,56.993,-0.0174,-0.3606,-0.0201,-8.487,4.880,-0.224
94.651893,177.838,4.316,56.991,-0.0335,-0.3843,-0.0484,-4.104,4.781,0.248
94.668560,177.780,4.224,56.981,0.1766,-0.5056,0.0513,-3.548,5.364,0.800
94.685227,177.674,4.144,56.957,0.2723,-0.5501,0.0180,-6.312,4.577,1.628
94.701894,177.519,4.093,56.909,0.2595,-0.5696,-0.0236,-9.168,2.798,2.949
94.718561,177.377,4.026,56.817,0.1505,-0.5530,0.0863,-8.244,3.602,5.634
94.735228,177.302,3.920,56.663,0.2682,-0.8219,0.3727,-3.924,5.796,9.468
94.751895,177.315,3.784,56.411,0.6112,-1.4429,0.2404,1.721,7.291,15.368
94.768562,177.341,3.629,56.079,0.9960,-1.4041,0.3078,2.770,8.236,20.266
94.785229,177.298,3.458,55.636,0.9362,-1.4231,0.1208,-0.965,8.855,26.923
94.801896,177.272,3.306,55.138,0.4053,-0.9507,-0.4031,0.113,7.551,30.197
94.818563,177.225,3.129,54.580,0.8640,-0.9795,-0.2212,-0.986,8.864,33.847
94.835230,177.013,2.935,54.003,1.3781,-1.1637,0.1621,-10.888,9.770,35.045
94.851897,176.705,2.789,53.377,1.1589,-0.6907,-0.0727,-16.669,6.595,37.475
94.868564,176.385,2.659,52.701,0.9860,-0.1154,-0.0161,-17.277,5.235,40.913
94.885231,176.129,2.516,52.013,0.4162,0.5221,0.1482,-13.459,5.721,41.693
94.901898,176.030,2.358,51.346,-0.2565,0.9782,-0.1165,-4.271,6.521,40.500
94.918565,176.143,2.210,50.708,-0.3411,0.8644,-0.3558,8.326,6.141,38.698
94.935232,176.256,2.072,50.084,0.1544,0.4294,-0.2405,8.159,5.594,37.828
94.951899,176.276,1.955,49.465,0.0101,0.5117,0.1548,2.508,4.378,37.476
94.968566,176.283,1.844,48.868,-0.3743,0.8320,0.3321,1.558,4.203,36.107
94.985233,176.361,1.711,48.286,-0.4109,0.8165,0.3773,5.773,5.503,35.308
95.001900,176.568,1.572,47.741,-0.5103,0.7961,0.3209,13.291,6.144,33.101
95.018567,176.830,1.447,47.215,-0.5350,0.6807,0.2990,16.509,5.462,31.884
95.035234,177.185,1.334,46.701,-0.4472,0.5408,0.2440,22.037,4.963,31.159
95.051901,177.606,1.257,46.256,-0.4258,0.3927,0.0683,25.787,3.188,26.885
95.068568,177.970,1.218,45.893,-0.4343,0.3249,0.2318,22.252,1.285,21.812
95.085235,178.263,1.196,45.580,-0.4005,0.2984,0.3579,17.919,0.556,18.758
95.101902,178.461,1.162,45.323,-0.3258,0.2041,0.2868,12.144,1.399,15.432
95.118569,178.557,1.122,45.109,-0.4186,0.1373,-0.0196,5.910,1.816,12.943
95.135236,178.577,1.084,44.930,-0.4341,0.0059,-0.2893,1.369,1.841,10.746
95.151903,178.582,1.074,44.792,-0.4265,-0.0187,-0.3961,0.384,0.197,8.258
95.168570,178.624,1.074,44.692,-0.5417,0.0572,-0.2764,2.543,-0.366,6.018
95.185237,178.707,1.076,44.600,-0.3956,-0.0799,-0.0131,4.982,-0.416,5.539
95.201904,178.787,1.098,44.504,-0.2617,-0.2317,-0.1691,4.789,-1.651,5.698
95.218571,178.794,1.147,44.392,-0.0062,-0.3932,-0.2664,0.463,-3.280,6.581
95.235238,178.807,1.211,44.275,-0.1122,-0.2103,-0.3105,0.831,-4.156,6.923
95.251905,178.824,1.281,44.173,-0.1096,-0.2801,-0.0969,1.080,-4.518,5.994
95.268572,178.853,1.349,44.078,-0.0190,-0.4808,0.4719,1.771,-4.397,5.548
95.285239,178.931,1.382,43.968,-0.0017,-0.4056,1.0331,4.777,-2.271,5.785
95.301906,178.929,1.362,43.865,0.2632,-0.5377,0.7543,-0.075,0.937,6.071
95.318573,178.854,1.310,43.776,0.1141,-0.5460,0.6529,-4.464,2.781,6.151
95.335240,178.731,1.229,43.652,0.1551,-0.2865,0.5680,-7.290,4.561,7.052
95.351907,178.570,1.146,43.550,-0.0731,-0.2035,0.3173,-9.645,4.632,6.202
95.368574,178.335,1.066,43.469,-0.1540,-0.1320,0.1058,-14.059,4.526,4.921
95.385241,178.103,0.971,43.428,-0.3313,-0.1401,0.1660,-13.984,5.443,2.592
95.401908,177.867,0.843,43.444,-0.4067,-0.3641,0.0764,-14.234,7.528,-0.844
95.418575,177.590,0.720,43.503,-0.3027,-0.6312,0.2498,-16.752,7.330,-3.282
95.435242,177.309,0.601,43.607,-0.3271,-0.6148,0.3289,-17.016,7.238,-5.940
95.451909,177.007,0.491,43.745,-0.3731,-0.3929,0.1630,-18.298,6.824,-7.986
95.468576,176.564,0.385,43.919,-0.2753,-0.3020,0.0815,-26.755,6.768,-10.117
95.485243,176.030,0.275,44.059,-0.2955,-0.0445,0.4217,-32.173,6.999,-7.968
95.501910,175.620,0.118,44.147,-0.3232,0.0833,0.6596,-24.675,9.624,-5.011
95.518577,175.187,-0.059,44.251,-0.1518,-0.0985,0.6588,-26.072,10.974,-5.342
95.535244,174.681,-0.221,44.389,-0.3502,-0.2048,0.3654,-30.461,10.142,-6.807
95.551911,174.072,-0.379,44.564,-0.1450,0.1193,-0.0274,-36.569,10.381,-9.744
95.568578,173.511,-0.521,44.810,-0.3880,0.2195,-0.1501,-33.608,9.880,-13.981
95.585245,172.884,-0.630,45.063,0.1100,-0.3394,-0.2378,-37.609,8.182,-14.427
95.601912,171.943,-0.718,45.349,0.4940,-0.5401,-0.0478,-56.349,7.333,-16.361
95.618579,170.905,-0.802,45.651,0.2903,-0.1148,0.1111,-62.146,7.545,-17.160
95.635246,170.007,-0.867,45.982,0.4192,0.0207,-0.0880,-53.633,7.000,-18.985
95.651913,169.286,-0.902,46.339,0.3706,0.2034,-0.6073,-43.067,5.732,-20.730
95.668580,168.729,-0.899,46.684,0.5230,0.2037,-0.7158,-33.163,3.639,-20.324
95.685247,168.218,-0.871,46.984,0.8702,-0.3573,-0.3381,-30.497,1.785,-18.071
95.701914,167.651,-0.806,47.251,0.9413,-0.7817,0.2507,-33.852,-0.636,-16.479
95.718581,167.107,-0.703,47.499,0.5743,-0.8950,0.5199,-32.527,-2.934,-15.873
95.735248,166.619,-0.601,47.716,0.6428,-0.7469,0.3680,-29.244,-3.158,-14.124
95.751915,166.217,-0.504,47.858,0.5519,-0.4061,0.1700,-24.079,-3.831,-9.664
95.768582,165.977,-0.428,47.954,-0.0119,0.0691,-0.1444,-14.427,-3.181,-6.711
95.785249,165.850,-0.386,48.039,-0.2034,0.3287,-0.3877,-7.629,-1.406,-5.591
95.801916,165.760,-0.367,48.094,-0.1930,0.1480,-0.1851,-5.478,-0.427,-3.474
95.818583,165.688,-0.320,48.134,0.1854,-0.1836,0.0022,-4.376,-2.309,-3.023
95.835250,165.507,-0.212,48.204,0.1013,0.1682,0.0185,-10.887,-5.381,-5.694
95.851917,165.329,-0.106,48.249,-0.0743,0.2859,0.3576,-10.787,-5.652,-4.253
95.868584,165.326,-0.016,48.269,-0.1711,-0.0550,0.6203,-0.210,-5.115,-2.585
95.885251,165.437,0.049,48.270,-0.2025,-0.0614,0.5459,6.570,-3.919,-1.086
95.901918,165.607,0.050,48.210,-0.2047,-0.0059,0.4245,10.113,-1.109,3.450
95.918585,165.841,0.003,48.102,-0.0523,-0.2406,0.5086,13.948,0.980,6.977
95.935252,165.961,-0.076,47.982,0.0786,-0.5405,0.4438,7.127,2.662,8.053
95.951919,166.036,-0.192,47.868,0.0329,-0.4284,0.6081,4.413,4.975,8.332
95.968586,166.052,-0.316,47.789,0.1336,-0.1288,0.7975,0.834,5.861,6.364
95.985253,165.939,-0.421,47.746,-0.1703,0.1922,0.5755,-6.873,5.336,3.983
96.001920,165.733,-0.536,47.675,0.3270,-0.1542,0.3271,-12.485,5.499,5.815
96.018587,165.561,-0.599,47.600,0.1822,0.3164,-0.3099,-10.465,2.418,5.248
96.035254,165.549,-0.618,47.497,-0.0447,0.6934,-0.5227,-0.878,-0.644,6.259
96.051921,165.677,-0.607,47.394,0.1738,0.4478,0.0647,7.558,-2.314,5.789
96.068588,165.829,-0.650,47.302,0.5953,0.0837,1.3245,8.957,0.926,5.926
96.085255,166.186,-0.686,47.166,1.2586,-0.8710,1.7161,21.237,-0.015,8.397
96.101922,166.587,-0.682,47.013,0.9382,-0.2175,-0.0351,23.877,-2.576,8.788
96.118589,166.959,-0.672,46.853,0.3339,0.2458,-0.6708,22.134,-2.935,9.068
96.135256,167.349,-0.704,46.668,-0.2123,0.3837,0.0425,23.187,-0.536,10.102
96.151923,167.762,-0.726,46.495,-0.1763,-0.5117,0.4297,24.582,-1.165,10.613
96.168590,168.071,-0.743,46.366,-0.3151,-0.7197,0.2625,18.334,-0.831,7.861
96.185257,168.209,-0.740,46.236,-0.5416,-0.4196,-0.4042,8.108,-1.921,7.466
96.201924,168.429,-0.758,46.115,-0.5246,0.0214,0.1019,13.044,-0.622,7.203
96.218591,168.688,-0.794,46.002,-0.1432,-0.4372,0.5302,15.333,0.497,7.493
96.235258,168.903,-0.842,45.870,0.0058,-0.4922,0.8968,12.742,1.082,8.447
96.251925,169.206,-0.947,45.718,0.2686,-0.4412,0.8154,17.977,4.388,9.605
96.268592,169.453,-1.104,45.547,0.4921,-0.5955,0.4772,14.528,7.213,11.789
96.285259,169.560,-1.261,45.361,0.5359,-0.7011,-0.1068,6.102,7.023,12.710
96.301926,169.542,-1.421,45.214,0.1282,-0.3090,-0.9072,-1.344,7.603,10.622
96.318593,169.453,-1.535,45.121,0.1191,-0.1603,-0.9306,-5.547,5.564,6.685
96.335260,169.243,-1.612,45.077,-0.0409,-0.1302,-0.7077,-12.741,3.895,3.436
96.351927,169.015,-1.622,45.080,-0.3432,0.0511,-0.4044,-13.757,0.439,-0.045
96.368594,168.791,-1.604,45.134,-0.4396,-0.1997,-0.2866,-13.409,-0.615,-3.466
96.385261,168.529,-1.636,45.213,-0.6898,-0.1126,0.5385,-15.662,2.627,-4.294
96.401928,168.230,-1.687,45.303,-1.1668,-0.0102,0.6737,-17.845,3.937,-4.705
96.418595,168.144,-1.706,45.294,-0.3937,-0.4632,0.2991,-5.287,0.824,0.751
96.435262,168.081,-1.687,45.169,-0.5880,-0.3418,0.1482,-4.091,-2.830,7.064
96.451929,167.999,-1.600,45.037,-1.1382,0.2441,-0.5172,-5.211,-6.889,6.637
96.468596,168.195,-1.591,44.945,-1.1261,0.7999,0.4944,11.501,-1.819,5.284
96.485263,168.168,-1.586,44.939,-0.0222,-0.4826,0.3089,-1.704,-0.493,0.276
96.501930,167.634,-1.554,45.087,-0.3387,-0.2861,-0.1710,-31.949,-0.179,-9.147
96.518597,167.256,-1.527,45.297,-0.8654,0.0777,-0.4239,-22.441,1.000,-12.674
96.535264,167.052,-1.507,45.488,0.0067,-1.0453,-0.6281,-12.010,1.262,-11.452
96.551931,166.927,-1.467,45.643,-0.0393,-1.1790,-0.8329,-7.382,-0.425,-9.607
96.568598,166.935,-1.425,45.761,-0.3254,-0.6735,-0.7825,0.560,-0.950,-7.484
96.585265,166.930,-1.351,45.859,-0.2308,-0.7122,-0.6460,-0.278,-3.165,-6.760
96.601932,166.870,-1.256,45.969,-0.2273,-0.4893,0.1187,-3.537,-4.171,-7.759
96.618599,166.852,-1.152,46.115,-0.1627,0.2490,1.1076,-1.004,-4.327,-9.373
96.635266,166.627,-1.089,46.246,0.2636,0.6411,1.5848,-13.479,-2.048,-8.516
96.651933,166.330,-1.107,46.348,0.1755,0.7712,1.5114,-17.787,2.487,-6.138
96.668600,165.972,-1.158,46.518,0.0334,0.9130,0.9870,-21.413,5.214,-9.008
96.685267,165.378,-1.211,46.730,0.0352,0.6428,0.2675,-35.486,6.093,-11.585
96.701934,164.814,-1.293,46.931,0.3606,-0.1825,0.2388,-33.661,7.694,-10.400
96.718601,164.394,-1.295,47.166,0.3561,-0.3166,0.0195,-25.057,3.664,-13.364
96.735268,163.687,-1.244,47.418,0.8150,-0.5190,-0.2745,-42.187,1.042,-15.220
96.751935,162.920,-1.161,47.651,0.3214,-0.0025,-0.2546,-45.838,-0.906,-14.909
96.768602,162.424,-1.058,47.884,0.0693,0.5842,0.0628,-29.610,-1.848,-15.212
96.785269,162.141,-1.006,48.045,0.0300,0.4848,0.1733,-16.921,-0.200,-10.147
96.801936,162.032,-0.996,48.094,0.8679,-0.4194,0.2884,-6.573,0.159,-3.022
96.818603,161.883,-0.951,48.056,1.1178,-1.1422,0.2782,-9.146,-3.429,1.290
96.835270,161.666,-0.896,47.959,0.5856,-0.4598,0.1872,-13.209,-5.090,4.492
96.851937,161.600,-0.841,47.868,0.0448,-0.0699,-0.1605,-4.105,-4.989,4.115
96.868604,161.847,-0.766,47.878,-0.6443,0.4062,0.0956,14.719,-4.284,-2.015
96.885271,162.097,-0.718,47.881,0.0275,-0.1203,0.5447,14.889,-2.821,-1.078
96.901938,162.136,-0.587,47.970,0.2651,-0.4330,-0.0186,2.301,-5.995,-7.491
96.918605,162.057,-0.405,48.164,0.0745,-0.2416,-0.2373,-4.751,-7.000,-14.500
96.935272,161.939,-0.203,48.406,0.0867,-0.2532,0.0931,-7.135,-7.218,-17.516
96.951939,161.649,-0.019,48.678,-0.0037,-0.0569,0.3163,-17.442,-5.542,-18.931
96.968606,161.224,0.179,48.920,0.2444,-0.0448,0.4882,-25.631,-6.721,-17.817
96.985273,160.907,0.301,49.082,0.1676,-0.1975,0.3549,-19.158,-3.921,-11.587
97.001940,160.880,0.363,49.131,-0.0563,-0.0316,0.2070,-1.731,-2.652,-4.042
97.018607,161.033,0.409,49.186,0.0708,0.1837,0.3118,9.022,-1.693,-4.124
97.035274,161.092,0.441,49.252,0.1018,-0.0016,0.0101,3.450,-0.691,-4.377
97.051941,160.980,0.462,49.300,-0.6673,0.2432,0.5863,-6.851,-0.443,-3.136
97.068608,160.697,0.430,49.247,-0.2211,0.0011,0.9627,-17.070,0.633,3.580
97.085275,160.255,0.218,49.067,0.1481,0.0917,0.6782,-26.628,8.213,14.422
97.101942,159.737,-0.173,48.768,0.1152,-0.3459,0.2326,-31.168,15.815,24.772
97.118609,159.234,-0.542,48.476,-0.2418,-0.7025,-0.5485,-30.398,14.429,24.128
97.135276,158.915,-0.705,48.332,-0.9232,-0.7068,-0.8900,-19.328,5.955,11.426
97.151943,158.927,-0.800,48.228,-0.8272,0.2070,-0.5736,0.492,2.956,7.728
97.168610,159.234,-0.945,48.091,-0.2797,0.1361,0.3193,18.217,5.023,10.782
97.185277,159.985,-1.245,47.826,0.2619,-0.7582,1.1802,44.631,11.219,21.116
97.201944,160.768,-1.554,47.484,1.2829,-1.0597,1.2503,46.314,10.453,25.507
97.218611,161.294,-1.854,47.056,1.5682,-1.0594,1.2012,30.720,8.579,29.907
97.235278,161.547,-2.149,46.641,0.6120,0.1711,0.9717,14.194,8.606,29.448
97.251945,161.546,-2.407,46.309,0.3149,0.2823,-0.0839,-0.950,8.162,23.916
97.268612,161.390,-2.637,46.073,0.5444,0.4447,-0.7679,-10.080,8.437,17.719
97.285279,161.406,-2.819,45.915,-0.2135,1.1273,-0.5612,0.406,7.181,12.473
97.301946,161.699,-2.954,45.827,-0.1623,1.1017,-0.3181,17.234,5.815,7.515
97.318613,162.116,-3.006,45.776,-0.4738,0.7501,-0.7822,24.785,1.865,3.859
97.335280,162.462,-2.979,45.739,-0.3399,0.1664,-0.5040,20.517,-2.412,1.592
97.351947,162.775,-2.926,45.716,-0.2317,-0.4746,-0.3260,18.539,-3.759,0.679
97.368614,163.093,-2.874,45.649,-0.2707,-1.0163,0.6231,18.768,-4.323,2.902
97.385281,163.329,-2.939,45.543,-0.5087,-1.1079,1.8120,13.738,1.747,7.209
97.401948,163.280,-3.078,45.422,0.0546,-1.4750,1.2504,-3.459,5.721,9.297
97.418615,162.999,-3.204,45.302,-0.3077,-1.0174,-0.2158,-17.359,4.997,9.069
97.435282,162.624,-3.279,45.186,-0.5095,-0.6227,-1.1053,-23.006,2.070,7.934
97.451949,162.365,-3.296,45.071,-0.9785,-0.0678,-1.5470,-15.993,-1.211,6.849
97.468616,162.448,-3.309,44.993,-1.2718,0.7220,-0.8342,4.562,-0.843,4.703
97.485283,162.753,-3.327,44.919,-0.4694,0.2350,-0.0208,17.902,-0.425,4.528
97.501950,163.021,-3.335,44.872,0.1491,-0.1267,0.5229,15.842,-0.543,2.795
97.518617,163.106,-3.337,44.868,0.2733,0.0078,0.6269,4.920,-0.071,0.264
97.535284,163.038,-3.350,44.883,0.3178,-0.0604,0.5695,-4.104,0.862,-0.663
97.551951,162.936,-3.372,44.929,0.3634,-0.0077,0.6357,-6.114,1.919,-2.297
97.568618,162.753,-3.427,44.989,0.1002,0.3447,1.0067,-10.885,4.072,-2.485
97.585285,162.587,-3.521,45.032,0.0448,0.0960,0.8075,-9.929,5.960,-0.785
97.601952,162.450,-3.603,45.073,0.3513,-0.3838,0.2722,-8.174,5.287,-0.907
97.618619,162.342,-3.660,45.106,0.1751,-0.2931,-0.1694,-6.458,3.717,-0.880
97.635286,162.261,-3.701,45.133,0.0326,-0.3979,-0.3936,-4.884,2.645,-0.810
97.651953,162.225,-3.686,45.148,-0.0976,-0.3048,-0.5274,-2.227,-0.718,-1.145
97.668620,162.215,-3.641,45.153,-0.1742,-0.2477,-0.3811,-0.702,-2.617,-1.102
97.685287,162.283,-3.587,45.159,-0.4162,-0.1998,-0.2124,3.964,-3.115,-1.367
97.701954,162.358,-3.505,45.171,-0.5393,0.0084,0.0957,4.419,-4.643,-2.157
97.718621,162.457,-3.452,45.180,-0.4573,-0.0069,0.2837,5.851,-3.027,-1.460
97.735288,162.593,-3.389,45.199,-0.3397,-0.0159,0.3326,8.076,-3.400,-2.265
97.751955,162.742,-3.363,45.214,0.0182,-0.0014,0.2199,8.879,-1.367,-1.312
97.768622,163.140,-3.427,45.208,-0.1503,-0.0414,0.0214,23.743,3.390,1.451
97.785289,163.757,-3.453,45.155,0.1709,-0.4464,-0.2608,36.675,0.451,3.477
97.801956,164.209,-3.375,45.072,0.5083,-0.9896,-0.7940,26.718,-5.998,3.474
97.818623,164.499,-3.159,45.019,0.1000,-0.6627,-0.9099,17.093,-13.483,-0.493
97.835290,164.776,-2.864,45.004,-0.4123,-0.0204,-0.6090,16.421,-17.481,-3.856
97.851957,165.092,-2.572,45.025,-0.7463,0.5087,0.2527,18.927,-16.709,-5.758
97.868624,165.428,-2.341,45.081,-0.4681,0.5971,1.0645,20.168,-12.721,-6.845
97.885291,165.587,-2.191,45.138,0.0998,0.2346,1.3634,9.543,-7.957,-5.574
97.901958,165.440,-2.087,45.187,0.4727,-0.3673,1.1775,-8.878,-5.449,-4.468
97.918625,164.948,-2.013,45.268,0.1727,-0.3123,0.7892,-29.426,-3.158,-6.029
97.935292,164.256,-1.947,45.387,-0.0379,-0.2174,0.3116,-41.421,-2.102,-7.832
97.951959,163.648,-1.893,45.540,-0.1654,-0.0638,-0.2472,-36.329,-0.721,-9.682
97.968626,163.393,-1.833,45.696,-0.3391,0.1412,-0.5508,-15.126,-0.935,-10.018
97.985293,163.319,-1.760,45.826,-0.1231,0.1486,-0.3363,-4.356,-2.112,-8.762
98.001960,163.439,-1.713,45.860,0.2773,-0.1716,0.1935,7.122,-2.282,-2.755
98.018627,163.575,-1.659,45.876,0.2933,-0.2701,0.6807,8.043,-3.032,-1.714
98.035294,163.716,-1.636,45.848,0.1719,-0.1484,0.4670,8.293,-2.053,1.543
98.051961,163.625,-1.650,45.849,-0.2692,0.0612,0.1093,-5.597,0.695,0.176
98.068628,163.374,-1.666,45.890,-0.0775,-0.1666,0.2179,-15.124,1.341,-1.711
98.085295,163.279,-1.727,45.901,0.1505,-0.3861,0.3582,-5.839,3.547,0.388
98.101962,163.257,-1.794,45.862,0.0822,-0.2817,0.2051,-1.537,2.987,3.377
98.118629,163.134,-1.848,45.822,-0.1911,-0.0725,0.0307,-7.556,2.312,3.185
98.135296,162.998,-1.895,45.803,0.0830,-0.0650,0.2888,-8.386,2.166,1.923
98.151963,162.918,-1.956,45.791,0.1485,0.0069,0.3725,-4.956,3.175,1.711
98.168630,162.761,-2.002,45.795,0.1140,-0.1049,0.1860,-9.512,2.568,0.573
98.185297,162.504,-2.022,45.823,0.1211,-0.1053,0.0089,-15.500,1.467,-1.256
98.201964,162.308,-2.028,45.831,0.2085,-0.2564,-0.1309,-11.901,0.354,-0.412
98.218631,162.337,-2.050,45.800,0.0564,-0.2829,0.0036,1.518,0.580,2.197
98.235298,162.448,-2.075,45.750,-0.0217,-0.2670,0.1045,6.428,0.381,3.277
98.251965,162.513,-2.085,45.700,0.0378,-0.3353,0.2235,3.666,-0.517,3.014
98.268632,162.490,-2.096,45.662,-0.0057,-0.0538,0.1477,-1.592,-0.175,2.333
98.285299,162.433,-2.129,45.607,-0.0659,-0.0066,0.2643,-3.668,0.724,3.706
98.301966,162.272,-2.174,45.543,0.2832,-0.3138,0.1749,-9.940,1.292,4.428
98.318633,162.172,-2.246,45.471,0.3424,-0.1515,0.4343,-6.321,2.613,5.438
98.335300,162.143,-2.331,45.407,0.2606,0.1860,0.3838,-2.032,3.561,5.163
98.351967,162.046,-2.448,45.371,-0.0867,0.5721,0.3592,-6.013,5.871,4.162
98.368634,161.982,-2.549,45.361,0.0710,0.0210,0.3164,-4.002,5.393,2.406
98.385301,161.895,-2.605,45.368,0.2977,-0.3501,0.0302,-5.320,3.166,0.633
98.401968,161.688,-2.629,45.362,0.3286,-0.4898,-0.1222,-12.561,1.265,0.358
98.418635,161.577,-2.630,45.353,0.1271,-0.2147,-0.0211,-6.817,-0.029,-0.222
98.435302,161.500,-2.663,45.325,-0.3098,0.4319,0.3000,-4.814,1.134,2.516
98.451969,161.480,-2.834,45.261,-0.4972,0.6325,1.0060,-1.510,8.378,6.688
98.468636,161.632,-3.104,45.148,0.3751,-0.5054,1.1831,8.601,12.995,11.670
98.485303,161.819,-3.304,45.057,0.8415,-1.0405,0.3685,10.773,9.567,8.859
98.501970,161.848,-3.419,44.969,0.5659,-0.2778,-0.5989,1.347,4.731,7.132
98.518637,161.869,-3.555,44.895,-0.0171,0.5418,-0.2494,0.833,6.261,6.728
98.535304,161.991,-3.698,44.799,-0.4762,0.6059,0.4910,6.826,6.195,8.139
98.551971,162.132,-3.806,44.738,-0.0573,-0.2610,0.1911,8.089,4.874,5.391
98.568638,162.140,-3.816,44.699,-0.1304,-0.5125,-0.7191,0.190,-0.321,2.373
98.585305,162.182,-3.798,44.678,-0.6127,0.3690,-1.6251,2.287,-1.584,0.927
98.601972,162.308,-3.701,44.641,-0.3120,-0.3491,-0.4301,7.315,-6.389,0.366
98.618639,162.483,-3.686,44.631,-0.8947,-0.2919,1.3848,10.304,-1.201,0.289
98.635306,162.425,-3.731,44.640,-0.3835,-0.9152,1.2025,-3.583,2.568,0.289
98.651973,162.150,-3.761,44.677,-0.7359,-0.8330,-0.2601,-16.529,2.270,-1.611
98.668640,161.769,-3.703,44.735,-1.1106,-0.6336,-1.4946,-22.775,-2.389,-4.374
98.685307,161.218,-3.498,44.798,-0.7045,-0.9012,-1.9312,-32.928,-10.599,-7.533
98.701974,160.651,-3.257,44.905,-1.0043,-0.1725,-0.6127,-33.777,-11.719,-10.801
98.718641,160.694,-3.151,44.991,-1.7963,0.8574,1.9131,2.677,-4.448,-6.999
98.735308,160.969,-3.201,45.090,-0.2036,-0.2001,2.5535,16.679,4.625,-4.593
98.751975,160.735,-3.293,45.198,0.5891,-0.5280,1.4811,-13.821,7.127,-4.066
98.768642,160.307,-3.421,45.319,0.2397,-0.1059,0.5914,-25.422,9.571,-4.278
98.785309,159.714,-3.563,45.470,0.3218,-0.0597,0.1408,-35.190,10.930,-5.634
98.801976,158.857,-3.685,45.679,0.3214,-0.0211,-0.1748,-50.764,11.151,-9.083
98.818643,158.144,-3.792,45.955,-0.3957,0.6771,-0.3630,-41.867,11.916,-13.069
98.835310,157.694,-3.911,46.179,-0.0433,0.4936,-0.1387,-26.252,11.582,-9.824
98.851977,157.455,-3.986,46.399,0.2613,0.3496,-0.2904,-13.565,8.961,-10.403
98.868644,157.214,-3.973,46.582,0.3626,0.1886,-0.8528,-13.898,3.143,-9.891
98.885311,157.154,-3.874,46.735,0.4113,0.0730,-0.9493,-3.163,-2.065,-10.809
98.901978,157.211,-3.715,46.860,0.2297,0.3795,-0.8369,3.736,-6.011,-10.605
98.918645,157.342,-3.566,46.946,0.3091,0.3071,0.0754,8.072,-6.379,-8.198
98.935312,157.630,-3.446,47.006,0.2289,0.1050,0.6407,17.334,-5.441,-6.116
98.951979,158.078,-3.386,47.056,0.1270,-0.1072,0.6915,26.868,-2.334,-4.155
98.968646,158.477,-3.404,47.094,0.3972,-0.5388,0.8321,23.901,1.647,-1.730
98.985313,158.694,-3.462,47.120,0.1293,-0.5868,0.9755,12.981,3.685,-0.204
99.001980,158.736,-3.505,47.135,0.3633,-0.6879,1.1190,2.337,2.129,1.189
99.018647,158.738,-3.582,47.180,0.6726,-0.1870,0.2327,0.143,5.272,-1.165
99.035314,158.697,-3.496,47.233,0.0189,-0.4869,-0.6764,-2.370,-3.748,-5.081
99.051981,158.591,-3.475,47.277,-0.7024,0.6271,-0.1430,-6.350,-0.348,-2.983
99.068648,158.691,-3.487,47.303,0.0217,-0.0136,0.6521,5.916,1.223,-1.413
99.085315,158.635,-3.497,47.325,0.1533,-0.7550,0.4746,-3.447,0.872,-1.035
99.101982,158.544,-3.518,47.332,-0.0961,-0.5130,0.0901,-5.559,1.181,0.073
99.118649,158.440,-3.529,47.300,0.2221,-0.7532,-0.1053,-6.536,-0.244,1.971
99.135316,158.293,-3.509,47.219,0.1836,-0.6960,-0.3729,-9.231,-3.025,4.073
99.151983,158.283,-3.491,47.124,-0.1846,-0.3675,-0.4058,-1.129,-3.275,4.849
99.168650,158.374,-3.456,47.044,-0.3381,0.1364,-0.0457,5.011,-3.890,3.700
99.185317,158.577,-3.428,46.967,-0.5620,0.4514,0.2434,11.774,-3.365,3.661
99.201984,158.795,-3.445,46.881,-0.3056,0.3147,0.6061,12.598,-1.088,5.197
99.218651,158.943,-3.464,46.802,-0.1555,0.1320,0.5419,8.513,-0.649,4.396
99.235318,158.962,-3.497,46.747,-0.1178,-0.0887,0.3654,0.781,0.555,3.773
99.251985,158.951,-3.542,46.683,-0.1686,-0.0437,0.0009,-1.094,1.026,4.477
99.268652,158.926,-3.553,46.654,-0.0838,0.0133,-0.3031,-1.723,-0.108,1.638
99.285319,158.834,-3.538,46.619,-0.1145,-0.0648,-0.3692,-5.792,-1.656,1.476
99.301986,158.765,-3.511,46.546,-0.1291,0.0266,0.1197,-4.565,-3.246,3.441
99.318653,158.802,-3.532,46.446,0.1839,-0.2488,0.5166,1.659,-1.371,6.581
99.335320,158.912,-3.550,46.310,0.4329,-0.5543,0.4314,5.914,-2.057,8.014
99.351987,159.003,-3.557,46.193,0.1386,-0.1820,-0.0610,4.889,-2.325,6.678
99.368654,159.002,-3.550,46.099,0.0222,-0.0464,-0.1706,-0.575,-2.512,5.125
99.385321,158.933,-3.540,46.010,-0.1149,0.0010,0.2428,-4.671,-2.640,4.763
99.401988,158.909,-3.552,45.939,-0.3078,0.0106,0.3930,-1.853,-1.024,4.208
99.418655,158.888,-3.579,45.882,-0.4246,0.1738,0.5627,-1.641,0.127,3.777
99.435322,158.947,-3.649,45.838,-0.2677,0.0597,0.4138,3.190,2.701,4.242
99.451989,159.026,-3.701,45.818,-0.0906,-0.0728,0.1374,4.534,2.328,2.231
99.468656,159.040,-3.741,45.803,-0.0781,-0.2130,-0.1339,0.612,1.803,1.693
99.485323,159.000,-3.755,45.818,-0.0643,-0.2100,-0.1961,-2.517,0.946,-0.590
99.501990,158.909,-3.758,45.823,-0.2628,-0.0885,0.0619,-5.571,0.207,-0.379
99.518657,158.943,-3.765,45.844,-0.1922,-0.1306,0.0632,1.976,0.696,-1.013
99.535324,158.996,-3.768,45.869,-0.2184,-0.1723,-0.0795,3.105,0.576,-1.377
99.551991,159.069,-3.761,45.854,-0.2178,-0.3290,-0.0868,4.182,-0.716,0.278
99.568658,159.197,-3.734,45.834,-0.0466,-0.4197,-0.2493,7.435,-2.083,0.514
99.585325,159.376,-3.696,45.795,0.1339,-0.2934,-0.3901,10.431,-3.111,1.412
99.601992,159.537,-3.652,45.774,0.1689,-0.2449,0.3207,9.308,-3.670,1.697
99.618659,159.703,-3.660,45.702,0.0499,0.2267,1.0050,9.515,-1.261,4.353
99.635326,159.700,-3.675,45.616,0.4905,-0.0853,1.0760,-0.706,-1.078,5.148
99.651993,159.478,-3.712,45.571,0.1568,0.0299,0.6942,-13.667,1.029,3.275
99.668660,159.200,-3.780,45.574,-0.0643,0.2537,0.1334,-16.810,3.703,1.228
99.685327,159.038,-3.844,45.598,-0.2400,0.3057,-0.2770,-9.764,3.934,0.007
99.701994,159.001,-3.874,45.621,-0.0913,-0.0868,-0.4931,-2.292,2.034,-0.613
99.718661,158.978,-3.813,45.633,-0.0137,-0.2299,-0.4576,-1.506,-3.331,-1.967
99.735328,159.009,-3.776,45.651,-0.2059,-0.1406,-0.0257,1.741,-1.842,-1.836
99.751995,159.104,-3.778,45.676,-0.3596,-0.0127,0.5523,5.677,0.531,-1.394
99.768662,159.150,-3.812,45.738,0.0556,-0.0667,0.5126,2.807,3.089,-2.718
99.785329,159.098,-3.865,45.789,0.0512,-0.3794,0.7069,-3.074,3.884,-1.743
99.801996,159.090,-3.902,45.829,0.0979,-0.2341,0.5445,-0.468,2.796,-1.495
99.818663,159.035,-3.931,45.881,0.0189,-0.1621,0.1447,-3.318,2.513,-2.124
99.835330,158.959,-3.942,45.943,-0.1624,-0.1125,-0.0076,-4.412,1.818,-3.257
99.851997,158.908,-3.967,46.011,-0.1381,-0.3535,-0.0478,-2.950,2.762,-3.307
99.868664,158.954,-3.936,46.075,-0.1668,-0.2700,-0.4746,2.818,-0.528,-4.256
99.885331,158.983,-3.861,46.114,0.0612,-0.2749,-0.6624,1.767,-3.512,-3.806
99.901998,159.122,-3.751,46.134,-0.2937,-0.2038,-0.6101,8.236,-5.890,-3.501
99.918665,159.355,-3.592,46.123,-0.1993,-0.3159,-0.4063,13.799,-9.291,-2.777
99.935332,159.636,-3.397,46.075,-0.2498,-0.2390,0.1349,16.490,-12.070,-1.417
99.951999,159.945,-3.200,46.007,-0.2162,-0.3600,0.3651,18.123,-12.749,-0.117
99.968666,160.193,-2.988,45.929,-0.1349,-0.4788,0.2723,14.497,-13.586,-0.084
99.985333,160.380,-2.807,45.866,-0.6584,0.0481,0.5773,10.870,-11.621,-0.176
100.002000,160.455,-2.766,45.761,-0.1543,-0.2285,1.4534,4.014,-4.580,5.047
100.018667,160.413,-2.842,45.628,0.2305,-0.5832,1.8797,-3.083,1.539,9.021
100.035334,160.268,-3.003,45.474,0.4183,-0.7612,1.6852,-9.329,5.870,11.887
100.052001,160.032,-3.257,45.322,0.3283,-0.5995,1.2348,-14.806,11.064,13.723
100.068668,159.676,-3.574,45.183,0.3396,-0.5182,0.8439,-22.008,14.910,14.360
100.085335,159.130,-3.954,45.033,0.4467,-0.7232,0.8755,-33.531,18.025,16.403
100.102002,158.457,-4.371,44.821,0.4675,-0.9491,0.8695,-41.425,18.598,20.868
100.118669,157.922,-4.847,44.528,0.2460,-0.7858,0.7461,-33.689,19.872,26.882
100.135336,157.513,-5.398,44.141,0.4182,-0.9609,0.7238,-26.748,21.672,33.915
100.152003,157.091,-6.004,43.655,0.6041,-1.0783,1.0234,-28.384,22.190,40.918
100.168670,156.631,-6.633,43.122,0.5371,-0.7994,1.0946,-31.275,21.836,44.619
100.185337,156.146,-7.333,42.522,0.3821,-0.5055,1.3603,-33.594,24.054,49.446
100.202004,155.748,-8.165,41.900,0.2009,-0.3914,1.7546,-29.040,30.440,54.020
100.218671,155.236,-9.133,41.262,0.4560,-0.8391,2.1266,-36.604,36.972,58.549
100.235338,154.433,-10.215,40.616,0.5101,-1.5629,2.1299,-54.824,42.350,62.190
100.252005,153.286,-11.346,39.966,0.6436,-1.9967,1.7861,-76.195,43.890,64.362
100.268672,151.952,-12.562,39.335,0.4498,-1.8303,1.6229,-88.020,47.568,66.477
100.285339,150.584,-13.885,38.661,0.3403,-1.6423,1.5126,-91.382,50.550,72.686
100.302006,148.882,-15.340,37.912,0.6414,-2.1070,2.0688,-113.559,53.336,81.631
100.318673,146.741,-16.903,37.087,0.4505,-2.3588,2.7757,-142.257,53.870,90.243
100.335340,144.154,-18.541,36.254,-0.2087,-1.8217,2.7504,-170.492,53.745,95.018
100.352007,141.179,-20.275,35.416,-0.6011,-1.3121,2.2950,-195.210,53.838,100.878
100.368674,137.840,-22.094,34.572,-0.6212,-1.1792,1.7466,-218.651,52.161,106.845
100.385341,134.098,-23.971,33.709,-0.4212,-1.3606,1.4890,-244.819,47.677,112.622
100.402008,129.887,-25.860,32.851,-0.4811,-1.4617,1.5440,-274.400,40.908,115.634
100.418675,125.159,-27.776,32.023,-1.1764,-1.1430,1.5445,-306.083,34.646,118.294
100.435342,120.085,-29.702,31.305,-1.8331,-0.5078,1.0602,-325.190,30.297,117.813
100.452009,114.677,-31.607,30.799,-1.9408,0.2647,0.5405,-339.949,29.150,113.670
100.468676,108.867,-33.524,30.462,-2.0177,-0.2037,0.1875,-359.497,26.573,113.344
100.485343,103.000,-35.468,30.256,-2.2561,-0.1328,-0.6471,-359.061,21.995,115.099
100.502010,96.981,-37.480,30.235,-2.1724,0.1495,-1.5923,-361.913,19.666,119.218
100.518677,90.783,-39.519,30.496,-1.8465,0.3060,-2.2546,-362.185,20.208,121.406
100.535344,84.361,-41.505,30.945,-2.6631,0.5474,-2.3943,-367.798,15.116,120.108
100.552011,77.944,-43.358,31.401,-3.0338,1.3899,-3.1605,-366.652,2.489,113.141
100.568678,71.819,-45.247,31.909,-2.1080,2.0059,-3.4214,-346.295,-8.827,115.291
100.585345,66.200,-47.065,32.651,-1.7459,2.6211,-2.8798,-305.067,-10.615,112.992
100.602012,61.156,-48.867,33.670,-1.4180,2.2288,-2.6521,-257.393,-11.650,115.199
100.618679,56.605,-50.628,34.874,-1.0522,1.3998,-2.8751,-218.051,-14.991,114.711
100.635346,52.466,-52.262,36.150,-0.6825,1.1501,-3.3130,-188.574,-18.381,107.610
100.652013,48.758,-53.782,37.315,-0.4220,0.9320,-3.3964,-166.820,-25.753,97.296
100.668680,45.599,-55.143,38.356,0.5879,1.1871,-3.5829,-138.825,-29.206,84.621
100.685347,43.038,-56.330,39.252,0.6174,1.2509,-3.2574,-109.465,-30.203,71.473
100.702014,41.403,-57.332,39.840,1.1490,1.1192,-3.0492,-68.771,-31.933,54.779
100.718681,40.560,-58.145,40.125,0.7840,1.3966,-1.9705,-36.251,-31.163,38.926
100.735348,40.048,-58.821,40.295,0.2076,1.9458,-0.5035,-22.228,-27.867,30.388
100.752015,39.665,-59.452,40.441,0.4593,1.9672,1.2950,-15.686,-26.502,27.712
100.768682,39.454,-60.065,40.373,1.1953,1.0958,2.6807,-16.354,-29.997,21.906
100.785349,39.310,-60.761,40.143,2.0855,-0.0396,2.7443,-20.817,-36.931,21.277
100.802016,39.081,-61.565,39.859,1.8385,-0.2247,2.0585,-28.904,-42.918,24.131
100.818683,38.809,-62.443,39.507,0.9207,0.2997,0.9991,-35.209,-47.560,25.446
100.835350,38.495,-63.292,39.065,0.6573,1.0960,0.2350,-42.593,-47.625,22.386
100.852017,38.014,-64.035,38.774,0.9908,1.8673,-0.5138,-44.726,-40.155,21.529
100.868684,37.359,-64.627,38.752,1.7555,2.0310,-1.0883,-40.668,-28.767,21.280
100.885351,36.671,-65.056,39.042,2.4152,1.6424,-1.2898,-25.770,-16.389,21.388
100.902018,35.992,-65.300,39.537,1.8513,1.4590,-1.1333,-13.982,-4.666,18.686
100.918685,35.080,-65.358,40.106,0.8106,1.4684,-0.6515,-23.886,5.165,13.615
100.935352,34.020,-65.252,40.597,1.0075,0.9419,-0.5175,-37.079,11.917,6.517
100.952019,32.733,-65.014,41.111,0.5915,0.9248,-0.1115,-49.443,18.804,2.947
100.968686,31.627,-64.729,41.483,0.0216,1.0402,-0.4001,-46.294,19.285,-1.119
100.985353,30.857,-64.428,41.640,0.2866,1.2319,-0.5061,-37.896,17.310,-5.950
101.002020,30.339,-64.084,41.731,-0.0701,0.6870,-0.4416,-26.424,18.691,-8.483
101.018687,30.061,-63.727,41.767,-0.2801,0.2241,-0.2346,-14.975,18.741,-9.998
101.035354,30.015,-63.397,41.715,-0.0030,-0.6071,0.2063,-5.726,16.185,-11.114
101.052021,30.011,-63.078,41.596,-0.2984,-1.0170,0.4327,-6.905,14.751,-12.417
101.068688,29.928,-62.782,41.424,-0.5018,-0.6706,0.5405,-14.340,12.759,-12.951
101.085355,29.792,-62.519,41.228,-0.2289,-0.2112,0.3667,-18.814,10.766,-12.585
101.102022,29.728,-62.286,40.957,-0.0649,0.2059,0.3949,-18.485,8.148,-13.485
101.118689,29.694,-62.114,40.720,-0.1048,0.3889,0.3806,-14.828,5.417,-10.903
101.135356,29.893,-61.981,40.463,0.3449,0.0274,0.2124,-1.867,3.047,-10.240
101.152023,30.341,-61.912,40.173,0.5695,-0.6025,0.2642,11.295,-0.733,-9.210
101.168690,30.641,-61.856,39.884,-0.0010,-0.9094,0.6557,2.467,-1.525,-8.776
101.185357,30.637,-61.798,39.549,-0.6721,-0.5039,0.3910,-18.190,-2.107,-9.970
101.202024,30.583,-61.755,39.154,-0.4404,-0.1166,-0.0010,-24.284,-3.731,-10.974
101.218691,30.667,-61.719,38.678,-0.4825,0.1037,-0.0687,-20.358,-5.342,-12.756
101.235358,30.853,-61.689,38.211,-0.4293,0.1056,-0.0482,-13.772,-5.495,-12.377
101.252025,31.083,-61.649,37.815,-0.5120,-0.0323,0.0632,-7.258,-3.965,-10.920
101.268692,31.327,-61.607,37.462,-0.6816,-0.3164,0.1992,-4.225,-3.329,-9.944
101.285359,31.528,-61.611,37.120,-0.9823,-0.6987,0.2932,-6.194,-5.575,-8.194
101.302026,31.645,-61.641,36.780,-1.2409,-0.4931,0.5264,-11.156,-6.888,-7.342
101.318693,31.753,-61.707,36.426,-1.1365,-0.1372,0.5731,-12.435,-8.947,-6.498
101.335360,31.938,-61.815,36.038,-0.9186,-0.0700,0.6658,-9.561,-11.566,-5.942
101.352027,32.196,-61.973,35.696,-0.8719,-0.0992,0.7012,-2.895,-13.484,-3.158
101.368694,32.535,-62.190,35.434,-0.8612,-0.0512,0.5755,6.229,-15.209,0.758
101.385361,32.890,-62.427,35.218,-0.7087,0.1459,0.2738,9.618,-15.514,2.623
101.402028,33.170,-62.672,35.032,-0.3225,-0.0458,0.0938,6.699,-15.416,3.730
101.418695,33.247,-62.908,34.952,-0.1568,0.0661,0.1728,0.133,-13.313,5.915
101.435362,33.238,-63.141,34.960,0.2664,0.2119,0.2193,-0.359,-11.868,7.860
101.452029,33.179,-63.381,35.037,0.4805,0.3691,0.1888,0.364,-11.179,9.627
101.468696,33.088,-63.625,35.193,0.6255,0.5924,0.0640,2.739,-10.232,11.505
101.485363,33.042,-63.857,35.453,0.7996,0.8051,-0.1443,10.990,-8.215,13.401
101.502030,33.033,-64.075,35.808,0.5371,0.7579,-0.0455,18.350,-6.150,14.969
101.518697,33.059,-64.277,36.175,0.4460,0.4530,0.0129,21.186,-5.195,14.664
101.535364,33.063,-64.445,36.525,0.4502,0.2809,0.1446,18.925,-3.717,13.079
101.552031,33.014,-64.572,36.818,0.3603,0.2101,0.0841,12.728,-2.558,10.535
101.568698,32.949,-64.662,37.014,0.2623,0.1558,-0.1070,6.492,-2.015,7.138
101.585365,32.870,-64.720,37.127,0.2144,0.0606,-0.0139,1.199,-1.608,4.339
101.602032,32.779,-64.768,37.190,-0.0785,-0.0189,0.0150,-2.252,-1.814,2.927
101.618699,32.800,-64.822,37.182,0.1062,-0.0721,-0.1003,0.567,-3.104,1.574
101.635366,32.893,-64.886,37.107,0.0315,0.0042,-0.0402,1.333,-4.486,0.471
101.652033,33.024,-64.944,36.965,0.1263,0.2099,-0.1031,-0.109,-5.157,-1.145
101.668700,33.142,-64.985,36.768,0.2534,0.2513,-0.1115,-3.836,-5.041,-2.848
101.685367,33.188,-64.992,36.560,0.1798,0.4767,-0.1292,-8.749,-3.480,-4.202
101.702034,33.159,-64.953,36.408,0.2043,0.6178,-0.1134,-10.277,-0.408,-4.524
101.718701,33.092,-64.895,36.321,-0.0577,0.5074,-0.0610,-8.964,1.485,-3.763
101.735368,33.097,-64.841,36.247,-0.1082,0.4431,-0.0078,-3.952,1.394,-3.342
101.752035,33.156,-64.776,36.182,-0.1145,0.3944,-0.0289,-0.182,2.130,-3.508
101.768702,33.264,-64.723,36.112,-0.1569,0.1869,-0.1972,2.413,1.454,-3.281
101.785369,33.393,-64.678,36.033,-0.1060,0.0725,-0.2511,3.218,0.913,-3.180
101.802036,33.458,-64.628,35.971,-0.2430,0.1887,-0.3289,0.310,1.366,-2.969
101.818703,33.415,-64.555,35.909,-0.2100,0.3341,-0.3242,-6.104,2.532,-3.731
101.835370,33.222,-64.462,35.865,-0.1201,0.1833,-0.1458,-14.225,3.803,-4.006
101.852037,32.936,-64.381,35.868,0.0721,0.0011,0.2022,-17.251,3.902,-2.626
101.868704,32.638,-64.335,35.923,0.0994,-0.1281,0.4826,-15.171,2.813,-0.272
101.885371,32.422,-64.326,35.976,-0.0088,-0.0510,0.5861,-10.273,0.974,0.878
101.902038,32.407,-64.348,35.952,-0.0291,-0.1058,0.5222,-2.421,-1.667,0.171
101.918705,32.545,-64.375,35.833,-0.1755,-0.0306,0.4021,1.623,-3.289,-1.722
101.935372,32.736,-64.390,35.625,-0.2469,0.0940,0.1709,-0.037,-3.902,-4.062
101.952039,32.950,-64.385,35.389,-0.0564,0.1383,0.0067,-0.168,-3.298,-5.317
101.968706,33.084,-64.371,35.213,-0.1543,0.0727,0.0390,-1.683,-2.020,-4.278
101.985373,33.158,-64.360,35.122,-0.1034,0.1029,0.0573,-0.757,-0.968,-2.364
102.002040,33.200,-64.351,35.089,-0.2497,0.2723,0.1146,0.517,-0.266,-0.992
102.018707,33.234,-64.342,35.087,-0.1165,0.3452,0.1094,1.713,0.192,-0.341
102.035374,33.288,-64.330,35.098,0.0998,0.3071,0.0726,3.628,0.494,-0.113
102.052041,33.368,-64.311,35.108,0.0967,0.3241,-0.0314,5.080,0.897,-0.431
102.068708,33.444,-64.273,35.093,-0.1063,0.2852,0.0435,3.489,1.418,-1.565
102.085375,33.530,-64.221,35.056,-0.0458,0.2944,-0.0307,2.916,1.864,-2.542
102.102042,33.624,-64.151,35.035,0.0148,0.3405,0.0099,4.292,2.971,-2.763
102.118709,33.724,-64.069,35.029,-0.0093,0.3237,0.1415,5.455,3.794,-2.857
102.135376,33.796,-63.982,35.040,0.0491,0.1445,0.2397,4.644,4.252,-2.646
102.152043,33.849,-63.898,35.055,-0.0412,-0.0218,0.2989,3.783,4.201,-2.470
102.168710,33.906,-63.826,35.045,-0.0865,-0.0037,0.2934,2.625,3.173,-2.606
102.185377,33.948,-63.762,35.006,-0.1107,0.1013,0.3472,0.184,2.403,-3.001
102.202044,34.023,-63.715,34.925,0.0092,0.0320,0.3560,-0.086,0.901,-3.334
102.218711,34.121,-63.684,34.835,0.0393,-0.0519,0.2649,0.785,-0.005,-3.051
102.235378,34.286,-63.659,34.709,-0.0356,0.0371,0.1324,2.860,-0.861,-3.613
102.252045,34.484,-63.626,34.544,0.0376,0.0923,0.1551,2.761,-1.078,-4.750
102.268712,34.673,-63.575,34.346,0.1429,0.1667,0.1279,0.490,-0.735,-6.032
102.285379,34.847,-63.502,34.094,0.0931,0.0229,0.1517,-3.341,-0.427,-8.061
102.302046,35.007,-63.417,33.775,-0.1050,-0.2089,0.1220,-7.741,-0.929,-9.920
102.318713,35.197,-63.331,33.389,-0.0748,-0.3872,0.1664,-9.516,-2.011,-11.438
102.335380,35.392,-63.242,32.998,0.0494,-0.1494,0.2580,-9.527,-1.938,-11.711
102.352047,35.592,-63.154,32.604,0.1123,0.1367,0.1270,-9.341,-2.131,-11.742
102.368714,35.748,-63.063,32.186,-0.0729,0.1998,-0.0052,-13.228,-2.426,-12.356
102.385381,35.880,-62.963,31.771,-0.0376,0.2106,0.0417,-14.503,-1.933,-12.715
102.402048,36.004,-62.858,31.379,0.1402,0.2448,0.1301,-13.758,-1.446,-12.323
102.418715,36.118,-62.759,30.993,0.2646,0.3154,-0.1167,-14.005,-1.658,-12.055
102.435382,36.147,-62.646,30.658,-0.0220,0.2421,-0.1156,-16.358,-0.149,-11.458
102.452049,36.138,-62.527,30.341,-0.3082,0.2563,-0.0270,-17.650,0.377,-11.267
102.468716,36.161,-62.413,30.013,-0.2515,0.0524,0.1263,-16.353,-0.074,-11.388
102.485383,36.172,-62.305,29.714,-0.3331,-0.0735,0.2123,-15.428,0.091,-10.515
102.502050,36.181,-62.215,29.438,-0.2049,-0.0251,0.2333,-14.410,-0.436,-9.407
102.518717,36.176,-62.135,29.150,-0.1121,0.0498,0.0403,-15.750,-1.077,-9.335
102.535384,36.216,-62.052,28.817,-0.1391,-0.0676,-0.0803,-15.512,-1.757,-10.471
102.552051,36.208,-61.955,28.488,-0.1377,-0.2207,0.0926,-18.196,-0.983,-10.918
102.568718,36.158,-61.870,28.138,-0.4636,-0.2859,0.2801,-21.690,-1.961,-10.956
102.585385,36.184,-61.804,27.751,-0.0577,-0.4110,0.2993,-19.196,-3.478,-11.207
102.602052,36.237,-61.754,27.349,-0.1488,-0.3150,0.2529,-18.284,-4.568,-10.943
102.618719,36.307,-61.702,26.901,-0.2869,-0.0066,0.0345,-19.763,-5.247,-12.108
102.635386,36.397,-61.621,26.384,-0.1132,0.2788,-0.1968,-22.085,-5.011,-14.736
102.652053,36.488,-61.528,25.873,-0.0447,0.3146,-0.1869,-21.801,-4.460,-15.022
102.668720,36.567,-61.450,25.424,-0.1652,0.2557,-0.1462,-19.141,-4.123,-13.124
102.685387,36.616,-61.386,25.051,-0.1830,0.3485,-0.0950,-16.968,-3.553,-10.859
102.702054,36.617,-61.328,24.705,-0.1355,0.3821,-0.0236,-18.383,-3.352,-10.047
102.718721,36.578,-61.280,24.367,0.0102,0.2854,0.1294,-20.408,-3.729,-9.531
102.735388,36.501,-61.247,24.053,0.0490,0.3169,0.2918,-21.393,-4.003,-8.447
102.752055,36.443,-61.224,23.735,0.0243,0.4391,0.2203,-20.411,-4.598,-8.169
102.768722,36.416,-61.196,23.422,0.0501,0.4683,0.1350,-18.322,-4.267,-8.246
102.785389,36.385,-61.171,23.134,-0.1336,0.5166,-0.0087,-17.277,-3.933,-7.599
102.802056,36.346,-61.119,22.898,-0.0505,0.4378,0.0044,-15.019,-1.753,-7.350
102.818723,36.220,-61.044,22.743,-0.0449,0.4380,0.1434,-15.940,0.732,-6.253
102.835390,35.990,-60.954,22.661,0.0031,0.3335,0.2163,-18.317,2.743,-5.086
102.852057,35.680,-60.872,22.660,-0.1011,0.2121,0.2930,-18.875,3.728,-2.853
102.868724,35.329,-60.800,22.687,0.0918,0.2799,0.4002,-19.927,3.745,-1.851
102.885391,34.978,-60.745,22.741,0.2810,0.2962,0.2848,-18.471,3.430,-0.590
102.902058,34.695,-60.685,22.831,0.4036,0.2510,0.0585,-12.534,4.227,0.130
102.918725,34.484,-60.558,22.999,0.5799,0.3419,0.0527,-4.116,8.899,-0.242
102.935392,34.377,-60.399,23.116,0.4861,0.5309,0.2059,-0.568,9.610,-2.541
102.952059,34.124,-60.201,23.205,-0.0144,0.3110,0.3770,-10.853,11.057,-4.465
102.968726,33.750,-59.956,23.309,0.1495,0.4908,0.1111,-17.224,13.754,-5.609
102.985393,33.529,-59.677,23.285,0.1765,0.6352,0.0419,-14.776,13.324,-9.866
103.002060,33.447,-59.357,23.156,0.0832,0.4698,0.0279,-11.827,13.633,-13.834
103.018727,33.296,-59.010,23.057,-0.2981,0.1665,0.0305,-14.437,15.514,-13.978
103.035394,33.254,-58.697,22.947,-0.6243,0.2802,-0.1524,-8.468,13.640,-13.146
103.052061,33.193,-58.338,22.870,-0.5688,0.4914,-0.0405,-7.853,16.481,-13.808
103.068728,33.160,-58.063,22.816,-0.9499,0.5344,-0.1381,-5.003,12.676,-10.442
103.085395,33.310,-57.841,22.681,-1.0749,0.1158,-0.1236,1.901,8.605,-10.857
103.102062,33.391,-57.659,22.635,-1.0153,0.0991,0.0299,2.215,8.060,-7.201
103.118729,33.512,-57.500,22.657,-0.5920,0.0415,0.1039,8.100,8.188,-4.627
103.135396,33.620,-57.387,22.785,-0.4260,-0.0787,0.2234,12.694,7.696,-0.259
103.152063,33.668,-57.312,23.082,-0.3286,-0.1748,0.1648,17.594,8.879,5.523
103.168730,33.714,-57.289,23.444,0.0650,-0.0991,0.1185,20.777,7.420,9.065
103.185397,33.738,-57.290,23.810,0.4604,-0.0698,0.1398,19.644,6.359,9.940
103.202064,33.737,-57.257,24.104,0.9538,-0.2756,0.0961,14.463,6.710,6.876
103.218731,33.637,-57.199,24.301,1.0308,-0.4503,-0.0114,3.709,6.242,3.416
103.235398,33.497,-57.133,24.320,0.9802,-0.5135,-0.1781,-7.742,3.408,-1.638
103.252065,33.331,-57.068,24.178,0.8606,-0.7238,-0.1824,-17.367,0.518,-5.994
103.268732,33.141,-56.995,23.916,0.4364,-0.4832,-0.3049,-24.832,-1.219,-9.543
103.285399,33.065,-56.925,23.540,0.2434,-0.3131,-0.2317,-23.737,-3.431,-12.581
103.302066,33.028,-56.826,23.074,0.1265,-0.0666,-0.2308,-25.915,-3.588,-16.013
103.318733,32.925,-56.688,22.570,0.0695,0.1185,-0.4117,-31.742,-2.249,-18.432
103.335400,32.765,-56.485,22.031,0.0912,0.3512,-0.4611,-36.831,0.366,-21.541
103.352067,32.562,-56.232,21.513,-0.1417,0.4280,-0.4462,-38.285,3.240,-22.661
103.368734,32.357,-55.948,21.038,-0.2594,0.4857,-0.3491,-36.236,5.639,-22.571
103.385401,32.098,-55.647,20.653,-0.3196,0.6266,-0.2444,-34.913,8.152,-20.585
103.402068,31.702,-55.349,20.368,-0.4557,0.8081,-0.1438,-38.099,9.843,-17.683
103.418735,31.251,-55.055,20.139,0.0079,0.7405,-0.0780,-38.666,10.758,-15.891
103.435402,30.660,-54.732,20.026,0.0869,0.7677,0.4770,-41.218,14.438,-13.275
103.452069,29.994,-54.422,19.984,0.0162,0.7940,0.4707,-42.318,15.085,-10.652
103.468736,29.418,-54.169,19.886,-0.1109,0.5168,0.3859,-39.552,11.256,-10.436
103.485403,28.888,-53.936,19.794,-0.2954,0.2318,0.5130,-36.624,10.420,-9.637
103.502070,28.411,-53.679,19.741,-0.5823,0.0548,0.4995,-31.440,12.466,-9.036
103.518737,27.989,-53.416,19.682,-0.3851,-0.0677,0.3453,-28.424,12.677,-9.241
103.535404,27.561,-53.154,19.610,-0.3327,0.1359,0.1042,-29.460,12.492,-9.593
103.552071,27.106,-52.905,19.539,-0.3588,0.2715,-0.0598,-30.945,11.931,-9.121
103.568738,26.657,-52.644,19.510,-0.0602,0.3543,-0.1256,-28.623,13.283,-7.977
103.585405,26.303,-52.403,19.492,0.0429,0.3082,-0.1021,-22.391,12.411,-7.019
103.602072,26.019,-52.122,19.508,0.2202,0.1954,0.1055,-16.546,15.183,-6.842
103.618739,25.850,-51.829,19.491,0.0138,0.2989,-0.0836,-11.223,15.327,-8.245
103.635406,25.706,-51.507,19.419,0.0445,0.2513,0.0435,-12.344,16.029,-10.777
103.652073,25.534,-51.164,19.327,0.0983,0.2127,0.0650,-14.904,16.851,-11.958
103.668740,25.383,-50.798,19.241,0.1656,0.2406,0.0216,-13.346,18.252,-12.356
103.685407,25.311,-50.452,19.159,0.0537,0.0921,-0.0164,-8.439,17.169,-11.684
103.702074,25.279,-50.115,19.060,0.2390,-0.0089,-0.0141,-6.774,16.438,-12.035
103.718741,25.185,-49.772,18.933,0.2698,-0.2084,0.1329,-11.761,16.384,-13.175
103.735408,25.012,-49.408,18.815,0.3440,-0.1938,0.2010,-16.060,17.594,-13.393
103.752075,24.778,-49.055,18.683,0.0775,-0.1684,0.2985,-20.355,16.813,-13.593
103.768742,24.594,-48.743,18.523,0.0400,-0.3348,0.3544,-18.549,14.190,-13.539
103.785409,24.550,-48.463,18.335,-0.2476,-0.3062,0.4820,-11.339,11.954,-13.709
103.802076,24.710,-48.242,18.112,-0.4682,-0.3169,0.4770,-0.711,8.142,-13.627
103.818743,25.044,-48.067,17.921,-0.4505,-0.3148,0.4532,11.230,6.103,-11.327
103.835410,25.456,-47.905,17.724,-0.3108,-0.3552,0.2376,15.600,5.183,-11.283
103.852077,25.760,-47.737,17.455,-0.2799,-0.4304,0.1719,6.056,4.182,-14.075
103.868744,25.885,-47.563,17.122,-0.3175,-0.3935,0.1399,-7.608,3.342,-16.685
103.885411,25.891,-47.382,16.751,-0.4023,-0.2745,0.1038,-16.326,2.978,-18.247
103.902078,25.839,-47.193,16.370,-0.4138,-0.1242,0.2053,-20.187,3.183,-18.871
103.918745,25.770,-47.023,15.990,-0.4308,0.0980,0.2308,-21.116,2.199,-18.377
103.935412,25.739,-46.874,15.638,-0.4287,0.1720,0.2954,-17.548,1.538,-16.827
103.952079,25.769,-46.764,15.318,-0.3467,0.2524,0.2534,-12.490,0.001,-14.674
103.968746,25.821,-46.667,15.058,-0.2151,0.2857,0.2052,-8.532,0.336,-12.150
103.985413,25.871,-46.563,14.829,-0.1123,0.3386,0.0770,-7.234,1.277,-11.177
104.002080,25.869,-46.455,14.656,-0.1015,0.3527,0.0576,-7.941,2.481,-9.226
104.018747,25.880,-46.372,14.519,-0.2702,0.3410,0.0961,-5.613,1.773,-7.250
104.035414,25.934,-46.310,14.416,-0.2217,0.3169,0.1791,-1.491,1.228,-5.421
104.052081,26.030,-46.254,14.331,-0.2259,0.3688,0.1821,1.813,1.255,-4.603
104.068748,26.156,-46.193,14.248,-0.1011,0.2224,0.1352,3.651,1.581,-4.672
104.085415,26.272,-46.125,14.150,-0.0454,0.2182,0.0599,2.419,1.588,-5.416
104.102082,26.341,-46.066,14.051,-0.0319,0.1965,0.0779,-0.408,1.135,-5.232
104.118749,26.406,-46.027,13.963,-0.0992,0.2793,0.1093,-0.130,0.204,-4.245
104.135416,26.475,-46.005,13.908,-0.1590,0.2387,0.1742,1.426,-0.033,-2.643
104.152083,26.539,-45.994,13.883,-0.1465,0.2174,0.1658,2.476,-0.151,-1.167
104.168750,26.640,-46.001,13.867,-0.1592,0.1905,0.1366,5.086,-0.908,-0.376
104.185417,26.716,-46.020,13.860,-0.0660,0.1716,0.0813,3.991,-1.345,0.299
104.202084,26.750,-46.041,13.838,-0.0713,0.1016,0.0299,0.751,-1.817,-0.201
104.218751,26.781,-46.041,13.806,-0.0272,0.0358,0.0531,0.211,-0.835,-1.133
104.235418,26.833,-46.027,13.769,-0.1372,0.0927,0.0907,1.239,-0.136,-1.741
104.252085,26.907,-46.017,13.732,-0.0774,0.0754,0.0181,2.528,-0.406,-1.631
104.268752,26.996,-46.008,13.684,0.0494,0.0228,-0.0289,2.949,-0.675,-1.965
104.285419,27.076,-45.985,13.611,0.1629,0.0813,-0.0804,1.358,-0.389,-3.277
104.302086,27.124,-45.923,13.546,0.2634,0.0471,-0.0675,-0.190,1.836,-4.066
104.318753,27.175,-45.834,13.458,0.2009,0.0124,-0.0377,-1.040,2.859,-5.712
104.335420,27.248,-45.733,13.354,0.2665,0.0154,-0.0717,-0.396,3.133,-6.564
104.352087,27.341,-45.623,13.248,0.1750,-0.0244,0.0011,0.781,3.647,-6.948
104.368754,27.431,-45.506,13.135,0.0856,-0.0311,0.0008,0.225,3.765,-7.425
104.385421,27.515,-45.377,12.990,0.2437,0.0158,0.0426,-1.404,3.831,-8.921
104.402088,27.543,-45.239,12.816,0.0955,0.0820,0.0255,-6.086,3.746,-10.338
104.418755,27.558,-45.096,12.619,0.0839,-0.0173,0.2097,-7.754,3.500,-11.284
104.435422,27.564,-44.962,12.382,-0.0745,0.1927,0.4283,-9.986,2.258,-12.604
104.452089,27.604,-44.860,12.140,-0.0659,0.2651,0.3445,-8.177,0.448,-11.967
104.468756,27.726,-44.806,11.935,-0.1659,0.2507,0.3363,-1.624,-1.384,-9.185
104.485423,27.823,-44.814,11.805,-0.3360,0.2304,0.2699,0.068,-3.241,-4.634
104.502090,27.875,-44.852,11.753,-0.2854,0.0768,0.0964,0.601,-3.314,-0.842
104.518757,27.856,-44.872,11.744,-0.2808,0.0052,-0.0379,-1.815,-1.472,0.272
104.535424,27.750,-44.854,11.725,-0.3504,0.1074,-0.1019,-7.415,0.388,-1.214
104.552091,27.696,-44.802,11.681,-0.3750,-0.0266,-0.0762,-5.424,1.632,-3.072
104.568758,27.760,-44.761,11.616,-0.7898,0.0678,0.0605,0.822,0.671,-3.534
104.585425,27.983,-44.735,11.551,-0.8489,0.1373,0.1600,10.326,-0.137,-3.153
104.602092,28.308,-44.733,11.477,-0.8921,0.2486,0.2240,16.042,-1.665,-2.791
104.618759,28.574,-44.732,11.377,-0.4842,0.2291,0.1499,11.455,-2.184,-3.739
104.635426,28.653,-44.728,11.281,-0.2419,0.4466,0.3086,0.355,-2.004,-3.675
104.652093,28.601,-44.742,11.255,-0.2432,0.7089,0.3873,-4.489,-1.509,-0.490
104.668760,28.577,-44.798,11.284,-0.0441,0.7683,0.4022,-0.490,-2.588,2.757
104.685427,28.605,-44.893,11.377,0.1597,0.6941,0.3838,5.295,-3.387,6.272
104.702094,28.710,-45.027,11.514,0.3455,0.4969,0.2133,11.814,-4.490,8.973
104.718761,28.901,-45.186,11.700,0.5072,0.1610,0.1692,19.072,-4.804,11.564
104.735428,28.981,-45.334,11.870,0.3914,0.1420,-0.0167,11.720,-4.566,10.662
104.752095,28.916,-45.471,12.021,0.4117,-0.2255,-0.1863,2.201,-4.298,9.563
104.768762,28.806,-45.605,12.157,0.1047,-0.3635,-0.1105,-1.040,-4.499,8.968
104.785429,28.719,-45.746,12.275,-0.0185,-0.3476,-0.0588,-0.496,-5.321,8.442
104.802096,28.743,-45.873,12.331,-0.0429,-0.3813,-0.0139,3.575,-5.785,5.776
104.818763,28.826,-45.976,12.323,-0.1836,-0.3057,-0.0018,4.345,-5.793,2.740
104.835430,28.879,-46.026,12.258,-0.1792,-0.2587,-0.0184,0.088,-4.127,-0.911
104.852097,28.855,-46.035,12.116,-0.1379,-0.1499,-0.0979,-7.867,-3.558,-4.854
104.868764,28.790,-46.045,11.954,-0.1009,-0.0253,0.0025,-11.180,-4.055,-5.553
104.885431,28.778,-46.085,11.826,-0.0749,0.1350,0.0993,-6.525,-4.876,-3.488
104.902098,28.843,-46.153,11.746,-0.0794,0.2956,0.1120,0.135,-5.389,-0.907
104.918765,28.944,-46.233,11.683,0.0033,0.3639,0.0453,3.035,-5.742,0.081
104.935432,28.986,-46.318,11.639,0.0435,0.3356,0.0848,0.301,-5.588,0.913
104.952099,28.950,-46.396,11.612,0.1789,0.4516,0.1188,-3.640,-4.865,1.338
104.968766,28.880,-46.479,11.612,0.1534,0.4688,0.1560,-4.495,-4.580,2.432
104.985433,28.816,-46.567,11.642,0.1542,0.4548,0.2635,-2.821,-4.244,3.698
105.002100,28.732,-46.670,11.708,-0.2430,0.3234,0.3612,-2.493,-4.362,5.417
105.018767,28.669,-46.807,11.793,-0.2726,0.1557,0.3410,-0.352,-5.754,7.067
105.035434,28.624,-46.966,11.894,-0.2560,0.0993,0.2596,1.421,-6.599,8.226
105.052101,28.575,-47.126,12.000,-0.1357,0.0088,0.1064,1.398,-6.598,8.459
105.068768,28.476,-47.258,12.096,0.0488,0.1289,-0.0477,-2.027,-5.314,7.278
105.085435,28.303,-47.345,12.173,0.0948,0.1975,-0.1769,-7.222,-3.321,5.319
105.102102,28.072,-47.406,12.246,0.0668,0.2594,-0.1953,-10.969,-2.042,4.373
105.118769,27.822,-47.451,12.335,0.0724,0.2733,-0.1123,-11.392,-0.934,4.499
105.135436,27.607,-47.494,12.454,0.1399,0.1867,-0.0271,-7.920,-0.221,5.502
105.152103,27.395,-47.542,12.613,0.0460,0.0287,0.1598,-5.992,0.197,7.120
105.168770,27.144,-47.584,12.795,0.0821,-0.0599,0.3266,-7.293,0.885,7.777
105.185437,26.830,-47.644,12.977,-0.0152,-0.1219,0.5458,-11.108,-0.078,8.223
105.202104,26.485,-47.744,13.101,-0.1382,-0.0731,0.4583,-15.485,-3.313,7.190
105.218771,26.133,-47.884,13.160,-0.1950,0.0615,0.2580,-18.821,-6.735,5.909
105.235438,25.800,-48.049,13.170,-0.3196,0.2756,-0.0517,-19.852,-8.936,4.734
105.252105,25.506,-48.196,13.176,-0.3325,0.2219,-0.3323,-17.639,-8.094,4.118
105.268772,25.272,-48.321,13.199,-0.3176,0.2601,-0.4454,-13.324,-6.572,4.068
105.285439,25.115,-48.417,13.232,-0.2459,0.2668,-0.4359,-8.226,-4.888,3.730
105.302106,25.035,-48.484,13.279,-0.2428,0.3387,-0.2912,-3.014,-3.100,3.436
105.318773,24.986,-48.514,13.321,-0.3805,0.3672,-0.1136,-1.318,-1.141,2.331
105.335440,24.900,-48.508,13.350,-0.3960,0.2768,-0.0904,-4.172,0.572,0.960
105.352107,24.766,-48.463,13.381,-0.2968,0.2437,-0.0348,-6.941,2.760,0.053
105.368774,24.594,-48.393,13.436,-0.0734,0.2096,0.0133,-8.160,4.510,0.268
105.385441,24.438,-48.319,13.503,0.1210,0.2337,0.0975,-6.688,4.893,0.674
105.402108,24.353,-48.252,13.578,0.2425,0.1662,0.1586,-2.025,4.676,1.115
105.418775,24.319,-48.185,13.655,0.1842,0.0110,0.1821,1.086,4.704,1.220
105.435442,24.271,-48.131,13.720,0.1681,-0.1494,0.2065,-0.291,3.822,1.077
105.452109,24.137,-48.074,13.738,0.1984,-0.2868,0.2041,-7.522,3.178,-0.668
105.468776,23.953,-48.018,13.723,0.3338,-0.3469,0.1135,-12.062,2.570,-1.874
105.485443,23.806,-47.967,13.676,0.3956,-0.2168,0.1162,-11.170,1.846,-2.924
105.502110,23.740,-47.923,13.581,0.2788,-0.1409,0.1521,-8.481,0.628,-4.485
105.518777,23.743,-47.890,13.443,0.1291,-0.2622,0.1622,-6.300,-0.629,-5.870
105.535444,23.782,-47.870,13.267,0.0782,-0.2902,0.2154,-5.799,-1.988,-6.911
105.552111,23.799,-47.867,13.055,-0.0575,-0.2832,0.1661,-8.708,-3.517,-7.837
105.568778,23.800,-47.872,12.846,-0.0482,-0.2412,0.0572,-9.520,-3.865,-7.544
105.585445,23.814,-47.885,12.649,-0.1904,-0.0931,0.0412,-8.258,-4.163,-6.894
105.602112,23.867,-47.920,12.465,-0.1541,-0.0337,0.0424,-5.308,-5.136,-5.881
105.618779,23.966,-47.956,12.297,-0.1722,0.1289,0.0882,-1.842,-4.932,-5.248
105.635446,24.085,-47.986,12.125,-0.2734,0.2129,0.1796,-0.806,-4.700,-5.543
105.652113,24.207,-48.023,11.955,-0.2927,0.2435,0.2661,-0.556,-5.028,-5.287
105.668780,24.332,-48.066,11.800,-0.1933,0.2296,0.3029,0.313,-5.145,-4.558
105.685447,24.428,-48.111,11.666,-0.1419,0.2848,0.2093,-0.477,-4.907,-3.697
105.702114,24.512,-48.156,11.540,-0.0097,0.2596,0.1434,-0.953,-4.801,-3.428
105.718781,24.584,-48.205,11.405,0.0564,0.1730,0.1577,-1.973,-5.148,-3.661
105.735448,24.658,-48.266,11.266,0.2273,0.1232,0.0801,-2.095,-5.841,-3.478
105.752115,24.739,-48.359,11.086,0.2680,0.1410,-0.0289,-3.531,-8.330,-4.150
105.768782,24.806,-48.506,10.878,0.2539,0.0573,-0.0762,-5.612,-11.699,-3.777
105.785449,24.904,-48.644,10.659,0.3367,0.0120,0.0182,-4.223,-11.370,-4.356
105.802116,25.045,-48.739,10.434,0.3967,0.0941,-0.0104,-2.019,-9.205,-5.632
105.818783,25.227,-48.785,10.196,0.4276,0.1750,-0.0329,-0.036,-6.668,-7.292
105.835450,25.397,-48.785,9.965,0.3012,0.2412,-0.0104,-0.538,-4.150,-8.212
105.852117,25.560,-48.759,9.753,0.1086,0.2287,0.0303,-0.055,-2.427,-8.191
105.868784,25.760,-48.717,9.571,0.0748,0.2648,0.0410,3.473,-1.058,-7.561
105.885451,25.967,-48.662,9.411,0.0173,0.3584,0.0339,4.884,-0.005,-7.097
105.902118,26.129,-48.588,9.253,0.0057,0.3300,0.0387,2.298,1.006,-7.540
105.918785,26.266,-48.510,9.116,-0.0309,0.3043,0.0111,1.803,1.622,-6.934
105.935452,26.424,-48.428,9.030,0.0095,0.3262,0.0622,5.265,2.648,-5.208
105.952119,26.596,-48.341,8.991,0.1578,0.4035,0.2085,8.341,3.790,-3.663
105.968786,26.764,-48.244,8.972,0.1505,0.2977,0.2461,8.940,4.635,-3.245
105.985453,26.926,-48.137,8.961,-0.0010,0.1566,0.1517,8.869,5.274,-3.266
106.002120,27.109,-48.030,8.949,-0.1638,0.0283,0.0982,10.136,5.312,-3.313
106.018787,27.313,-47.923,8.940,-0.1938,-0.0860,0.0147,11.578,5.349,-3.195
106.035454,27.513,-47.809,8.922,-0.2126,-0.1136,-0.0507,10.895,5.539,-3.776
106.052121,27.708,-47.697,8.888,-0.1827,-0.1210,0.0111,9.899,5.103,-4.276
106.068788,27.930,-47.606,8.828,-0.1854,-0.0391,0.1027,10.376,3.496,-4.656
106.085455,28.182,-47.538,8.749,-0.1948,0.0879,0.0436,11.253,1.842,-4.701
106.102122,28.447,-47.487,8.667,-0.1372,0.1009,0.0396,12.006,0.918,-4.319
106.118789,28.684,-47.443,8.607,-0.0113,0.1455,0.0277,11.269,0.907,-3.365
106.135456,28.900,-47.415,8.571,-0.0616,0.1357,0.0298,11.060,0.584,-2.078
106.152123,29.063,-47.410,8.551,-0.2042,0.1870,0.0164,8.641,-0.365,-0.765
106.168790,29.176,-47.424,8.537,-0.1697,0.2287,0.0625,5.796,-1.233,-0.081
106.185457,29.275,-47.467,8.521,-0.1843,0.2237,-0.1083,4.963,-2.779,0.755
106.202124,29.353,-47.538,8.527,-0.2176,0.3186,-0.3192,4.651,-3.776,2.327
106.218791,29.402,-47.609,8.563,0.2212,0.5125,0.0791,4.203,-3.220,3.394
106.235458,29.431,-47.666,8.654,0.8615,0.4949,0.9832,5.507,-1.359,4.938
106.252125,29.518,-47.713,8.753,0.3294,0.2156,0.8208,9.285,-0.716,4.909
106.268792,29.612,-47.695,8.798,-0.7174,0.4151,0.4965,7.344,1.631,1.093
106.285459,29.693,-47.634,8.787,-0.8689,0.2694,0.2337,4.075,2.767,-2.159
106.302126,29.762,-47.571,8.839,-0.5351,-0.1051,-0.0360,6.108,4.077,0.009
106.318793,29.824,-47.538,8.985,-0.2593,-0.1542,-0.0610,9.891,4.430,4.195
106.335460,29.859,-47.528,9.182,-0.0649,0.0287,0.0161,10.494,4.303,6.656
106.352127,29.942,-47.516,9.344,-0.0091,0.1324,0.0128,11.916,3.694,5.410
106.368794,30.094,-47.493,9.440,0.0359,0.1565,-0.0122,13.020,2.889,2.726
106.385461,30.263,-47.450,9.505,0.1547,0.0851,-0.1274,12.721,3.369,1.034
106.402128,30.435,-47.391,9.586,0.2067,-0.0095,-0.3467,13.553,4.484,1.079
106.418795,30.632,-47.324,9.704,0.3569,0.1166,-0.4355,16.783,5.736,2.124
106.435462,30.922,-47.260,9.859,0.5029,0.1821,-0.5277,23.883,6.312,3.496
106.452129,31.319,-47.188,10.024,0.4430,0.1183,-0.5157,30.839,6.976,3.581
106.468796,31.735,-47.087,10.187,0.3736,0.1536,-0.1410,31.816,8.415,2.564
106.485463,32.106,-46.951,10.333,0.6196,-0.0744,0.5577,28.368,9.896,0.786
106.502130,32.435,-46.809,10.437,0.4402,-0.3786,0.8099,23.963,9.253,-0.913
106.518797,32.757,-46.660,10.439,-0.4216,-0.5044,0.4563,19.144,7.395,-4.715
106.535464,33.027,-46.495,10.332,-0.7673,-0.3335,0.2712,11.224,5.743,-9.050
106.552131,33.254,-46.348,10.197,-0.3427,-0.4639,0.1878,7.418,4.119,-9.496
106.568798,33.453,-46.230,10.090,0.0738,-0.5651,-0.0516,7.057,3.264,-7.530
106.585465,33.660,-46.117,9.984,0.2341,-0.3600,-0.0606,7.521,3.024,-7.420
106.602132,33.831,-45.962,9.848,0.0193,-0.0596,0.1134,4.048,4.379,-9.845
106.618799,34.028,-45.783,9.617,-0.0684,0.0293,0.0543,1.605,3.327,-13.959
106.635466,34.266,-45.609,9.344,0.0077,0.0014,0.0613,2.268,2.022,-15.305
106.652133,34.543,-45.449,9.071,0.0723,-0.0268,0.0698,4.655,1.204,-14.838
106.668800,34.836,-45.309,8.816,-0.0505,0.0622,0.0301,6.431,0.593,-13.609
106.685467,35.130,-45.154,8.577,-0.0565,0.1013,0.0763,7.165,1.589,-13.562
106.702134,35.340,-44.973,8.336,-0.4532,0.3388,0.2318,2.086,2.778,-14.568
106.718801,35.475,-44.798,8.151,-0.4211,0.3644,0.3640,-0.082,3.811,-12.522
106.735468,35.613,-44.669,7.980,-0.5231,0.5658,0.3566,0.777,1.837,-10.385
106.752135,35.778,-44.569,7.840,-0.3421,0.4071,0.2159,3.730,1.208,-8.324
106.768802,36.045,-44.480,7.739,0.0495,0.2832,0.1146,11.466,1.524,-6.574
106.785469,36.318,-44.394,7.694,0.2142,0.1997,0.1413,14.220,2.877,-4.573
106.802136,36.559,-44.303,7.710,0.3112,0.1221,-0.0696,14.781,4.539,-2.651
106.818803,36.750,-44.279,7.720,0.0585,0.2831,-0.1443,11.599,1.231,-0.490
106.835470,36.895,-44.279,7.695,-0.1560,0.4334,-0.2102,7.343,-0.853,-0.820
106.852137,36.949,-44.248,7.653,-0.0081,0.4762,-0.0167,1.225,0.194,-2.501
106.868804,36.968,-44.211,7.588,-0.0376,0.4764,-0.0686,-1.907,-0.118,-3.553
106.885471,36.949,-44.160,7.560,-0.2458,0.3343,0.1523,-2.612,1.529,-2.785
106.902138,36.943,-44.107,7.551,-0.4498,0.3560,0.3353,-1.052,2.101,-2.186
106.918805,36.950,-44.064,7.558,-0.2261,0.2149,0.3797,0.445,2.040,-1.228
106.935472,36.965,-44.060,7.568,-0.2618,0.0771,0.3316,0.994,0.274,0.189
106.952139,36.843,-44.074,7.619,-0.2121,0.4351,0.3133,-5.519,0.414,2.338
106.968806,36.712,-44.050,7.727,0.1216,0.2911,-0.0082,-3.624,3.748,2.901
106.985473,36.663,-43.981,7.862,0.3382,0.0216,-0.1761,2.357,6.594,2.226
107.002140,36.594,-43.884,7.975,0.2088,0.0764,-0.0554,0.274,7.391,0.498
107.018807,36.454,-43.782,8.070,0.2696,-0.0065,-0.0403,-4.792,7.149,-0.302
107.035474,36.356,-43.650,8.125,0.0293,0.0355,-0.0658,-3.910,7.579,-2.729
107.052141,36.299,-43.506,8.168,-0.1167,-0.0333,0.1179,-1.899,7.895,-3.607
107.068808,36.253,-43.402,8.196,-0.2035,-0.1027,0.2911,-1.918,5.545,-2.621
107.085475,36.310,-43.346,8.208,-0.0992,-0.1171,0.2077,3.631,2.820,-1.536
107.102142,36.519,-43.309,8.193,-0.0656,-0.0671,0.1483,11.612,1.161,-1.813
107.118809,36.787,-43.274,8.184,-0.1463,-0.0601,0.2624,15.356,1.272,-1.562
107.135476,37.028,-43.230,8.182,-0.2684,-0.0500,0.2683,14.085,1.836,-1.588
107.152143,37.117,-43.158,8.166,-0.4112,-0.2701,0.2452,4.449,2.874,-3.130
107.168810,37.210,-43.087,8.112,0.0200,-0.5423,0.1177,3.011,1.712,-4.403
107.185477,37.313,-43.033,8.054,0.0731,-0.3606,0.0357,3.520,0.819,-3.957
107.202144,37.492,-42.992,7.928,0.1751,-0.4782,-0.0907,5.296,-1.583,-5.873
107.218811,37.601,-42.904,7.790,0.1881,-0.2864,-0.1331,0.614,0.296,-8.008
107.235478,37.558,-42.799,7.617,-0.2484,0.1771,-0.4615,-9.899,0.144,-9.810
107.252145,37.425,-42.705,7.444,-0.4091,0.4711,-0.6707,-15.316,-0.367,-9.445
107.268812,37.301,-42.635,7.331,-0.1066,0.5902,-0.7604,-12.361,0.075,-6.485
107.285479,37.209,-42.577,7.263,0.0441,0.6907,-0.6351,-8.600,0.748,-4.472
107.302146,37.149,-42.517,7.226,0.9146,0.7394,0.3382,-5.382,1.686,-3.435
107.318813,37.198,-42.491,7.202,1.2546,0.0575,1.4686,1.703,0.406,-1.749
107.335480,37.300,-42.474,7.118,0.0529,-0.4305,0.9748,2.380,-1.658,-3.536
107.352147,37.394,-42.395,6.931,-1.1267,0.0775,0.6713,-2.242,-1.469,-9.430
107.368814,37.441,-42.298,6.667,-0.9876,0.1316,0.5533,-8.104,-2.688,-12.797
107.385481,37.441,-42.250,6.494,-0.2465,-0.1808,0.1856,-7.294,-2.604,-7.832
107.402148,37.426,-42.230,6.426,0.0631,0.0241,0.1509,-3.935,-1.054,-3.108
107.418815,37.421,-42.220,6.357,-0.0261,0.1078,0.0165,-3.379,-1.608,-2.745
107.435482,37.433,-42.203,6.230,-0.1628,0.0025,0.0402,-4.701,-2.841,-5.047
107.452149,37.483,-42.172,6.071,-0.0254,-0.1104,-0.0081,-3.704,-3.041,-6.739
107.468816,37.551,-42.122,5.882,-0.0343,-0.0114,-0.1213,-3.823,-2.969,-8.443
107.485483,37.623,-42.069,5.672,0.0060,-0.1283,-0.1512,-4.415,-3.359,-9.319
107.502150,37.653,-42.032,5.463,0.0269,0.0434,-0.2250,-6.908,-4.156,-8.677
107.518817,37.693,-41.983,5.239,0.0975,0.1725,-0.2405,-6.901,-3.959,-9.699
107.535484,37.685,-41.917,5.025,-0.0447,0.4558,0.0247,-9.350,-2.925,-9.950
107.552151,37.652,-41.858,4.864,-0.1132,0.5650,0.1416,-8.748,-1.838,-7.795
107.568818,37.713,-41.834,4.766,-0.3303,0.2469,0.3656,-0.512,-1.733,-4.279
107.585485,37.860,-41.866,4.715,-0.3089,0.1264,0.5504,6.492,-3.082,-0.618
107.602152,38.038,-41.930,4.714,-0.0573,0.0078,0.6510,10.321,-3.309,2.397
107.618819,38.182,-41.997,4.711,0.2275,-0.0011,0.5026,8.230,-3.404,2.388
107.635486,38.248,-42.034,4.657,0.1008,0.1093,0.2004,1.532,-3.476,-0.474
107.652153,38.238,-42.049,4.579,-0.2648,0.3615,-0.0873,-4.052,-3.040,-2.140
107.668820,38.215,-42.069,4.530,-0.2375,0.3501,-0.1660,-3.634,-2.508,-0.934
107.685487,38.223,-42.112,4.509,-0.1427,0.4350,0.0036,-0.655,-2.846,0.927
107.702154,38.234,-42.171,4.522,-0.0627,0.2791,0.0583,0.863,-2.620,2.658
107.718821,38.260,-42.218,4.544,-0.0171,0.2453,0.0293,2.146,-1.815,2.580
107.735488,38.299,-42.246,4.579,-0.0918,0.2683,0.1215,3.442,-0.592,2.273
107.752155,38.313,-42.275,4.637,-0.1937,0.1378,0.2299,2.867,0.045,3.144
107.768822,38.339,-42.333,4.719,-0.0909,0.0434,0.3162,4.580,-0.677,5.051
107.785489,38.375,-42.419,4.806,-0.1303,0.1691,0.3578,5.381,-1.863,6.267
107.802156,38.382,-42.506,4.894,-0.1088,0.2312,0.2424,3.669,-1.912,6.355
107.818823,38.377,-42.590,4.980,-0.0020,0.1866,0.0107,2.906,-1.762,6.169
107.835490,38.362,-42.666,5.062,0.0369,0.1564,-0.0885,2.160,-1.522,5.711
107.852157,38.321,-42.741,5.155,0.0215,0.0717,-0.0449,1.031,-1.190,6.049
107.868824,38.277,-42.811,5.262,0.0751,0.0833,0.0048,1.411,-0.590,6.331
107.885491,38.297,-42.876,5.358,0.1235,0.1035,0.0229,4.764,-0.652,5.768
107.902158,38.402,-42.937,5.454,0.0406,0.0766,-0.0716,9.947,-0.455,5.646
107.918825,38.597,-43.000,5.565,0.0920,0.0569,-0.0599,15.990,-0.161,6.235
107.935492,38.812,-43.056,5.681,0.1421,0.0378,0.0050,17.349,0.403,6.089
107.952159,38.977,-43.084,5.791,0.2176,0.0350,0.0007,14.097,1.502,4.843
107.968826,39.101,-43.086,5.879,0.1681,-0.0571,0.0749,10.745,2.119,3.134
107.985493,39.195,-43.074,5.944,-0.0068,-0.0705,0.2177,7.949,2.148,1.770
108.002160,39.244,-43.064,5.979,-0.1084,-0.1140,0.2307,4.117,1.221,0.863
108.018827,39.235,-43.047,5.996,-0.1013,-0.0418,0.1696,-0.137,1.117,-0.037
108.035494,39.184,-43.034,6.010,-0.1121,0.0064,0.0926,-2.770,0.748,0.035
108.052161,39.128,-43.023,6.025,-0.2339,0.1413,0.1087,-3.072,0.706,0.122
108.068828,39.096,-43.032,6.039,-0.1240,0.1726,0.0801,-1.639,-0.213,0.878
108.085495,39.102,-43.043,6.056,-0.0112,0.2198,0.0779,0.754,-0.242,1.027
108.102162,39.110,-43.056,6.082,-0.0483,0.1438,0.0481,1.310,-0.086,1.430
108.118829,39.088,-43.062,6.117,-0.0187,0.0936,0.0963,-0.232,0.495,1.449
108.135496,39.020,-43.070,6.153,-0.1670,0.1249,0.1125,-2.902,0.431,1.557
108.152163,38.949,-43.088,6.203,0.0021,0.0828,0.0823,-2.468,0.298,2.429
108.168830,38.899,-43.112,6.273,0.0672,0.1889,0.0157,-0.444,0.639,3.302
108.185497,38.850,-43.140,6.356,-0.0132,0.2328,-0.0274,0.141,0.770,3.919
108.202164,38.812,-43.162,6.442,-0.1346,0.1837,-0.0291,0.966,1.099,3.830
108.218831,38.769,-43.187,6.532,-0.3382,0.1734,-0.1229,0.846,1.117,4.046
108.235498,38.686,-43.215,6.636,-0.1193,0.2182,-0.0537,-1.062,1.332,4.617
108.252165,38.559,-43.257,6.750,0.2823,0.2048,0.0230,-3.195,0.962,5.513
108.268832,38.394,-43.299,6.866,0.3006,0.2051,0.0938,-5.417,0.960,5.573
108.285499,38.209,-43.328,6.975,0.1576,0.2201,0.3217,-6.879,1.382,4.896
108.302166,38.094,-43.337,7.078,0.1858,0.1141,0.4476,-2.957,2.191,3.876
108.318833,38.058,-43.339,7.175,-0.0752,0.0162,0.3716,1.533,2.296,3.458
108.335500,38.073,-43.342,7.283,-0.1820,0.0392,0.2965,5.024,2.570,3.878
108.352167,38.063,-43.343,7.412,-0.2239,-0.0405,0.2366,4.401,3.240,4.474
108.368834,37.969,-43.349,7.540,-0.2793,-0.1485,0.1433,-0.707,2.915,4.618
108.385501,37.822,-43.357,7.653,-0.2097,-0.1499,0.2124,-4.438,2.464,4.253
108.402168,37.669,-43.376,7.716,-0.2432,-0.0366,0.2644,-6.909,0.566,2.877
108.418835,37.551,-43.410,7.750,-0.1376,-0.0733,0.2149,-5.979,-0.897,2.479
108.435502,37.546,-43.466,7.762,-0.1537,-0.1036,0.1461,-0.036,-2.555,2.524
108.452169,37.615,-43.528,7.761,-0.0485,-0.1197,0.0116,3.726,-3.216,2.246
108.468836,37.682,-43.575,7.742,0.0104,-0.1272,-0.1003,2.996,-2.908,1.137
108.485503,37.698,-43.595,7.730,0.1286,-0.0626,-0.0733,0.195,-1.486,0.368
108.502170,37.687,-43.616,7.706,0.1133,0.0225,0.0044,-1.946,-1.801,-0.015
108.518837,37.661,-43.647,7.679,-0.0456,0.0012,0.0006,-2.969,-2.400,0.233
108.535504,37.675,-43.676,7.629,-0.1441,0.1740,0.1616,-1.533,-2.919,-0.605
108.552171,37.736,-43.713,7.580,-0.1228,0.1350,0.1775,1.315,-3.286,-0.320
108.568838,37.818,-43.765,7.561,-0.0965,0.0331,-0.0237,3.815,-3.163,1.320
108.585505,37.882,-43.824,7.568,-0.0512,0.0595,-0.2484,3.885,-2.771,2.464
108.602172,37.848,-43.867,7.578,-0.0484,0.1537,-0.3891,-1.875,-1.967,1.966
108.618839,37.698,-43.882,7.621,0.5148,0.1585,-0.1958,-7.563,0.196,1.998
108.635506,37.543,-43.887,7.685,0.9827,0.1172,0.3999,-6.957,1.223,2.454
108.652173,37.446,-43.899,7.727,0.4883,-0.0522,0.5856,-4.355,0.327,1.887
108.668840,37.495,-43.887,7.679,-0.2225,0.0736,0.3639,0.594,-0.937,-2.100
108.685507,37.618,-43.861,7.579,-0.4965,0.1012,0.2614,2.901,-1.596,-4.368
108.702174,37.696,-43.836,7.513,-0.2527,0.0349,-0.0550,1.684,-0.756,-3.126
108.718841,37.694,-43.821,7.485,-0.1427,0.2206,-0.0335,-1.627,-0.240,-1.495
108.735508,37.599,-43.808,7.489,-0.0693,0.2661,0.0846,-5.851,0.512,-0.391
108.752175,37.512,-43.792,7.497,-0.1073,0.3248,0.2402,-5.270,0.711,-0.312
108.768842,37.507,-43.782,7.488,-0.3441,0.2946,0.3903,-0.730,0.217,-0.453
108.785509,37.577,-43.785,7.495,-0.3202,0.1367,0.4036,4.218,-0.202,0.407
108.802176,37.647,-43.798,7.524,-0.1545,0.0276,0.2491,5.069,-0.033,1.492
108.818843,37.632,-43.800,7.571,0.0593,0.0051,-0.0163,0.850,0.980,1.820
108.835510,37.540,-43.792,7.643,0.2562,0.0450,-0.2327,-2.789,2.075,2.197
108.852177,37.373,-43.763,7.722,0.2478,0.1321,-0.2417,-7.145,3.230,1.571
108.868844,37.209,-43.715,7.779,0.1329,-0.0109,-0.1803,-7.713,3.597,0.351
108.885511,37.072,-43.673,7.822,-0.0922,-0.1041,0.0315,-6.789,2.932,-0.059
108.902178,36.981,-43.655,7.810,-0.3293,-0.1211,0.0141,-6.187,0.369,-0.963
108.918845,36.874,-43.664,7.778,-0.3432,-0.0732,-0.0171,-8.050,-1.488,-0.770
108.935512,36.726,-43.654,7.730,-0.0593,0.0459,-0.0762,-10.932,-0.782,-1.789
108.952179,36.549,-43.659,7.703,-0.0909,0.1210,-0.2952,-12.025,-1.176,-0.729
108.968846,36.442,-43.687,7.684,-0.1901,0.0481,-0.4443,-7.520,-2.051,0.368
108.985513,36.352,-43.727,7.691,-0.1388,0.3172,-0.0379,-5.397,-1.951,1.699
109.002180,36.252,-43.761,7.743,0.7693,0.4288,0.9610,-4.215,-0.614,2.965
109.018847,36.217,-43.828,7.823,1.0607,-0.0084,1.3307,0.854,-1.396,5.153
109.035514,36.309,-43.892,7.879,-0.0782,-0.2072,0.5766,7.137,-2.173,3.862
109.052181,36.468,-43.899,7.832,-0.6646,0.1606,0.3671,7.269,-1.698,-1.389
109.068848,36.581,-43.908,7.799,-0.4738,0.0426,0.1004,4.457,-1.923,-1.379
109.085515,36.659,-43.955,7.832,-0.2205,-0.0229,-0.2541,5.458,-1.824,2.614
109.102182,36.682,-44.011,7.884,-0.1883,0.2345,-0.1932,3.604,-1.323,4.092
109.118849,36.618,-44.032,7.918,-0.0287,0.2176,-0.1912,-2.743,-0.323,1.983
109.135516,36.564,-44.025,7.905,0.0832,0.2210,-0.1534,-3.312,0.231,0.024
109.152183,36.517,-44.013,7.911,-0.0983,0.3366,0.0322,-2.915,0.531,-0.255
109.168850,36.480,-44.007,7.908,-0.1122,0.1986,0.2043,-2.430,0.131,-0.132
109.185517,36.508,-44.034,7.912,0.0188,-0.1686,0.2339,1.430,-1.504,1.078
109.202184,36.571,-44.080,7.915,0.0266,-0.2534,0.1394,3.877,-2.156,1.999
109.218851,36.600,-44.111,7.885,-0.0431,0.0104,0.1389,0.508,-2.269,0.356
109.235518,36.562,-44.126,7.879,-0.0057,0.0620,0.1538,-3.011,-1.214,0.255
109.252185,36.524,-44.141,7.902,-0.0529,0.0538,0.2233,-1.592,-0.342,1.343
109.268852,36.495,-44.165,7.943,-0.1348,0.0171,0.3175,-0.307,-0.290,2.322
109.285519,36.487,-44.204,7.994,-0.0860,-0.0734,0.2126,1.062,-0.981,2.933
109.302186,36.465,-44.246,8.020,-0.1022,-0.0460,0.0405,-0.447,-1.513,2.488
109.318853,36.408,-44.276,8.030,-0.0523,-0.0528,-0.0653,-3.444,-1.469,1.314
109.335520,36.340,-44.295,8.019,-0.0669,-0.0041,-0.0927,-4.849,-1.442,0.306
109.352187,36.304,-44.324,7.997,-0.1528,0.1393,-0.1305,-3.500,-2.183,0.191
109.368854,36.323,-44.379,8.005,-0.1168,0.1701,-0.1169,0.391,-3.192,1.539
109.385521,36.389,-44.455,7.999,-0.0153,0.2357,-0.0901,3.431,-4.011,2.546
109.402188,36.435,-44.554,7.999,-0.0786,0.1484,-0.2760,2.594,-4.943,3.676
109.418855,36.427,-44.657,8.012,-0.1154,0.2172,-0.3701,-0.154,-4.749,4.211
109.435522,36.339,-44.749,8.038,0.1430,0.3779,-0.1481,-4.007,-3.726,4.638
109.452189,36.216,-44.818,8.135,0.9746,0.3635,0.5979,-3.298,-0.956,6.048
109.468856,36.142,-44.895,8.263,1.0472,0.2013,1.1734,0.668,-0.706,7.076
109.485523,36.187,-44.959,8.321,0.0470,-0.1085,0.5323,4.914,-1.800,4.395
109.502190,36.293,-44.963,8.304,-0.5232,0.0558,0.2216,5.615,-0.659,-0.220
109.518857,36.386,-44.948,8.298,-0.2235,-0.1574,-0.0476,5.092,0.411,-0.647
109.535524,36.421,-44.941,8.353,-0.1981,-0.2043,-0.2696,4.067,1.444,1.580
109.552191,36.362,-44.922,8.406,-0.0981,0.1080,-0.1798,-1.680,2.003,1.088
109.568858,36.257,-44.894,8.426,-0.1042,0.1669,0.0891,-5.874,1.561,-0.395
109.585525,36.209,-44.861,8.423,-0.3195,0.2060,0.1683,-3.267,1.365,-1.230
109.602192,36.283,-44.858,8.410,-0.2726,0.2237,0.2333,3.617,-0.383,-0.504
109.618859,36.472,-44.883,8.413,0.0161,0.2497,0.1425,10.956,-1.475,0.855
109.635526,36.696,-44.931,8.442,0.1621,0.0581,0.0089,14.905,-1.465,3.180
109.652193,36.813,-44.966,8.516,0.2002,0.1977,-0.3037,9.964,0.081,3.928
109.668860,36.830,-44.969,8.666,0.1490,0.7821,-0.3962,7.218,3.551,5.328
109.685527,36.809,-44.948,8.935,0.0823,0.9128,-0.2164,10.044,7.799,8.586
109.702194,36.774,-44.926,9.354,-0.0661,0.7432,0.0346,15.078,11.361,13.259
109.718861,36.792,-44.940,9.872,-0.2644,0.5992,0.1420,22.584,12.172,18.011
109.735528,36.823,-44.985,10.430,-0.4926,0.5181,0.0150,25.403,11.971,20.778
109.752195,36.702,-45.021,11.022,-0.2276,0.4670,-0.0011,17.644,13.191,21.507
109.768862,36.441,-45.047,11.637,0.3283,0.4501,0.3141,10.161,14.086,21.942
109.785529,36.186,-45.063,12.261,0.5194,0.1688,0.5138,10.898,14.700,21.913
109.802196,36.049,-45.077,12.864,0.1728,-0.1439,0.4788,17.107,14.203,21.196
109.818863,36.029,-45.090,13.402,-0.3038,-0.3196,0.3529,21.313,12.569,18.912
109.835530,36.044,-45.097,13.842,-0.4307,-0.5133,0.1586,19.368,10.483,15.374
109.852197,36.047,-45.101,14.197,-0.1985,-0.7066,0.0074,14.934,8.463,12.306
109.868864,36.040,-45.089,14.442,-0.0208,-0.7879,-0.0454,9.719,6.529,8.027
109.885531,35.997,-45.061,14.583,-0.0527,-0.7936,0.1367,3.120,4.678,3.892
109.902198,35.943,-45.032,14.634,-0.0175,-0.7282,0.1577,-1.388,2.457,0.759
109.918865,35.905,-45.010,14.606,0.0225,-0.5869,0.1701,-3.714,0.202,-1.683
109.935532,35.888,-45.002,14.521,0.1079,-0.5197,0.1206,-4.912,-1.919,-3.178
109.952199,35.841,-44.998,14.383,0.1266,-0.4807,0.1315,-8.980,-3.436,-4.882
109.968866,35.723,-44.990,14.197,0.1641,-0.4729,0.0921,-15.184,-4.420,-6.631
109.985533,35.588,-44.988,13.980,0.2570,-0.2802,0.0012,-17.607,-5.459,-7.539
110.002200,35.438,-44.986,13.742,0.0858,0.0077,0.0437,-19.361,-5.945,-8.250
110.018867,35.308,-44.984,13.508,-0.0343,0.1570,0.1079,-17.980,-5.842,-8.160
110.035534,35.252,-44.982,13.275,-0.1449,0.2087,0.2033,-13.567,-5.836,-8.104
110.052201,35.285,-44.988,13.058,-0.2725,0.2725,0.2366,-7.487,-5.784,-7.287
110.068868,35.420,-44.997,12.876,-0.3094,0.2372,0.3139,0.095,-5.109,-5.977
110.085535,35.562,-45.003,12.725,-0.2884,0.3103,0.2873,1.854,-4.236,-4.940
110.102202,35.657,-45.006,12.604,-0.3485,0.3633,0.2456,0.286,-3.307,-4.079
110.118869,35.699,-45.014,12.509,-0.3074,0.4018,0.1292,-1.735,-2.942,-2.938
110.135536,35.710,-45.021,12.449,-0.3053,0.3893,0.0981,-2.203,-2.040,-1.796
110.152203,35.723,-45.040,12.406,-0.2758,0.3446,0.1371,-1.301,-2.153,-0.754
110.168870,35.750,-45.084,12.399,-0.1085,0.2442,0.1166,1.051,-2.515,1.311
110.185537,35.803,-45.143,12.402,0.0741,0.1631,0.0130,3.024,-3.019,2.236
110.202204,35.845,-45.201,12.411,0.1849,0.0353,-0.1209,2.574,-2.785,2.364
110.218871,35.857,-45.242,12.412,0.2598,-0.0289,-0.3418,0.513,-2.138,1.526
110.235538,35.827,-45.268,12.426,0.1907,0.0248,-0.4533,-1.491,-1.144,1.432
110.252205,35.782,-45.289,12.450,0.2260,-0.0022,-0.5925,-1.938,-0.613,1.595
110.268872,35.683,-45.296,12.487,0.1372,0.0649,-0.4476,-4.606,0.400,1.537
110.285539,35.499,-45.289,12.558,0.4103,0.1149,0.0347,-8.310,1.872,2.246
110.302206,35.280,-45.259,12.636,0.8418,-0.0065,0.5602,-10.087,3.198,1.667
110.318873,35.062,-45.237,12.665,0.2207,0.1235,0.6879,-12.140,1.586,0.270
110.335540,34.924,-45.214,12.615,-0.1180,0.1071,0.5719,-10.665,-0.257,-2.480
110.352207,34.884,-45.214,12.539,-0.0850,-0.1034,0.5364,-5.898,-2.054,-2.602
110.368874,34.898,-45.251,12.488,-0.2115,-0.1483,0.2846,-1.595,-3.254,-0.469
110.385541,34.944,-45.293,12.430,-0.3823,0.0008,0.0551,-0.036,-3.630,-0.579
110.402208,34.982,-45.300,12.334,-0.5400,0.2174,-0.0223,-2.103,-2.888,-3.045
110.418875,35.011,-45.276,12.222,-0.3830,0.0865,-0.0466,-3.280,-1.687,-4.668
110.435542,35.051,-45.242,12.136,-0.2280,0.0148,0.2050,-1.520,-0.625,-4.088
110.452209,35.087,-45.217,12.069,-0.2274,0.0847,0.3865,-0.957,-0.587,-3.131
110.468876,35.135,-45.207,12.006,-0.0436,0.0763,0.3165,-0.071,-1.232,-2.500
110.485543,35.181,-45.206,11.957,0.0603,0.1233,0.1402,0.337,-1.345,-1.721
110.502210,35.226,-45.210,11.924,0.0653,0.2164,-0.1100,1.021,-1.208,-0.995
110.518877,35.268,-45.204,11.910,-0.0073,0.0875,-0.1428,1.616,-0.272,-0.629
110.535544,35.281,-45.205,11.919,-0.0847,-0.0532,-0.1097,0.870,-0.004,0.352
110.552211,35.291,-45.211,11.926,0.0458,-0.2049,0.0259,0.631,-0.331,0.502
110.568878,35.303,-45.226,11.919,0.0694,-0.2387,0.1082,0.124,-1.109,0.251
110.585545,35.355,-45.235,11.891,0.0872,-0.2604,0.0703,1.524,-1.430,-0.681
110.602212,35.443,-45.236,11.812,-0.0534,-0.1189,0.0410,1.580,-2.193,-2.757
110.618879,35.502,-45.229,11.707,0.0458,-0.0373,0.0541,-1.146,-2.386,-3.772
110.635546,35.564,-45.223,11.584,0.0419,0.0019,0.0630,-1.783,-2.921,-4.415
110.652213,35.644,-45.221,11.453,0.0962,0.0463,0.1231,-0.909,-3.234,-4.387
110.668880,35.753,-45.232,11.326,0.0302,0.0050,0.1210,0.783,-3.915,-4.015
110.685547,35.845,-45.238,11.215,-0.1121,0.2491,0.1668,0.435,-3.320,-3.636
110.702214,35.915,-45.228,11.102,-0.1152,0.3161,0.1634,-1.072,-2.627,-4.351
110.718881,35.952,-45.209,11.026,-0.0369,0.2710,0.1540,-1.742,-1.396,-3.641
110.735548,35.968,-45.185,10.956,0.0029,0.3424,0.1553,-2.341,-0.835,-3.255
110.752215,35.975,-45.154,10.891,-0.0074,0.3315,0.1665,-2.406,-0.136,-3.078
110.768882,36.020,-45.131,10.854,-0.0499,0.2553,0.1101,0.738,-0.074,-2.135
110.785549,36.104,-45.129,10.828,-0.1819,0.1627,0.0755,3.745,-0.678,-0.901
110.802216,36.170,-45.136,10.806,-0.1989,0.0798,-0.0149,2.760,-1.111,-0.421
110.818883,36.181,-45.146,10.808,-0.1199,0.0401,-0.1448,0.591,-0.530,0.547
110.835550,36.171,-45.155,10.816,-0.0272,0.0152,-0.3387,-0.483,-0.414,0.700
110.852217,36.142,-45.165,10.832,0.0205,-0.0413,-0.4093,-1.359,-0.254,0.891
110.868884,36.099,-45.176,10.848,-0.0515,-0.0321,-0.5188,-1.886,-0.209,1.240
110.885551,36.037,-45.188,10.870,-0.1627,-0.0512,-0.5984,-2.929,-0.144,1.333
110.902218,35.959,-45.206,10.901,-0.1044,0.0767,-0.6497,-3.985,-0.473,1.407
110.918885,35.777,-45.203,10.936,0.6092,0.0999,-0.0864,-9.674,0.829,1.136
110.935552,35.495,-45.202,11.019,1.3644,0.2671,1.1258,-13.830,1.792,2.698
110.952219,35.274,-45.232,11.063,0.9231,-0.2540,1.2285,-11.348,-0.432,2.891
110.968886,35.151,-45.248,11.001,-0.3666,-0.0508,0.8540,-10.282,-2.428,-1.548
110.985553,35.081,-45.226,10.808,-0.7449,-0.0040,0.7379,-12.093,-3.477,-6.866
111.002220,34.952,-45.223,10.635,-0.7813,-0.1778,0.3214,-14.673,-3.816,-5.461
111.018887,34.835,-45.254,10.568,-0.6601,0.0329,0.1028,-10.593,-3.602,-1.607
111.035554,34.760,-45.315,10.512,-0.5304,0.2650,0.1029,-6.893,-4.391,0.399
111.052221,34.803,-45.397,10.462,-0.3835,0.0816,-0.0147,-0.203,-5.685,0.772
111.068888,35.035,-45.483,10.371,-0.1458,-0.0186,0.0324,9.933,-6.491,0.033
111.085555,35.347,-45.558,10.263,-0.1599,-0.0044,0.1057,14.082,-6.362,-0.870
111.102222,35.600,-45.617,10.164,-0.1113,-0.0410,0.0035,10.700,-5.456,-1.263
111.118889,35.786,-45.670,10.095,-0.0831,0.0039,-0.2035,7.886,-4.489,-0.513
111.135556,35.900,-45.707,10.049,0.0838,0.0645,-0.2827,5.018,-2.858,0.187
111.152223,35.957,-45.731,10.039,0.3012,0.1278,-0.1868,2.554,-1.723,0.400
111.168890,35.976,-45.749,10.047,0.4866,0.1062,0.1232,1.197,-0.858,0.928
111.185557,36.049,-45.793,10.045,0.3445,-0.1944,0.1629,4.132,-2.337,1.578
111.202224,36.170,-45.845,10.013,-0.0763,-0.1681,0.3503,5.495,-3.617,0.709
111.218891,36.251,-45.876,9.895,-0.2121,-0.1029,0.4208,-0.495,-4.591,-2.813
111.235558,36.262,-45.878,9.760,-0.1407,-0.1017,0.2330,-5.410,-3.602,-4.457
111.252225,36.276,-45.870,9.655,-0.0332,0.1246,0.1573,-3.617,-2.226,-3.524
111.268892,36.314,-45.860,9.563,-0.0972,0.2945,0.1965,-2.029,-2.037,-3.463
111.285559,36.352,-45.851,9.493,-0.0371,0.2427,0.1855,-1.275,-1.661,-2.852
111.302226,36.392,-45.849,9.422,-0.0436,0.2121,0.1371,-0.706,-1.727,-2.291
111.318893,36.418,-45.844,9.371,-0.0641,0.2330,0.1064,-0.715,-1.096,-1.658
111.335560,36.427,-45.843,9.339,-0.0085,0.2584,-0.0179,-1.049,-0.902,-1.059
111.352227,36.445,-45.852,9.326,0.0183,0.2021,-0.0298,0.314,-0.941,0.012
111.368894,36.494,-45.868,9.327,0.0442,0.1922,-0.0554,2.561,-1.026,0.482
111.385561,36.566,-45.892,9.319,0.0278,0.1710,-0.0809,3.621,-1.560,0.574
111.402228,36.634,-45.920,9.305,-0.0425,0.0908,-0.1983,3.216,-1.883,0.565
111.418895,36.662,-45.941,9.297,-0.0518,0.0264,-0.2489,1.104,-1.411,0.527
111.435562,36.673,-45.965,9.310,0.0411,-0.0829,-0.3521,0.847,-1.099,1.247
111.452229,36.642,-45.993,9.343,0.0095,-0.0810,-0.4649,-0.776,-0.742,2.080
111.468896,36.538,-46.020,9.390,0.0605,0.0843,-0.4377,-4.522,-0.360,2.561
111.485563,36.387,-46.031,9.458,0.5954,0.0535,-0.0880,-6.508,0.885,2.579
111.502230,36.250,-46.015,9.531,0.8644,-0.0126,0.4499,-5.344,2.363,1.945
111.518897,36.194,-45.984,9.552,0.6292,-0.0116,0.9258,-2.992,1.650,-0.604
111.535564,36.213,-45.958,9.472,-0.0615,-0.0690,0.8764,-2.540,-0.880,-3.546
111.552231,36.247,-45.937,9.342,-0.4182,-0.2160,0.5459,-3.721,-2.288,-5.011
111.568898,36.243,-45.927,9.230,-0.2546,-0.1971,0.2477,-5.320,-2.464,-4.085
111.585565,36.245,-45.918,9.123,-0.1302,-0.1130,-0.1624,-4.663,-2.372,-3.818
111.602232,36.256,-45.885,9.016,-0.1080,0.0125,-0.3350,-4.065,-1.106,-4.588
111.618899,36.301,-45.815,8.904,-0.0127,0.0292,-0.2671,-2.554,0.318,-6.396
111.635566,36.334,-45.710,8.759,0.0267,0.0443,-0.0109,-4.702,1.158,-8.781
111.652233,36.333,-45.584,8.583,0.0604,0.1381,0.2288,-8.177,1.374,-10.612
111.668900,36.360,-45.465,8.389,0.0186,0.1123,0.1140,-6.992,0.669,-10.844
111.685567,36.428,-45.341,8.226,-0.0979,0.2593,0.1677,-2.985,1.832,-9.769
111.702234,36.534,-45.218,8.100,-0.2968,0.3110,0.2196,0.662,2.524,-8.695
111.718901,36.628,-45.103,8.021,-0.3225,0.1655,0.2463,2.004,3.348,-6.764
111.735568,36.711,-45.000,7.991,-0.0623,0.0822,0.2872,3.414,4.033,-4.676
111.752235,36.795,-44.919,7.992,0.0301,0.0946,0.3296,4.750,3.667,-2.914
111.768902,36.934,-44.854,7.980,0.0717,0.0317,0.2457,7.552,2.587,-2.684
111.785569,37.117,-44.789,7.939,-0.0403,-0.0472,0.0982,8.855,1.786,-3.839
111.802236,37.280,-44.712,7.884,-0.1042,-0.1431,-0.0112,7.108,2.022,-4.696
111.818903,37.403,-44.623,7.828,-0.0150,-0.1100,-0.0105,4.827,2.653,-5.099
111.835570,37.497,-44.528,7.787,0.0224,-0.0256,-0.0273,3.631,3.257,-4.781
111.852237,37.601,-44.430,7.737,0.0576,0.0462,0.0448,3.899,3.192,-5.247
111.868904,37.722,-44.338,7.686,-0.0317,0.0437,0.0509,4.693,2.713,-5.239
111.885571,37.871,-44.269,7.624,-0.0545,0.0352,0.0513,5.987,1.414,-4.677
111.902238,37.989,-44.221,7.551,-0.0878,0.1172,0.0200,3.872,0.169,-4.104
111.918905,38.067,-44.186,7.483,-0.0687,0.1717,-0.1294,1.596,-0.281,-3.555
111.935572,38.110,-44.151,7.432,-0.0538,0.3058,-0.2553,0.269,0.135,-2.896
111.952239,38.099,-44.115,7.404,-0.1640,0.3290,-0.4328,-2.101,0.776,-2.291
111.968906,37.993,-44.076,7.390,-0.2965,0.2564,-0.5811,-7.074,1.365,-1.755
111.985573,37.796,-44.034,7.415,-0.1436,0.2700,-0.6332,-10.971,2.474,-0.578
112.002240,37.550,-44.000,7.476,0.3788,0.2473,-0.3458,-12.607,2.987,0.798
112.018907,37.300,-43.965,7.621,1.1638,0.2837,0.6378,-9.248,5.263,3.703
112.035574,37.175,-43.966,7.754,1.1589,0.0814,1.2460,-2.083,3.310,4.762
112.052241,37.116,-43.998,7.810,0.2814,-0.1249,0.9915,-1.529,-0.238,3.082
112.068908,37.118,-44.031,7.787,-0.3575,-0.1127,0.4558,-1.085,-2.390,0.451
112.085575,37.113,-44.049,7.737,-0.7586,-0.0994,0.1398,-2.635,-2.318,-1.051
112.102242,37.013,-44.034,7.702,-0.8610,0.0277,-0.0455,-7.779,-0.422,-1.725
112.118909,36.832,-43.977,7.679,-0.6065,0.0059,-0.1058,-12.092,1.907,-2.850
112.135576,36.622,-43.888,7.675,-0.3267,-0.0156,0.0814,-12.960,4.033,-3.247
112.152243,36.477,-43.810,7.670,-0.1724,-0.0422,0.2562,-9.075,3.499,-2.838
112.168910,36.401,-43.746,7.633,-0.2082,0.0225,0.3165,-6.361,1.967,-3.534
112.185577,36.341,-43.692,7.566,-0.4061,0.1440,0.2052,-6.592,0.697,-4.158
112.202244,36.287,-43.661,7.499,-0.3386,0.1787,0.1382,-6.261,-0.371,-3.406
112.218911,36.242,-43.654,7.470,-0.0691,0.1325,0.0921,-4.209,-0.626,-1.252
112.235578,36.201,-43.657,7.468,0.0577,0.1005,0.0667,-2.877,-0.446,0.037
112.252245,36.163,-43.660,7.480,0.1727,-0.0149,0.0232,-2.042,-0.032,0.589
112.268912,36.138,-43.674,7.484,0.0308,-0.0472,0.0917,-1.560,-0.730,0.713
112.285579,36.126,-43.699,7.475,-0.0095,-0.0891,0.0998,-1.363,-1.659,0.547
112.302246,36.125,-43.733,7.425,-0.0966,-0.1419,0.1302,-2.394,-3.116,-0.458
112.318913,36.152,-43.760,7.349,0.0648,-0.1749,0.1618,-1.805,-3.408,-1.684
112.335580,36.233,-43.769,7.245,0.1469,-0.1838,0.0494,0.306,-3.339,-3.251
112.352247,36.346,-43.767,7.116,0.1645,-0.0946,0.0913,1.154,-3.383,-4.524
112.368914,36.459,-43.752,6.979,0.1647,-0.0390,0.0096,0.804,-2.989,-5.341
112.385581,36.505,-43.704,6.838,0.0907,0.1460,0.0725,-3.321,-1.517,-6.572
112.402248,36.493,-43.649,6.707,0.0515,0.3064,0.0913,-6.379,-0.916,-6.451
112.418915,36.480,-43.592,6.607,-0.0387,0.3790,0.1529,-5.178,-0.041,-5.483
112.435582,36.487,-43.525,6.530,-0.2501,0.4326,0.1399,-3.053,1.087,-5.068
112.452249,36.534,-43.465,6.478,-0.1927,0.3836,0.1708,0.419,1.346,-3.929
112.468916,36.579,-43.416,6.468,-0.0786,0.2593,0.2791,2.024,1.871,-2.038
112.485583,36.611,-43.382,6.492,0.0749,0.1736,0.2914,2.615,2.072,-0.352
112.502250,36.643,-43.364,6.516,0.0526,0.1065,0.2359,2.700,1.346,0.271
112.518917,36.652,-43.352,6.541,-0.0439,0.0032,0.0770,1.269,1.028,0.455
112.535584,36.644,-43.356,6.554,-0.1422,-0.0340,0.0515,-0.176,-0.067,0.692
112.552251,36.636,-43.397,6.568,-0.1072,-0.0336,0.0134,-0.131,-1.793,2.012
112.568918,36.650,-43.454,6.592,0.0291,-0.0510,0.0144,1.531,-2.320,2.911
112.585585,36.643,-43.503,6.644,-0.0315,-0.0172,-0.1226,1.433,-1.214,3.516
112.602252,36.633,-43.547,6.693,-0.1164,-0.0401,-0.2831,1.097,-1.088,3.343
112.618919,36.604,-43.587,6.742,-0.0651,-0.0728,-0.3026,0.068,-0.838,3.168
112.635586,36.557,-43.631,6.810,0.0514,-0.0387,-0.3970,-0.218,-0.523,4.038
112.652253,36.506,-43.682,6.890,0.3232,0.0866,-0.2213,-0.051,-0.552,4.651
112.668920,36.438,-43.740,6.983,0.7223,0.0843,0.1131,-0.471,-0.582,5.348
112.685587,36.393,-43.798,7.054,0.8677,0.0535,0.3664,0.024,-1.163,4.595
112.702254,36.405,-43.854,7.110,0.5183,-0.0937,0.4258,2.787,-1.492,3.996
112.718921,36.436,-43.876,7.123,0.0030,-0.1768,0.3634,2.042,-0.964,1.211
112.735588,36.404,-43.856,7.106,-0.4817,-0.0653,0.1777,-2.512,0.599,-0.922
112.752255,36.373,-43.816,7.096,-0.5336,0.0601,0.0950,-2.529,1.471,-1.777
112.768922,36.344,-43.761,7.074,-0.4782,0.1346,0.1205,-2.990,1.871,-2.768
112.785589,36.312,-43.694,7.057,-0.1549,0.1656,0.1781,-3.042,2.503,-3.028
112.802256,36.307,-43.628,7.053,-0.0216,0.2051,0.1864,-0.740,2.909,-2.468
112.818923,36.339,-43.578,7.026,-0.0926,0.2369,0.1969,0.670,1.589,-2.588
112.835590,36.390,-43.553,7.002,-0.1816,0.2325,0.1937,1.773,0.383,-1.677
112.852257,36.436,-43.547,6.987,-0.1494,0.1837,0.1633,2.018,-0.211,-0.605
112.868924,36.443,-43.544,7.002,-0.0481,0.1152,0.1164,0.712,0.326,0.399
112.885591,36.416,-43.536,7.059,0.0893,0.0657,-0.0174,0.328,1.578,1.604
112.902258,36.380,-43.525,7.132,0.0557,0.0734,-0.1033,0.467,2.091,2.071
112.918925,36.349,-43.517,7.202,0.1314,0.0570,-0.0281,0.662,1.945,2.140
112.935592,36.313,-43.511,7.265,0.1054,-0.0659,0.0134,0.246,1.801,2.054
112.952259,36.267,-43.491,7.324,0.0334,-0.0882,0.1360,-0.531,2.315,1.508
112.968926,36.227,-43.465,7.365,-0.0429,-0.0851,0.2361,-0.934,2.170,0.587
112.985593,36.176,-43.444,7.382,-0.1433,-0.1181,0.3386,-2.461,1.335,0.013
113.002260,36.108,-43.434,7.405,-0.1630,-0.0424,0.3430,-3.711,0.712,0.191
113.018927,36.040,-43.426,7.424,-0.1306,0.0814,0.3330,-3.519,0.664,0.460
113.035594,35.978,-43.417,7.423,-0.2018,0.1723,0.2737,-3.978,0.270,-0.269
113.052261,35.955,-43.412,7.407,-0.1762,0.2907,0.2820,-2.384,-0.451,-0.793
113.068928,35.976,-43.411,7.399,-0.1643,0.2612,0.2870,0.534,-0.421,-0.427
113.085595,36.023,-43.420,7.417,-0.1985,0.2767,0.2176,3.050,-0.293,0.785
113.102262,36.084,-43.434,7.456,-0.1737,0.2227,0.1537,4.826,-0.027,1.741
113.118929,36.166,-43.458,7.493,-0.1721,0.1561,0.1208,6.090,-0.462,2.117
113.135596,36.265,-43.499,7.543,-0.0815,0.0160,0.0892,7.731,-0.859,3.200
113.152263,36.351,-43.539,7.600,-0.0634,-0.1105,0.0743,7.219,-0.685,3.439
113.168930,36.417,-43.580,7.640,-0.0558,-0.1742,0.0158,5.511,-1.054,3.042
113.185597,36.460,-43.623,7.684,0.0484,-0.2494,-0.0934,4.135,-1.122,3.103
113.202264,36.457,-43.673,7.692,0.0274,-0.1550,-0.0954,0.006,-2.301,2.257
113.218931,36.413,-43.732,7.672,0.0831,-0.1978,-0.1814,-3.494,-3.458,1.654
113.235598,36.387,-43.804,7.648,0.0188,-0.1100,-0.1575,-2.956,-4.331,1.623
113.252265,36.376,-43.880,7.615,-0.1209,0.0040,-0.2396,-2.226,-4.675,1.672
113.268932,36.367,-43.951,7.564,-0.0692,-0.0055,-0.3350,-2.831,-4.855,0.904
113.285599,36.352,-44.038,7.530,-0.1126,0.0470,-0.4087,-2.533,-5.290,1.992
113.302266,36.387,-44.140,7.536,0.1005,-0.0381,-0.3290,2.177,-4.878,3.970
113.318933,36.426,-44.246,7.557,0.4000,0.1458,0.0533,2.850,-4.847,4.431
113.335600,36.408,-44.361,7.575,0.7794,0.0352,0.6035,-0.388,-5.174,4.891
113.352267,36.355,-44.477,7.565,0.6145,-0.0883,0.5667,-4.163,-6.228,3.544
113.368934,36.292,-44.568,7.503,0.0425,0.0836,0.4263,-6.764,-6.232,1.038
113.385601,36.240,-44.616,7.419,-0.3226,0.1373,0.2210,-6.937,-4.635,-1.152
113.402268,36.217,-44.636,7.374,-0.3478,0.0845,0.0462,-3.691,-2.413,-0.945
113.418935,36.212,-44.646,7.358,-0.3909,0.1031,-0.0418,-1.105,-1.002,-0.042
113.435602,36.201,-44.640,7.358,-0.2582,0.1993,0.0573,-0.931,0.074,-0.220
113.452269,36.184,-44.630,7.366,-0.0575,0.1780,0.1183,-1.129,0.386,-0.201
113.468936,36.176,-44.618,7.370,0.0262,0.2080,0.1606,-0.668,0.406,-0.340
113.485603,36.166,-44.604,7.371,0.0014,0.2288,0.2468,-0.822,0.511,-0.418
113.502270,36.159,-44.595,7.379,0.0094,0.1747,0.2499,-0.498,0.340,-0.137
113.518937,36.157,-44.606,7.401,0.0188,0.1677,0.1604,0.532,-0.163,1.173
113.535604,36.171,-44.633,7.426,0.0881,0.1243,0.0909,2.017,-0.591,2.219
113.552271,36.161,-44.663,7.479,0.1093,0.0040,0.0549,1.400,-0.311,2.908
113.568938,36.104,-44.683,7.547,0.1147,-0.0769,0.0380,-1.094,0.407,2.866
113.585605,35.866,-44.681,7.592,-0.1197,-0.1849,0.2311,-12.839,0.912,1.341
113.602272,35.114,-44.618,7.576,-0.2629,-0.1636,0.4312,-46.130,2.428,-2.806
113.618939,33.808,-44.453,7.392,0.0736,-0.4056,0.2770,-86.245,3.556,-11.950
113.635606,32.381,-44.203,7.033,0.5119,-0.5605,-0.2470,-101.150,3.843,-21.277
113.652273,31.274,-43.942,6.643,0.7235,-0.5579,-0.4694,-82.937,4.232,-22.488
113.668940,30.539,-43.695,6.267,0.4625,-0.1150,-0.3277,-59.989,4.149,-21.574
113.685607,30.017,-43.436,5.852,0.2332,-0.0218,-0.1459,-48.759,4.134,-23.387
113.702274,29.618,-43.179,5.468,-0.0047,-0.0285,0.1898,-40.002,4.823,-22.158
113.718941,29.375,-42.968,5.183,-0.2819,0.1752,0.4530,-26.502,4.707,-17.093
113.735608,29.334,-42.810,5.012,-0.5064,0.4104,0.4776,-9.699,4.370,-11.181
113.752275,29.467,-42.720,4.904,-0.6956,0.4513,0.6653,3.310,2.163,-6.755
113.768942,29.663,-42.690,4.823,-0.6589,0.1869,0.6701,8.232,-0.391,-3.961
113.785609,29.844,-42.708,4.744,-0.5907,0.1597,0.5309,7.358,-2.896,-2.433
113.802276,30.015,-42.768,4.698,-0.2647,0.1113,0.2991,8.165,-4.326,0.090
113.818943,30.192,-42.821,4.713,-0.0694,0.1245,0.0306,10.924,-2.613,2.186
113.835610,30.311,-42.850,4.719,0.0713,0.1033,-0.2391,7.185,-1.589,1.175
113.852277,30.420,-42.871,4.755,0.1620,0.0628,-0.3391,7.681,-0.469,1.997
113.868944,30.536,-42.897,4.793,0.1438,0.0308,-0.3406,8.306,-0.716,2.325
113.885611,30.617,-42.925,4.823,0.1380,-0.1488,-0.1580,5.805,-0.997,2.001
113.902278,30.562,-42.932,4.805,0.1218,-0.1476,-0.1502,-4.260,-0.910,-0.420
113.918945,30.351,-42.908,4.713,0.0654,-0.2900,-0.2190,-16.722,-1.020,-4.209
113.935612,29.999,-42.838,4.557,0.1148,-0.3598,-0.3057,-27.735,-0.048,-7.991
113.952279,29.527,-42.716,4.395,0.3468,0.0079,-0.5203,-35.177,2.609,-9.769
113.968946,29.052,-42.566,4.220,0.5262,0.0555,-0.7089,-35.860,3.879,-11.129
113.985613,28.528,-42.409,4.078,0.7517,0.6518,-0.3325,-37.467,5.035,-10.019
114.002280,28.175,-42.293,3.996,1.3859,0.3575,0.4464,-24.737,4.168,-6.456
114.018947,28.089,-42.242,4.016,0.3506,0.4259,0.7318,-4.575,2.960,-0.609
114.035614,28.186,-42.233,4.010,-0.5172,0.7534,0.7192,5.251,0.174,-0.502
114.052281,28.238,-42.236,3.972,-0.7682,0.3644,0.6835,1.364,-1.157,-1.377
114.068948,28.222,-42.290,4.013,-0.8356,0.4154,0.4591,0.431,-2.183,3.178
114.085615,28.250,-42.382,4.157,-0.3789,0.6477,0.1708,7.214,-2.079,8.302
114.102282,28.359,-42.495,4.410,-0.1579,0.9893,-0.1598,16.556,-0.842,13.136
114.118949,28.733,-42.642,4.806,-0.1050,1.0425,-0.1455,38.215,0.455,19.607
114.135616,29.642,-42.873,5.371,-0.2564,0.8457,0.1126,77.297,-0.196,28.568
114.152283,31.116,-43.222,6.084,-0.7132,0.3111,0.5178,117.411,-2.426,37.620
114.168950,33.007,-43.671,6.826,-0.6168,-0.5443,0.4983,143.785,-5.838,41.717
114.185617,34.874,-44.070,7.271,0.3490,-1.6857,-0.5344,130.202,-9.328,29.400
114.202284,35.446,-44.141,7.389,0.0038,-0.8088,-0.0139,39.030,-0.714,6.650
114.218951,34.836,-44.077,7.340,0.1188,-1.2882,-0.1393,-38.934,1.693,-3.867
114.235618,33.925,-44.027,7.451,0.5814,-0.6103,0.0687,-50.280,5.020,2.285
114.252285,33.565,-44.058,7.572,0.3873,0.1751,0.0605,-16.830,1.128,5.409
114.268952,33.702,-44.122,7.698,0.2321,0.1973,0.1646,13.245,-0.367,6.709
114.285619,34.101,-44.214,7.811,0.1800,0.0587,0.1144,28.425,-2.054,7.173
114.302286,34.502,-44.295,7.911,0.0385,-0.1237,0.2472,27.998,-1.753,6.289
114.318953,34.678,-44.375,7.950,-0.4106,-0.2098,0.1611,11.940,-3.249,4.126
114.335620,34.581,-44.424,7.910,-0.5096,-0.0829,0.1748,-7.799,-3.585,0.298
114.352287,34.314,-44.445,7.824,-0.4687,0.0116,0.2705,-19.862,-3.307,-2.309
114.368954,33.996,-44.470,7.752,-0.2077,0.1072,0.2635,-22.419,-3.160,-1.693
114.385621,33.759,-44.508,7.704,0.0562,0.2010,0.2014,-16.497,-3.256,-0.432
114.402288,33.632,-44.552,7.668,0.2168,0.1974,0.0830,-9.634,-3.364,0.012
114.418955,33.555,-44.577,7.623,0.2153,0.1371,0.0764,-6.404,-2.313,-0.373
114.435622,33.457,-44.589,7.597,-0.0113,0.0699,0.1084,-7.198,-1.373,-0.473
114.452289,33.327,-44.591,7.581,-0.1212,0.1024,0.0866,-8.640,-0.640,-0.413
114.468956,33.152,-44.598,7.584,-0.1404,0.1808,0.1765,-10.953,-0.685,0.078
114.485623,32.995,-44.622,7.581,-0.0617,0.1486,0.1226,-9.722,-1.362,0.806
114.502290,32.909,-44.650,7.587,0.0639,0.1790,0.1699,-4.747,-1.253,1.558
114.518957,32.887,-44.690,7.602,-0.0913,0.0215,0.1941,-0.998,-1.897,1.888
114.535624,32.905,-44.738,7.626,-0.1547,-0.0639,0.0600,1.818,-2.059,2.381
114.552291,32.917,-44.797,7.634,-0.1496,-0.0235,-0.0307,0.822,-2.950,2.275
114.568958,32.861,-44.865,7.653,-0.0297,0.0294,-0.1458,-2.918,-3.246,2.861
114.585625,32.781,-44.928,7.690,0.2146,0.0603,-0.1592,-3.577,-2.564,3.334
114.602292,32.700,-44.987,7.747,0.2095,0.0440,-0.1257,-2.490,-1.778,4.155
114.618959,32.671,-45.053,7.812,0.0666,-0.0196,-0.2426,0.729,-2.054,4.492
114.635626,32.664,-45.110,7.860,-0.0677,-0.0493,-0.3636,1.435,-1.913,3.645
114.652293,32.630,-45.168,7.922,-0.0750,-0.0872,-0.5706,0.337,-1.723,4.139
114.668960,32.606,-45.253,7.988,-0.1227,0.0231,-0.8171,1.103,-3.000,5.149
114.685627,32.556,-45.331,8.064,0.1266,0.1114,-0.8050,0.184,-2.286,5.444
114.702294,32.407,-45.380,8.196,0.8608,0.1684,-0.1493,-3.578,0.337,6.291
114.718961,32.241,-45.423,8.391,1.6759,0.2669,0.9745,-1.863,2.049,8.374
114.735628,32.085,-45.477,8.568,1.0866,0.0315,1.0095,-2.032,1.029,8.077
114.752295,31.928,-45.488,8.662,0.1699,0.0323,0.6685,-5.652,1.350,3.719
114.768962,31.839,-45.477,8.679,-0.3212,-0.1514,0.4570,-4.889,0.729,0.306
114.785629,31.863,-45.462,8.675,-0.6558,-0.4766,0.2814,1.072,0.510,-0.585
114.802296,31.957,-45.458,8.664,-0.7907,-0.2066,0.0848,4.935,-0.214,-0.481
114.818963,32.052,-45.452,8.619,-0.8763,0.2715,0.0029,3.472,-0.915,-1.763
114.835630,32.138,-45.438,8.559,-0.6815,0.3938,0.0962,2.346,-0.794,-2.546
114.852297,32.250,-45.433,8.513,-0.3500,0.3816,0.3468,4.507,-0.998,-1.767
114.868964,32.432,-45.446,8.488,-0.1782,0.3036,0.3973,9.553,-1.400,-0.485
114.885631,32.645,-45.473,8.479,0.0316,0.1928,0.2681,12.036,-1.814,0.486
114.902298,32.762,-45.494,8.518,0.2536,0.1727,0.1337,8.388,-0.452,2.069
114.918965,32.788,-45.514,8.633,0.4865,0.2280,-0.1164,6.206,1.435,4.771
114.935632,32.800,-45.538,8.801,0.5242,0.0250,-0.2721,7.777,2.504,6.816
114.952299,32.778,-45.558,8.981,0.2898,-0.1132,-0.1818,6.112,2.879,7.066
114.968966,32.749,-45.573,9.150,0.0689,-0.3272,-0.0105,5.250,2.888,6.481
114.985633,32.804,-45.595,9.271,-0.0121,-0.4458,0.0910,8.287,1.495,5.049
115.002300,32.906,-45.611,9.328,-0.1058,-0.5226,0.1250,8.231,0.291,2.533
115.018967,33.011,-45.606,9.310,-0.1555,-0.3980,0.1542,5.320,-0.353,-0.771
115.035634,33.156,-45.605,9.247,-0.0895,-0.3478,0.1819,5.693,-1.575,-2.238
115.052301,33.351,-45.612,9.166,-0.0280,-0.2011,0.2071,7.983,-2.448,-2.562
115.068968,33.549,-45.615,9.075,-0.1576,0.0317,0.3009,7.763,-2.415,-3.069
115.085635,33.667,-45.598,8.976,-0.1416,0.2678,0.2915,2.539,-1.644,-3.992
115.102302,33.730,-45.555,8.871,-0.0410,0.3723,0.2686,-0.947,-0.517,-5.075
115.118969,33.755,-45.503,8.797,-0.1078,0.4042,0.2913,-1.928,0.689,-4.295
115.135636,33.811,-45.458,8.753,-0.1223,0.3821,0.1514,1.176,1.007,-3.017
115.152303,33.947,-45.434,8.743,0.0116,0.1577,0.0052,7.504,0.799,-1.153
115.168970,34.173,-45.437,8.793,0.1123,0.0983,-0.0934,15.445,0.823,1.923
115.185637,34.443,-45.461,8.902,0.0515,0.0543,-0.0599,20.640,1.199,4.656
115.202304,34.627,-45.487,9.003,-0.1103,0.0992,0.0584,15.072,0.948,4.355
115.218971,34.721,-45.493,9.040,-0.0728,-0.0824,0.0423,6.960,0.419,1.555
115.235638,34.788,-45.489,9.053,0.0292,-0.2979,0.0092,4.329,0.286,0.347
115.252305,34.920,-45.493,9.040,0.0577,-0.3031,-0.0538,7.120,-0.688,-0.262
115.268972,35.104,-45.519,9.013,0.0460,-0.2175,-0.0339,9.614,-2.106,-0.053
115.285639,35.277,-45.560,8.981,-0.0036,-0.1610,-0.0360,8.792,-2.971,0.362
115.302306,35.316,-45.581,8.936,-0.0286,-0.0140,-0.1230,0.145,-2.314,-0.805
115.318973,35.254,-45.576,8.881,0.0174,0.0559,-0.0809,-6.338,-1.322,-2.005
115.335640,35.182,-45.563,8.838,0.1346,0.1404,0.0376,-6.428,-0.570,-1.914
115.352307,35.141,-45.572,8.814,0.2865,0.2075,0.2183,-3.729,-1.240,-0.473
115.368974,35.165,-45.589,8.793,0.3299,0.2641,0.2174,0.246,-1.520,-0.121
115.385641,35.217,-45.608,8.765,0.1363,0.2679,0.2817,1.701,-1.805,-0.264
115.402308,35.237,-45.620,8.756,0.0465,0.1581,0.0701,0.567,-0.994,0.153
115.418975,35.233,-45.606,8.759,-0.1991,0.3212,0.0640,-0.375,0.589,-0.375
115.435642,35.172,-45.576,8.787,-0.3244,0.2620,0.1025,-2.736,1.948,-0.021
115.452309,35.083,-45.543,8.868,-0.1482,0.0490,0.2334,-2.135,3.404,1.658
115.468976,35.022,-45.527,8.956,-0.1255,0.0267,0.4257,-0.097,2.742,2.535
115.485643,34.967,-45.519,9.019,-0.1903,-0.0800,0.3798,-0.859,1.724,1.906
115.502310,34.913,-45.505,9.047,-0.1692,-0.1802,0.1503,-2.317,1.170,0.529
115.518977,34.852,-45.484,9.045,-0.2177,-0.0187,-0.0672,-3.973,0.786,-0.722
115.535644,34.781,-45.456,9.031,-0.2002,-0.0382,-0.1047,-5.100,0.878,-1.431
115.552311,34.714,-45.429,9.043,-0.1114,-0.0283,-0.0814,-3.787,1.418,-0.484
115.568978,34.697,-45.424,9.065,-0.1340,0.0352,0.0365,-0.280,0.599,0.641
115.585645,34.699,-45.448,9.073,-0.1732,0.0802,0.0570,0.154,-1.197,1.091
115.602312,34.684,-45.477,9.102,-0.0454,0.0119,-0.1007,0.098,-0.953,2.068
115.618979,34.674,-45.516,9.131,0.0007,0.0633,-0.2642,0.426,-1.384,2.410
115.635646,34.645,-45.567,9.180,0.0328,0.0000,-0.4831,0.044,-1.545,3.399
115.652313,34.604,-45.634,9.253,-0.0650,0.0024,-0.6336,0.494,-1.733,4.887
115.668980,34.561,-45.708,9.370,0.1618,0.0455,-0.4139,2.146,-1.117,6.573
115.685647,34.474,-45.772,9.533,1.0888,0.1299,0.6289,1.549,0.557,7.866
115.702314,34.345,-45.838,9.679,1.3947,-0.0504,1.5261,-1.679,-0.013,7.319
115.718981,34.265,-45.898,9.719,0.5067,-0.3797,0.9636,-3.308,-2.200,3.442
115.735648,34.301,-45.911,9.602,-0.6998,-0.1731,0.4526,-3.132,-3.558,-3.585
115.752315,34.375,-45.893,9.415,-1.0423,-0.2189,0.1060,-3.880,-3.694,-6.997
115.768982,34.437,-45.861,9.289,-0.8169,-0.2354,-0.2357,-1.925,-1.592,-5.396
115.785649,34.499,-45.841,9.228,-0.4943,0.1334,-0.2139,0.782,-0.677,-2.791
115.802316,34.544,-45.820,9.221,0.0625,0.1770,-0.0338,2.201,0.760,-0.878
115.818983,34.623,-45.804,9.218,0.2120,0.1920,0.2585,4.380,0.517,-0.579
115.835650,34.781,-45.787,9.173,0.1354,0.2195,0.3646,7.314,-0.423,-2.071
115.852317,34.984,-45.766,9.107,0.0572,0.1586,0.2547,9.130,-0.710,-2.943
115.868984,35.148,-45.750,9.056,-0.0299,0.0655,0.1067,7.389,-0.648,-2.265
115.885651,35.248,-45.733,9.033,-0.0240,0.0014,-0.0866,4.627,0.038,-1.440
115.902318,35.330,-45.727,9.026,-0.0122,-0.1026,-0.2437,4.343,-0.110,-0.464
115.918985,35.419,-45.731,9.029,0.1449,-0.2451,-0.1900,5.217,-0.314,0.278
115.935652,35.559,-45.732,9.011,0.1547,-0.2239,-0.0808,7.362,-0.652,-0.581
115.952319,35.751,-45.730,8.967,0.0379,-0.2722,0.0806,9.338,-1.207,-1.607
115.968986,35.976,-45.742,8.890,-0.1808,-0.1801,0.0585,9.920,-2.690,-2.122
115.985653,36.193,-45.771,8.798,-0.2396,-0.1737,-0.1302,8.763,-3.895,-2.097
116.002320,36.338,-45.805,8.721,-0.1883,-0.1597,-0.3336,5.176,-3.751,-1.367
116.018987,36.403,-45.839,8.666,-0.1781,-0.0383,-0.5755,1.262,-3.164,-0.623
116.035654,36.354,-45.868,8.646,0.0876,0.1376,-0.4412,-4.023,-2.096,0.401
116.052321,36.175,-45.878,8.706,0.9358,0.4299,0.3461,-8.417,0.796,2.378
116.068988,36.000,-45.910,8.807,1.4136,0.5071,1.1617,-6.394,0.748,4.592
116.085655,35.974,-45.954,8.845,0.6219,0.1140,0.6000,-0.180,-1.405,2.838
116.102322,36.096,-45.952,8.773,-0.4787,0.4187,0.1368,3.937,-1.869,-2.473
116.118989,36.211,-45.920,8.649,-0.7181,0.3323,0.1163,1.243,-1.725,-5.387
116.135656,36.242,-45.891,8.601,-0.4078,-0.1495,-0.0610,-0.505,0.015,-2.664
116.152323,36.261,-45.866,8.634,-0.3473,0.0386,-0.0118,2.352,1.874,0.336
116.168990,36.259,-45.835,8.677,-0.3539,0.2136,0.1430,1.495,2.369,0.413
116.185657,36.269,-45.799,8.695,-0.0510,0.0347,0.2251,1.156,2.040,-0.669
116.202324,36.314,-45.772,8.701,0.1790,-0.0445,0.2553,2.733,1.243,-0.693
116.218991,36.365,-45.750,8.702,0.0783,0.0416,0.1830,2.909,0.945,-0.671
116.235658,36.375,-45.715,8.721,0.0386,0.0005,0.0063,1.108,1.950,-0.593
116.252325,36.353,-45.688,8.745,0.0086,-0.0000,-0.0766,-0.545,1.698,-0.157
116.268992,36.326,-45.679,8.785,0.1750,-0.0756,-0.0480,-0.201,1.236,1.046
116.285659,36.328,-45.681,8.809,0.1433,-0.1178,0.0438,0.898,0.296,0.871
116.302326,36.344,-45.669,8.797,0.0145,-0.1515,0.0524,0.176,0.116,-0.779
116.318993,36.375,-45.646,8.759,-0.1536,-0.0791,0.1891,-0.018,-0.042,-2.058
116.335660,36.408,-45.610,8.730,-0.1704,-0.1076,0.2557,0.536,0.885,-2.219
116.352327,36.427,-45.578,8.696,-0.2812,-0.0826,0.3022,-0.562,0.475,-2.253
116.368994,36.412,-45.553,8.673,-0.2258,-0.0352,0.3460,-2.356,0.327,-1.864
116.385661,36.425,-45.536,8.621,-0.2005,0.0352,0.3093,-1.738,-0.731,-2.365
116.402328,36.455,-45.523,8.560,-0.2613,0.0310,0.2646,-1.088,-1.092,-2.505
116.418995,36.505,-45.517,8.496,-0.3068,0.1010,0.1938,-0.043,-1.492,-2.406
116.435662,36.587,-45.537,8.428,-0.3024,0.1701,0.1052,1.681,-2.936,-1.605
116.452329,36.725,-45.603,8.341,-0.1037,0.2669,0.0750,4.303,-5.537,-0.543
116.468996,36.857,-45.659,8.278,-0.0126,0.2290,-0.0265,4.903,-4.548,-0.131
116.485663,36.981,-45.704,8.224,-0.0140,0.0768,-0.1366,4.642,-3.820,-0.340
116.502330,37.093,-45.750,8.192,0.0474,-0.0500,-0.1453,4.958,-3.285,0.475
116.518997,37.173,-45.802,8.176,0.0235,-0.0932,-0.2081,3.838,-3.072,1.380
116.535664,37.203,-45.843,8.185,0.1621,-0.1142,-0.2632,2.063,-1.866,1.903
116.552331,37.192,-45.872,8.235,0.1592,-0.0480,-0.3484,1.172,-0.339,2.698
116.568998,37.165,-45.895,8.313,0.1278,0.0997,-0.3417,1.516,0.671,3.466
116.585665,37.119,-45.898,8.422,0.4927,0.1714,0.1025,1.790,2.482,3.883
116.602332,37.081,-45.902,8.532,0.8341,0.1628,0.7603,2.182,2.348,3.802
116.618999,37.051,-45.916,8.584,0.5644,-0.0719,0.8308,0.169,0.483,2.254
116.635666,37.024,-45.913,8.558,-0.1257,-0.0443,0.2937,-3.000,-0.736,-0.990
116.652333,36.968,-45.875,8.505,-0.4810,0.0333,0.0107,-5.980,0.230,-3.163
116.669000,36.895,-45.824,8.477,-0.3621,-0.0121,-0.2091,-5.829,1.557,-2.761
116.685667,36.833,-45.782,8.489,-0.2939,-0.0060,-0.1322,-3.578,2.107,-1.162
116.702334,36.783,-45.744,8.506,-0.1492,0.0430,0.1621,-2.587,2.007,-0.820
116.719001,36.760,-45.717,8.487,-0.0997,-0.0287,0.3667,-2.388,0.663,-1.540
116.735668,36.765,-45.700,8.448,-0.1020,-0.0014,0.3620,-1.645,-0.404,-1.925
116.752335,36.783,-45.686,8.408,-0.2192,0.0666,0.2204,-0.956,-0.560,-1.863
116.769002,36.801,-45.682,8.386,-0.2006,0.0840,0.0929,-0.118,-0.526,-0.870
116.785669,36.820,-45.695,8.387,-0.0667,0.0257,0.0035,0.847,-0.876,0.451
116.802336,36.818,-45.716,8.417,0.0287,-0.0473,0.0298,0.824,-0.483,1.732
116.819003,36.813,-45.741,8.439,0.1326,-0.0469,0.0827,0.240,-0.938,1.543
116.835670,36.794,-45.770,8.425,0.1655,-0.1511,0.1197,-1.997,-1.930,0.576
116.852337,36.754,-45.787,8.385,0.1206,-0.1526,0.1236,-4.300,-1.947,-0.624
116.869004,36.736,-45.784,8.330,-0.0973,-0.0161,0.1269,-3.867,-1.576,-2.095
116.885671,36.735,-45.765,8.274,-0.1713,-0.0804,0.1612,-2.649,-0.613,-2.507
116.902338,36.761,-45.744,8.242,-0.1691,-0.0309,0.1779,-0.120,0.008,-1.816
116.919005,36.780,-45.736,8.225,-0.1249,0.0127,0.2255,0.067,-0.333,-0.943
116.935672,36.789,-45.740,8.212,-0.0360,0.0091,0.2146,-0.564,-0.918,-0.501
116.952339,36.803,-45.749,8.167,-0.0150,0.0352,0.1602,-1.300,-1.720,-1.102
116.969006,36.816,-45.764,8.110,-0.0616,0.0420,0.1266,-1.923,-2.343,-1.389
116.985673,36.832,-45.781,8.049,-0.1225,0.1216,0.0609,-1.894,-2.478,-1.346
117.002340,36.866,-45.802,8.007,-0.0776,0.1453,0.0078,-0.091,-2.353,-0.710
117.019007,36.904,-45.831,8.000,-0.0740,0.1535,-0.0457,1.688,-1.779,0.781
117.035674,36.945,-45.867,8.009,-0.0838,0.1410,-0.1300,2.349,-1.821,1.405
117.052341,36.976,-45.900,8.019,0.0050,0.0647,-0.1742,1.924,-1.627,1.498
117.069008,36.978,-45.925,8.038,0.1533,0.0514,-0.1101,0.661,-0.909,1.533
117.085675,36.960,-45.953,8.062,0.2473,0.0041,0.0316,-0.021,-0.775,2.059
117.102342,36.930,-45.987,8.101,0.1331,0.0464,0.1367,-0.537,-0.949,2.415
117.119009,36.904,-46.029,8.118,-0.0656,0.0013,0.1885,-1.016,-1.732,2.196
117.135676,36.873,-46.082,8.112,-0.1483,-0.0242,0.1013,-1.883,-2.586,2.143
117.152343,36.810,-46.133,8.109,-0.1661,-0.0059,-0.0073,-3.867,-2.539,2.053
117.169010,36.701,-46.182,8.131,-0.0908,0.1036,-0.1212,-6.008,-2.121,2.332
117.185677,36.565,-46.221,8.171,0.1523,0.1481,-0.0421,-6.369,-0.886,3.052
117.202344,36.410,-46.251,8.247,0.3324,0.1903,0.1705,-6.255,0.234,3.623
117.219011,36.272,-46.285,8.332,0.3778,0.1053,0.3776,-4.966,0.181,4.018
117.235678,36.157,-46.321,8.394,0.2173,0.0441,0.4731,-4.387,-0.374,3.396
117.252345,36.056,-46.344,8.411,-0.1116,0.0518,0.3681,-5.666,-0.920,1.327
117.269012,35.965,-46.353,8.395,-0.3784,0.1123,0.1542,-6.745,-1.261,-0.483
117.285679,35.906,-46.352,8.388,-0.4193,0.1005,0.0782,-4.143,-0.317,-0.287
117.302346,35.879,-46.346,8.427,-0.4112,0.1172,0.0210,0.077,1.221,1.335
117.319013,35.851,-46.352,8.514,-0.2930,0.1246,0.0999,1.777,1.591,3.110
117.335680,35.798,-46.369,8.617,-0.0596,-0.0197,0.2124,1.106,1.528,4.163
117.352347,35.737,-46.401,8.713,0.1089,-0.1255,0.2790,0.297,0.590,4.420
117.369014,35.699,-46.448,8.777,0.1503,-0.1675,0.2286,0.469,-0.808,4.016
117.385681,35.689,-46.499,8.806,0.1110,-0.2040,0.0587,0.885,-1.738,3.221
117.402348,35.680,-46.538,8.841,0.0210,-0.2262,-0.0677,0.166,-1.562,2.098
117.419015,35.680,-46.570,8.852,-0.0700,-0.1995,-0.0994,0.134,-1.542,1.431
117.435682,35.687,-46.602,8.870,-0.0285,-0.2268,-0.0604,0.518,-1.587,1.344
117.452349,35.692,-46.632,8.868,0.0395,-0.1334,0.0412,-0.015,-1.679,1.000
117.469016,35.697,-46.639,8.846,0.1488,-0.0650,0.1617,-0.751,-0.961,-0.303
117.485683,35.736,-46.647,8.805,0.0780,-0.0997,0.1583,0.163,-1.657,-1.183
117.502350,35.799,-46.653,8.755,-0.0162,-0.0283,0.0930,1.399,-1.701,-1.383
117.519017,35.864,-46.656,8.708,-0.1632,0.0971,0.1604,1.277,-1.657,-1.708
117.535684,35.890,-46.657,8.672,-0.1954,0.0229,0.1732,-0.285,-1.139,-1.166
117.552351,35.901,-46.676,8.662,-0.0371,0.0144,0.1886,-0.159,-1.407,0.187
117.569018,35.886,-46.696,8.663,0.0698,0.0518,0.1376,-1.208,-1.218,0.725
117.585685,35.880,-46.713,8.653,0.1196,0.0441,-0.0049,-1.101,-1.319,0.241
117.602352,35.914,-46.730,8.622,0.0755,0.0556,-0.0648,0.504,-1.708,-0.402
117.619019,35.952,-46.748,8.582,0.0037,0.0848,-0.1001,0.340,-2.001,-0.626
117.635686,35.974,-46.769,8.552,0.0357,0.1083,-0.0339,-0.353,-2.036,-0.286
117.652353,35.987,-46.789,8.545,0.0951,0.1598,0.0189,-0.005,-1.468,0.293
117.669020,36.004,-46.795,8.554,0.1201,0.1927,0.0639,1.148,-0.282,0.503
117.685687,36.025,-46.799,8.573,0.0457,0.1884,0.0902,1.509,-0.117,0.509
117.702354,36.033,-46.802,8.605,0.0902,0.0792,0.1249,1.568,0.413,1.143
117.719021,36.025,-46.812,8.643,0.0213,0.0490,0.1732,0.807,0.160,1.583
117.735688,35.966,-46.813,8.687,-0.0463,0.1784,0.1934,-2.087,0.683,1.299
117.752355,35.850,-46.802,8.787,-0.0165,0.6882,0.1710,-2.822,2.761,2.995
117.769022,35.735,-46.787,9.046,0.0744,1.4063,0.1143,4.182,6.766,8.142
117.785689,35.673,-46.778,9.444,0.0484,1.8229,0.0846,13.622,9.924,13.122
117.802356,35.653,-46.761,9.971,0.1678,1.6870,-0.1316,21.615,13.308,17.068
117.819023,35.708,-46.724,10.592,0.4279,1.3505,-0.3189,30.440,16.638,19.749
117.835690,35.737,-46.621,11.304,0.8909,1.4200,-0.7448,32.213,21.766,19.899
117.852357,35.518,-46.381,12.188,0.8685,2.0137,-0.9722,24.624,32.552,20.961
117.869024,35.155,-46.004,13.348,1.0767,2.5924,-1.3145,28.209,46.168,26.263
117.885691,34.762,-45.486,14.832,1.1572,2.8675,-1.5019,39.893,60.888,33.193
117.902358,34.286,-44.796,16.579,0.8260,2.6020,-1.4006,45.498,75.901,37.475
117.919025,33.534,-43.941,18.534,0.2051,1.7944,-0.9547,36.654,89.204,41.077
117.935692,32.513,-42.965,20.559,-0.2030,0.5692,-0.2243,21.975,97.053,42.069
117.952359,31.289,-41.947,22.510,-1.1834,-0.3687,0.5644,5.314,97.381,41.100
117.969026,29.983,-40.962,24.364,-1.5355,-0.2512,0.8338,-4.981,93.193,41.723
117.985693,28.769,-40.042,26.116,-1.5176,-0.0051,0.6789,-4.832,87.205,42.612
118.002360,27.707,-39.166,27.790,-1.0869,-0.2925,0.4660,0.068,82.785,43.418
118.019027,26.839,-38.353,29.432,-0.7074,-0.7513,0.1183,9.313,78.408,46.020
118.035694,26.204,-37.576,31.022,-0.2180,-0.9876,-0.0307,20.337,75.200,46.555
118.052361,25.711,-36.827,32.548,-0.4080,-1.1009,0.0889,25.437,72.156,45.958
118.069028,25.328,-36.132,33.955,-0.5865,-1.4998,0.4984,26.950,66.739,43.381
118.085695,24.929,-35.521,35.238,-0.8642,-1.7234,0.9177,20.833,59.561,41.008
118.102362,24.457,-34.977,36.334,-0.5960,-1.6672,0.8498,9.419,51.977,35.230
118.119029,23.991,-34.487,37.270,0.0750,-1.0455,0.5001,3.700,45.571,30.093
118.135696,23.564,-34.029,38.136,0.3427,-0.3251,-0.0412,3.363,42.310,28.248
118.152363,23.229,-33.580,38.940,0.4835,-0.0411,-0.4374,6.518,40.475,26.182
118.169030,23.034,-33.117,39.730,0.7721,0.2063,-0.7827,14.057,40.932,25.542
118.185697,22.990,-32.632,40.521,0.6932,-0.2265,-0.4773,22.825,42.197,25.371
118.202364,22.947,-32.199,41.325,-0.3436,-1.2435,0.8702,23.031,39.692,27.408
118.219031,22.746,-31.839,42.046,-0.9899,-1.4448,1.2986,10.627,33.968,25.451
118.235698,22.459,-31.540,42.644,-0.4712,-1.1626,0.8435,1.307,28.140,21.302
118.252365,22.199,-31.289,43.165,0.0021,-0.6480,0.3376,0.454,23.873,19.010
118.269032,22.102,-31.056,43.635,0.4952,-0.4196,-0.2684,8.519,21.853,17.134
118.285699,22.287,-30.832,44.069,0.9781,-0.7625,-0.2648,24.197,20.753,15.636
118.302366,22.573,-30.627,44.466,0.4604,-1.2684,0.6212,29.124,19.011,14.285
118.319033,22.695,-30.441,44.788,-0.5318,-1.3266,1.0163,16.865,16.504,11.103
118.335700,22.657,-30.277,44.975,-0.7738,-1.0532,0.7574,3.089,12.615,5.138
118.352367,22.561,-30.122,45.054,-0.3847,-0.5655,0.2218,-3.595,9.957,0.226
118.369034,22.517,-29.966,45.073,0.1953,-0.3446,-0.2605,-2.352,8.869,-2.639
118.385701,22.613,-29.803,45.081,0.5221,-0.3320,-0.3301,5.797,8.982,-3.323
118.402368,22.911,-29.656,45.099,0.5531,-0.3566,0.0047,18.141,8.287,-2.545
118.419035,23.130,-29.519,45.130,-0.3583,-0.3068,0.6627,13.772,8.015,-1.720
118.435702,23.107,-29.396,45.121,-0.9303,-0.1981,0.7780,-1.878,6.425,-3.319
118.452369,22.911,-29.285,45.065,-0.7274,0.0171,0.4790,-13.672,4.782,-5.256
118.469036,22.634,-29.276,45.142,-1.5540,0.6515,0.0826,-14.632,1.863,3.510
118.485703,22.297,-29.100,45.349,0.3618,0.6214,-0.0363,-14.379,13.713,6.039
118.502370,22.169,-29.003,45.613,0.4416,0.3302,0.0636,-0.238,10.437,10.637
118.519037,22.130,-28.796,45.790,0.5580,0.1036,0.1635,2.519,14.788,3.951
118.535704,22.324,-28.634,45.927,-0.2345,-0.1453,0.1288,15.282,11.543,3.017
118.552371,22.657,-28.593,45.982,-0.9311,-0.1425,-0.1778,21.303,3.198,1.752
118.569038,23.036,-28.672,45.978,-0.2486,0.0151,-0.0441,22.410,-4.670,1.704
118.585705,23.364,-28.848,46.140,-0.1827,0.3162,0.3905,24.068,-6.532,11.999
118.602372,23.560,-29.053,46.457,0.3588,0.1091,0.6240,20.750,-4.833,20.223
118.619039,23.717,-29.217,46.740,1.7915,-0.2859,0.8596,17.370,-3.274,17.522
118.635706,24.161,-29.314,46.876,1.8267,-0.9182,0.4356,30.399,-2.610,8.929
118.652373,24.753,-29.376,46.947,0.7441,-0.8004,0.3911,37.356,-2.054,4.908
118.669040,25.501,-29.474,46.914,-0.2637,-0.8121,-0.1913,43.644,-6.248,0.954
118.685707,26.385,-29.727,46.563,-0.1417,-1.8749,-1.1233,42.394,-21.857,-9.834
118.702374,27.257,-30.146,46.190,0.2557,0.2568,0.1617,40.889,-31.414,-5.924
118.719041,28.037,-30.413,45.691,-0.8252,1.2471,0.6129,31.434,-26.412,-15.460
118.735708,28.653,-30.671,45.036,-1.7604,0.9186,-0.3260,16.770,-29.838,-22.438
118.752375,28.987,-31.022,44.460,-1.6021,0.2208,-0.6243,2.054,-32.996,-15.821
118.769042,28.778,-31.360,44.159,-0.2054,-0.3269,-0.2604,-22.113,-25.387,-3.715
118.785709,28.372,-31.979,44.088,-0.0373,-0.0639,0.1685,-26.873,-34.572,14.629
118.802376,28.010,-32.810,43.951,0.7848,0.4109,0.4873,-26.366,-47.422,17.471
118.819043,28.082,-33.617,43.932,0.7613,1.1797,0.1623,3.416,-43.355,21.927
118.835710,28.219,-34.326,44.351,-0.0621,0.5446,0.3057,22.044,-27.882,38.476
118.852377,28.259,-34.936,44.770,-0.2503,-0.2217,0.6547,16.440,-22.653,35.578
118.869044,28.341,-35.952,44.904,0.5749,-0.8792,-0.1803,9.044,-50.974,34.299
118.885711,28.988,-37.103,44.350,-0.4684,-0.0710,-0.0642,18.771,-73.577,9.730
118.902378,29.569,-38.054,43.843,-1.7081,0.0494,0.1927,16.078,-61.757,6.874
118.919045,29.723,-39.030,43.500,-0.7437,0.1413,0.4441,-3.815,-59.065,15.050
118.935712,30.065,-39.813,43.026,0.1681,0.0303,-0.1954,2.175,-51.899,4.387
118.952379,30.344,-40.597,42.543,-1.0820,-0.3877,-0.9011,-2.229,-51.930,4.573
118.969046,30.579,-41.118,42.083,-0.6793,0.1157,-0.0999,-4.178,-37.757,-2.104
118.985713,30.462,-41.528,41.988,0.2660,0.3309,0.3761,-11.032,-23.564,8.847
119.002380,30.144,-41.818,42.340,0.3200,0.3737,0.8046,-5.299,-7.263,22.433
119.019047,29.731,-41.965,42.868,-0.2726,-0.1523,0.3973,-3.866,3.953,24.874
119.035714,29.291,-41.929,43.448,-0.6515,0.0478,0.2158,-3.467,14.426,21.476
119.052381,28.840,-41.701,44.100,-0.2266,0.1356,0.3246,-1.172,25.900,18.916
119.069048,28.371,-41.331,44.815,-0.1578,-0.1105,0.1096,0.011,34.697,17.571
119.085715,28.191,-41.004,45.212,-0.1309,-0.4752,-0.6181,4.653,25.552,6.584
119.102382,28.374,-40.864,45.123,-0.7285,-0.3756,-1.3738,7.215,5.324,-7.523
119.119049,28.454,-40.850,45.050,-0.4063,0.6067,-0.1682,1.663,-1.075,-3.248
119.135716,28.326,-40.891,45.226,0.1090,0.9982,-0.2292,-1.014,1.451,8.209
119.152383,27.949,-40.881,45.746,-0.1132,0.2992,0.2282,-2.459,11.442,20.604
119.169050,27.388,-41.233,46.324,-0.7773,-0.1047,0.1236,-11.146,-6.752,33.018
119.185717,27.173,-41.949,46.386,0.3514,0.1851,-0.0314,-10.657,-37.099,22.202
119.202384,26.992,-42.501,46.433,0.7670,0.3364,0.3659,-9.252,-28.719,16.976
119.219051,26.806,-42.816,46.505,0.9962,-0.1725,0.4400,-8.439,-15.616,11.463
119.235718,26.671,-42.852,46.583,0.7164,0.0990,0.5446,-5.226,-0.587,4.050
119.252385,26.330,-42.677,46.776,-0.2297,0.2859,0.6458,-12.853,12.988,2.977
119.269052,25.784,-42.431,47.031,-0.0744,0.1963,0.5056,-22.629,18.029,3.665
119.285719,25.102,-42.153,47.390,0.1388,0.3279,0.3519,-26.682,21.734,7.254
119.302386,24.308,-41.872,47.899,0.1301,0.3119,0.3946,-27.429,24.638,13.632
119.319053,23.513,-41.720,48.405,-0.1822,-0.2268,-0.5564,-27.727,17.308,17.058
119.335720,23.132,-41.731,48.592,0.2874,-0.1677,-0.9879,-15.709,2.497,7.966
119.352387,22.950,-41.641,48.746,0.4075,0.3651,-0.5641,-4.988,7.481,4.297
119.369054,22.781,-41.447,48.978,0.1026,-0.0384,0.1357,-1.165,14.598,5.089
119.385721,22.455,-41.268,49.255,0.0173,-0.2905,0.6187,-8.794,14.530,7.453
119.402388,22.135,-41.004,49.489,0.0102,-0.1840,0.0121,-10.232,18.448,3.835
119.419055,21.937,-40.691,49.573,0.1855,-0.2182,-0.4609,-8.851,18.651,-3.503
119.435722,21.834,-40.386,49.535,0.4244,-0.2892,-0.2387,-7.874,16.169,-8.377
119.452389,21.422,-40.144,49.907,-0.3317,0.6598,1.1240,-10.604,19.546,10.507
119.469056,21.226,-39.911,49.985,0.4647,-1.0614,-0.1372,-8.963,14.177,-1.714
119.485723,21.009,-39.767,50.020,-0.4553,-0.2359,0.3998,-11.964,8.417,-1.566
119.502390,20.740,-39.660,50.082,-0.0995,-0.1912,0.3525,-14.006,6.813,0.411
119.519057,20.469,-39.570,50.180,0.0837,-0.1109,0.1645,-12.766,6.456,2.356
119.535724,20.327,-39.552,50.232,-0.0769,-0.2829,0.2539,-6.762,1.670,1.914
119.552391,20.199,-39.636,50.281,-0.1570,-0.2477,0.4128,-6.113,-4.182,3.911
119.569058,20.122,-39.792,50.288,-0.1784,-0.2153,0.1062,-4.579,-8.819,3.561
119.585725,20.051,-39.894,50.277,-0.2128,-0.0202,0.0841,-4.923,-6.178,1.666
119.602392,20.021,-39.991,50.252,-0.0532,0.0128,0.1794,-3.017,-6.032,0.928
119.619059,19.973,-40.096,50.275,-0.0197,0.1764,0.1664,-2.235,-5.746,3.170
119.635726,19.924,-40.137,50.330,-0.1500,0.2473,-0.1411,-1.093,-1.700,3.278
119.652393,19.918,-40.057,50.352,-0.2595,0.3044,-0.1993,0.285,4.671,-0.627
119.669060,19.915,-39.943,50.362,-0.1506,0.1623,0.0620,-0.070,6.385,-1.881
119.685727,19.864,-39.823,50.401,-0.3740,0.0060,0.0643,-1.823,7.207,-0.720
119.702394,19.770,-39.730,50.472,-0.2739,0.1275,-0.2252,-3.194,6.140,1.208
119.719061,19.736,-39.487,50.534,-0.0673,0.1353,-0.4069,0.106,14.493,-2.202
119.735728,19.779,-39.135,50.624,0.1129,0.0582,-0.3654,5.753,21.072,-3.143
119.752395,19.893,-38.621,50.762,0.1816,0.1124,-0.3453,11.773,31.028,-4.365
119.769062,20.075,-37.932,50.974,0.4515,-0.0568,0.1191,18.544,42.054,-4.713
119.785729,20.270,-37.283,51.159,-0.2331,-0.3791,0.2437,18.200,39.366,-5.135
119.802396,20.469,-36.713,51.200,-0.4828,-0.3269,0.3571,13.169,32.597,-10.029
119.819063,20.661,-36.170,51.121,0.0463,-0.2296,0.0383,8.427,28.950,-14.986
119.835730,20.683,-35.296,51.179,0.0012,0.6745,-0.1090,3.162,49.876,-15.814
119.852397,20.769,-34.280,51.316,0.3922,0.3364,-0.1843,9.587,59.198,-15.216
119.869064,20.969,-33.436,51.461,0.5870,-0.0100,-0.1190,16.558,49.650,-11.231
119.885731,21.243,-32.695,51.589,0.2796,-0.1167,0.3659,20.399,43.611,-10.012
119.902398,21.489,-32.062,51.712,0.0885,-0.2408,0.5120,18.419,37.445,-7.970
119.919065,21.683,-31.634,51.800,-0.1936,-0.1534,0.2742,14.212,25.339,-5.260
119.935732,21.803,-31.281,51.806,-0.2220,-0.3702,0.0378,7.116,19.573,-7.543
119.952399,21.869,-30.951,51.740,0.0378,-0.4277,0.2093,1.645,16.917,-10.448
119.969066,21.894,-30.649,51.563,0.0755,-0.4619,0.1891,-4.210,13.213,-15.216
119.985733,21.890,-30.360,51.294,0.1155,-0.4517,0.2257,-8.671,10.715,-19.308
120.002400,21.908,-30.132,50.949,0.3501,-0.4735,0.0488,-9.569,5.799,-21.672
120.019067,21.998,-29.925,50.528,0.4925,-0.3987,0.0519,-7.533,3.149,-24.934
120.035734,22.134,-29.685,50.037,0.3314,-0.3077,0.0766,-6.706,3.514,-29.069
120.052401,22.199,-29.454,49.539,-0.0360,-0.0488,-0.0406,-11.088,2.837,-29.256
120.069068,22.154,-29.252,49.072,-0.0271,0.1910,-0.0623,-16.694,1.813,-27.168
120.085735,22.041,-29.094,48.680,-0.2777,0.3097,-0.1495,-18.497,0.835,-22.582
120.102402,21.932,-28.931,48.383,-0.3590,0.4756,-0.0123,-15.458,3.013,-18.116
120.119069,21.854,-28.791,48.139,-0.3586,0.6534,0.0225,-11.954,2.814,-14.959
120.135736,21.792,-28.698,47.961,-0.5496,0.6167,0.1288,-9.155,1.489,-10.781
120.152403,21.750,-28.616,47.847,-0.5368,0.5450,0.2415,-6.022,2.162,-7.360
120.169070,21.752,-28.545,47.763,-0.4107,0.2998,0.2311,-2.585,2.091,-5.630
120.185737,21.811,-28.463,47.702,-0.5205,0.1214,0.2290,1.521,3.179,-4.802
120.202404,21.873,-28.462,47.698,-0.5020,0.0661,0.3760,3.372,-0.246,-0.194
120.219071,21.865,-28.498,47.760,-0.7223,0.0389,0.4713,1.013,-0.971,3.892
120.235738,21.706,-28.556,47.897,-0.7716,0.1035,0.4376,-5.888,-0.766,8.042
120.252405,21.466,-28.576,48.056,-0.3899,0.1051,0.2979,-10.068,1.787,8.294
120.269072,21.260,-28.546,48.177,-0.1973,-0.0352,0.1221,-9.175,3.793,5.307
120.285739,21.172,-28.515,48.230,0.0873,-0.1733,0.3227,-4.003,2.524,1.981
120.302406,21.217,-28.518,48.240,0.0080,-0.2332,0.2516,2.746,-0.131,0.612
120.319073,21.281,-28.548,48.250,-0.3249,-0.2057,0.3000,3.807,-1.746,1.196
120.335740,21.291,-28.616,48.289,-0.3478,-0.1224,0.0936,1.479,-3.234,3.426
120.352407,21.269,-28.664,48.362,-0.2113,-0.0236,-0.1662,0.504,-1.497,4.663
120.369074,21.213,-28.722,48.470,-0.1507,0.0154,-0.1527,-0.512,-1.378,6.593
120.385741,21.133,-28.764,48.604,-0.0507,0.1249,-0.1846,-1.156,-0.019,7.577
120.402408,21.035,-28.795,48.738,0.0729,0.0946,-0.1372,-2.323,0.557,7.257
120.419075,20.945,-28.847,48.847,0.0830,0.0761,-0.1764,-2.524,-1.024,6.497
120.435742,20.874,-28.877,48.934,0.0349,0.0483,-0.3273,-1.974,-0.264,5.017
120.452409,20.842,-28.884,48.995,0.0523,-0.0300,-0.3956,-0.387,0.509,3.172
120.469076,20.831,-28.888,49.036,0.0704,0.0052,-0.3793,0.268,0.360,2.163
120.485743,20.835,-28.871,49.072,0.0746,-0.0186,-0.2576,1.035,1.417,1.452
120.502410,20.813,-28.850,49.102,0.1557,0.0416,-0.0723,-0.736,1.525,1.077
120.519077,20.718,-28.845,49.169,0.2192,0.1465,0.1406,-4.044,1.360,3.218
120.535744,20.630,-28.785,49.245,0.5038,-0.0830,0.5269,-3.353,4.560,2.494
120.552411,20.598,-28.730,49.262,0.1869,-0.3457,0.8378,-1.677,3.198,-0.291
120.569078,20.523,-28.742,49.230,-0.1496,-0.3774,0.6783,-5.652,-1.469,-1.249
120.585745,20.411,-28.765,49.148,-0.2444,-0.3443,0.2898,-9.377,-3.027,-3.546
120.602412,20.324,-28.791,49.042,-0.2203,-0.2613,0.2229,-8.572,-3.586,-4.657
120.619079,20.244,-28.813,48.949,-0.2646,-0.1130,0.2186,-7.712,-3.128,-4.059
120.635746,20.160,-28.847,48.888,-0.1737,0.0782,0.1685,-7.053,-3.242,-2.273
120.652413,20.096,-28.899,48.864,-0.0707,0.2106,0.0997,-4.794,-3.612,-0.074
120.669080,20.042,-28.958,48.890,-0.2203,0.2675,-0.1179,-2.781,-3.035,2.514
120.685747,20.004,-28.994,48.935,-0.2062,0.2445,-0.2157,-1.201,-1.438,3.003
120.702414,19.982,-29.005,48.977,-0.0669,0.2173,-0.0565,-0.330,-0.059,2.387
120.719081,19.981,-29.001,49.024,-0.0120,0.1765,0.0096,1.020,0.848,2.258
120.735748,19.997,-28.991,49.076,0.0242,0.0904,0.0277,2.201,1.251,2.398
120.752415,19.987,-29.031,49.157,-0.0069,0.0091,0.0274,1.470,-0.962,4.879
120.769082,19.935,-29.096,49.279,-0.0819,-0.0556,0.0599,0.214,-1.722,7.411
120.785749,19.875,-29.160,49.390,-0.0425,-0.0832,0.1415,-0.666,-1.839,6.798
120.802416,19.831,-29.191,49.456,-0.0254,-0.0841,0.1073,-0.929,-0.776,3.904
120.819083,19.822,-29.191,49.466,0.0462,-0.1101,0.2022,-0.553,-0.033,0.541
120.835750,19.815,-29.200,49.441,-0.0261,-0.0984,0.2584,-1.370,-1.160,-0.996
120.852417,19.831,-29.229,49.394,-0.0660,-0.1257,0.2110,-0.704,-2.667,-1.675
120.869084,19.849,-29.242,49.349,-0.1431,-0.0668,0.1280,-0.464,-1.763,-1.917
120.885751,19.831,-29.274,49.336,-0.1468,-0.1153,0.1616,-1.737,-2.216,0.042
120.902418,19.797,-29.328,49.330,-0.1413,-0.0745,0.0199,-2.469,-3.390,0.887
120.919085,19.775,-29.352,49.318,-0.0578,0.0094,-0.0829,-1.951,-1.791,-0.073
120.935752,19.760,-29.354,49.305,-0.0166,0.0716,-0.0748,-1.534,-0.507,-0.541
120.952419,19.720,-29.340,49.313,-0.1080,0.0905,-0.0782,-2.410,0.683,0.123
120.969086,19.665,-29.321,49.327,-0.0964,0.0756,0.0216,-3.159,1.085,0.356
120.985753,19.624,-29.292,49.335,-0.0162,0.0808,-0.0270,-2.488,1.570,-0.148
121.002420,19.617,-29.248,49.332,0.0334,0.0527,-0.1281,-0.786,2.245,-0.998
121.019087,19.638,-29.180,49.317,0.0019,0.0032,-0.0362,0.570,3.395,-2.074
121.035754,19.677,-29.101,49.295,0.0712,-0.0229,0.0864,1.428,3.844,-2.627
121.052421,19.723,-29.036,49.271,0.0089,-0.0458,0.0799,1.843,3.030,-2.410
121.069088,19.764,-28.980,49.249,-0.0566,-0.0669,0.1519,1.514,2.558,-2.213
121.085755,19.771,-28.936,49.239,-0.1647,-0.0271,0.1691,-0.151,2.086,-1.337
121.102422,19.760,-28.888,49.234,-0.1276,0.0503,0.1011,-0.988,2.451,-1.154
121.119089,19.771,-28.825,49.220,-0.0715,0.0031,0.0745,-0.033,3.090,-1.926
121.135756,19.793,-28.762,49.205,-0.0938,0.0077,0.1503,0.640,3.078,-1.974
121.152423,19.807,-28.716,49.194,-0.1094,0.0004,0.1430,0.222,2.197,-1.489
121.169090,19.805,-28.675,49.186,-0.0845,0.0629,0.1512,-0.604,1.945,-1.133
121.185757,19.789,-28.637,49.187,-0.0526,0.0284,0.0306,-1.172,1.922,-0.699
121.202424,19.773,-28.601,49.188,0.0546,-0.0102,0.0470,-1.182,1.889,-0.624
121.219091,19.774,-28.568,49.187,0.0049,-0.0592,0.0912,-0.227,1.628,-0.693
121.235758,19.787,-28.539,49.188,-0.0811,-0.0276,0.0795,0.544,1.450,-0.473
121.252425,19.809,-28.498,49.183,-0.1083,-0.0275,0.1541,0.901,1.988,-1.060
121.269092,19.833,-28.446,49.165,-0.1222,0.0213,0.1533,0.681,2.390,-1.869
121.285759,19.862,-28.395,49.143,-0.0407,0.0586,0.1527,0.800,2.316,-2.125
121.302426,19.893,-28.354,49.118,-0.1472,0.0228,0.1844,0.895,1.613,-2.034
121.319093,19.910,-28.326,49.094,-0.1851,-0.0322,0.1793,0.123,0.981,-1.704
121.335760,19.897,-28.317,49.073,-0.1826,-0.0565,0.1893,-1.650,-0.103,-1.173
121.352427,19.864,-28.322,49.067,-0.1612,-0.1282,0.1151,-2.437,-0.585,-0.172
121.369094,19.847,-28.322,49.058,-0.1169,-0.0737,0.1074,-1.507,-0.371,-0.377
121.385761,19.835,-28.336,49.060,-0.0708,-0.0256,0.1533,-0.953,-0.980,0.405
121.402428,19.829,-28.344,49.072,-0.0496,0.0122,0.0111,-0.238,-0.460,0.834
121.419095,19.846,-28.334,49.073,-0.0071,-0.0238,0.0315,0.763,0.369,-0.124
121.435762,19.847,-28.343,49.066,-0.1234,0.0609,0.0559,-0.421,-0.854,-0.086
121.452429,19.798,-28.362,49.075,-0.1807,0.0168,0.0981,-2.922,-1.138,0.830
121.469096,19.727,-28.388,49.092,-0.1286,0.0839,0.0795,-4.081,-1.382,1.421
121.485763,19.647,-28.413,49.114,-0.1774,0.0661,0.1261,-4.422,-1.223,1.673
121.502430,19.564,-28.438,49.146,-0.2305,-0.0064,0.1598,-4.284,-1.056,2.121
121.519097,19.483,-28.454,49.166,-0.2658,-0.0327,0.0163,-4.571,-0.761,1.394
121.535764,19.399,-28.462,49.184,-0.2995,-0.0004,0.0063,-4.790,-0.369,1.090
121.552431,19.314,-28.477,49.205,-0.2224,0.0328,0.0733,-4.724,-0.694,1.405
121.569098,19.228,-28.507,49.225,-0.2310,-0.0202,0.1568,-4.875,-1.585,1.626
121.585765,19.148,-28.543,49.239,-0.1489,-0.0156,0.2177,-4.638,-1.989,1.469
121.602432,19.081,-28.590,49.248,-0.0813,-0.0261,0.1575,-4.069,-2.740,1.408
121.619099,19.026,-28.649,49.257,-0.0929,-0.0583,0.1530,-3.303,-3.373,1.641
121.635766,18.990,-28.717,49.248,-0.0491,-0.0682,0.1321,-2.675,-4.262,0.954
121.652433,18.964,-28.786,49.218,0.0405,-0.0409,0.1177,-2.657,-4.617,-0.078
121.669100,18.946,-28.854,49.163,0.0434,0.0409,0.0204,-2.953,-4.993,-1.369
121.685767,18.873,-28.927,49.085,-0.0196,0.0358,-0.0677,-6.902,-5.695,-2.427
121.702434,18.716,-28.966,48.984,0.1094,-0.0708,-0.0169,-12.626,-4.145,-4.182
121.719101,18.489,-28.987,48.875,0.0799,-0.1708,0.0707,-17.034,-3.247,-4.969
121.735768,18.220,-28.991,48.769,0.2108,-0.2128,0.2003,-19.475,-2.198,-5.184
121.752435,17.955,-29.003,48.640,0.3480,-0.1388,0.3176,-19.927,-3.026,-6.168
121.769102,17.719,-29.045,48.538,0.3186,-0.0360,0.4552,-17.410,-4.278,-4.273
121.785769,17.545,-29.120,48.459,0.0999,0.0299,0.3904,-13.004,-5.738,-2.544
121.802436,17.464,-29.210,48.366,-0.1506,-0.0276,0.1976,-7.788,-6.810,-2.943
121.819103,17.477,-29.270,48.243,-0.3509,0.0182,-0.0519,-3.109,-5.578,-5.022
121.835770,17.516,-29.308,48.138,-0.4946,0.0077,-0.0762,-1.021,-4.055,-4.533
121.852437,17.521,-29.344,48.085,-0.3740,0.0287,-0.1556,-1.524,-3.139,-1.939
121.869104,17.522,-29.385,48.080,-0.1243,0.1911,-0.1638,-0.332,-2.653,0.531
121.885771,17.519,-29.459,48.123,-0.0991,0.2273,-0.1377,0.831,-3.733,3.528
121.902438,17.518,-29.511,48.178,-0.0051,0.1826,-0.1598,1.288,-2.378,3.730
121.919105,17.536,-29.524,48.213,0.0545,0.1163,-0.3142,1.885,-0.372,2.052
121.935772,17.553,-29.514,48.238,-0.0662,0.0264,-0.3835,1.477,0.706,1.089
121.952439,17.529,-29.481,48.279,-0.1122,-0.0577,-0.3973,-0.468,2.364,1.511
121.969106,17.466,-29.426,48.343,-0.0145,-0.0572,-0.4561,-2.165,3.895,2.263
121.985773,17.391,-29.350,48.407,0.1337,-0.0311,-0.3414,-2.853,5.175,1.836
122.002440,17.292,-29.294,48.484,0.2809,-0.0031,0.0157,-3.936,4.175,2.911
122.019107,17.194,-29.242,48.560,0.4602,-0.0459,0.4389,-3.929,3.940,2.938
122.035774,17.107,-29.210,48.605,0.3816,-0.0868,0.7097,-4.126,2.311,1.728
122.052441,17.031,-29.188,48.597,0.1210,-0.0682,0.5910,-5.088,0.902,-0.762
122.069108,16.979,-29.162,48.560,-0.2036,-0.1317,0.3717,-4.421,0.748,-2.243
122.085775,16.946,-29.147,48.504,-0.3174,-0.2449,0.2650,-3.942,-0.223,-3.054
122.102442,16.922,-29.140,48.443,-0.2360,-0.1226,0.2181,-3.445,-0.755,-3.104
122.119109,16.919,-29.143,48.396,-0.1286,0.0030,0.2129,-1.787,-1.112,-2.277
122.135776,16.951,-29.153,48.361,-0.0554,0.0909,0.1177,0.617,-1.358,-1.547
122.152443,17.011,-29.168,48.338,-0.1118,0.2393,0.0401,2.642,-1.419,-0.853
122.169110,17.058,-29.194,48.342,-0.1239,0.3131,-0.0661,2.726,-1.663,0.736
122.185777,17.086,-29.205,48.357,-0.1638,0.2201,-0.1944,1.809,-0.617,0.994
122.202444,17.081,-29.199,48.381,-0.1674,0.1270,-0.1116,0.166,0.541,1.116
122.219111,17.054,-29.167,48.406,-0.0936,0.0568,-0.0625,-1.149,1.965,0.770
122.235778,17.038,-29.118,48.425,0.0488,0.0085,0.0039,-0.671,2.904,0.108
122.252445,17.040,-29.067,48.438,0.0843,-0.0939,0.0907,0.288,2.901,-0.157
122.269112,17.055,-29.025,48.454,0.0313,-0.1747,0.1728,1.097,2.449,0.106
122.285779,17.072,-29.002,48.476,-0.0516,-0.1682,0.1353,1.360,1.429,0.734
122.302446,17.086,-28.982,48.489,-0.0861,-0.1340,0.2081,0.982,1.127,0.320
122.319113,17.094,-28.966,48.487,-0.1382,-0.0707,0.2216,0.174,0.674,-0.324
122.335780,17.096,-28.942,48.472,-0.1133,-0.0659,0.2207,-0.621,0.897,-1.138
122.352447,17.107,-28.920,48.443,-0.0756,-0.0880,0.1541,-0.434,0.610,-1.798
122.369114,17.138,-28.904,48.410,-0.0199,-0.0222,0.0830,0.665,0.225,-1.899
122.385781,17.165,-28.903,48.395,-0.0869,0.0256,0.0675,0.917,-0.404,-0.726
122.402448,17.175,-28.906,48.396,-0.0830,0.0051,0.0569,0.352,-0.378,0.147
122.419115,17.199,-28.902,48.388,0.0228,0.0350,-0.0087,1.001,-0.141,-0.388
122.435782,17.247,-28.878,48.361,0.0786,0.0243,0.0035,1.837,0.751,-1.753
122.452449,17.290,-28.858,48.332,0.0060,-0.0183,-0.0137,1.468,0.457,-1.759
122.469116,17.331,-28.832,48.310,0.0321,-0.0452,0.0128,1.565,0.920,-1.505
122.485783,17.376,-28.811,48.294,-0.0305,-0.1044,0.0933,1.980,0.764,-1.136
122.502450,17.420,-28.798,48.283,-0.1235,-0.0563,0.1219,2.050,0.354,-0.737
122.519117,17.452,-28.787,48.273,-0.2100,0.0091,0.1235,1.379,0.267,-0.672
122.535784,17.461,-28.780,48.263,-0.2649,0.0633,0.1926,0.006,-0.025,-0.559
122.552451,17.461,-28.778,48.264,-0.2983,0.1108,0.2144,-0.269,-0.105,0.023
122.569118,17.443,-28.794,48.281,-0.2498,0.1655,0.1520,-0.828,-0.806,1.206
122.585785,17.413,-28.838,48.328,-0.2010,0.1221,0.1750,-0.698,-2.029,3.188
122.602452,17.422,-28.879,48.388,-0.0784,0.0649,0.1507,2.016,-1.627,3.793
122.619119,17.460,-28.926,48.456,-0.0538,0.0038,0.1094,3.991,-1.855,4.322
122.635786,17.513,-28.996,48.522,-0.0111,-0.0107,-0.0072,4.815,-3.169,4.591
122.652453,17.567,-29.071,48.567,0.0696,-0.0025,-0.0998,4.323,-3.824,3.665
122.669120,17.627,-29.098,48.573,0.1112,0.0169,-0.0219,3.538,-1.662,0.864
122.685787,17.641,-29.100,48.571,-0.0230,-0.0389,0.0810,0.513,-0.375,-0.031
122.702454,17.635,-29.093,48.576,0.0661,-0.0636,0.0701,-0.487,0.298,0.161
122.719121,17.648,-29.066,48.574,0.1785,-0.0385,0.1935,0.438,1.255,-0.547
122.735788,17.682,-29.041,48.559,0.1105,-0.0350,0.1743,1.363,1.029,-1.139
122.752455,17.722,-29.025,48.551,-0.1184,-0.0502,0.1074,1.912,0.525,-0.665
122.769122,17.747,-28.995,48.551,-0.2815,-0.1131,0.1097,1.232,1.503,-0.503
122.785789,17.744,-28.976,48.557,-0.2583,-0.1153,0.1555,-0.250,0.954,0.006
122.802456,17.716,-28.987,48.576,-0.1721,-0.0693,0.1350,-1.374,-0.511,1.192
122.819123,17.682,-29.025,48.615,-0.1007,-0.0139,0.1213,-1.146,-1.772,2.708
122.835790,17.687,-29.051,48.643,0.0246,0.0328,0.0151,0.829,-1.269,1.928
122.852457,17.738,-29.066,48.657,-0.0264,0.0469,-0.0114,3.199,-0.850,1.001
122.869124,17.801,-29.065,48.661,-0.1182,0.0699,0.0952,3.633,-0.137,0.231
122.885791,17.828,-29.063,48.669,-0.1575,0.0703,0.1219,1.589,0.054,0.388
122.902458,17.822,-29.061,48.689,-0.0591,0.0576,0.0308,-0.009,0.191,1.045
122.919125,17.818,-29.071,48.716,-0.0349,0.0339,0.0261,0.253,-0.354,1.571
122.935792,17.802,-29.082,48.759,-0.0110,-0.0037,0.0695,0.054,-0.151,2.400
122.952459,17.783,-29.092,48.790,-0.0375,-0.0728,0.0542,-0.501,-0.307,1.756
122.969126,17.795,-29.072,48.781,0.0212,-0.0116,0.0660,0.203,0.785,-0.754
122.985793,17.821,-29.020,48.752,-0.0199,0.0272,0.0332,0.488,2.305,-2.336
123.002460,17.835,-28.968,48.724,-0.0506,-0.0332,-0.0121,-0.279,2.282,-2.333
123.019127,17.825,-28.957,48.704,-0.0256,-0.0288,0.0724,-1.420,0.076,-1.119
123.035794,17.823,-28.954,48.690,-0.0347,-0.0572,0.0910,-0.797,-0.264,-0.714
123.052461,17.817,-28.952,48.689,-0.0750,-0.0484,0.0728,-0.638,-0.111,-0.060
123.069128,17.829,-28.942,48.688,0.0302,-0.0306,0.0759,0.413,0.307,-0.182
123.085795,17.868,-28.926,48.677,-0.0336,-0.0247,0.0988,1.808,0.511,-0.764
123.102462,17.902,-28.910,48.660,-0.0437,0.0129,0.1350,1.265,0.455,-1.119
123.119129,17.917,-28.908,48.647,-0.1023,-0.0269,0.2116,0.279,-0.372,-0.627
123.135796,17.925,-28.904,48.624,-0.1170,0.0029,0.0929,-0.468,-0.342,-1.184
123.152463,17.932,-28.882,48.601,-0.0665,0.0139,0.0974,-0.488,0.661,-1.510
123.169130,17.940,-28.860,48.596,-0.1009,0.0039,0.0845,0.081,0.932,-0.633
123.185797,17.965,-28.822,48.601,0.0037,0.0022,0.1040,1.344,2.077,-0.401
123.202464,18.018,-28.776,48.605,-0.0017,-0.0606,0.1115,3.041,2.410,-0.603
123.219131,18.035,-28.789,48.609,-0.2332,-0.1282,0.0777,0.937,-0.842,0.509
123.235798,18.040,-28.805,48.595,-0.0293,-0.0624,0.1846,-0.427,-1.402,-0.383
123.252465,18.045,-28.814,48.566,-0.0625,-0.0207,0.1223,-0.771,-1.176,-1.245
123.269132,18.057,-28.809,48.528,-0.0129,0.0598,0.0424,-0.605,-0.570,-1.899
123.285799,18.082,-28.779,48.501,0.0344,0.1229,-0.1441,0.446,1.023,-1.881
123.302466,18.096,-28.765,48.482,0.0351,0.1167,-0.0471,-0.007,0.256,-1.165
123.319133,18.094,-28.747,48.467,-0.0158,0.1144,0.0492,-0.789,0.572,-1.045
123.335800,18.079,-28.726,48.465,-0.0838,0.0813,0.0681,-1.247,0.972,-0.457
123.352467,18.047,-28.737,48.477,-0.0579,0.0870,-0.0416,-1.767,-0.672,0.899
123.369134,18.032,-28.741,48.502,-0.0735,0.0002,-0.0018,-0.433,-0.030,1.364
123.385801,18.028,-28.727,48.522,-0.0637,-0.1109,0.1368,0.055,0.883,0.791
123.402468,18.021,-28.714,48.528,-0.1274,-0.1140,0.1760,-0.491,0.616,0.086
123.419135,18.005,-28.698,48.517,-0.0426,-0.0606,0.2376,-1.584,0.518,-0.799
123.435802,18.016,-28.663,48.479,0.0246,-0.0460,0.1604,-0.674,1.181,-2.517
123.452469,18.022,-28.657,48.446,-0.0506,-0.0731,0.1968,-0.825,-0.427,-1.709
123.469136,17.986,-28.707,48.446,-0.1828,-0.1046,0.1818,-2.432,-3.074,0.951
123.485803,17.949,-28.749,48.459,-0.1303,-0.0093,0.0045,-2.101,-2.402,1.499
123.502470,17.935,-28.776,48.482,-0.0286,0.0764,0.0034,-0.428,-1.419,1.729
123.519137,17.964,-28.795,48.483,-0.0381,0.1142,0.0061,1.500,-1.253,0.415
123.535804,17.998,-28.795,48.477,-0.0332,0.0800,0.0864,1.593,-0.369,-0.253
123.552471,18.013,-28.813,48.473,-0.1060,0.0198,0.0856,0.515,-1.260,0.178
123.569138,18.012,-28.836,48.484,-0.0978,-0.0341,0.0619,0.016,-1.364,1.006
123.585805,18.024,-28.851,48.496,-0.0707,-0.1095,0.0809,0.815,-0.892,0.967
123.602472,18.074,-28.852,48.488,-0.0926,-0.1451,0.0688,2.485,-0.430,-0.362
123.619139,18.103,-28.876,48.484,-0.2592,-0.1289,0.1139,1.421,-1.670,0.317
123.635806,18.086,-28.912,48.504,-0.1784,-0.1460,0.2864,-0.702,-1.909,1.704
123.652473,18.049,-29.004,48.540,-0.1226,-0.2235,0.3783,-1.472,-4.897,3.505
123.669140,18.065,-29.259,48.518,0.4398,-0.0798,0.2667,0.072,-15.153,3.680
123.685807,18.284,-29.623,48.352,0.3720,-0.2117,0.2060,7.974,-23.703,-1.358
123.702474,18.754,-30.211,47.960,0.4750,-0.5558,0.5630,16.216,-40.131,-8.086
123.719141,19.419,-31.037,47.378,0.1258,-1.0752,1.0570,21.854,-56.915,-12.158
123.735808,20.157,-32.297,46.694,-0.4430,-1.3500,1.4233,22.482,-83.171,-7.254
123.752475,21.022,-33.751,45.662,1.2948,0.5460,0.0511,17.878,-100.178,-17.890
123.769142,21.970,-34.337,44.976,0.6870,0.6442,-0.4942,33.553,-45.438,-18.817
123.785809,22.364,-33.731,44.865,-0.7618,0.4314,-0.1554,19.682,31.348,-18.785
123.802476,22.762,-33.179,44.784,-1.2039,1.3127,-1.0585,20.944,28.821,-16.423
123.819143,22.936,-32.244,45.116,0.7596,0.2753,-0.8297,20.999,57.968,-6.285
123.835810,23.282,-32.084,45.108,-0.9744,0.5907,-0.5610,20.253,8.499,-4.099
123.852477,23.302,-31.919,45.125,-0.8321,0.2704,-0.0706,1.475,9.161,-3.060
123.869144,23.256,-31.803,45.135,-0.0550,0.4448,-0.4625,-2.707,6.397,-2.246
123.885811,23.243,-31.691,45.130,0.0316,0.4682,-0.8996,-1.183,5.842,-2.857
123.902478,23.300,-31.520,45.145,0.1858,0.2526,-0.3954,3.599,9.549,-3.288
123.919145,23.229,-31.308,45.258,0.2719,-0.1759,0.4627,-0.933,13.729,0.360
123.935812,23.021,-31.116,45.369,-0.1765,-0.2980,0.7755,-9.313,12.623,0.758
123.952479,22.616,-30.930,45.438,-0.3870,-0.4498,0.8383,-22.422,11.438,-1.025
123.969146,22.157,-30.782,45.416,-0.2308,-0.4647,0.6446,-28.434,7.559,-4.349
123.985813,21.814,-30.702,45.299,0.1223,-0.5233,0.3077,-24.488,1.967,-7.355
124.002480,21.685,-30.723,45.105,0.4061,-0.4841,0.1664,-13.924,-5.096,-8.789
124.019147,21.709,-30.795,44.883,0.2276,-0.3435,0.3063,-5.624,-8.448,-8.991
124.035814,21.752,-30.891,44.634,0.0169,-0.1883,0.3316,-5.352,-10.359,-9.773
124.052481,21.711,-30.990,44.369,-0.2062,-0.0621,-0.0023,-10.864,-10.823,-10.420
124.069148,21.558,-31.041,44.125,-0.0326,0.1651,-0.0869,-16.960,-7.674,-10.477
124.085815,21.395,-31.015,43.953,0.2567,-0.0077,0.0724,-15.387,-2.001,-8.754
124.102482,21.257,-30.991,43.835,-0.1340,0.0448,-0.0815,-12.161,-1.115,-6.143
124.119149,21.136,-30.935,43.754,0.3221,0.0292,0.0293,-10.002,1.423,-5.071
124.135816,21.101,-30.892,43.650,-0.0240,0.0463,-0.0232,-5.576,0.243,-5.883
124.152483,21.043,-30.855,43.525,-0.3359,0.0926,-0.1990,-7.601,-0.489,-6.772
124.169150,21.036,-30.821,43.388,0.0272,0.0398,-0.0430,-4.870,-0.828,-7.252
124.185817,21.011,-30.770,43.256,-0.1437,0.0146,0.1329,-5.764,0.159,-7.412
124.202484,21.010,-30.736,43.104,-0.1155,0.1226,0.1109,-4.975,-1.121,-7.984
124.219151,21.022,-30.744,42.993,0.0775,0.1981,0.1127,-2.955,-2.688,-5.143
124.235818,21.088,-30.749,42.918,-0.0729,0.1336,0.0261,1.366,-1.918,-3.485
124.252485,21.149,-30.766,42.898,-0.1574,0.1006,0.1180,2.809,-1.544,-0.571
124.269152,21.242,-30.837,42.808,-0.3407,-0.1247,-0.0596,2.566,-5.849,-2.698
124.285819,21.339,-30.902,42.686,-0.1711,-0.0099,0.0078,1.809,-6.157,-4.439
124.302486,21.397,-30.958,42.623,-0.1337,0.2062,0.1646,1.305,-4.537,-1.727
124.319153,21.452,-30.998,42.612,-0.0701,0.0300,0.0512,2.689,-2.699,0.428
124.335820,21.450,-31.053,42.657,-0.2116,0.0781,-0.0089,1.029,-2.430,3.392
124.352487,21.408,-31.099,42.745,-0.0934,-0.0198,0.0488,-0.045,-1.132,5.249
124.369154,21.351,-31.131,42.853,-0.0426,0.0419,0.0727,-0.325,0.024,5.913
124.385821,21.303,-31.168,42.938,-0.0878,0.0031,0.0384,-0.506,-0.743,4.905
124.402488,21.245,-31.202,42.996,-0.2084,-0.0320,0.0009,-1.922,-1.033,3.590
124.419155,21.176,-31.260,43.060,0.1602,-0.1351,-0.0416,-2.427,-2.284,4.337
124.435822,21.128,-31.347,43.130,0.0474,-0.0307,0.0064,-0.908,-3.775,5.291
124.452489,20.966,-31.395,43.220,0.0270,-0.1448,0.0893,-7.210,-1.279,5.370
124.469156,20.761,-31.399,43.348,-0.1676,-0.0275,0.0291,-8.521,1.868,6.251
124.485823,20.546,-31.410,43.390,-0.3048,-0.1521,0.3505,-11.813,-0.060,2.317
124.502490,20.221,-31.520,43.357,0.0308,-0.1372,0.4076,-20.815,-7.053,0.742
124.519157,19.895,-31.655,43.351,0.0143,-0.1250,0.1798,-20.021,-7.927,2.566
124.535824,19.627,-31.740,43.364,0.2435,0.1074,0.3050,-15.915,-4.790,2.392
124.552491,19.483,-31.789,43.451,0.2028,-0.0282,0.2577,-6.105,-1.528,5.209
124.569158,19.502,-31.811,43.543,-0.0339,-0.0450,0.1188,3.785,0.130,4.855
124.585825,19.602,-31.808,43.638,-0.1377,-0.0440,0.0752,8.746,1.533,4.554
124.602492,19.677,-31.825,43.696,-0.0363,-0.0138,0.1624,6.056,-0.186,3.176
124.619159,19.688,-31.910,43.724,-0.2788,0.1002,0.1102,1.288,-4.521,3.101
124.635826,19.638,-31.993,43.756,-0.0285,0.1060,0.0347,-2.201,-4.388,3.273
124.652493,19.561,-32.037,43.792,0.0758,0.1099,-0.0627,-3.741,-2.113,2.626
124.669160,19.513,-32.029,43.809,-0.0527,0.1521,-0.2013,-2.607,0.546,0.733
124.685827,19.553,-32.008,43.791,0.2291,0.1356,-0.2822,1.573,0.641,-1.286
124.702494,19.659,-31.988,43.753,0.2308,0.1477,-0.1931,4.928,0.243,-2.166
124.719161,19.719,-31.981,43.776,0.2106,0.0424,-0.1818,4.031,0.553,1.014
124.735828,19.753,-31.946,43.808,-0.0301,-0.0951,-0.0518,2.848,2.320,0.850
124.752495,19.770,-31.893,43.795,-0.1840,-0.0724,-0.0420,0.365,2.551,-1.637
124.769162,19.749,-31.845,43.772,-0.0436,-0.1220,0.0632,-2.237,2.113,-2.023
124.785829,19.768,-31.829,43.722,0.0164,-0.0933,0.0933,-0.716,-0.232,-2.667
124.802496,19.826,-31.827,43.676,0.0044,0.0063,0.2355,1.797,-0.916,-2.213
124.819163,19.885,-31.817,43.623,-0.1240,0.0270,0.4240,1.625,-0.543,-2.703
124.835830,19.911,-31.804,43.560,-0.1801,-0.0080,0.4414,-0.731,-0.624,-3.257
124.852497,19.925,-31.821,43.467,-0.1886,-0.0317,0.3103,-2.347,-2.757,-4.071
124.869164,19.972,-31.868,43.385,-0.2276,0.0360,0.0955,-0.027,-4.300,-2.919
124.885831,20.059,-31.892,43.299,-0.3252,0.0892,0.0970,2.208,-3.126,-3.585
124.902498,20.175,-31.894,43.193,-0.3230,0.0794,0.0799,3.346,-2.164,-5.006
124.919165,20.310,-31.893,43.082,-0.2551,0.1162,-0.0401,4.335,-2.152,-5.276
124.935832,20.453,-31.875,42.995,-0.2181,0.1375,-0.0399,5.623,-0.766,-4.468
124.952499,20.563,-31.832,42.947,0.0626,0.1379,0.0158,4.771,1.350,-3.172
124.969166,20.657,-31.771,42.918,0.2298,0.1062,0.0181,4.527,2.696,-2.611
124.985833,20.765,-31.698,42.888,0.1562,0.0562,0.0226,5.241,3.329,-2.922
125.002500,20.892,-31.623,42.867,0.1800,-0.0595,-0.0720,6.700,3.577,-2.556
125.019167,21.004,-31.588,42.893,0.1615,-0.1859,-0.0274,7.262,2.214,0.511
125.035834,21.070,-31.567,42.942,0.0735,-0.1538,0.1158,5.309,1.854,1.953
125.052501,21.069,-31.517,43.001,-0.0552,-0.1906,0.2409,1.535,3.661,1.793
125.069168,21.013,-31.476,43.050,0.0238,-0.1664,0.2156,-2.092,3.009,1.477
125.085835,20.985,-31.437,43.070,0.1924,-0.1345,0.0952,-1.329,2.315,0.143
125.102502,20.999,-31.416,43.051,0.0599,-0.1447,0.0945,0.016,0.600,-1.330
125.119169,21.027,-31.389,43.008,-0.0392,-0.0187,0.1394,0.068,0.464,-2.563
125.135836,21.084,-31.340,42.959,-0.1067,0.0069,0.0469,1.644,1.651,-3.393
125.152503,21.129,-31.290,42.936,-0.1991,0.0884,0.0625,1.731,2.153,-2.122
125.169170,21.151,-31.257,42.908,-0.2997,0.0818,0.0334,0.218,1.101,-2.000
125.185837,21.174,-31.211,42.854,-0.2721,0.1365,0.0026,-0.571,1.349,-3.537
125.202504,21.196,-31.154,42.794,-0.2329,0.1742,0.0534,-0.797,1.819,-4.058
125.219171,21.177,-31.100,42.778,-0.2959,0.2531,0.1146,-1.853,2.493,-1.879
